image,iteration,reasoning,cell
163.jpg,1,The Arsenal player in red is running with his foot extended towards the ground. The opposing player is sliding towards the ground. The soccer ball is probably located around where the players are about to make contact.,E6
163.jpg,2,"Considering the leg positions of the player in the red and white kit and the player in the white kit and the yellow kit, it seems likely that the ball would be close to the feet, likely being played or contested in grid F6 or F7.",F6
163.jpg,3,"Based on the position of the players and the general direction of motion, the ball is likely between the red player's foot and the player falling.",E6
163.jpg,4,The player in red is in the process of kicking his left foot. Therefore the ball is in cell E5 or cell D5. Cell E5 is the more probable location.,E5
163.jpg,5,"The ball is likely between the feet of the players as the player in white is attempting to tackle the player in red. Given the foot positions, I would guess the ball is on the ground between them.",E6
163.jpg,6,"Based on the positions of the players and their actions, it appears that the ball was in play between the players contesting. Therefore, it would likely be at their feet or in front of them.",E6
163.jpg,7,"Given the motion of the players and the position of their feet, it appears that the ball would have been in the process of being passed/tackled between the two. It is most likely located between the feet of the two players in cells E6-E8.",E7
163.jpg,8,"Based on the positions of the two players colliding and the likely trajectory based on the direction of motion, the ball is most likely between the feet of the sliding player.",E7
163.jpg,9,The red player appears to be kicking. The Manchester United player is falling to the ground. I would expect the ball to be just in front of the red player's kicking foot.,E6
163.jpg,10,"The attacking player in red is about to be tackled by the player in yellow. Given their respective positions and body orientations, it's most likely that the ball was just in front of them before being removed. Therefore, it is likely located near the feet of the players making contact, particularly in front of the attacker's left foot.",E7
163.jpg,11,"Given the players' positions and the general motion of play, it's likely the ball was between the foot of the player in the red and white jersey and the player in the yellow jersey.",E6
163.jpg,12,"The player in red is kicking his foot up and forward to meet with the soccer ball. The soccer ball is likely at a foot level, slightly to the left of the player making contact.",E6
163.jpg,13,The Arsenal player seems to be attempting to get the ball away from the Manchester United player who is sliding. The ball would be at his feet.,E6
163.jpg,14,"The soccer player with red is kicking his left leg, and the player beside him is falling down. It's very likely that the ball is near the legs of the red player, close to his left foot.",E5
163.jpg,15,"Given the position and action of the players, specifically the outstretched foot of the Arsenal player in red and the body position of the Manchester United player in white, the ball is likely at ground level between their feet.",E7
163.jpg,16,"Given the body positions of both players, with the player in the white jersey appearing to be in the act of blocking or tackling, and the player in the red jersey running forward, the ball is most likely near the right foot of the player in red and near the left foot of the player in white, at the point where their motion will bring their feet closest together.",E6
163.jpg,17,"Based on the position of the players, the player in the red jersey on the left has most likely just kicked the ball, as his foot is near the ground. The position of the other player, combined with the goalkeeper being in action, suggests that the ball is traveling towards the goal, which is more to the right of the frame.",E6
163.jpg,18,"The action appears to be focused on a tackle happening between the Arsenal player in red/white and the Manchester United player/goalkeeper in yellow. Given the body position of the players, the ball is likely at their feet or slightly ahead.",E7
163.jpg,19,"Given the players' positions and the apparent motion implied by their posture, the ball is most likely between the Arsenal player's left foot and the Manchester United player's right leg, near where they are interacting.",E6
163.jpg,20,"Given the position of the players, particularly the player in white sliding and the position of the foot of the player in red, the ball is most likely located in the lower part of the frame between the two players.",E7
163.jpg,21,"Given the position of the red team player's left leg, the opposing goalkeeper's position, and the proximity of the white-shirted player attempting to tackle, the ball is most likely between their feet, slightly ahead of the red-team player's foot strike.",E6
163.jpg,22,"Given the positions of the players, it is most likely that the ball is between the foot of the red team player and the body of the white team player.",E7
163.jpg,23,"Given the players' body position, in particular, the player sliding on the ground, the ball must have been at his feet to be challenged by the other player.",E7
163.jpg,24,"Given the positioning of the players, in particular the player in red, and the position of their leg, the ball is likely at their feet and being passed.",E5
163.jpg,25,"The player in the red and white jersey is running, the player in the yellow is going to tackle. Therefore, the ball must have been close to them. Judging by where their feet are, the ball would have been between them.",E6
163.jpg,26,The Arsenal player is chasing the ball and likely just about to kick it. The location on the foot placement would indicate it is around D7,D7
163.jpg,27,"The player in the white jersey is sliding and extending his leg as if he is trying to block a shot or tackle an opponent. The player in the red jersey is running with his leg extended, suggesting he was dribbling the ball and got it taken away from him. Based on their position, the ball is likely close to their feet, in the area where they are making contact.",E7
163.jpg,28,The player in the red jersey is kicking forward. He is likely kicking the ball in that direction.,E5
163.jpg,29,"Given the motion of the players, the Arsenal player is likely kicking the ball toward the Manchester United player.",E6
163.jpg,30,"Based on the players' positions and actions, the ball is most likely near their feet, specifically between the Arsenal player and the Manchester United player who is sliding in for the tackle. This places it on the ground in cell E7.",E7
163.jpg,31,The player in the red jersey is moving towards the right and looks as if he is about to kick the ball. The opposing player is trying to defend. The most likely location of the ball is between the legs of the player in white.,E7
163.jpg,32,"Given the position of the players in the image, especially the player in the white jersey sliding towards the other player's foot, the ball is most likely located near the base of that player's leading foot.",E7
163.jpg,33,"The ball is most likely located between the Arsenal player's left foot and the Manchester United player's right leg, as the Arsenal player seems to be dribbling the ball.",E6
163.jpg,34,The Arsenal player in red is kicking towards the Manchester United player in white. The ball would be in front of the Arsenal player's kicking foot.,E6
163.jpg,35,"The Arsenal player (in red and white) is kicking his foot out towards the Manchester United player (in white and black), suggesting he is about to kick or has just kicked the ball. Therefore, the ball would be located near his foot.",E5
163.jpg,36,"The player in the red jersey is in the process of dribbling the ball. Based on the position of his feet and his posture, the ball is likely just in front of his left foot.",E5
163.jpg,37,"Based on the position of the players and the running motion of the player in the red jersey and the slide of the other player, the ball is most likely around where their feet are near the ground.",E6
163.jpg,38,"Based on the positions of the players, it is likely that the ball was located between the players' feet at the point of contact.",E7
163.jpg,39,The Arsenal player is kicking his left foot. Therefore the ball is likely in front of him so he can make contact.,E5
163.jpg,40,"Based on the position of the players, the ball is likely near the feet of the player who is sliding/tackling.",E7
163.jpg,41,"Considering the position of the players, their legs, and the general context of a soccer game, the ball is likely located on the ground between the player in red and the player in the yellow jersey, near the ground.",E7
163.jpg,42,"The Arsenal player is running, likely dribbling the ball or about to pass/shoot. The Manchester United player seems to be going for a tackle or is trying to block a shot/pass. Given the proximity of the Arsenal player's foot and the position of the Manchester United player, the ball is most likely on the ground near the feet of both players, likely closer to the foot of the player in the red jersey.",E6
163.jpg,43,"Given the motion of the players, and the proximity between them, the ball is most likely at the feet of the player in the red jersey or just to the left of the player in the white jersey.",E6
163.jpg,44,"Based on the players' positions, the player in red is running towards the right of the image, and the player in white is on the ground. It is likely that the ball was between their feet or slightly ahead of the player in red's feet.",E6
163.jpg,45,"Given the players' positions, especially the kicking motion of the player in the white jersey, the ball is likely located near the player's foot, in the D7 to E7 region.",E7
163.jpg,46,The Arsenal player is attempting to dribble around the Manchester United goalie. The soccer ball must have been between his foot and the goalie before it was removed.,E6
163.jpg,47,"The position of the players' feet suggests that the ball was most likely recently kicked or about to be kicked. The player in red is running toward the player in white and black, and their feet are positioned in a way that suggests the ball was in that immediate area.",E6
163.jpg,48,"The two players in red and white and white and black are likely contesting for the ball. Given their positions, the ball would probably be located near their feet in the D6-D7 area.",D6
163.jpg,49,"Given the proximity of the players' feet and the action of the Manchester United player's sliding tackle, the ball is likely between their feet, close to the ground.",E7
163.jpg,50,"Looking at the positions and gestures of the two players, it is clear that they are both going after the ball. The ball is most likely located in front of the player on the right foot of the player on the left (in red).",E6
62.jpg,1,The player in cell D5 is in a running pose with their leg extended forward. It is likely that the ball is near their feet in order for them to continue running.,D5
62.jpg,2,"Given the player's body position and the direction he's moving, the ball is likely in front of him, close to the ground.",D5
62.jpg,3,"Given the positioning of the player in the pink and white stripes (specifically, his lower leg and foot position), it is likely that he is just about to kick the ball. Based on this assumption, the ball would most likely be positioned in front of his foot, on the ground.",E5
62.jpg,4,"Looking at the stance of the player in cell D5/E5 and the shadow under him, the ball is most likely near his feet.",E5
62.jpg,5,"The player in cell D5 is running forward, and he is probably trying to get the ball. The ball is most likely somewhere in front of him.",E6
62.jpg,6,"Based on the direction the player in the center of the image is facing and the player near grid coordinates 3C, the ball is likely on the ground in the vicinity of cell D5.",D5
62.jpg,7,"Based on the positions of the players and their postures, the ball is most likely being passed or dribbled by the player in cell C5. So its likely location is near the feet in C6/D5.",D5
62.jpg,8,"The player in the striped jersey in cell D5 is running, so the ball is likely in front of him as he runs. This makes the ball most likely located in cell E6.",E6
62.jpg,9,"The player in cell C5 is likely in possession of the ball as his legs are stretched out as if he's running towards the right, suggesting movement and momentum, as if he is dribbling the ball.",D5
62.jpg,10,"Given the posture of the player in cell D5/E5, the ball is likely in front of them in cell D5/E5. I am going to pick a cell that makes sense.",E5
62.jpg,11,"The player in cell D5 is running towards the right. The player is most likely chasing the ball. Therefore, the ball is likely to be slightly ahead and to the right of this player.",E6
62.jpg,12,"The player in grid cell C5 is actively running forward with a kicking motion. It is probable that the ball is near his feet, so the ball is likely in that grid square or close to it. Given the positioning of the leg and foot, the ball is likely in D5 or D6. D5 is slightly less likely, and given the positioning of the body, it would appear as though the leg is moving the ball in that direction so D6 is most likely.",D6
62.jpg,13,"The player in cell C6 is kicking the ball, indicating the ball should be around his foot.",D6
62.jpg,14,"The player in cell D5 is looking down and has his foot angled forward, suggesting he has just kicked the ball. The most likely location of the ball is therefore directly in front of him.",E5
62.jpg,15,"The player in cell D5 is running, indicating that the ball is likely in front of him. The shadow of his legs also suggest the ball should be somewhere around the D5/E5 area.",E5
62.jpg,16,"The player in the center of the image is running forward, likely with or after the ball. The player is running towards the goal, so the ball is most likely somewhere in front of him.",D5
62.jpg,17,"The player in cell C5 is running and his eyes are looking to the left of the screen and downwards. Considering his position and direction he is running, the ball is most likely located in cell D5 or E5. However, because it looks like he has just kicked the ball, I will place it in cell D5.",D5
62.jpg,18,"The player in cell D5 is running. Therefore, the ball is most likely near him.",D5
62.jpg,19,"The player in the middle is in motion, suggesting they are likely chasing or interacting with the ball. The player in cell C3 has their foot out as if they just kicked the ball towards the other player. Given the body position of the middle player, they are most likely going to their right toward cell E6. The motion blur of the player in C3 also suggests the ball has just traveled in that direction. Based on this analysis, it is likely the ball is now in front of the middle player in cell D5.",D5
62.jpg,20,"The player in cell C5/D5 is in mid-stride, suggesting they are kicking or running with the ball. Therefore, the ball is most likely located in front of him.",E5
62.jpg,21,"The player in the center is in a running motion, likely kicking the ball forward. Given his direction, the ball would likely be located in front of him.",D5
62.jpg,22,"The player in cell D5 is running towards cell F7, while the player in C3 is running towards E4. This indicates the ball is probably between those 2 cells, so D5 is most likely.",D5
62.jpg,23,"The player in cell C5 is running forward, the ball would be in front of him, along his running path.",D5
62.jpg,24,The player in the pink and white jersey in cell D5 is looking down and is likely about to kick the ball.,D5
62.jpg,25,"Based on the player positions and orientations, the ball is most likely near the feet of the player in cell D5. Since the player is running to the right, and the position of the feet, it is very likely located in Cell D5.",D5
62.jpg,26,"Based on the body language of the player in cell C5 and the direction he is running, it is most likely that the ball is located in cell D5 or cell D6. Since the player is running in the direction of cell D6, it is more likely that the ball is in that cell.",D6
62.jpg,27,The player in the pink and white striped jersey seems to be in the middle of taking a touch.,D5
62.jpg,28,The player in cell C5 is running forward looking like he is controlling the ball. The ball is most likely in front of him.,D5
62.jpg,29,"The player in cell D5 is in the middle of running, so the ball is most likely near him.",D5
62.jpg,30,"Based on the position of the player in cell C6, and considering the angle he is facing, it is probable that the ball is near his feet in cell D6.",D6
62.jpg,31,The player in the center of the image in cell D5 is running towards the right. It looks like they are dribbling the ball. The ball is likely just ahead of them in cell E6.,E6
62.jpg,32,"The player in cell D5 is in a running motion and is likely kicking or about to kick the ball. Therefore, the ball is likely close to his feet.",D5
62.jpg,33,The player in cell D5 appears to be moving towards the right while looking down at their feet. It is likely that the ball would be in front of them.,E5
62.jpg,34,"The player in the center of the image is facing toward the right, and his leg is in a position that suggests he has just kicked the ball or is about to. Therefore, the ball is likely near his feet or slightly in front of him.",D5
62.jpg,35,The player in cell C5 is running forward and is likely about to kick the ball or has just kicked the ball. Therefore the ball is likely to be close to his feet.,D5
62.jpg,36,"The player in cell D5 is looking forward, which suggests the ball is in front of him, where he is running towards.",E5
62.jpg,37,"The player in cell C5-D6 is running forward, and it appears they are focused on an area just ahead of them, implying the ball is likely there. Considering their posture and direction, and the position of the other players, the ball would most likely be near their feet or slightly in front of them.",D5
62.jpg,38,"Given the positioning of the player in the pink and white jersey who is running towards the right corner of the frame, I believe the ball is most likely located in front of him, in the area he is running towards.",D5
62.jpg,39,"Based on the position of the player in the center of the image, it appears he is running with the ball.",D5
62.jpg,40,"The player in the pink jersey in cell D5 appears to be running towards the right, as if chasing a ball. The shadows from the players in C3 and D9 suggest that the ball would be low to the ground. The player in the pink jersey is likely to have kicked the ball in cell D5, and the ball likely rolled into cell E5 or F5. Given the player's stance, I would estimate that the ball is a short distance away from the player and rolling towards the bottom-right portion of the image.",E5
62.jpg,41,"The player in cell D5 is in motion, and his foot appears to be in a position consistent with having just kicked the ball. The player in C3 is also looking towards the same general area.",D5
62.jpg,42,"The player in cell D5 looks like he is kicking or about to kick the ball. Therefore the ball is most likely located in this area, very close to his foot.",D5
62.jpg,43,"Based on the body language of the player in the center of the image, the ball is likely near his feet.",D5
62.jpg,44,"Given the direction the player in the center of the frame is running and the position of the other players, it's likely the ball is close to the player, slightly ahead of him and near his feet, so it's likely the ball is around D5.",D5
62.jpg,45,"Based on the player's movement and the direction he is facing, the ball is most likely located near his feet.",D5
62.jpg,46,"The player in the center of the image in cell D5 is kicking his foot. Therefore, the ball is probably close to his foot.",D5
62.jpg,47,"A player in cell C6 is running forward and likely kicked the ball just prior. Therefore, it is likely located in cell D6 or possibly E6. Given the angle and other players around him, the ball is most likely in cell D6.",D6
62.jpg,48,The player in the center of the image is kicking. He is kicking with his right foot. So the ball should be in front of his foot and lower down.,E5
62.jpg,49,"The player in the pink and white jersey is running to the right and is in the middle of a kick. The ball would most likely be near his feet, therefore the most likely position of the soccer ball is in the cell D5/D6. Based on the running motion of this soccer player, I'm estimating that the soccer ball would be in front of him.",D6
62.jpg,50,"Based on the body language of the player in the center of the image (D5), it appears that he is dribbling the ball to his right. It is very likely that the ball is at his feet as he is running. Thus, it is likely located in cell E6.",E6
217.jpg,1,"Given the players' positions and orientations, it's likely that the player with number 10 is about to pass the ball to one of his teammates near him, so the ball is likely near his feet.",E5
217.jpg,2,"Based on the players' positions and actions, the ball is likely being played between the player with the number 10 and the player with the number 6. Considering the kicking motion of player 10, the ball is likely in the vicinity of his feet, slightly ahead of him.",E5
217.jpg,3,"Player number 10 is moving towards the right of the image, and his left foot is extended. This indicates that he has likely recently kicked the ball. Therefore the most probable location of the ball is around the area where the player's left foot is or has just been.",F4
217.jpg,4,The player with number 10 is looking down and running forward as if to follow/chase after something. It would make sense that the ball is at his feet or slightly in front of him.,E5
217.jpg,5,"Considering the position of the players, specifically the one in cell 6 and the one in cell 7 and their proximity, the ball would most likely be near their feet. Judging from the angle, and position of the players, it would make sense that they were both converging near D6 and E6.",E6
217.jpg,6,"Player with number 10 is positioned to be dribbling the ball forward. His foot is currently touching the ground, meaning it could be right next to his foot.",E5
217.jpg,7,"Based on the position of the players, particularly the player with number 10, it is highly likely he was just passing or controlling the ball. Given the angle of his foot, the ball would most likely be right in front of him.",E5
217.jpg,8,"Based on the player positions and their movement, the ball is most likely between the player with number 10 and the player with number 6. It is likely located in the D5 or E5 area. Given that the player wearing number 10 has just kicked the ball forward, I will pick D5.",D5
217.jpg,9,"Based on the positions and actions of the players, specifically the movement of the player with number 10 who is likely dribbling, and also taking into account the position of the other players, the ball is most likely located near the feet of player number 10. Therefore, the location of the ball is around the D5 grid cell.",D5
217.jpg,10,"The player with number 10 is running towards the goal. The player with number 6 is also looking in the same direction and probably wants to receive the ball. Thus, the ball is probably between the two players.",D5
217.jpg,11,"Player 10's body position suggests he is running with the ball and is about to pass the ball towards the right, towards cells 6-7 and D-F. Also, we can assume the ball is close to the ground, otherwise the players wouldn't be able to kick it.",E5
217.jpg,12,Player number 10 looks like they may have just kicked the ball.,E5
217.jpg,13,"The image shows a soccer match in progress. Based on the positions of the players, especially the player in the white jersey with the number 10, and the player in the red jersey to his right, the ball is likely between them, slightly closer to the white jersey player.",D5
217.jpg,14,"Based on the movement of the players, it is likely that the ball was in the vicinity of the player with the number 10, possibly just before the player with the number 6. Thus the ball likely was in cell E6.",E6
217.jpg,15,"Given the positioning of the players, particularly player 10 facing player 6 in grid D6, and player 27 running forward in grid C8, the ball is most likely located near the feet of player 10.",E5
217.jpg,16,"The player wearing number 10 looks like he is about to pass the ball to the player running towards the goal. Based on his stance and where he is looking, the ball is likely near his feet in cell D5 or E5. However, given the positions of the other players, D5 seems like a more probable location.",D5
217.jpg,17,"Based on the players' positions and the way their bodies are oriented, it is most likely that the ball was located between player 10 and 6.",E6
217.jpg,18,"Based on the positions of the players and their orientations, the ball is most likely in the area where the player with number 10 is moving towards.",E5
217.jpg,19,"Player number 10 appears to be preparing to make a pass or take a shot. Judging by his body position, the ball is likely located just ahead of him and to his left.",E5
217.jpg,20,"Considering the positions of the players and the direction they are facing and running, the ball is most likely between player #10 and player #6, on the ground.",D5
217.jpg,21,"Player 10 is looking towards the right, and his foot placement indicates that he might be in the process of dribbling, passing, or shooting. The other players in the vicinity are positioned in ways that suggest they might be trying to receive a pass or block a shot. Given that player 10's lower leg (around the ankle) is visible in cell E5 and his foot in F5, it is likely that the ball is close to his feet, meaning around F4 or E5. However, given the angle of his leg and foot, it is likely that the ball is more forward, putting it in cell F4.",F4
217.jpg,22,"Looking at the positions and movements of the players, particularly the player with number 10 on the white jersey, it's highly likely that they were in the process of controlling or passing the ball. Given his foot position and the presence of the other players, the ball would likely be in front of him.",E5
217.jpg,23,"Given the players and their motions, the ball is likely being passed/dribbled. Considering the feet of the players, the ball should be located in front of them in most cases. Therefore, judging by the location of the player with number 10, I would say that the ball would have been somewhere in front of him, in cell F4.",F4
217.jpg,24,"The soccer player wearing number 6 is likely kicking the ball towards the bottom right corner. Given his body position and the direction his leg is facing, the ball is most likely located near his feet.",E6
217.jpg,25,The player wearing number 10 is looking down at his feet and his leg is slightly extended as if he is about to kick the ball. Therefore it's most likely near his feet in front of him.,E5
217.jpg,26,"Considering the position of the players and the direction they are running, the ball is likely between the legs of the player with number 10.",E5
217.jpg,27,"Given the players' positions and momentum, as well as where the action is centered, it's most likely that the ball was near the foot of player number 10. It has not quite reached D6 yet.",D5
217.jpg,28,"Based on the positions of the players, and the direction of movement in the image, the ball is most likely in front of player number 10.",E5
217.jpg,29,"The ball is likely in the space between the players, and it would have been passed or is in the middle of the field as the athletes are trying to steal it.",D5
217.jpg,30,"The player wearing number 10 appears to be moving the ball forward with his left foot. Therefore, the ball is likely in front of him near his foot.",E5
217.jpg,31,"Based on the players' positions and likely movement, the ball is most likely in the space between the player wearing number 10 and the player wearing number 6.",D5
217.jpg,32,"The player with number 10 on the white jersey is moving forward, likely dribbling the ball. His left foot is forward and appears to be moving to take the ball in that direction, and he is looking in that direction. Thus, the ball is likely in front of his left foot.",E5
217.jpg,33,"Player number 10 appears to be dribbling with the ball. Given his position, the ball is likely on the ground near his feet.",E5
217.jpg,34,"Based on the position of the players in the image, particularly the player in the white shirt with number 10, it's likely that the ball was recently near his feet. We also see the red shirt player lunging, trying to block. Taking those cues into consideration, it is highly likely the ball would be in Cell F4, near the player wearing white in the image.",F4
217.jpg,35,"Based on the position of the players and their movement, it's highly probable that the ball was located between player 10 and player 6, specifically near the feet of player 10.",E5
217.jpg,36,"Given the positioning of player number 10 (wearing white) and player number 6 (wearing red), the ball is most likely to be at their feet, or in between them.",D5
217.jpg,37,"Based on the position of the players, especially the player in the white jersey with the number 10, it is likely the ball was near his feet just before he kicked it or is dribbling. Therefore, the ball's most likely location is near his feet on the ground.",E5
217.jpg,38,"Based on the players' positions and directions of movement, the ball would be likely located just in front of player number 10. This puts it around cells D5 or E5. Since the foot of the player looks like they are about to kick it, I think cell D5 is the right choice.",D5
217.jpg,39,"Based on the position of the players (particularly the player in the white jersey with the number 10 and the player in the red jersey near him), the ball is likely close to the ground and just in front of them.",E5
217.jpg,40,"Player number 10 has his right leg extended to likely kick the ball, the soccer ball would be on the ground and in front of the player's kicking leg.",E5
217.jpg,41,"Based on the players' positions and direction of movement, the ball is most likely located near player number 10's feet.",E5
217.jpg,42,"Player number 10 is in the middle of his dribble, so the ball is most likely in front of him to the left, so I am predicting F4.",F4
217.jpg,43,"Based on the positions of the players, especially the player with number 10's feet, it's likely that the ball was recently in front of him.",E5
217.jpg,44,"Player 10 in white is looking downwards, and his body language suggests he is about to kick or has just kicked the ball. Based on this, the ball would be near his feet.",E5
217.jpg,45,"Based on the positioning of the players and their likely trajectories, the ball is most likely between player 10 and player 6.",D5
217.jpg,46,"Player 10 is moving towards the goal. The movement suggests he has just kicked the ball or is about to kick the ball. His right foot has passed grid line 6. Therefore, the ball has to be located in grid cell F4",F4
217.jpg,47,"Based on the player positions, the ball is likely between the players 10 and 6. Given the location of player 10's feet it is likely that the ball is near him on the ground.",D5
217.jpg,48,"Considering the positioning of the players and their directions of movement, the ball is likely between the feet of the player with number 10.",E5
217.jpg,49,"The player with the number 6 is facing towards the left. The player with the number 10 seems to be moving in that direction. Therefore, it is likely that the ball is in that area, slightly in front of the player with the number 6.",D6
217.jpg,50,"The player with number 10 is kicking his left leg forward and is looking in the direction of the Arsenal player in the red uniform, thus the ball is likely in between them near the player's feet.",E5
389.jpg,1,"There are multiple players surrounding the area between cells D5 and D8. The player wearing #21 is in Cell D8 and is looking towards the left side of the image. Another player is in cell D7. Given the players' proximity and potential field of vision, it is likely that the ball is located in cell D6 or between D5 and D7. Since the player in cell 6 seems to be looking down, the ball is likely in that cell.",D6
389.jpg,2,"Given the position of the players, I'd place the ball in front of the player with number 21, as that's where play appears to be headed.",D8
389.jpg,3,"Given the positions of the players, particularly the one with number 27, and the shadows visible, the ball is likely near his feet.",E2
389.jpg,4,The placement of the goalie indicates he is likely responding to a shot on goal. The players in the vicinity of the goalie are likely reacting to the ball as well. It is likely between the goalie and the player furthest right.,C2
389.jpg,5,"Looking at the position of the players and their direction of movement, it looks like the ball is likely somewhere between the player wearing number 27 and the player wearing number 4, on the lower left of the image.",D4
389.jpg,6,"Based on the position of the players' feet and body language, the ball is most likely around the feet of the player in red jersey in Cell G6. However, since the player has already passed the ball, I believe it is most likely located in Cell F4.",F4
389.jpg,7,"Given the positioning of the players, particularly the one numbered 27, the most logical place for the ball is in the vicinity of his feet, as that's where the action is centered.",E2
389.jpg,8,"Player 27 in E2 is looking forward toward the goal, which is likely where he's trying to direct the ball. There is also a player running toward the goal in D5. The ball is likely just in front of or around D5, perhaps a little bit closer to the goal.",D4
389.jpg,9,"Considering the positions and orientations of the players, the ball is most likely in cell F4. It would be reasonable for a player in E2 to pass the ball towards cells D6 or E7.",F4
389.jpg,10,The ball is most likely near the feet of the player in cell D4. Players are commonly near the ball.,D4
389.jpg,11,"Given the position of the player in the white jersey, particularly his legs, it is likely that he has just kicked the ball. Therefore the ball is likely located near his feet, specifically in front of him.",E8
389.jpg,12,"The soccer ball is likely near a player who is actively moving or about to kick the ball. In this image, the player at grid location E5 is in a position where they may be preparing to kick the ball. Also, based on the placement of all of the players, it looks like the action of the game is progressing from the location of C2 towards grid location E5.",E5
389.jpg,13,"The positions of players 27, the goalie, and the player in the middle suggest that the ball is in the vicinity of cell D4.",D4
389.jpg,14,"The ball is most likely near the feet of player number 21, given the angle of their body.",D8
389.jpg,15,"The player in grid E5 is looking directly at the player in grid D7. Because the direction players are facing usually leads to the location of the ball, the ball is likely located between these two players.",F4
389.jpg,16,"Based on the positions of the players in the image, the ball is most likely in the vicinity of the player with number 21, and perhaps slightly towards the lower part of the screen.",D8
389.jpg,17,"Based on the position and direction of players 6 and 4, the ball is likely with player 4. Given the position of player 4 and the angle of his body, he is likely kicking the ball towards the goal or towards player 6, and therefore the ball is either around him or in that general direction.",D4
389.jpg,18,"Player 27 appears to be running with purpose, likely chasing after the ball. The ball is probably in front of them and a little to their right.",E3
389.jpg,19,"Given the positions and orientations of the players, specifically the player wearing #27 and the player in red near grid cell 6F, the ball is most likely near cell E4. This location also fits the angle towards the goal.",E4
389.jpg,20,"Given the positions of the players on the field, it is likely that the ball is around D4 or D5. More specifically, the player in C4 is likely attempting to kick the ball in that area.",D4
389.jpg,21,"Looking at the positions and direction of the players, the ball could be either in front of player 27 in position E2, or near player 21 in position D8. However, given the proximity to the goalie, the ball would most likely be close to player 27.",E2
389.jpg,22,"The player with number 27 is facing towards the goal, while the player in cell G6 is facing the player with the number 10 in cell E8. Therefore, it is most likely that the player 27 passed the ball to either the player in cell G6 or the player in cell E8. Since the player in cell G6 is further away from the goal, the pass is more likely to be made towards the player number 10 to either assist a pass or score a goal.",E4
389.jpg,23,The placement of the players suggests that the ball is most likely between player 4 and player 27.,E3
389.jpg,24,A player in cell C5 is looking down at the ground in front of him. It's likely the ball was previously located at his feet.,D5
389.jpg,25,"Given the positions of the players, especially the player in cell E2, and the fact that the goalkeeper is near the net, the ball is likely to be somewhere between those players. Thus, the most likely location is between them around the middle of the field.",D4
389.jpg,26,"Given the position of the player in cell D5, and the running direction of players D7 and E8, it is likely the ball is in this area for a potential pass.",D5
389.jpg,27,"The goalkeeper is diving to his left, which is toward the left side of the frame (columns 1 and 2). It would not make sense for him to dive towards the goal if the ball were far away or to his right. The player to the left of the goalkeeper is most likely the player who made the shot, with his left leg extended. Therefore, the ball is most likely on the left side of the frame, close to the goal.",C2
389.jpg,28,"Given the position of player with number 27, and the position of the goalkeeper, the ball is more likely to be located around the D4 cell.",D4
389.jpg,29,The most likely location of the ball is near the player in the white jersey with the number 27. It appears he is either dribbling or is about to pass or shoot. I'd guess it's near his feet.,E2
389.jpg,30,"Given the positioning of the players in the image, it is likely the ball is somewhere between them. In this instance, the player in position (4,C) has likely passed the ball to the player in position (7,D). Therefore, the ball is likely in-between these two positions.",F4
389.jpg,31,The goalkeeper is in the air trying to block a shot. It's highly likely the ball was just in front of him before being removed.,C2
389.jpg,32,"Given the positions of the players, especially the player in D7, and the general flow of action in a soccer game, it's likely the ball is around D7 or slightly ahead of him.",D7
389.jpg,33,The player with number 21 is looking towards the left. He may be expecting a pass from someone. He also appears to be in motion and has already kicked the ball.,D7
389.jpg,34,The players are facing and moving toward cell F4. Player 27 is likely focused on the ball and his line of sight likely leads toward that area.,F4
389.jpg,35,"Given the position of the players, the ball is most likely in the vicinity of the players to the left of the player number 21. The player number 10 is looking at the ball. Therefore, the ball is probably near cell F4.",F4
389.jpg,36,"Given the positions of the players, it's likely that the ball is near the player with number 27. It's also in a position where it can be played towards the goal.",D2
389.jpg,37,"Given the positions of the players, particularly the player in cell D6 and D7, and the general flow of play, it's likely that the ball is in the vicinity of these players. It's likely that they are in a play or are about to attempt to take the ball to the goal.",D6
389.jpg,38,"Given the positioning of the player with the number 27, it is likely that he has just passed or is about to pass the ball. The player is looking forward, suggesting that he is passing the ball to someone ahead of him. Also the player in cell D7 seems to be running to receive the ball. I think the ball is most likely in the cell D4.",D4
389.jpg,39,"Given the positions of the players, the ball is most likely located between the players with jersey number 27 and the player in white, in the D4 cell.",D4
389.jpg,40,"The positioning of the legs on the player at position 5d seems to be in a kicking position, and the player is looking in the direction of the goal, therefore I assume the ball would be between these two points.",D4
389.jpg,41,"The man wearing #21 is facing towards the goal near the D8 grid area. It is likely the ball is in front of him, potentially being kicked.",D8
389.jpg,42,"Given the position of the players and the goalie, the ball is likely in the possession of the player in cell D5 or on the way to this player.",D5
389.jpg,43,"Given the positions of the players and the direction they are facing, as well as general soccer play patterns, it is likely that the ball is in the vicinity of the player running towards the goal, which is the player at cell D4.",D4
389.jpg,44,"Considering the positions of the players on the field and the goalkeeper in the goal, the player with the number 21 is likely preparing to shoot. The most likely location of the ball would therefore be right in front of the player with the number 21.",D7
389.jpg,45,"Player 27 is facing towards the center of the field, and looks like he may have just kicked the ball. The most likely spot would be near his feet and just ahead.",E2
389.jpg,46,The players located in cells D7 and D5 are facing in a way that a ball could be in that direction. I infer that the ball could be in cell D4.,D4
389.jpg,47,"The ball is most likely located in the vicinity of the player with number 7. The ball is generally located close to players, so cell F4 is likely.",F4
389.jpg,48,"Given the positions and orientations of the players, the most probable location of the ball is between the feet of the player at D4.",D4
389.jpg,49,"Given the position of the player with jersey number 27 and the way they are looking forward, it is likely they are tracking/chasing after the ball. Given their posture, it's likely that the ball is located in front of them. Based on the other players in the frame, the play seems to be going from left to right in the scene.",D3
389.jpg,50,"Given the position of the players, I believe the ball is most likely being passed to player with number 27. Therefore, it would be in the vicinity of him.",E2
75.jpg,1,"The player in red is kicking toward the goal, so the ball must be in the air, somewhere near his foot.",F6
75.jpg,2,"The player in cell 6 is kicking his left foot, and his body is leaning forward which implies that the ball is most likely in front of him.",F6
75.jpg,3,"The player in grid cell 6 is in the middle of kicking, and the other players are nearby. The most likely location of the ball is where the player in grid cell 6 has his foot pointed.",E6
75.jpg,4,"The player in cell 6 has just kicked the ball, so it would be moving towards the goal, which is somewhere between grid cells G6 and F6.",F6
75.jpg,5,"The player in cell 6 seems to have just kicked the ball and is in motion, while the player in cell 8 is also looking in the direction of cell 6 as if he has seen the ball flying in that direction.",E6
75.jpg,6,"Based on the foot placement and leg movement of the player in the red and black jersey in cell 6E, it's likely that he has just kicked the ball. This suggests the ball would have been close to his foot.",F6
75.jpg,7,"The player in cell 6 is in the motion of kicking forward. Considering the player in cell 8 is looking forward and in a similar position to kick, the ball is likely in the air and in front of the player in cell 6 and in front of the player in cell 8. The most likely grid cell in this scenario is E6.",E6
75.jpg,8,"The soccer player in the red and black uniform is kicking the ball with his right foot. Considering the angle of his leg, the ball is most likely located right in front of his right foot.",F6
75.jpg,9,"Given the positions of the player in red and the player in light blue, it is likely that the ball was located close to the feet of the player in red. The players are in cells E6 and F7. The most likely location of the ball is between them in area where there is the most space.",F6
75.jpg,10,"Based on the players' positions and stances, it's likely the ball was recently kicked or is in flight near the player in cell F6. The player's foot is raised as though they just kicked the ball.",F6
75.jpg,11,"Given the positions of the players, especially the one with the red and black striped jersey in cells E6 and F6 and the position of the other player relative to the goal post, the ball is likely just been kicked, and is likely in the immediate vicinity of the first player's foot.",F6
75.jpg,12,"The player in cell 6 has his leg raised as if kicking a ball, with his foot in a position to propel the ball forward, so it's most likely directly in front of his foot.",F6
75.jpg,13,"Considering the positions and movements of the players, the ball is likely located near the feet of the player in cell E6. He is running and appears to be kicking or dribbling.",E6
75.jpg,14,"Based on the players' positions, especially the runner in red/black whose foot is outstretched as if striking the ball, and the other players focused on the ball, the ball is most likely located near the foot of the runner in red/black in cell E6.",E6
75.jpg,15,"The player in cell 6 appears to be in the middle of a kick. The player in cell 5 is looking downward toward the ground. Because of this, the ball is likely located between cells 5 and 6, along the ground. The ball is most likely at cell E6.",E6
75.jpg,16,The player in cell 6 is kicking his leg like he just hit the ball. The player in cell 8 also looks to have just hit the ball. The ball is most likely between these players.,E6
75.jpg,17,"Given the player positions and action, the ball is likely between the player with his leg up and the goalie.",E6
75.jpg,18,"The player in the red and black jersey is in motion, and his right foot is planted on the ground. The leg is bent and the body is leaning forward. He would most likely be in contact with the ball at the end of his stride.",F6
75.jpg,19,"Based on the players' positioning and the direction they are facing, it is likely that the ball was close to the ground and near the player in the center, just before or after a kick. The angle of his lower leg suggests the ball may have just been kicked, and could be in front of him or in line with his kick.",F6
75.jpg,20,The player in cell 6 is in a kicking motion. The player is wearing a red and black uniform. The ball is likely located in front of the player's foot.,F6
75.jpg,21,"Given the position of the player in the red and black jersey, who appears to be kicking the air in cell E6, the ball is likely just a short distance from his foot.",F6
75.jpg,22,"The player in cell 6 appears to have just kicked the ball. Judging by his posture and the position of his leg, the ball would be just off his foot, headed towards the goal.",F6
75.jpg,23,"Given the positions of the players and their movements, the ball is likely between the players near cells 6 and 8. It is likely on the ground considering the stance of the players. Based on the motion of the player near cell 6 and the position of the player near cell 8, I infer the ball is near cell E6.",E6
75.jpg,24,"Given the positions of the players, it is most likely that the player in red and black in cell 6 is attempting to pass the ball toward the center of the goal. Based on the kick and the angle, the ball is most likely toward cell F7.",F7
75.jpg,25,"The player in cell 6 is in the middle of kicking with his left foot, so it's most likely that the ball is near his foot.",E6
75.jpg,26,"The player in cell 6 is in the motion of kicking, so the ball is likely near his kicking foot in that cell.",F6
75.jpg,27,The player in cell 6 is in a kicking motion. A reasonable estimate is that the ball was in front of his kicking foot.,F6
75.jpg,28,"Given the positions of the players and their movements, the ball is likely at the feet of the player in grid cell E6.",E6
75.jpg,29,The player in cell 6 appears to have just kicked the ball. The direction of the kick is towards the goal near the ground.,F6
75.jpg,30,"Based on the players' positioning and focus, and the fact that the player in red is in a kicking motion, the ball is most likely located at the feet of the player in the red jersey.",F6
75.jpg,31,"Given the proximity of the player in the red jersey and the direction of their body, the ball is likely close to the ground near their feet. Based on their current position, the ball is likely located in cell F6.",F6
75.jpg,32,"A player is kicking his left leg forward. The ball is likely in front of this leg and near the ground. The player is located at the intersection of E6 and F6, indicating the ball is likely located at E6 or F6.",F6
75.jpg,33,"Given the position of the players and the direction they are facing, the most likely location of the ball is near the player in the black and red jersey in the lower right of the image.",F6
75.jpg,34,"Given the positions and movement of the players, the ball is most likely located between the player in the red and black jersey in the center of the image and the player on the right in the same jersey.",F6
75.jpg,35,"The player in cell 6 is kicking the ball, and appears to be following through with the kick. Therefore, the ball is likely near his foot.",F6
75.jpg,36,"The player in cell 6 is kicking towards cell 7. The player is kicking with their right foot, so the ball is most likely in cell 6 or headed toward cell 7.",F6
75.jpg,37,The ball is likely located between the player with the ball in front of the goal.,F6
75.jpg,38,"Based on the position of the players, especially the one in red who appears to be in a kicking motion, the ball is most likely located near his left foot. This suggests the ball is likely to be in cell F6.",F6
75.jpg,39,"The player in the red and black jersey in cell F6 appears to have just kicked the ball. Considering the position of his leg, and the general direction of the players on the opposing team, the ball is most likely in front of him, slightly to the right.",F6
75.jpg,40,"Based on the posture of the players, particularly the player in the red and black jersey in cell F6, and the angle of their legs, it is highly probable that the ball was recently kicked by the said player and is now in the air in cell E5 or F5. Given the direction of the kick, it is more likely the ball is just a bit forward of their kicking foot, so cell F5 seems the most likely location.",F5
75.jpg,41,"The player in cell 6 appears to be kicking the ball and his leg is extended in that direction. Given that and the fact that the player in cell 8 appears to be running after the ball, I think that the ball is most likely in cell F7.",F7
75.jpg,42,"Given the positions of the players involved, especially the players in the red and black uniform, and the direction the player in cell 6 appears to be moving, the ball is likely near the feet of the player in red.",E6
75.jpg,43,"Based on the player's stance, motion and leg position, it is highly likely the ball was near the player in the red/black jersey in the act of kicking it towards the goal.",F6
75.jpg,44,The player in cell 6 has his foot in a position that suggests he has just kicked the ball forward and to the right.,F6
75.jpg,45,"Given the position of the players' feet, the likely location of the ball is close to the ground near the feet of the player in the red and black uniform in cell F6.",F6
75.jpg,46,"The player in cell 6 has his left foot forward and appears to be in the middle of kicking, so the ball would be in front of him along the E/F line.",F6
75.jpg,47,"The player in cell 6 appears to be in a position to be kicking the ball with their left leg. Considering their forward motion and posture, and the position of the other players, it is likely that the ball would have been on the ground directly in front of them before being kicked.",F6
75.jpg,48,"The forward in the red jersey (at Cell F6) appears to be running towards the goal and his left foot is raised behind him, as though he's just kicked. The other player, the goalie in white at C5, is in place to defend the goal. It is most likely that the ball had just been kicked by the running player in the red jersey around that position, which means that the ball would be likely to have been in that position right before the player kicked it.",F6
75.jpg,49,"Based on the positions of the players and their movements, the ball is likely located between the player in the red and black kit in cell 6 and the player in the red and black kit in cell 8. It's probable it's closer to the player in cell 6, suggesting it has just been passed or kicked in that direction.",F6
75.jpg,50,"Based on the player's leg positions and body orientation, the ball is likely between the player in the red and black jersey in grid cell 6 and 8. Given that the left leg of the player in the red and black jersey in grid cell 6 is off the ground in what looks like a kicking motion, the ball is likely near this leg.",F6
71.jpg,1,"The player in the red shirt has his foot positioned as if he has just passed the ball or is about to. Also there is a hint of the ball present, so the ball is most likely at the player's foot.",E5
71.jpg,2,"The player wearing number 19 on the red shirt appears to be kicking, dribbling or about to kick the ball. It is very likely the ball is in direct contact or near his right foot.",E5
71.jpg,3,The player wearing number 19 appears to have just touched the ball and is positioned at the intersection of E4/E5.,E5
71.jpg,4,"The red shirt player with the number 16 is looking down and to the left. There is a slight blur on the grass, which could have been caused by the ball. The player is also reaching toward that area, making it a reasonable assumption the ball is near their feet.",E5
71.jpg,5,"The player in the red jersey with the number 19 on it is looking down and towards his left, suggesting that he is about to pass or kick the ball in that direction. This means that the ball is in the general area of his foot.",E5
71.jpg,6,"The image shows multiple players in action. The ball is likely near their feet as they compete. Looking at the placement of their feet, the most likely location is around the feet of the player wearing number 19. The player numbered 16 also appears to be near the ball.",E5
71.jpg,7,The red jerseyed player in the center of the image is likely the closest player to the ball. He is looking down at it.,E5
71.jpg,8,I can see one soccer player making contact with the ball in E5.,E5
71.jpg,9,"The bottom player in the red jersey is kicking the ball. Looking at the image, the ball is at the center of the image. The ball must be on the ground.",E5
71.jpg,10,"Given the posture of the red player (with the 19 on his back), it's extremely likely that he just kicked the ball and it is probably somewhere near his right foot.",F5
71.jpg,11,The red player is clearly kicking the ball. The area around his foot is most likely where the ball is located.,E5
71.jpg,12,"The player in the red jersey is about to kick the ball with his right foot. It should be near that foot, on the ground.",E5
71.jpg,13,The player wearing number 19 on his back has his left foot forward and looks like he just passed or shot the ball. The logical place the ball would be is in front of the 19 player's feet.,E5
71.jpg,14,A player on the red team is currently kicking with the left foot. Therefore the ball is likely to be near the player.,E5
71.jpg,15,"Based on the position of the players in red, especially the position of the man in red on the left with his foot extended toward the ground, it's highly likely that the ball was just near the foot of the man.",E5
71.jpg,16,"In the provided image, the player in red is reaching for something with his left foot. Given the context of a soccer game, it's highly likely that he's reaching for the ball. Therefore, the ball is probably located just in front of his foot.",E5
71.jpg,17,"Based on the body posture of the red team player with number 19, it's highly likely that he is kicking the ball. Therefore, the ball is likely near his feet.",E5
71.jpg,18,"The ball is likely at the feet of the player in the red shirt (number 19). Based on the player's body language, it is probably right next to his foot and he is about to pass or shoot.",E5
71.jpg,19,"Given the position of the legs of the player in the red shirt, the ball must have just been kicked off to the right in this picture. We can see an outline of the ball in this image.",E5
71.jpg,20,The player wearing number 19 is facing the direction that contains a ball.,E5
71.jpg,21,The player in red with the number 16 appears to have just kicked the ball. I see his leg in a kicking position and his foot close to the ball.,E5
71.jpg,22,"A ball is already shown in the image, but it is partially obscured by the player with the #19 on his jersey. The ball is on the ground near his foot.",E5
71.jpg,23,"The player in the red jersey, with the number 19, is looking down at the ground. Since he is looking down near his right foot, the ball is likely in that area.",E5
71.jpg,24,"Based on the proximity of the player wearing the red jersey with the number 19, and the fact that he appears to be in the middle of a play, it is likely that the ball is located somewhere in front of him. The position of his feet and his slightly angled body also suggest the ball is near him.",E5
71.jpg,25,The ball appears to have just been kicked by the player in the red jersey with the number 19 on the back. The player's kicking foot is near the area and he's looking in that direction.,E5
71.jpg,26,"The red jersey player (number 19) has his left foot planted and is facing the center of the frame. The black and white jersey player (to his right) is moving to his right. Given the orientation of the players, the ball is most likely slightly in front of the red jersey player, in cell E5 or F5. Zooming in on the E5 area reveals a very faint suggestion that there was a ball that was edited out.",E5
71.jpg,27,The player in the red jersey with number 19 on his back has his foot in position to kick the ball. The location of his foot indicates that the ball would be close to his foot to the right. This would be the location the ball is most likely in.,F5
71.jpg,28,The ball is being shielded/jockeyed for by the player in the red jersey. The ball can be seen in the player's left arm.,E5
71.jpg,29,"Given that the player wearing the number 19 is in a kicking pose, and there appears to be a slight color difference on the ground in front of the player, it is likely that the ball was in front of this player.",E5
71.jpg,30,"The soccer player in the red jersey, specifically the player with the number 19, is extending his leg, which suggests that the ball is likely in that area, near his foot.",E5
71.jpg,31,The ball appears to have just been played. The player in the red kit is in a stance consistent with passing the ball forward.,E5
71.jpg,32,"The player in the red jersey (number 19) has his foot in a position that implies he recently kicked a ball, and there is a white blur that could be the remaining motion trail of the ball as it traveled to the right of the screen. Therefore, the ball should be slightly past the position of his foot, in front of him.",F5
71.jpg,33,A player on the left is kicking the ball that is located in cell E5. Another player on the left is looking at the ball. The position of the legs also makes the location of the ball in E5 the most likely location.,E5
71.jpg,34,"The player wearing number 19 looks like he just kicked the ball. Therefore, the ball is most likely in front of him.",F5
71.jpg,35,The player in red is looking down towards the space where the ball was located. The angle of his body seems to line up with the area in cell E5.,E5
71.jpg,36,The player in the red jersey is kicking the ball. The ball is near his foot.,E5
71.jpg,37,The ball is likely in the vicinity of the feet of the player with the number 16 on their back. The ball is probably slightly in front of the player in order to kick it.,F5
71.jpg,38,Player in the red jersey is reaching for the ball which is between his legs.,E5
71.jpg,39,"The player wearing the red jersey with the number 19 is very likely to have touched the ball just before this image was taken. His left arm is bent in a manner that suggests he may be close to the ball. Also, the player seems to be looking down at a spot near his left.",E5
71.jpg,40,"The player in the red jersey with number 19 appears to be kicking or about to kick a ball. His lower leg is pointing in that direction, and the other player with the red jersey and number 16 is also looking at that location.",E5
71.jpg,41,"The ball is most likely near the feet of the player in red, number 19. It's partially obscured by him.",E5
71.jpg,42,"The player in red (with the number 19) appears to be about to kick the ball or has just kicked it. Given the angle of his leg and the player to his left, it is likely the ball is right in front of him.",E5
71.jpg,43,"The player in red (#19) is looking at the ball and appears to be trying to control it with his left foot. The ball would likely be very close to his left foot, perhaps slightly in front of it. Based on the position of the player's leg and the overall movement of the players, the ball would be located near cell F5.",F5
71.jpg,44,Based on the positions of the players and where their feet are positioned it appears that the ball was most likely just passed near the red shirted player and is about to get kicked in E5.,E5
71.jpg,45,"The player in the red jersey (No. 19) is looking down and appears to be kicking the ball. Thus, the ball would likely be at his feet.",E5
71.jpg,46,"The player in the red jersey has his foot pointing to the ground in cell E5, indicating a possible motion of him hitting or trying to control the ball. The ball is more likely to be between him and cell F5.",F5
71.jpg,47,"The player in red is looking downwards at the right and has his leg positioned as if he is about to kick a ball. I suspect the ball is directly in front of him, in cell E5.",E5
71.jpg,48,The player in the red shirt (with the number 19) appears to be kicking the ball.,E5
71.jpg,49,"The player in the red jersey has his left foot near the grid location F5, and it appears he is dribbling. Because of this, the ball is most likely right next to his foot.",F5
71.jpg,50,A player on the red team (#19) is positioned with his foot near cell E5. It is likely the ball was in this area when the picture was taken.,E5
212.jpg,1,The player with the number 27 on his back is likely controlling the ball with his right foot. This places the ball slightly in front of and to the right of his feet.,E5
212.jpg,2,"The player wearing the number 27 is most likely kicking the ball. Therefore, the ball should be close to his feet.",E5
212.jpg,3,"The player in the white jersey, number 27, is most likely kicking or controlling the ball. Therefore, the ball is likely to be in close proximity to his feet.",E5
212.jpg,4,"The player in the white shirt is looking forward and his leg is about to strike the ball. Therefore, the ball is probably very close to him, in front of his legs.",E5
212.jpg,5,"The black and white player, number 27, is likely kicking or about to kick the ball. Therefore, the ball should be in close proximity to his feet.",E5
212.jpg,6,The position of the player (number 27) and the player running to the right suggests the ball is close to the ground between them.,E5
212.jpg,7,"The ball is most likely to be close to the feet of the player in the black and white jersey (number 27). It is probably in the space just in front of him, since his stride suggests he is about to kick or control the ball.",E5
212.jpg,8,The black and white player is in the middle of kicking. The ball is almost certainly in front of his kicking foot.,E5
212.jpg,9,The player wearing number 27 appears to be running with the ball. Therefore the most likely location is in front of his feet.,E5
212.jpg,10,"The ball is most likely near the feet of the player with the number 27 on his back, as he appears to be dribbling or controlling the ball. Given his position in the frame, the ball would be near his feet in cell E5 or F5. Since we do not see the ball anywhere else, he is likely close enough to the viewer to be in cell E5.",E5
212.jpg,11,"The ball is likely located near the player with number 27, slightly in front of his feet, as if he has just kicked or is about to kick it. This is a common scenario in soccer.",E5
212.jpg,12,"The player with the number 27 on the back is likely dribbling the ball. Judging by the player's leg position, the ball would likely be in front of his kicking foot.",E5
212.jpg,13,"The player in the white jersey numbered 27 is likely in possession of the ball, or it would be very close to his feet. Considering the orientation of his legs, it would be closer to the lower part of his body.",E5
212.jpg,14,"The player in the white shirt (number 27) is very likely to be actively engaged with the ball. It appears that he is either dribbling or has just passed the ball. Based on his stance, the ball would be near his feet.",E5
212.jpg,15,"The player in the white jersey (number 27) is likely dribbling or has just passed the ball. Considering his stance and foot position, it seems likely the ball would be close to his feet.",E5
212.jpg,16,Player number 27 looks like he is about to pass the ball with his right foot.,E5
212.jpg,17,"The player with the number 27 on his back is most likely controlling the ball. Given his stance and the proximity to his feet, the ball would be close to his feet.",E5
212.jpg,18,"The ball is likely near the feet of the player wearing the number 27 jersey, as he looks to be in the action of controlling or kicking the ball. Given the angle and position of his legs, it is most likely slightly in front of his feet.",E5
212.jpg,19,"The player with number 27 is likely dribbling the ball. The ball would be close to his feet, slightly in front of him.",E5
212.jpg,20,"The player in the white jersey (number 27) appears to be kicking or dribbling the ball. Based on the position of his legs and the direction he is facing, the ball would likely be in front of him and slightly to his right.",E5
212.jpg,21,"The player in the black jersey is in the middle of taking a shot, he has his foot extended forward and would have just hit the ball.",E5
212.jpg,22,"The black and white jerseyed player (27) looks like they are dribbling towards the opponent's goal. Since it appears they are trying to go around the opponent in the red jersey, the ball is likely between the player and the opponent, at their feet, and perhaps slightly in front.",E5
212.jpg,23,"The ball is most likely located near the feet of the player with the number 27 on their back, as they appear to be dribbling or about to pass the ball.",E5
212.jpg,24,"The player wearing #27 is likely kicking the ball. Based on the position of his leg and the angle of his body, the ball is likely located directly in front of him, near his foot.",E5
212.jpg,25,"The player in the white jersey (number 27) is likely kicking the ball forward. Therefore, it is most probable that the ball would be located either directly in front of him and slightly below his feet.",E5
212.jpg,26,"The player wearing the black and white kit (Number 27) is positioned with his left foot extended forward, as if he has just struck, or is about to strike the ball. Given the position of his foot and the fact that it's a ground level strike, the ball is probably just in front of his foot.",E5
212.jpg,27,The player with number 27 is likely in possession or close proximity to the ball. The image suggests the ball is near his feet.,E5
212.jpg,28,"The white player with number 27 appears to be in motion and most likely just kicked the ball, which would place it near his feet.",E5
212.jpg,29,"The player in the white jersey, number 27, is likely controlling the ball. The center of his body is located in the E5/F5 grid, so the ball would likely be in that location.",E5
212.jpg,30,The player in the white jersey is kicking the soccer ball. The kicking foot is nearest Cell E5 and the position of the other players indicates that the ball is very close to the kicking foot.,E5
212.jpg,31,The player in the white jersey (#27) in cell D5 is most likely kicking or dribbling the ball. The ball is most likely in front of his foot.,E5
212.jpg,32,"The player with the number 27 on his back seems to be in the process of kicking or has just kicked the ball. Therefore, the ball is likely near his feet, in front of him.",E5
212.jpg,33,"The player with the number 27 on his back is likely kicking the ball. The ball should be near his feet, slightly ahead of his body in the direction he is moving.",E5
212.jpg,34,"The ball is likely close to the feet of the player with number 27. Since the player is mostly in grid cell E5, I expect the ball to be in F5.",F5
212.jpg,35,"The player in the white jersey (number 27) appears to be dribbling the ball. The player's feet are positioned in a way that suggests the ball is directly in front of them, slightly to the right. Therefore, I estimate that the ball would be near the player's feet in cell E5.",E5
212.jpg,36,"The ball is most likely in front of the player with the number 27 on the back, as he is kicking his left leg forward. It is likely at ground level as well.",E5
212.jpg,37,"The player in the white shirt, number 27, is most likely dribbling the ball. His body position and the direction he is facing suggest he is in possession of the ball and moving towards the right.",E5
212.jpg,38,"Based on the body language and positions of the players, particularly the white jersey player (number 27), it is most likely that the ball is right at his feet, just slightly ahead of him.",E5
212.jpg,39,The player with the number 27 on his back appears to be dribbling the ball. It would likely be between his feet.,E5
212.jpg,40,The player with number 27 is most likely to have been in possession of the ball before it was removed. The ball would have likely been close to his feet.,E5
212.jpg,41,"The player with number 27 is most likely kicking or dribbling the ball. Considering the player's posture, the ball would be close to his feet, in front of him.",E5
212.jpg,42,"The player wearing the white jersey is likely in control of the ball. He's in mid-stride with his body facing the right side of the frame, the ball is likely around his feet, in order for him to continue controlling it.",E5
212.jpg,43,"The player with number 27 on his back is likely kicking the ball forward, so the ball would be in front of him.",E5
212.jpg,44,"The player in the white jersey with the number 27 is most likely dribbling the ball. Since the player's right foot is extended forward, the ball is likely in front of them, within close proximity.",E5
212.jpg,45,The player with the number 27 on their back is most likely dribbling the ball. His feet are positioned in a way that indicates he is close to the ball.,E5
212.jpg,46,"The ball is most likely located near the feet of the player wearing the number 27. Judging by his posture, the ball is likely at his feet, or slightly in front of him.",E5
212.jpg,47,"The player in the white jersey is kicking with his right foot, so the ball must be somewhere near his right foot or just left of him.",E5
212.jpg,48,"The player in the white jersey (number 27) in cell D5 appears to be running with the ball. The foot position of this player suggests that the ball would be near their feet. Therefore, the most likely location of the ball is somewhere between the player's feet and slightly in front of them.",E5
212.jpg,49,"The player in the white jersey with number 27 is most likely kicking or dribbling the ball. Based on the position of his leg, the ball is likely located close to his feet.",E5
212.jpg,50,"Player #27 is in the middle of his kicking motion. The ball is likely in front of his foot, very close to his foot.",E5
66.jpg,1,"The red player in cell D4 is running towards cell F4, and the direction he is facing suggests that he is kicking the ball.",F4
66.jpg,2,"Based on the position of the running player in red, the ball is most likely in front of them.",D4
66.jpg,3,The red player in D3-4 is kicking his leg out to make contact with the ball. The red player in D5-6 is running in a way that suggests he is chasing a ball. This would make the most likely ball location at E4.,E4
66.jpg,4,The player in the red jersey is kicking with his left foot. Thus the ball would most likely be located just in front of his foot.,F4
66.jpg,5,"The player in cell D4 appears to be mid-stride with his leg extended forward. It looks like the other player in D6 is also running toward him. Based on these movements, the ball is most likely in between them, or just beyond the first player's foot.",D4
66.jpg,6,The red player in cell D6 is in a running position. He is likely running towards the goal in cell A10. The ball is most likely between him and the other red player in cell B4. The likely place the ball is is between them in cell F4.,F4
66.jpg,7,The player in the red jersey in square C4 is kicking his leg at the angle you do when kicking a soccer ball. The ball is likely around his foot.,C4
66.jpg,8,The red player in cell D4 appears to be kicking the ball towards the goal. The red player in cell C4 has just run to intercept the ball. The ball would likely have been near his feet.,D4
66.jpg,9,The player in cell D4 is kicking his leg forward in a way that indicates he may have just kicked the ball. The ball would therefore be in the region of the follow through.,F4
66.jpg,10,The player in cell D4 has just kicked the ball. He is angled towards the right. The next player is in cell E6. Therefore the most likely location of the ball is cell F4.,F4
66.jpg,11,"The red player in cell D4 appears to be kicking forward in order to pass to the red player running along B3. Additionally, the player in white and black in cell D7 seems to be trying to intercept the ball in this play. Therefore, the most logical placement of the ball would be in cell D4.",D4
66.jpg,12,The player in cell D4 is kicking in the direction of the player in cell C6. The most likely spot for the ball would therefore be near their feet.,D4
66.jpg,13,Player in cell D4 appears to be kicking the ball in the direction of the goal (top right corner).,D4
66.jpg,14,The player in the red jersey in cell D4 is running towards the goal. The player in cell D6 is also running toward the goal. It's most likely that the ball is somewhere near their feet.,D4
66.jpg,15,"The player in cell D4 is kicking their right leg forward. Thus, the ball is most likely to be at the end of their kicking leg.",F4
66.jpg,16,"The player in the red shirt is running to the left of the frame and has his right foot up. Based on the angle of his leg and his direction, the ball is likely in cell F4 or E4. The player in red shirt at position D5 looks to be in possession or about to take possession of the ball.",D4
66.jpg,17,"The player in the red jersey in cell D4 is in a position of kicking the ball. Looking at the angle of his leg, the ball would be in front of him. Thus, the ball is likely in cell D4.",D4
66.jpg,18,"The player in cell D6 is kicking their leg forward. A player in cell B4 appears to be in motion towards the right, indicating a pass or shot towards the goal. Based on these indicators, the ball is most likely in the vicinity of these players. Given the angle of the first player, the ball is most likely in the vicinity of cell F4.",F4
66.jpg,19,The player in the red uniform in cell C4 is in mid stride and the angle of his body suggests he kicked the ball forward toward D5.,D5
66.jpg,20,"The player in cell D4 is running towards the right of the image. The player in cell D6 is also running in the same direction. The player in cell B4 is running towards the right as well. The ball is likely near the player in cell D4, since he is kicking his leg.",D4
66.jpg,21,"The red player in cell D4 is running towards the right and slightly towards the viewer. It is likely that the ball is in front of him in the direction he's running. The ball is likely on the ground, so it would be close to his feet. This puts it in cell F4.",F4
66.jpg,22,"The player in cell D4 is in the middle of a kicking motion, with their leg extended. Therefore, the ball is most likely located near their foot.",D4
66.jpg,23,"The red player in cell C4 is in a running position, and his leg is outstretched as if he has just kicked the ball. Given the position of the players, it is most likely that the ball was kicked from this location and is traveling forward towards the goal. Considering the direction of his run and the positioning of the other players, cell D4 seems the most likely location of the ball.",D4
66.jpg,24,The player in cell D4 is running towards the right and has his leg in the air as if he just kicked the ball. The player in E6 is looking in the direction of cell D4. The ball is probably somewhere between them.,E4
66.jpg,25,"Based on the player positions and the direction they are facing, the ball is likely located near the player in the red jersey in cell D4.",D4
66.jpg,26,"Given the position of the player in cell D4, and the way he is leaning forward and extending his right leg, he has likely just kicked the ball. I would expect the ball to be moving forward from his foot.",F4
66.jpg,27,"The red player in cell C4 is in a position that would indicate they are kicking/running after the ball, with their leg extended forward. Therefore, the ball would likely be in front of them, in cell C4 or D4. The other red player in cell D6 is running towards the goal, so the ball would be in front of them. Therefore, the ball is most likely in cell D4.",D4
66.jpg,28,The player in cell D4 is moving towards the right of the image. The player in cell C4 appears to be kicking. The most likely location of the ball would be directly in front of the player in cell D4.,D4
66.jpg,29,"The player in cell D4 is running towards cell D5, and the player in cell C3 is also running towards cell D4/D5. Therefore, the ball would likely be in that vicinity.",D4
66.jpg,30,"The red player in cell D5 seems to be moving towards the black and white player in cell D7. The red player in cell B4 has just kicked the ball from his current running direction, so the ball would be headed toward the red player running toward the black and white player in the middle. Therefore, the ball is most likely near where the two players will meet up.",D5
66.jpg,31,"The player in the red jersey in cell D5 is in a running pose, facing the goal in the upper right. A defender is in cell D7. It is likely that the red jersey player D5 just kicked the ball, and is dribbling forward. Thus the ball is likely to be between the two of them.",E6
66.jpg,32,"The player in cell C4 is in a kicking motion. The player in cell D6 is watching something in front of him. Therefore, the ball is most likely located in grid cell D4.",D4
66.jpg,33,"The player in red is running towards the right of the image (towards the goal). He is in the middle of running, and his leg is lifted. Based on this, the ball would likely have been in front of him.",D4
66.jpg,34,"The player in the red shirt in cell D5 is in the act of kicking, likely directing the ball forward. Another red player is running forward into cell B4, so the ball is probably going towards him.",D4
66.jpg,35,"The player in the red shirt in cell D4 is kicking his leg, it is likely the ball is on his foot.",D4
66.jpg,36,Player in cell D4 is in the act of kicking. The ball should be very close to his foot.,D4
66.jpg,37,"The player in cell C4 is running toward the goal with the ball close to his feet, and the player in E7 is preparing to take a shot at the goal. Given these factors, it is likely that the ball is around F4, near the red player, as he is trying to bring the ball forward.",F4
66.jpg,38,The ball is most likely located near the feet of the player in the red jersey who is running with his right foot forward.,D4
66.jpg,39,"The player in cell C4 is kicking at the ball, so it will be directly in front of his foot. I believe the ball is slightly further, where it would be kicked toward.",D4
66.jpg,40,"The player in cell E6 has just kicked the ball, so it is likely to be in the air moving away from him towards cell F4.",F4
66.jpg,41,The red team member in grid cell D4 is running towards the right side. The other red team member in grid cell C6 is also running towards the right side. The most likely location of the ball is in grid cell D4 because it is closer to the red team member than the one in grid cell C6.,D4
66.jpg,42,"Looking at the image, player in red is kicking towards the right with his right leg, the ball is most likely located near his foot.",D4
66.jpg,43,"The red player in cell D4 is in the process of running with his leg extended, as though kicking or about to kick a ball. Given his leg extension and position, the ball is likely in front of him.",D4
66.jpg,44,"Based on the position of the red player in the bottom right and the direction of his foot movement, it is highly likely that the ball was located in the square in front of him.",F7
66.jpg,45,The player in cell C4 is kicking his leg out as if to hit a soccer ball. The ball would be in front of his kicking foot.,C4
66.jpg,46,The red player in cell D4 is running toward the right side. The red player in cell C5 is running to the right side as well. It is likely that these two players are both chasing a soccer ball. My conclusion is that the soccer ball is located between the two players.,D4
66.jpg,47,"The red player in cell C4 appears to be kicking the ball toward the player in cell C1. Therefore, the ball is likely close to the red player's foot, between cells C4 and D4.",D4
66.jpg,48,"The player in the red jersey at cell C4 is moving towards the right, as is the player in the red jersey at cell D6. I infer that the player in C4 has just passed the ball to the player in D6. The most likely area for the ball, therefore, is around the legs of C4 and D6. The player in D6 is in the middle of his running motion and is in the middle of cells D5 and D6. Thus, I'm going to conclude that the ball is on the grass near his right foot in the middle of D5 and D6. I'll put it into F4 because he's kicking with his left foot.",F4
66.jpg,49,The player in the red jersey in cell C4 is kicking his right leg forward. It is likely that the ball is in front of his leg.,D4
66.jpg,50,"The player in the red jersey in cell C4 is in the middle of kicking the ball. The player to the right, in cell D6, is the most likely next recipient of the kick. Thus, the ball should be in grid cell D4.",D4
371.jpg,1,"Based on the foot positions of the two players in the centre, the ball is most likely on the ground close to their feet.",E8
371.jpg,2,"The player in the dark red/purple uniform is extending his left leg, preparing to kick the ball. The player in the white uniform is close by, attempting to intercept the kick. Based on their positions and the direction of the kick, the ball would be located close to the extending foot.",E7
371.jpg,3,"The player in the white jersey is kicking forward with his right foot. Therefore, the ball is likely in front of his right foot in the E8 or E9 area. Based on the player's leg position and the slight bend in his knee, the ball would most likely be around the E8 position.",E8
371.jpg,4,The soccer player on the right is mid-kick with his right foot. Therefore the ball would have been beneath that foot just prior to the kick.,E8
371.jpg,5,"Based on the positions of the players' feet and legs, the ball is likely located near the feet of the players in cells E7-E8. It's most likely in front of the foot that is in the air.",E8
371.jpg,6,"Given the leg positions of the players in the center of the image, the ball is most likely near the ground between their feet. Considering their movements, it's likely in the lower part of the image.",E8
371.jpg,7,"Based on the position of the players' legs, the ball is most likely at their feet. It is likely located near the feet of the players in cells E8 and E9. Given the angles of their feet, E8 is slightly more probable.",E8
371.jpg,8,"Based on the position of the players' legs and the general action, the ball is most likely located near the feet of the players in the lower right side of the image. I'm placing it in the region where the players' feet are closest together.",E8
371.jpg,9,"Given the positions of the players and the trajectory of their movements, it is most likely the ball is positioned near their feet. More specifically, near the feet of the player who is sliding.",E8
371.jpg,10,"The player in the maroon and blue jersey has his right foot raised as if he just kicked the ball, so the ball must be located somewhere near his right foot. It is most likely in the bottom half of cell E7.",E7
371.jpg,11,"Considering the body language and the position of the players, especially the feet of the player in the white uniform at grid position E8, it is likely that the ball is somewhere nearby.",E8
371.jpg,12,"Based on the position of the player in the dark jersey, it looks like he is kicking with his right leg. The ball is very likely near the foot of this player.",E8
371.jpg,13,"The player on the left appears to be kicking towards the right, so the ball is likely somewhere in the region in front of his right foot. Additionally, the right-most player is also moving towards the right, but is not kicking the ball at the moment. Finally, the center player appears to be trying to steal the ball, so it could be in the D7-D8 area.",D8
371.jpg,14,"Based on the position of the players' feet and legs, it's most likely the ball is located near the feet of the player in the white jersey (right of the center).",E8
371.jpg,15,"Based on the position of the players and their feet, the ball is most likely at the feet of the player on the left who is wearing blue shorts. It is somewhere near the intersection of D8.",E8
371.jpg,16,The soccer players' lower bodies indicate that one is kicking at about cell E8. This gives the best indication of the ball's location.,E8
371.jpg,17,"Based on the positions of the players' feet and the direction they are moving, the ball is most likely in front of the players, near the feet of the player on the right in the white shirt, and near the left side of the player who is facing forward and falling.",E8
371.jpg,18,"Looking at the position of the player's feet and legs, and given that the player in the white shirt seems to be kicking, the ball is most likely near the kicking foot and slightly above the ground. Thus, the ball's likely location is between E8 and E9, near the kicking player's right foot.",E8
371.jpg,19,"The two players in the center appear to be in the middle of a challenge or kick. Based on their leg positions, it's likely the ball is at their feet, in cell E8.",E8
371.jpg,20,"Based on the players' positions and body language, the ball is likely at the feet of the player in the white uniform. Based on their feet positions, it would be at the ground in the space between the two players in cells E8 and D8.",E8
371.jpg,21,"The ball is likely to be near the feet of the players engaged in the tackle. Based on the stance and direction the players are moving, the ball is most likely located near their feet in the E8/E9 area.",E8
371.jpg,22,"The two players in the center of the image are in close proximity, and the right player's leg is clearly swinging as if he just kicked the ball. Thus, the ball is most likely near the right player's foot.",E8
371.jpg,23,"Looking at the position of the players' feet and legs, it looks like the player in white is in the process of kicking the ball in grid cell E8.",E8
371.jpg,24,"Based on the foot positions of the two players in cells D8 and E8, the ball is likely on the ground, a bit below them. I would therefore place the ball in Cell E8. Given the dynamic nature of soccer and movement from right to left, the ball is also likely to be slightly lower down the grid. I will adjust my answer accordingly.",E8
371.jpg,25,"Given the position of the player with his leg stretched out, the ball is likely to be at his feet, in cell E8.",E8
371.jpg,26,"Given the proximity of the players' feet and legs in the image, it's highly likely that the ball would be located near their feet. The player in white is kicking his leg out as if he is kicking a ball.",E8
371.jpg,27,"The player on the right with the orange socks appears to be kicking forward, so I'll assume the ball is just ahead of his foot.",E8
371.jpg,28,"Considering the position of the players involved in what appears to be a tackle, the ball is likely located near their feet. The player on the right in white is extending his leg forward, suggesting he's attempting to kick the ball, and the player on the left in dark colors is attempting to get the ball or block the kick.",E8
371.jpg,29,"The two players in the center of the image look to be challenging for the ball. Based on the position of their legs and feet, it is likely the ball is close to the ground near the player in white.",E8
371.jpg,30,"Looking at the position of the players and their lower legs, it appears that the ball would be closest to E8, near the feet of the player in white and black.",E8
371.jpg,31,The player on the right appears to be kicking the ball based on his leg position. The ball is most likely located near his foot.,E8
371.jpg,32,The player in white with a black stripe is kicking their left leg towards the other player in red so it is more likely that the ball is located in this area.,E8
371.jpg,33,The player in white and black is extending his leg toward the ground as if to kick the ball which would be in front of his leg.,E8
371.jpg,34,The player on the left is kicking the ball with his right leg. Therefore the ball should be in front of that leg in the E7/E8/F7/F8 vicinity. The foot appears to be at E7/E8 so I will put the ball there.,E7
371.jpg,35,"Given the positioning of the players, especially the motion blur on the player in the maroon kit and his kicked foot, it is likely that the ball is in motion and in the vicinity of his kicking foot. The front of the kicker's foot is located in the lower part of the cell E8.",E8
371.jpg,36,"The player in white is attempting to kick the ball which means the ball is likely near his feet. Also, the player in red seems to be running after the ball or fighting for it. Given this information, the ball is likely located near the feet of the player in white.",E8
371.jpg,37,The ball is likely to be near the feet of the player on the right who is kicking.,E8
371.jpg,38,The player in the white and black jersey is kicking with his right foot. The ball will likely be near his right foot.,E8
371.jpg,39,"The player in white seems to be kicking or have just kicked the ball with his right foot. Given his leg's position and the direction of his foot, the ball is most likely in front of his foot, near the ground.",E8
371.jpg,40,The player in the maroon jersey is kicking his right foot. His right foot is very close to the ground. Therefore the ball is most likely near his right foot at grid location E8.,E8
371.jpg,41,"The two players around grid cell E8 and E9 have their feet positioned very close to the ground, indicating they were likely both kicking the ball. Given their proximity, it is most likely the ball was in cell E8 or E9. Since E8 is slightly more centered between their feet, it is slightly more likely.",E8
371.jpg,42,"The man in the white jersey (on the right) is attempting to kick the ball with his right foot. Therefore, the ball is likely to be slightly in front of that foot, near the bottom right corner of grid cell E8.",E8
371.jpg,43,The player in the white jersey appears to be kicking the ball with their right foot.,E8
371.jpg,44,The position of the players and their feet indicate the ball is likely between their legs at foot level.,E8
371.jpg,45,The player in the white and black kit is kicking forward with his right foot. Therefore the ball is likely in front of him and near his foot.,E8
371.jpg,46,The two players in the center of the image are in a position where it's likely that they are battling for the ball. The man in the black uniform is positioned to kick the ball with his right foot. I will assume it is in front of his right foot near the ground.,E8
371.jpg,47,"Based on the position of the players' legs and the direction of their movement, the ball is likely located near the ground between the two players in the middle of the image.",E8
371.jpg,48,"Given the positions of the players and their leg placements, the ball is likely close to the ground in cell E8.",E8
371.jpg,49,The player on the left seems to be kicking with his left foot. So the ball must be located towards his left foot.,E7
371.jpg,50,"The player in white with the number 0 on their shorts is likely kicking the ball. Based on the position of his leg, the ball would be near the ground near his foot. The bottom of the player's foot is near the intersection of cells E8 and F8.",F8
73.jpg,1,"The ball is most likely located near the feet of the player with the striped jersey, as he appears to be in motion and potentially dribbling or kicking the ball.",F4
73.jpg,2,"The player in black and white is kicking the ball, it's most likely located near his foot.",E4
73.jpg,3,"Based on the position of the player in the black and white striped jersey, who appears to be in the action of kicking or running with the ball, it is likely the ball was located near their feet.",F4
73.jpg,4,The player in the striped shirt is kicking the ball. The ball would be in front of his kicking foot. The kicking foot is in the bottom of cell F4.,F4
73.jpg,5,"The player in the black and white striped jersey is in the middle of kicking or running with the ball, so it is likely in front of him near his feet.",F4
73.jpg,6,The player in the black and white striped jersey is running and likely dribbling the ball. I estimate the ball would be near his feet.,F4
73.jpg,7,"The player in the black and white jersey is likely moving to kick the ball, so it should be near his feet. The player's foot appears to be in grid square F4.",F4
73.jpg,8,"Based on the pose of the player in the black and white jersey, specifically the position of his leg, the ball is most likely directly in front of him, in the grid near his right foot.",F4
73.jpg,9,"The player in the striped shirt appears to have just kicked the ball, so it's likely somewhere in front of him, near his foot.",F4
73.jpg,10,"The player in the black and white striped jersey is in motion and appears to have just kicked the ball. Therefore, the ball is likely in the vicinity of his foot, which is in grid cell F4.",F4
73.jpg,11,"The player in the striped jersey is in the process of kicking the ball, or has just kicked it. Therefore, the ball is most likely near his feet.",F4
73.jpg,12,"The player in the black and white striped jersey appears to be in motion, his leg is raised as if he is about to strike the ball. Therefore the ball is likely in front of him near his foot.",F4
73.jpg,13,"The player in the striped uniform is in motion. He has just finished kicking the ball, so it would likely be leaving his foot, and still be nearby.",F4
73.jpg,14,"Given the player's position and the direction of movement, the ball is most likely located just ahead of his feet.",F4
73.jpg,15,"Given the runner's position and the position of his right foot, it is likely that the ball was last in cell F4.",F4
73.jpg,16,"Given the position of the player in the black and white stripes, the ball is likely close to his feet. I believe the ball is most likely located in cell E4.",E4
73.jpg,17,The player in the black and white jersey is running towards grid cell F4. It is possible that the ball is near his feet.,F4
73.jpg,18,"The player in the black and white uniform appears to be kicking the ball. Based on his leg position, the ball would likely be just in front of his foot at the moment the picture was taken.",F4
73.jpg,19,"The player in the striped jersey is in the middle of a running motion, suggesting he just kicked the ball or is about to kick it. Given his body position and the direction he is moving, the ball is likely to be in front of him, near his feet.",F4
73.jpg,20,"The ball is most likely near the feet of the player in the black and white uniform. Judging by the stride length, it's most likely near his right foot.",F4
73.jpg,21,"The player in the black and white jersey (number 17) is kicking with his right foot. Therefore, the ball would have been in front of and slightly to the right of his foot. Given the position of his foot, the ball is most likely located in cell F4.",F4
73.jpg,22,"The player in the black and white striped jersey has just kicked the ball with his right foot. Based on the position of his foot and the angle of his body, it would be located in the cell adjacent to his foot, at the bottom.",F4
73.jpg,23,"The player in the striped uniform is in motion and his right foot is raised, suggesting he may have just kicked the ball or is about to. Therefore, the ball is likely near his right foot.",F4
73.jpg,24,The player in the black and white jersey appears to have just kicked the ball. It would be at the level of his foot.,F4
73.jpg,25,"Based on the position of the player in the black and white striped jersey, it looks as though he has just kicked the ball, so it's likely to be close to his foot at the moment the photo was taken.",F4
73.jpg,26,The player in black and white stripes is in the process of kicking with their right foot. The ball would most likely be right in front of that foot.,F4
73.jpg,27,"Given the motion of the player in the striped jersey, who is in the action of kicking or having just kicked, the ball would likely be near his foot in the direction he is traveling.",F4
73.jpg,28,The player in the striped jersey is kicking his foot. The ball would likely be right around his foot.,F4
73.jpg,29,"Based on the posture of the player in the black and white jersey, he likely just kicked the ball, or is in the process of kicking it. Therefore, the ball would be around his feet.",F4
73.jpg,30,"The player in the black and white jersey is most likely kicking the ball forward, so the ball would likely be in the F4 or F5 area.",F4
73.jpg,31,"The player in the striped jersey is in mid-stride, indicating he has just kicked the ball or is about to. Given the angle of his leg, the ball is likely slightly ahead of him and low to the ground.",F4
73.jpg,32,"The player in the black and white jersey is most likely about to kick the ball. His right leg is extended, suggesting the ball is in front of his foot.",F4
73.jpg,33,"The player in the striped shirt appears to be kicking forward. Given his leg position, the ball would likely be in front of him, near his foot.",F4
73.jpg,34,"Given the pose of the player in the black and white striped shirt, and the fact that he is kicking towards the right, the ball is most likely slightly in front of his right foot.",F4
73.jpg,35,"The ball would likely be close to the first player, who is in the middle of kicking it. It is likely at his feet in the area where he is running.",E5
73.jpg,36,"The soccer player in black and white is mid-stride and kicking. Thus, the ball is probably close to his feet, right in front of him.",F4
73.jpg,37,The player in black and white stripes is about to kick the ball. The ball would be near his foot.,F4
73.jpg,38,"The player in the black and white jersey is in the middle of kicking the soccer ball, so it will likely be near his foot.",F4
73.jpg,39,"The ball is most likely near the feet of the player in the black and white jersey, who appears to be in the middle of a kicking motion. Therefore, I'd estimate the ball is in cell F4.",F4
73.jpg,40,The player in the black and white jersey is most likely about to kick the ball. He is looking in that direction.,F4
73.jpg,41,"The player in the striped jersey is in the process of kicking. Based on his stance, his right foot is likely just making contact with the ball, putting the ball just to the right of the center of his body.",F4
73.jpg,42,"Based on the motion of the player in black and white stripes, it is reasonable to infer that the ball was just kicked or is about to be kicked in this area of the image.",F4
73.jpg,43,"The player in the black and white jersey is running forward, likely chasing or dribbling the ball. The player in the red jersey is also running and appears to be pursuing. A soccer ball would typically be near the feet of the player with possession, which appears to be the black and white jersey player. The ball is most likely right in front of his leading foot.",E5
73.jpg,44,"Given the runner's stride, the ball has most likely just left his foot.",F4
73.jpg,45,"The player in the striped shirt is running and has his right foot raised as if about to kick a ball. Thus, the ball should be near his foot, likely in front of him. The angle of his leg suggests he is kicking the ball roughly toward the 6-7 grid column.",F4
73.jpg,46,"The black and white player is kicking with his right foot and is looking forward. Thus, the ball is in front of him, near the point of contact between his foot and the ball.",F4
73.jpg,47,"The player in the black and white kit (number 17) is in the process of kicking the ball. His right foot is extended and angled downwards. The most likely location for the ball is right in front of his right foot, on the ground.",F4
73.jpg,48,The player in the black and white striped jersey is in the middle of a stride. It's likely the ball has just been kicked and is slightly ahead of his foot.,E5
73.jpg,49,"The player with the black and white jersey is in the act of kicking. Based on the player's leg position, the ball is most likely just in front of the player's foot.",F4
73.jpg,50,"Based on the position of the player in the black and white jersey (who appears to be kicking the ball), the ball is likely located just in front of his foot at grid cell F4.",F4
9.jpg,1,The white player in cell E5 seems to have just kicked the ball and his leg is outstretched. It's likely the ball was close to his foot at that moment.,E5
9.jpg,2,"Based on the players' positions and the motion of their legs, the ball is likely located around the feet of the player in the white jersey who is near grid line 6.",F5
9.jpg,3,"The player in the white kit is kicking his left leg forward. Considering the natural motion, the ball is most likely in front of his foot.",F6
9.jpg,4,"The white player in the middle is kicking with his right foot, so the ball would be at ground level and somewhere in front of him.",F5
9.jpg,5,"Given the position and posture of the players, it looks like the player in the white jersey and black shorts is attempting to kick the ball. The ball is most likely in front of him, just below his extended leg.",E5
9.jpg,6,"Based on the position of the players' legs and torsos, the ball is most likely close to the feet of the white-jerseyed player in the center. It is probable that the ball is on the ground near cell F6.",F6
9.jpg,7,"Based on the positions and actions of the players, the ball is likely to be on the ground near the two players clashing, between grid cells F4 and F5.",F4
9.jpg,8,"Based on the players' positions and the angle of their legs and feet, the ball is most likely located between the legs of the player in the white uniform.",E5
9.jpg,9,"Given the body positions of the two players in white shirts, the ball is most likely in front of them, close to their feet. Considering the angle, it would likely be on the ground.",F6
9.jpg,10,"The two players in white and red seem to be contesting for the ball, and they appear to be in mid-motion. Given their leg positions and body orientations, the ball is likely to be located at their feet.",F4
9.jpg,11,"The position of the players' feet suggests a kicking motion, and the players are clustered in that area. Also, this is where the shadows of the player's legs converge, which would be the closest point to where the ball could be located.",F5
9.jpg,12,"Given the body position of the player in the white kit, the ball is likely at his feet or near his feet. Considering the angle of his right leg, the ball is most likely near the ground by his foot.",F5
9.jpg,13,"Based on the players' positions and actions, the ball is most likely located in front of the white player's feet.",F5
9.jpg,14,"The player in white is in the middle of kicking the ball, so it should be near their foot.",F5
9.jpg,15,"Based on the players' positions and body language, it's likely the ball was near the feet of the player in the white jersey. More specifically, since the player in white is extending his left leg, it is probable he is about to kick the ball, therefore it must be close to his foot.",E5
9.jpg,16,"The player in white has his leg extended forward and down, suggesting he may have just kicked the ball. Based on the position of his leg, the ball is most likely in the region in front of him and on the ground.",F4
9.jpg,17,"Looking at the posture of the white-shirted player, he's most likely kicking the ball. We can see his right leg extended. Judging by his leg position, the ball would be just ahead of his right foot.",F6
9.jpg,18,"Based on the players' positions and body language, particularly the player in white with his leg extended, it's likely the ball was located around his feet, perhaps being kicked or passed.",F4
9.jpg,19,"Given the position of the players and their actions, it is most likely that the player in the white shirt is trying to win the ball or pass it to another player. Looking at the way the player is positioned, it would make the most sense that the ball is positioned a little away from his legs.",E5
9.jpg,20,"The player in the white jersey is kicking with his right leg, which is planted in cell E6. Therefore, the ball is likely located right in front of his foot, in cell E6.",E6
9.jpg,21,"Given the positions of the players' feet and legs, it's likely the ball is near the white player's right foot, possibly in the E5-F5 region, or potentially slightly higher.",E5
9.jpg,22,The ball is likely to be near the feet of the players engaged in the action. The player in the white jersey appears to be kicking at the ball with his right foot.,F5
9.jpg,23,"Given the positions of the players in the image, specifically the player in white extending their leg forward, it is highly probable that the ball would be located in front of this player's foot. This area is in the lower center part of the grid.",F6
9.jpg,24,The player in the white jersey appears to be in the middle of a kicking motion. It is likely the ball is near his foot.,E5
9.jpg,25,"Based on the leg positions and shadows of the players involved in the action, it looks like the ball was located between the two players in the white jerseys at their feet. Therefore, cell E5 is the most likely location.",E5
9.jpg,26,"Based on the positions of the players and their legs, and considering the typical motion of kicking a soccer ball, the ball is most likely located just in front of the player in the white jersey who is kicking his left leg.",E5
9.jpg,27,"Based on the body language of the players, they are all facing toward cell E5/F5. A player's leg is also in that same cell.",F5
9.jpg,28,"The positioning of the player in the white jersey suggests that he is about to kick the ball. His leg is raised. Also the shadow indicates the ball can't be on the shadow, so F4 is the only option.",F4
9.jpg,29,"The player in white is kicking his leg, so it's reasonable to assume that the ball would be just in front of his foot.",F4
9.jpg,30,"The white player in cell E5 is kicking his right leg forward, it is likely he is kicking the ball.",E5
9.jpg,31,"The most likely location of the ball is between the players battling for possession in the center of the image. A good guess would be close to the feet of the player in the white jersey, as the angle of his legs and body position suggest that he's attempting to control the ball.",E5
9.jpg,32,"The white player's left leg is lifted as if kicking the ball and the white player's gaze is directed at the general area. Therefore, the ball is most likely in that location.",E5
9.jpg,33,"Given the positioning of the players, the angle of their legs and feet, the location of shadows on the ground, and the overall action of the scene, the ball is likely located on the ground, between their feet.",F5
9.jpg,34,"The ball is most likely in front of the player in the white jersey who appears to be kicking or moving his right foot forward. Based on the position of the player's right foot, it is probably on the ground or just about to make contact with the ground and thus with the ball. The height of the ball in the air wouldn't be much above the ground.",F6
9.jpg,35,"Based on the positions and movements of the players, particularly the player in white kicking, the ball is most likely located near his foot.",F4
9.jpg,36,"The soccer player in the white jersey is likely kicking the ball. The player's leg is extended, and the foot is positioned low to the ground. The ball is probably close to the ground and in front of the foot.",E5
9.jpg,37,"The white player in cell E5 has his foot extended forward as if trying to kick the ball, suggesting that the ball is probably nearby.",E5
9.jpg,38,"The player in the white kit in cell E6 appears to be kicking. Therefore, it is highly probable the ball is near his foot in cell F5.",F5
9.jpg,39,"The ball is most likely located near the feet of the players involved in the tussle. Based on the body language and positioning of the players, it is probably at the ground level near the right foot of the player in white, who appears to be kicking at a low level, thus it would be on F5.",F5
9.jpg,40,"Given the position of the players' legs and feet, particularly the player in the white shirt, it is likely that the ball is located near his feet.",F5
9.jpg,41,"Looking at the players' legs and feet, they are around grid cells E5 and F5/F6. Therefore, the most likely area for the ball to be located is also around these cells.",F5
9.jpg,42,"Based on the position of the player's feet in white, it is likely that he is about to kick the ball with his right foot. Thus, the ball would be near his right foot.",F6
9.jpg,43,"The white player in cell E5/E6 is in the middle of kicking his left foot, so the ball is likely in this position.",E5
9.jpg,44,"The ball is most likely near the feet of the player in white, who appears to be kicking. The angle of his leg suggests the ball is near the ground and slightly in front of him.",F5
9.jpg,45,The player in the white jersey in grid cells D5 and E5 has his leg in a position that suggests he's either kicking or just kicked a ball. Therefore the ball is likely located in that area.,E5
9.jpg,46,"The players are clustered around the grid area of E4-E6, and one player is extending his leg outward, indicating that he likely just kicked the ball. The ball would probably be near his foot.",E5
9.jpg,47,"Based on the positions of the players involved in the tackle, it is most likely the ball is between the player who has extended his leg and the player he is challenging.",F6
9.jpg,48,"Based on the body positions and direction of motion, the ball is most likely at the feet of the player in the white uniform.",F5
9.jpg,49,"The two players are very close to each other in cell 5 and 6 on the D and E grid, and it looks like the player in white is about to kick the ball.",E5
9.jpg,50,"Based on the positions of the players' feet and bodies, the ball is most likely located near the feet of the player in the white shirt. This player seems to be kicking or about to kick something.",E6
28.jpg,1,"The player in the black and white striped shirt appears to be kicking or about to kick. Looking at his foot, it is likely the ball is close to it.",E8
28.jpg,2,"The player in the black and white striped jersey is in the process of kicking with their left leg. The other leg is extended, meaning the ball would be in front of them.",D8
28.jpg,3,The player in the black and white jersey is in the middle of a kicking motion. The most likely location of the ball would be right in front of his foot.,E8
28.jpg,4,The ball is most likely located between the feet of the player with black and white stripes (the one in motion). His right foot is off the ground and ahead of the left one.,E8
28.jpg,5,"Given the direction of the run of the player in the black and white stripes, and the position of his legs, the ball is most likely just in front of him, in contact with his foot, and in line with the trajectory of his run.",E8
28.jpg,6,The player in the black and white stripes is in the middle of a kicking motion. It is likely that the ball is near his foot at cell D8.,D8
28.jpg,7,"The player in the black and white kit is in the middle of a stride, suggesting he is about to kick the ball. The ball would likely be close to his forward foot.",E8
28.jpg,8,"The ball is most likely located near the foot of the player on the right in cell D8, as he appears to be kicking it forward.",D8
28.jpg,9,"The player in the striped jersey has just kicked the ball and is in motion. Given his position, the ball would likely be in front of his foot, in the direction he is moving.",E8
28.jpg,10,"Based on the position of the player in the black and white jersey and the forward motion of his leg, the ball is likely near his foot, in the cell D8.",D8
28.jpg,11,The player in black and white is kicking his left leg. Therefore the ball is likely around cell E8.,E8
28.jpg,12,The player in the striped shirt is in the motion of kicking or passing the ball. The ball would likely be right at or just off of his front foot.,E8
28.jpg,13,"The player in the black and white stripes appears to have just kicked the ball with his right foot. Therefore, the ball would be in the vicinity of his foot.",E8
28.jpg,14,"Based on the foot position of the player in black and white stripes, it is likely the ball has just been kicked. The players foot is raised and appears to have just made contact, meaning the ball would be relatively close.",E8
28.jpg,15,"The ball is likely near the feet of the player in the black and white stripes, just after he kicks the ball forward. His front foot is raised and in a kicking motion. The ball would likely be located right in front of that foot in a location that aligns with the kick motion.",D8
28.jpg,16,"Based on the foot position of the player in the black and white jersey, he is in the process of kicking a ball forward. I will assume the ball to be near his foot in cell E8.",E8
28.jpg,17,The player in the black and white striped uniform is in mid-kick. The ball must be near his foot in that case.,D8
28.jpg,18,The player in the black and white striped shirt has just kicked the ball. The location of the boot indicates that it has just kicked it.,D8
28.jpg,19,The player in the black and white stripes appears to have just kicked the ball. The position of his leg suggests the ball was previously located close to his foot.,D8
28.jpg,20,"The player in the black and white stripes is kicking with their left foot. Therefore, the ball would most likely be in front of their left foot, in grid cell D8.",D8
28.jpg,21,The ball is most likely located right in front of the player in the black and white striped jersey. He's in a kicking position.,E8
28.jpg,22,"Given the position of the player in the black and white stripes and the angle of his leg, it is likely that the ball was in the air slightly in front of his left foot.",D8
28.jpg,23,"The player in the striped shirt is kicking the ball, so the ball is likely near their foot in cell D8.",D8
28.jpg,24,"The player in the striped kit appears to have just kicked the ball with his right foot. Therefore, the ball would be located directly in front of that foot.",E8
28.jpg,25,"Given the position of the player in the black and white striped uniform with his foot extended, the ball is most likely in front of him and very close to his foot. The ball would be right in front of his foot.",E8
28.jpg,26,"Based on the position of the player in the striped shirt and his outstretched leg, he most likely just kicked the ball. Therefore, the ball is likely located in the grid cell in front of his foot.",E8
28.jpg,27,"The player in the black and white jersey appears to have just kicked the ball with his left foot. Therefore, the ball would be close to the point of contact with his foot, which would be in cell D8.",D8
28.jpg,28,"The player in the black and white jersey appears to have just kicked the ball, so the ball would likely be near their foot in cell D8.",D8
28.jpg,29,"The player in cell E8 is likely kicking the ball. Therefore, the ball is likely located slightly ahead of his foot.",F8
28.jpg,30,"Based on the position of the running player in the black and white stripes, and the position of his foot, it is likely the ball was located very close to his foot in cell D8.",D8
28.jpg,31,"The player in black and white has just kicked the ball. Based on the position of his foot, the ball would have been located just in front of him.",E8
28.jpg,32,"The ball is most likely near the foot of the player in the black and white striped jersey. He is mid-stride, so the ball would be near his lead foot, which is currently raised.",D8
28.jpg,33,The ball is likely at the foot of the player who is about to kick it. The player in the black and white jersey is extending their leg to kick.,D8
28.jpg,34,The player in the striped jersey appears to have just kicked the ball. The ball would most likely be in front of his foot in the lower right portion of the image.,E8
28.jpg,35,"The player in black and white stripes appears to have just kicked the ball. Therefore, it is most likely close to his foot in the location of D8",D8
28.jpg,36,The player in the striped jersey is in the middle of kicking. The ball is most likely near his foot in cell E8.,E8
28.jpg,37,The player in the black and white striped jersey is in the act of kicking. His foot is forward and near the ground. Therefore the ball must be located in front of his foot.,E8
28.jpg,38,The ball is likely near the feet of the player in the black and white shirt. The player is in the process of kicking/running with the ball.,D8
28.jpg,39,The soccer player in the striped jersey is in mid-stride. His foot is forward and likely to contact the ball.,D8
28.jpg,40,"Given the posture of the player in black and white, it's likely he just kicked the ball. Considering the position of his legs, the ball would be located in front of him, close to the ground.",E8
28.jpg,41,"The player in the black and white stripes appears to be kicking the ball, as indicated by his pose and the position of his leg. Therefore, the ball would be directly in front of his foot.",D8
28.jpg,42,"The player in the striped jersey appears to have just kicked the ball. Based on his leg position, the ball is likely in front of him near his foot.",E8
28.jpg,43,The player in the black and white stripes is kicking with their left foot which suggests the ball is in front of the player. The location of the foot indicates the ball is likely in cell E8.,E8
28.jpg,44,The player in the black and white stripes is in the middle of taking a shot. I would expect the ball to be close to his foot in cell D8,D8
28.jpg,45,"The player in the black and white stripes is kicking his leg forward, and his foot is closest to the ground in cell E8.",E8
28.jpg,46,"The player in the black and white jersey is in the middle of taking a shot. His right foot is extended forward, therefore the ball must be close to his foot.",D8
28.jpg,47,"The player in the black and white stripes is in the process of kicking the ball, so it is likely near his foot.",D8
28.jpg,48,"The player in the striped uniform is in the middle of kicking, therefore the ball must be in front of his foot at the time of the kick. Given the position of his leg, it is likely in cell D8 or E8. The ball can't be too far from his foot or it can't be kicked. Given the position of the red player, the ball must be closer to cell D8.",D8
28.jpg,49,The ball is likely close to the feet of the player in the black and white striped uniform who appears to be kicking.,D8
28.jpg,50,"The player in the black and white stripes is in mid-stride. His left foot is raised, which would likely be in preparation for kicking a ball. His foot is located in grid D8.",D8
303.jpg,1,"Based on the postures of the players and the direction they're moving, the ball is likely somewhere around the legs of the player in the air in cell D7 or just in front of the goalkeeper's dive in E6. Given the perspective and the distance, the ball would be low, near the ground. Therefore, the ball is most likely in E7.",E7
303.jpg,2,"Given the position of the goalkeeper and the player jumping in the air, it is likely that the ball is in the air and towards cell F6. The goalkeeper is laying down and will likely attempt to block a shot if the ball were there.",F6
303.jpg,3,"Considering the position of the player about to kick/hit the ball and the position of the goalie on the ground, the ball is most likely in the immediate area.",E7
303.jpg,4,The forward in the air and the goalie on the ground indicate action around the goal line. The positioning of the players and the orientation of their bodies would put the ball slightly out in front of them in the lower right part of the action.,F7
303.jpg,5,"The player in the red and white jersey is mid-air kicking his leg up towards the goalkeeper on the ground. The ball should be between the two players near the ground, at the area that would be hit by the player's leg.",E7
303.jpg,6,"The players on the right side of the image are focused on something close to the ground, so it is likely there. The goalie and the other player next to him are in the process of making contact with something.",E7
303.jpg,7,"Given the positions of the goalkeeper, the player jumping for the header, and the general context of a soccer match, the ball is likely in the air near the players involved in the most immediate action. Therefore, the ball is most likely in the D7 location.",D7
303.jpg,8,"Given the position of the players, especially the goalkeeper and the player jumping to make a header, it is most likely that the ball is in the air above them.",E7
303.jpg,9,"Based on the posture of the player in orange sliding on the ground, and the other player near him in the air, the ball is most likely between them, close to the ground where the goalie is located.",E7
303.jpg,10,"The player in the red shirt is most likely kicking the ball. Therefore the most likely location of the ball is in cell F7, near their foot.",F7
303.jpg,11,"Given the position of the attacking players and the goalkeeper, the ball is most likely in the air between them, likely near where the forward's legs are located and in the vicinity of the goalkeeper who appears to be diving to get to the ball.",E7
303.jpg,12,"Given the position of the goalkeeper on the ground and the position of the player jumping to score, the ball must be located at the boundary of the goalkeeper's legs and the player's feet.",E7
303.jpg,13,"Based on the players' positions and actions, the ball is likely near the ground between the goalkeeper and the other player who's jumping for the ball. It makes most sense it's somewhere near to Cell F6.",F6
303.jpg,14,"The image shows a soccer game in progress, with a player diving towards the ground near the goalkeeper. Given the position of the players, the ball is likely to be near the diving player, close to the ground.",E7
303.jpg,15,"Based on the positioning of the players, especially the goalkeeper sprawled on the ground, it is most likely that the ball was in the process of being played near him. Since the other attacking player is in the air, he may have just kicked it over the goalkeeper.",E7
303.jpg,16,"Given the position of the players, especially the goalkeeper and the player heading the ball, it's likely the ball was located between them. It's most likely the ball was near ground level because of the goalkeeper's position and close to the player heading the ball.",F7
303.jpg,17,"Given the position of the players, the goalkeeper on the ground, and the player jumping for what appears to be a header, the ball is most likely just above the goalkeeper.",E6
303.jpg,18,"Given the positions of the players involved in the action in the box and the goalkeeper on the ground, the ball is most likely in cell F6.",F6
303.jpg,19,"Given the positioning of the players in grid D6, E6, D7, and E7, the ball is most likely located between them, slightly above the ground.",E7
303.jpg,20,"Given the positions of the players involved in the potential clash, the ball is likely in the air close to them. Based on the angle of the players, the ball is likely above the goalkeeper and in the path of the player challenging for the header.",E7
303.jpg,21,"Given the position of the players, specifically the goalie on the ground and the player near him, and based on the action that likely occurred, the ball is most likely near the ground between them.",E7
303.jpg,22,A player is falling forward and the goalkeeper is on the ground. This suggests the ball was just challenged in front of the goal.,E7
303.jpg,23,"Given the position of the Arsenal player and the Tottenham goalkeeper, the ball is likely between them. Also, it is also in line with the goalkeeper on the ground.",F6
303.jpg,24,"The goalkeeper is on the ground, and the other player is kicking up, so the ball must be nearby. It is most likely at the height that the other player's foot is at and in front of the goal keeper.",E7
303.jpg,25,"There is a soccer player on the ground in the cell E6 and one about to collide with him in cell E7. It is likely the ball is located in the space between them, on the ground or just above it.",F7
303.jpg,26,"Based on the positions of the players and the goalie, as well as the action that seems to be taking place, the ball is most likely in the air and close to the ground. Based on the positioning of the players in cells E7 and E6, the ball likely is in E7, or even slightly above the ground.",E7
303.jpg,27,"The position of the players suggests a close play near the goal. There is a player diving and another one jumping for a tackle. Given the low position of the diver, the ball is likely near the ground.",E7
303.jpg,28,"Given the position of the players and the goalkeeper on the ground, it is highly likely that the ball was nearby. Based on where the player is falling and the proximity to the goalkeeper, the ball would be near the player falling in cell F7.",F7
303.jpg,29,The goalkeeper is lying on the ground in cell E6 and a player is very close to him. It is likely that the ball was close to where they are.,E7
303.jpg,30,"The ball is most likely between the player on the ground and the player in the air, given the position of the players and their action. So, it is likely in the range of E6 or E7. Due to the distance from the camera, the soccer ball might have been located more to the bottom of the figure.",F6
303.jpg,31,"Based on the players' positions and actions, it looks like the goalie is in the process of attempting a save. Given his position and the height he is reaching, the ball is most likely in the air just in front of him.",E6
303.jpg,32,"Given the position of the players, especially the goalkeeper and the player on the ground attempting to block the ball, the ball is most likely located near the center of the action, close to the ground.",E7
303.jpg,33,"The position of the player in the red kit who is in mid-air, the goalie who has already dived for the ball, and the player with their back towards the camera are all indications the ball would be within the intersection of cells E6, D6, E7, D7. The location of the first player in red who is about to make contact with the ball would mean that it's closest to cell E7.",E7
303.jpg,34,"Given the players' positions, the goalie on the ground, and the player leaping, the ball is likely in the air somewhere in front of them. Given the angle, cell F7 is the most likely location on the ground below the ball.",F7
303.jpg,35,The ball is most likely in play between the Arsenal player and goalkeeper. It is most likely just in front of the goalkeeper who is on the ground.,E6
303.jpg,36,"The goalkeeper is diving towards cell E6. A player is also close to him. Therefore, the ball is likely in that general area, near the ground, and being contested.",E6
303.jpg,37,"Based on the positions of the players, the ball is most likely in play between the two players near cell G7, potentially having just been kicked, near the ground and near the player falling on the ground. This gives the most likely grid square as being where a player is about to fall and has their arms outstretched.",E7
303.jpg,38,"Based on the positions of the players and the general action of the scene, the ball is likely to be in the air near the players involved in the tackle/challenge. The position of the goalkeeper on the ground also makes it seem he has just contested for the ball. Therefore, the ball would likely be just above where they are.",E7
303.jpg,39,"Based on the positioning of the players, with one appearing to kick or head and another diving towards a specific point on the field, it's highly probable the ball was near the feet of the player near grid 7 and just in front of the diving player near grid 6.",E7
303.jpg,40,"The goalie is on the ground and the players around him are in the middle of a play, so the ball is likely right in front of them on the ground or in the air.",E7
303.jpg,41,"The goalkeeper is diving to their left. Players are contesting around the goalkeeper in the air, suggesting that a shot or cross has been played towards the goalkeeper's area. The most likely place would be around where the goalkeeper is diving toward.",E6
303.jpg,42,"The goalkeeper has dived and is lying on the ground, and a player is making a challenge/attempting to score nearby. The ball is likely near the goalkeeper, near the ground.",E7
303.jpg,43,"The goalkeeper has dived to his left, and a player on the attacking team is jumping. It is likely the ball is either near the goalkeeper, or slightly forward from him, towards the attacker. It is also likely that the goalkeeper is trying to stop the ball from going into the goal.",E7
303.jpg,44,"The goalkeeper is on the ground and a player is lunging forward toward the goalkeeper. The most likely location is close to the goalkeeper, somewhere near the ground. The most probable spot is at the end of the lunge in front of the player on the ground.",F6
303.jpg,45,"Given the goalkeeper's position and the position of the Arsenal player who looks as if he is about to make contact with it, the ball must be in the air in cell F7. The position of their feet on the ground suggests they are jumping to kick/block the ball.",F7
303.jpg,46,"The ball is most likely in the vicinity of the goalkeeper who is lying on the ground. Also, the attacking player is close and probably challenging for the ball. The ball is likely just in front of the goalkeeper.",E6
303.jpg,47,The soccer player on the right in the image is in the middle of a jumping action. The goalkeeper is also on the ground moving towards the player. Both are likely vying for a ball.,E7
303.jpg,48,"The goalkeeper is on the ground in cell E6 and a player is in the air jumping towards the goal in cell D7, which suggests that the ball may have been just kicked. Given the pose of the player in cell D7, the ball is likely just above his head as he makes contact, so E7.",E7
303.jpg,49,The position of the goalkeeper lying on the ground and the movement of the other players suggest that the ball is located in front of the goal. It is most likely in the E7 square.,E7
303.jpg,50,"Given the players' positions and movements, the ball is most likely close to the ground, being contested between the player on the ground and the player on top of him.",E7
277.jpg,1,"Player 34's right foot is raised as if he is kicking at an object that is not there. Therefore, the ball is most likely in the vicinity of his foot.",E7
277.jpg,2,"Player 34 is in motion, his right leg has just kicked through the ball, therefore the ball would be located just in front of his lower right leg.",E7
277.jpg,3,"The player wearing #34 is in the middle of a running motion and his leg is raised, which indicates that he just kicked, is about to kick, or has just finished kicking the ball. Based on the positioning of his foot, it is likely the ball is at ground level.",F7
277.jpg,4,"The player with number 34 is kicking, and his left foot is forward. The ball would be in front of his left foot.",E7
277.jpg,5,The player wearing number 34 appears to be kicking with his right foot. This suggests that the ball is likely in the space immediately ahead of his kicking foot.,E7
277.jpg,6,"Player 34 is in a running motion, with his right foot off the ground suggesting he just kicked the ball. Therefore the ball is likely in front of him near the ground.",F6
277.jpg,7,"Given the running motion of the player wearing #34, he likely just kicked the ball or is about to kick the ball. Therefore the ball is most likely in front of him and near his feet.",F6
277.jpg,8,The player with number 34 is kicking. The ball is most likely near his right foot.,E7
277.jpg,9,"Based on the position and motion of the player with the number 34, it is most likely that he kicked the ball. The ball would be near the end of his foot, just off the ground.",E7
277.jpg,10,The player wearing number 34 has just kicked the ball with his right foot. So the ball must be at the front of the player.,F7
277.jpg,11,The player with number 34 on his shirt is in a running stride and his foot is raised in a kicking motion. The ball is likely near his foot.,D7
277.jpg,12,"The player with the number 34 is running forward and his right leg is outstretched as if he has just kicked the ball or is about to kick the ball. Therefore, the ball is likely to be in the area between his legs.",F6
277.jpg,13,"Player 34 is in motion, with his foot extended. It is most likely that he is kicking the ball, and so, that it is located near his foot.",E7
277.jpg,14,"The player wearing #34 is in motion, suggesting they may have just kicked the ball or are about to. Looking at the player's feet, it seems they are kicking through the ball.",E6
277.jpg,15,"Player 34 in the red jersey is kicking/running with the ball. It would likely be near his feet, on the ground and in front of him as he's running.",F6
277.jpg,16,"The player with the number 34 is running with his foot outstretched as if to kick the ball. Therefore, the ball is likely near his foot, slightly ahead in his path. This places it in the E7 cell.",E7
277.jpg,17,"The player with the number 34 on his back is kicking his right leg, suggesting he has just kicked the ball or is about to kick the ball. The ball is therefore likely to be near his right foot, in front of him.",F7
277.jpg,18,The player with number 34 has his left foot stretched out. A soccer player does that to kick the ball. Therefore it is most likely that the ball is directly in front of his left foot.,F7
277.jpg,19,"Given the position of the player wearing the number 34, who appears to be running and about to kick, the ball is most likely located slightly in front of him. The motion blur around the legs suggests he has just kicked or is about to kick the ball.",D6
277.jpg,20,"The player in the red jersey with number 34 is in motion with their leg extended as if in the middle of striking the ball with their right foot. The ball would be in front of the player, in line with the extended leg.",F7
277.jpg,21,"The player wearing number 34 is most likely kicking or about to kick the ball forward with his right foot, so the ball would likely be near his foot in grid D7.",D7
277.jpg,22,"Based on the player with number 34 kicking with their left foot, the ball is likely near their foot, in the lower-right quadrant of cell E7. This area aligns with the direction the player appears to be moving.",E7
277.jpg,23,"Player #34 is kicking forward with his right foot. Therefore, the ball is most likely in front of him, near his foot.",E7
277.jpg,24,"Player 34 is running, and is about to kick or has just kicked the ball with his right foot. Therefore, the ball should be in front of him, near his right foot.",F6
277.jpg,25,"The player with number 34 on his back is in motion, and his left leg is in a kicking position. It can be assumed that the ball is near his feet, and probably about to be kicked.",E7
277.jpg,26,"Player 34 from Arsenal is clearly striking the ball with his right foot. Based on the motion of his leg and the likely trajectory of a soccer ball being kicked, the ball is most likely near his right foot in cell E7.",E7
277.jpg,27,"The player with number 34 is running, so the ball is likely in front of him and slightly to the right. This assumes he is chasing or dribbling the ball. The motion of the leg suggests it was recently in contact with the ground.",F6
277.jpg,28,"The player with the number 34 is likely chasing the ball as he is running. Considering his leg motion, it is most likely that he just kicked the ball and is now running after it. Therefore, the ball is likely slightly ahead of him, on the ground, and in the direction he is running.",F7
277.jpg,29,"Player number 34 is in the action of kicking the soccer ball. This action indicates that the soccer ball must be in front of him at ground level. Based on this and looking at the running pose, the ball is located near the foot that is extended forward.",F7
277.jpg,30,"Based on the running motion of the player with the number 34, it's likely that he has just kicked the ball or is about to kick it. His left foot is off the ground, suggesting he's in the middle of striking. Given his leg angle and body positioning, the ball would likely be just ahead and slightly to the right of his front foot.",F6
277.jpg,31,"Based on the positions of the players and their orientations, player number 34 is most likely trying to take a shot at the goal. His right foot is in a position where it would be contacting the ball, so the ball is likely right in front of his right foot.",E7
277.jpg,32,"The player wearing the number 34 appears to be striking the ball with the outside of his right foot. Based on the angle of his leg and the forward direction of his body, the ball is likely located in front of him and slightly to the right.",F7
277.jpg,33,"The Arsenal player number 34 is in the middle of taking a shot. Therefore, the ball would most likely be located on the ground near his right foot in cell F7.",F7
277.jpg,34,"The player with the number 34 on his back appears to be kicking or about to kick. His body position and the direction he's running suggest that the ball would likely be near his feet, either just before or after the moment of contact.",E7
277.jpg,35,The player with number 34 on his back is kicking his leg. The ball is most likely near his feet.,F6
277.jpg,36,"The player with number 34 appears to be in the motion of striking a ball. Looking at his leg position, the ball would most likely be in front of him in his kicking path.",E6
277.jpg,37,"The player in red #34 is extending his leg to kick the ball, therefore the ball will be near the player's feet.",D7
277.jpg,38,"The player with the number 34 is kicking, or just kicked, the ball. The ball would be near his kicking foot.",F7
277.jpg,39,"Player 34 is clearly running, and his foot is outstretched in what looks like a kicking motion. Thus, the ball must be in front of him and close to his foot.",F6
277.jpg,40,"Based on the positioning and action of player #34, he just kicked the ball. Therefore, the ball is likely very close to his feet and moving in the direction he is running.",F6
277.jpg,41,"The player in the red jersey numbered 34 is kicking, so the ball must be close to his foot. Considering his leg is stretched as it appears to be in the midst of a kick, the ball would likely be in the direction his leg is pointing, which is slightly upwards.",E7
277.jpg,42,"The player with number 34 on his back seems to be running after a ball. Given his posture, he seems to be running slightly downhill and his right foot is raised as if to kick the ball. Therefore, the ball is most likely located near his right foot.",F6
277.jpg,43,"The player with the number 34 on his jersey is in the middle of a running stride, suggesting he has just kicked the ball or is about to kick it. Given the position of his body, the ball would likely be located in front of him and slightly to his right, close to the ground.",E6
277.jpg,44,"The player with number 34 is in mid-stride, kicking with his right foot. The most likely location for the ball is in front of his right foot, along the path of his kick.",F6
277.jpg,45,"The player in the red shirt with number 34 is kicking his left foot, indicating that the ball is probably around his feet. Given his current running motion the ball is likely in the D6/E6 area.",E6
277.jpg,46,"The player wearing number 34 is in a kicking motion, with his right foot forward and slightly elevated. Given this pose, the ball is likely near his right foot.",E7
277.jpg,47,The player with number 34 is in the middle of kicking. The ball is most likely near his right foot.,E7
277.jpg,48,Player 34 is mid stride indicating they likely kicked the ball. Their right leg is extended forward towards cell F7.,F7
277.jpg,49,"The Arsenal player with number 34 is kicking with his right foot. It is therefore likely that the ball is in front of his foot, just before or during the kick. This would place the ball in cell F7.",F7
277.jpg,50,"The player with number 34 is running and his foot is extended suggesting he is either about to kick or has just kicked the ball. Therefore, the ball is likely around his feet or slightly in front of him.",F6
464.jpg,1,"The player in the dark blue jersey is sliding and his feet are touching the ground, suggesting the ball was recently nearby for him to make contact with. I'm estimating the ball was in that region as a result.",F2
464.jpg,2,"The player in grid cell F2 is kicking, so it should be in that vicinity. Judging by the player's foot and leg motion, the ball is most likely in the F2 area.",F2
464.jpg,3,"The player in the blue shirt appears to be kicking, or about to kick, the ball. The orange cleats are positioned low to the ground and close to the grass, so it's likely the ball was very close to his foot.",E2
464.jpg,4,The player in the blue jersey is in a kicking position in cell E2. It is likely that he is kicking the ball. The orange blur near his right foot looks like where the ball was located.,E2
464.jpg,5,"The player in the dark blue jersey in cell D2 is likely in the process of kicking the ball, which would be at his foot near the ground.",E2
464.jpg,6,The left player is in the middle of a kick. The position of the kicking foot puts the ball most likely in front of it.,F2
464.jpg,7,"The soccer player in E2 is about to kick something with his right foot. We can assume it is a soccer ball, and therefore that the soccer ball is in the location in front of his foot.",E2
464.jpg,8,"The soccer player in cells E2-F2 is kicking, and his leg is angled forward and towards the other player. This indicates the ball was located just ahead of the kicking leg at the moment it was kicked.",E2
464.jpg,9,"The player in the dark blue jersey appears to have just kicked the ball, as his leg is extended in that motion. Additionally, his eyes are looking downward in the vicinity of his foot.",E2
464.jpg,10,"The player in the dark jersey is attempting to tackle the player with his foot near the ground, which would indicate the soccer ball would also be there.",E2
464.jpg,11,"The position of the two players in cell E2 and E3 are indicating a potential kick. From the orange/red color on player E2's cleats, and the direction he is kicking, it's likely the ball was in this general region.",E2
464.jpg,12,"The player in the PSG jersey has his foot raised as if he is kicking a ball. Based on the angle of his leg and foot, the ball would be between his foot and the other player's foot.",E2
464.jpg,13,"Based on the position of the players and the direction of their movements, the ball is most likely in the vicinity of the player who is kicking and falling down. Given the position of the player's foot and the direction of his movement, the ball is most likely located near his foot.",E2
464.jpg,14,The player in the blue uniform appears to be kicking or tackling and the player with the red and white uniform appears to be reacting to something. The ball is likely near the feet of the player in the blue uniform. I see the orange blur from the shoes which might lead to it being close to that area.,F2
464.jpg,15,"The player in the dark blue jersey appears to be kicking or has just kicked the ball with his right foot, indicated by the position of his leg. The player in the striped jersey seems to be moving towards the direction where the ball would likely travel. Thus, the ball should be located near the right foot of the dark blue jersey player.",E2
464.jpg,16,"The player in the dark blue uniform in cells C1/D1/E1 is clearly kicking something. Since there's no other visible object, and the object is probably on the ground, the ball is very likely at the tip of his foot.",E2
464.jpg,17,"The player in E2 appears to be attempting a sliding tackle. Given that the other player is in front of him, the ball is likely at the edge of his foot or slightly in front.",E2
464.jpg,18,"The soccer player in the dark blue uniform is about to make contact with the soccer ball with his foot. Given the proximity and angle of his foot, it is most likely that the ball is near the end of his foot, between the two players.",E2
464.jpg,19,"Given the position of the player in blue and black and the player in white and red, the ball would most likely be between their feet, which is in cell F2 or F3. I will pick the one that the first player is touching.",F2
464.jpg,20,"The ball is likely located between the two players on the left, near their feet. This corresponds to cell E2.",E2
464.jpg,21,The player in the dark blue uniform in cell E2 looks like he is kicking the ball to the right of the image. His foot is in the process of contacting the ball.,E2
464.jpg,22,The player in cell E2 is mid-kick. His foot is angled to strike something in the lower part of that space. The other player in F3 may also be kicking.,E2
464.jpg,23,"The PSG player in cell E2 is in the middle of kicking his foot, so the ball is likely located near his foot.",E2
464.jpg,24,"The player in the blue jersey appears to be kicking something, and his foot is planted firmly on the ground, indicating an immediate transfer of energy towards the ball. The orange cleats of the player in the blue jersey also suggest that the ball was in his vicinity when the image was taken.",E2
464.jpg,25,The ball is most likely at the foot of the left player at cell F2. The motion of the player and position of his legs suggest a recent contact with a ball close to his foot.,F2
464.jpg,26,"The left player in blue is in the middle of kicking something in the E2 cell region, it's probably the ball which would be there.",E2
464.jpg,27,"Given the position of the two players in the bottom left of the image, and how the player in blue is lunging and the player in red is kicking, the ball is most likely on the ground in front of their feet. Therefore, it should be somewhere on the line between them.",F3
464.jpg,28,The player in grid cell E2 is looking down as if he just kicked the ball. I assume the ball was near his foot.,E2
464.jpg,29,"The player in the dark jersey is lunging with his foot extended, suggesting he was kicking the ball. Also, the player in the white jersey closest to the player in the dark jersey looks to be positioning himself to kick the ball. These clues indicate the ball was likely in the vicinity of their feet.",E2
464.jpg,30,"The player in cell E2 is making contact with the ground and it seems like he is just making contact with something. Therefore, I believe the ball is in the area of E2.",E2
464.jpg,31,"The PSG player in cell E2 appears to be kicking/touching something with his right foot. Also, his momentum is going towards the right, which would indicate the ball would have to be somewhere along that path. Based on the images, the most likely place for the ball would be slightly above his foot near cell F2.",F2
464.jpg,32,"The player in the dark blue jersey appears to be in the middle of a kicking motion, so the ball is likely near his kicking foot. The player in the red and white jersey is also close to the player in dark blue. Based on this, the ball is likely between these players near the ground.",E2
464.jpg,33,"The player in the dark blue jersey is kicking his foot in front of him. The ball must be where his foot is connecting to kick, so it is most likely in grid cell F2.",F2
464.jpg,34,"The player on the left appears to have just kicked the ball with his right foot. Therefore, the ball would have been in contact with his foot.",E2
464.jpg,35,"The player in the dark blue jersey is kicking with his left foot. The player in the red and white jersey is standing to the right of the blue jersey player. Therefore, the ball would be near the player's foot between cells E2 and F2.",F2
464.jpg,36,"Given the position of the feet of the players and the general soccer game context, the ball is likely located on the ground in close proximity to the feet of the players. It is most likely near the point of contact of the player sliding into the player standing.",E2
464.jpg,37,"Given the positioning of the players, the player in the dark blue is either about to pass or has just passed the ball. His foot is outstretched toward the ground near his left leg. Given the direction of his foot and body, it is likely the ball was near his left foot. The orange cleats are in area F2.",F2
464.jpg,38,"Based on the position of the players' legs and feet, it's very likely the ball was recently kicked in the space between their legs. The player on the left is in the process of kicking/sliding. Therefore, the ball was most likely in that area.",E2
464.jpg,39,"Based on the position of the players' feet and legs, and the general flow of the action, the ball is likely between the foot of the player in the striped jersey and the foot of the player in the dark jersey who is sliding.",E2
464.jpg,40,"The player in the dark blue jersey appears to be kicking at the ball. Based on the angle of his leg, and the motion of his body, it's likely that he just kicked the ball and that it's traveling just off his foot.",F2
464.jpg,41,The player in the dark blue jersey in the left of the image appears to be kicking an object on the ground. This is indicated by his leg position. The ball is therefore likely around the bottom left of the image.,F2
464.jpg,42,"A player on the left is kicking his right leg, while another player in the front is about to kick the ball using his left leg. Based on their postures and orientations, the ball must be located in the region between their feet.",F4
464.jpg,43,"The soccer player on the left appears to have just kicked the ball. The positioning of his foot, the slight blur, and the angle suggests the ball was located just in front of his foot before being kicked.",E2
464.jpg,44,"The player in the blue and black uniform (PSG) is tackling and has just made contact with the ball, his foot is extended forward and in that location.",E2
464.jpg,45,"The two players in the lower left are actively kicking at something at their feet. Given that we know the image is of a soccer game, that ""something"" would most likely be the ball. Therefore, the ball would be at the point where the two player's feet meet.",E2
464.jpg,46,The ball is likely located between the feet of the player in the blue kit who is on the ground attempting to kick the ball and the foot of the player with the red and white kit who is just behind him. Therefore the ball is likely located around F2.,F2
464.jpg,47,The player in the blue kit is sliding to make a tackle. The orange cleat of the boot nearest cell E2 is in contact with the ground and the slide is moving to the right. It is most likely that the ball was located in front of his foot near the grid location E2 and F2. The closest cell is E2.,E2
464.jpg,48,The player in the dark blue uniform is sliding into grid cell F2. We can also see his right foot in this same cell and so it is most likely that this is where the ball was located before being removed.,F2
464.jpg,49,"The position of the feet and the angle of the legs of the players in cells E2 and F2 suggest that a player is about to kick a ball. Additionally, a bit of what looks like the bottom edge of a soccer ball is visible in those cells.",F2
464.jpg,50,"The ball is likely located where the two players' feet are close together, as that is the point of contact in soccer. Also, the first player on the left is clearly trying to kick the ball at cell E2, so the ball must be there, or slightly further than that.",F2
302.jpg,1,The image previously contained a ball in the E4 grid cell.,E4
302.jpg,2,There is a shadow visible on the grid. So it can be inferred from there. The ball has to be somewhere in the E4 cell.,E4
302.jpg,3,"The ball appears to have been located in cell E4, based on the shadow on the ground in that area.",E4
302.jpg,4,"A ball is seen in the image in the location E4. Since the ball is not in the image, it has been removed from that location.",E4
302.jpg,5,The shadows and the position of the players indicate the ball was most likely in cell E4.,E4
302.jpg,6,The shadow in the bottom left corner of E4 and E5 indicates the ball was originally in E4.,E4
302.jpg,7,I can see the ball located near cell E4 in the original image provided.,E4
302.jpg,8,The ball is most likely located where there is a light patch on the ground.,E4
302.jpg,9,"The ball is most likely near where the shadows converge. The ball is near the center, as indicated by the players facing towards each other. The ball is also likely on the ground.",E4
302.jpg,10,There is a shadow that looks to be of a ball in cell E4. This implies the ball is in this cell.,E4
302.jpg,11,"In the original image, the ball is located in the E4 cell. This is also the likely location in the modified image.",E4
302.jpg,12,The original image had the ball in cell E4.,E4
302.jpg,13,"Based on the shadows on the ground, the ball was located in cell E4.",E4
302.jpg,14,"There is a shadow in E4/F4, and a partial ball shape in E4.",E4
302.jpg,15,"In the original image, the ball is located around coordinates (4,5) in terms of the grid shown on the provided image.",E4
302.jpg,16,The image contains a partial soccer ball in the bottom left quadrant. The location of the ball is most likely in cell E4.,E4
302.jpg,17,The ball is located at E4. The shadow indicates the possible position of the ball.,E4
302.jpg,18,The ball is likely in cell E4 based on the shadow.,E4
302.jpg,19,There is a visible shadow indicating that the ball was in the E4 area.,E4
302.jpg,20,The ball is located in the image at around cell E4.,E4
302.jpg,21,"There is a ball visible in the bottom left corner of the image, just above the F row.",E4
302.jpg,22,"I can clearly see the soccer ball in the original image. It's located near the bottom-left area of the image. Specifically, it is near grid line E4.",E4
302.jpg,23,A shadow of a ball appears in the location E4/F4.,E4
302.jpg,24,"A soccer ball is visible in the image, it's in grid cell E4.",E4
302.jpg,25,"The ball is shown in the picture, so it is located in cell E4.",E4
302.jpg,26,There is a ball in the image. It is located between the players with number 8 and number 15.,E4
302.jpg,27,"The shadow on the ground suggests the ball was located in grid cell E4, as this would match the shadow's angle and position.",E4
302.jpg,28,"There is a clear shadow in the bottom left quadrant of cell E4. The shadow extends diagonally downward, and there is an empty area where the ball should be in that location.",E4
302.jpg,29,"There is a shadow in grid cell F4 that is likely associated with the ball. Also, the white ball is visible in grid cell E4.",E4
302.jpg,30,"Based on the original image, the ball was last located at grid cell E4.",E4
302.jpg,31,There is a shadow indicating that the ball was in cell E4.,E4
302.jpg,32,The ball is located at E4 according to the original image provided.,E4
302.jpg,33,There is a clear shadow in the grid cell that indicates that the ball has been removed. The lower left corner of the cell is still visible but the ball has clearly been removed.,E4
302.jpg,34,There's a dark round shadow in cell F4 which is most likely the shadow of the ball.,E4
302.jpg,35,The soccer ball is located on the grass in the bottom left side of the image. In the provided image it is located in the E4 cell.,E4
302.jpg,36,The ball is most likely in cell E4 because the shadow is located there.,E4
302.jpg,37,A soccer ball is visible at E4 in the reference image.,E4
302.jpg,38,"I have to estimate the location of the soccer ball in the grid. Looking at the original image, I can see a ball in cell E4.",E4
302.jpg,39,The ball appears to be in cell E4 due to the shadow under the ball and the position of the other players on the field.,E4
302.jpg,40,There is a shadow in E4 and the perspective suggests that the ball should be there.,E4
302.jpg,41,"There is a shadow that ends around E4/F4, it is reasonable to assume the ball would be casting the shadow.",E4
302.jpg,42,The shadow suggests a ball located at E4.,E4
302.jpg,43,"There is a circular shadow in cell F4, and a blur of white in cell E4. Both of these indicate the ball was in this general area of the image.",E4
302.jpg,44,"I can see the outline of the ball on the original image, so I can give an accurate prediction.",E4
302.jpg,45,"Based on the shadows and the feet positions of players, it looks like the ball was located in cell E4.",E4
302.jpg,46,The shadow on the ground and the foot position of the player wearing number 8 indicate that the ball was at location E4.,E4
302.jpg,47,There is a shadow on the ground and also some ground texture showing the location of the soccer ball.,E4
302.jpg,48,There is a soccer ball clearly visible in the image in cell E4.,E4
302.jpg,49,A shadow and some noise artifacts suggest a ball was previously located around E4.,E4
302.jpg,50,The shadow on the ground leads me to believe the ball was located in cell E4.,E4
12.jpg,1,"Given the position of the two players, the ball is likely between them. The player on the left (in cell C1) is running towards the right, while the player on the right (in cell B9) is running towards the left. Since the player on the right looks like he is in the motion of kicking, the ball may have just been there.",D9
12.jpg,2,"The player with the #3 on his back is looking forward and running along the white line, it is likely that the ball is ahead of him. The other player is closer to the goal so he would likely have the ball at his feet as well. The location of the ball would likely be at the feet of the player in the forward position.",C9
12.jpg,3,"Given the position and movement of the players, it is likely the player on the right kicked the ball forward. The ball would be located forward of him, likely in the space between him and the goal.",
12.jpg,4,"Given the position of the two players, and the angle of the white line in the image, the ball is most likely near the player on the right and in front of him as he runs towards the goal.",C9
12.jpg,5,"The player on the right has his foot extended, indicating he may have just kicked the ball. It is therefore likely located near his foot.",C9
12.jpg,6,"The player in the blue jersey is angled towards the right side of the image, potentially passing or shooting. The player in the white jersey is closer to the goal and running with the ball. Thus, the ball is most likely around cells D8 or E8.",E8
12.jpg,7,"The ball is likely between the players, and closer to the player with the forward momentum on the right side of the picture, based on how soccer is played. Given the position and direction of player with number 3 on his back, it seems unlikely that he has possession of the ball, whereas the other player on the right is more likely in possesion.",C8
12.jpg,8,"The ball is most likely between the two players. Given the position of the legs of the player on the right, the ball is most likely in the air.",C9
12.jpg,9,"The ball is most likely between the two players. Given their positions and trajectories, a likely location is the area near D4 or D5. However, because the player on the left is facing more towards the goal and the other player is closer to the goal, the ball is probably around D4.",D4
12.jpg,10,"Given the positions of the players, and the fact that they are on a soccer field, the ball is most likely in between the two players and on the ground.",D5
12.jpg,11,"Given the position of the player on the left moving forward, it is likely the ball was located in front of him. Based on that assumption and the position of the right player, it is likely that the ball's location would be centered between the two players.",D4
12.jpg,12,"The player on the left seems to have kicked the ball. Given his position and trajectory of the line on the field, the ball is most likely in the grid cell F4.",F4
12.jpg,13,"Given the position of the running player in the white jersey in the right half of the image and the fact that this is a soccer game, the ball is most likely in the grid cell with the feet of that player.",C9
12.jpg,14,"Looking at the running player in cells B9 and C9 and the proximity of the goal line in cells E9 and F9, the most likely position for the ball is between the player and the goal line, which is at cell D9.",D9
12.jpg,15,The player in the blue uniform appears to be running toward the goal. The player in the white uniform appears to be in a running position. It is likely that the ball is between the two players. I am inferring that the ball is in the D4 cell.,D4
12.jpg,16,"The white line in the center of the field appears to continue from the left of the image towards the right. Judging from the angle, the ball is probably in front of the player in blue.",D3
12.jpg,17,"Given the player's orientation and the direction they are running, it is likely they are chasing after a ball that is moving toward the goal.",E8
12.jpg,18,"Given the position of the players, the direction they're facing, and the typical flow of a soccer game, the ball is most likely near the feet of the player on the right, who appears to be moving towards the goal.",C9
12.jpg,19,"The player in the blue shirt is running towards the right, and the player in the white shirt is running towards the goal, so the ball must be in the zone between them.",D4
12.jpg,20,"The player on the right in grid cell B9 appears to be moving the ball towards the net. The ball is most likely in front of him in grid cell C9, ready to be kicked in.",C9
12.jpg,21,The ball is most likely around the feet of the player on the right side of the image in cell C9.,C9
12.jpg,22,"The forward leaning position of the player on the right side (around position I/9) suggests that they are either striking a ball, or are in the last moments of striking a ball. It would make sense that the ball would be around the position where the right forward has their leg extended.",C9
12.jpg,23,"The right player is dribbling the ball toward the goal, so it is most likely near his feet.",C9
12.jpg,24,"The player with the ball is likely to kick it in the direction of the goal. The line on the ground starts near the feet of the player with number 3, so it is likely that the ball is in that direction. It would be near the line and could go towards the goal or on the other side of the line if the player is going down the field.",D4
12.jpg,25,The ball is most likely located in front of the player on the right. It must be in front of him because he is running towards the goal. He may be about to kick the ball.,C9
12.jpg,26,"Given the direction the player with the number 3 is facing, it is likely that he kicked the ball and that it is currently located in front of him in the D4 grid cell.",D4
12.jpg,27,"The blue player on the left is facing towards the goal and appears to have just passed the ball. The white player on the right is running with intent towards the goal. The ball would likely be between the two players and heading toward the goal, likely along the D-line.",D4
12.jpg,28,"The player on the right is in a kicking position, so the ball is likely in the vicinity of his feet. Given the player's leg position and the angle, the ball is likely in the cell F9.",F9
12.jpg,29,"The player on the left wearing number 3 is likely moving the ball forward (right). The white line on the grass (D) also suggests movement forward and to the right. Thus, the ball should be between the two players.",D4
12.jpg,30,"The player in blue is running toward the right of the frame. The player in white/blue is running toward the goal on the right side. The angle of the player in blue suggests he is chasing the ball, and the angle of the player in white/blue suggests he is trying to get to the ball to shoot it into the goal. Therefore the ball is likely in D7 or E7, closer to the player in white/blue.",E7
12.jpg,31,"The other player seems to be running for the goal, so I assume that the ball has already passed this player and is near the goal.",E8
12.jpg,32,"The player in C1 is running towards the right. The player in B10 is also running, indicating likely action around that area. Given the angle of the player in B10, it's likely the ball is located near him and probably just about to be kicked or having just been kicked.",C9
12.jpg,33,"The player on the right side of the image appears to be in the middle of kicking the ball, based on the extension of his right leg. So, the ball is most likely located just in front of his kicking foot.",C9
12.jpg,34,"The right player is most likely dribbling the ball toward the net. Given their position, it would likely be between his feet and in line with the bottom of the net.",E9
12.jpg,35,The Chelsea player in the image is approaching the goal. I am looking to where the ball would naturally be in that situation.,E9
12.jpg,36,"The player in blue is positioned as if he just kicked the ball along the ground, moving roughly parallel to the white line in front of him. Given his position and direction, the ball would most likely be slightly in front of him and close to the line.",D3
12.jpg,37,"The soccer player in cell C1 is most likely dribbling the ball. Assuming he is going to pass the ball, he would most likely pass to a teammate in cell E9. Therefore, the ball is most likely in grid cell D2.",D2
12.jpg,38,"Based on the positions of the players, it appears the right player might be running toward the goal to shoot. Therefore, the ball is likely to be in front of them, within shooting range, heading towards the goal. I will assume the ball is in front of the player slightly to the left.",C9
12.jpg,39,"The player in the blue jersey is facing towards the right side of the image. It's likely the other player is about to shoot or is running with the ball, therefore it's likely near his feet.",C9
12.jpg,40,"The player in cell C1 is likely passing the ball to the player near the goal in cell B10, so it would be along that line.",D4
12.jpg,41,The ball is likely in between the feet of the player in cell C1.,D1
12.jpg,42,"The right player looks like he might have just kicked the ball, so it is likely that the ball was in the space in front of him.",C9
12.jpg,43,"The player in the upper right is clearly in a running motion. The most likely place for the ball would be right in front of him, but low to the ground. I also checked the hints.",B9
12.jpg,44,"The player on the right (in the 9-10 column) is in the act of kicking. His foot is in the air and forward. It's most likely that he has just kicked the ball, and it's traveling forward, close to the ground.",D9
12.jpg,45,"The player in the blue jersey (left of the image) has a posture suggesting he might have just kicked the ball. Also, the white line seems to be leading from the player in blue towards the center-right area of the image.",D3
12.jpg,46,"The player on the right is looking forward, his body is open toward the goal. Given his position, it's likely he just kicked the ball towards the goal. Therefore, I'd expect the ball to be in front of him, a little bit above the ground, going to the net.",D9
12.jpg,47,The position and direction of the player on the left suggests that the ball is likely to be in the D2 area.,D2
12.jpg,48,"Given the positions and likely trajectories of both players, it is reasonable to assume the ball is somewhere in between. The closest empty space to both players is D8.",D8
12.jpg,49,"The player on the right in cell B10 appears to be in the act of kicking the ball. Given the direction he's facing, the ball would likely be in front of him, perhaps in cell C9 or D9. However, since the player on the left in cell C1 is positioned lower on the field, he may have kicked the ball towards the goal. In that case the ball could be around E2. Considering all this and the position of the white line, the most likely position is around cell D3.",D3
12.jpg,50,"The ball is likely to be close to the feet of one of the players. Based on the motion and position of the player in grid cell C1, it is likely that the ball is in grid cell D2.",D2
13.jpg,1,The player in the black and white jersey in cell B2-C2 looks like he just kicked the ball. I therefore assume it is close to that player's foot and just to the right.,C3
13.jpg,2,The player in grid position B2 has just kicked the ball. It would have to be near his foot and travelling from left to right. I am guessing it is in cell C2.,C2
13.jpg,3,"Based on the position of the players in cells C2, D5 and F6, the ball is likely between these players at ground level.",E4
13.jpg,4,"The player in the white jersey near grid cell C2 just kicked the ball. The player in yellow with his leg up is likely the one attempting to control the ball. Therefore, the ball is most likely located in between those two players.",D5
13.jpg,5,"The player on the left, located roughly around A2, has just kicked the ball. Based on his motion and the positioning of the other players, it's likely the ball was near his foot and is now headed towards the center of the field, slightly downward. Looking at the position and direction of the player in C2, my guess is the ball was kicked from there. So, E4 is a good guess.",E4
13.jpg,6,"The player in the white shirt in position A-C is kicking to the right, therefore the ball is most likely near his kicking foot.",B3
13.jpg,7,"Given the position of the player in white and the player in the yellow and black jersey, it is most likely that they are challenging for the ball. The ball would likely be near the player with his leg extended.",D5
13.jpg,8,"Based on the player's body position and foot placement, it seems the ball was most likely positioned just in front of them. I would estimate the ball to have been located in the area of F4.",F4
13.jpg,9,"The player in the white jersey (A2) has just kicked the ball, based on the position of his leg. Also, the player in black and yellow (C5) seems to be trying to get in a position to tackle the ball, as well as the other player in white that seems to be running to the ball (E6). So the ball is probably being kicked in their direction.",C3
13.jpg,10,The player in the black and white kit in cell C1 has just kicked through with his right foot. The other player in black and white in cell F6 has his body facing the player in cell C1. The player in cell C5 is reacting to the kick. Therefore the ball would have been between these players.,D3
13.jpg,11,"Given the positioning of the players, in particular the player in the white jersey, it appears that the ball was likely in the air having been kicked towards the goal. I would expect the ball to be above the player's head.",D5
13.jpg,12,"Based on the position of the player's legs and body facing forward, it's likely the ball was just kicked or is about to be kicked, therefore it is on the ground very close to his right foot.",F5
13.jpg,13,"The player in cell B2 has just kicked the ball. Based on his foot position and the angle, the ball is most likely in the direction of cell F4.",F4
13.jpg,14,The player in the white jersey in cell C1 has just kicked with his left foot. So the ball is located in grid C2.,C2
13.jpg,15,"Given the position of the players, the player in the white shirt kicking his leg back, it is likely the ball is near his feet, just slightly above him.",E5
13.jpg,16,"Based on the player's foot placement and body position, it is likely the player in the white jersey kicked the ball somewhere around the bottom of grid C2.",C2
13.jpg,17,The player in white is likely about to kick the ball or just kicked the ball based on his foot position. The ball should be near his feet.,F6
13.jpg,18,"The ball is most likely located near the feet of the player in the white and black jersey in the cell F6. This player appears to be in the middle of a kicking or dribbling motion, suggesting close proximity to the ball. The position and posture of this player indicate they are actively interacting with the ball.",F6
13.jpg,19,"Based on the position of the player's feet and legs in cell C2, it appears that the ball was recently kicked. The player in the white shirt (Cell C2) is facing cell F6 so the ball is likely located in that area.",F6
13.jpg,20,"The player in the white shirt is kicking his left foot, and there is a player in front of him that seems to be blocking. So the ball will likely be in cell F4.",F4
13.jpg,21,"Based on the player postures and positions, it appears the player in cell C1 recently passed or kicked the ball towards the right. The player in cell C5 appears to be attempting to control the ball in its current trajectory. So it would probably be in the vicinity of cell C3.",C3
13.jpg,22,"Based on the position of the player with the white shirt who is kicking, the ball must be close to his feet, specifically slightly in front of him.",F5
13.jpg,23,"The player in the white jersey near cell B2 last kicked it, he is currently looking down towards the center of the field. The player in the white jersey in cell F6 has just performed a sliding kick and is looking down towards the center of the field as well. The most likely location of the ball is between these players.",D4
13.jpg,24,"Based on the position of the players and their actions, the ball is likely to be around the feet of the player with the ball who is in grid E5/F5. It also seems like the ball is in between the feet of the player in the white jersey.",E5
13.jpg,25,"Based on the posture of the players, specifically the player in the white and black uniform, and the direction the other players are facing, it seems the ball would be located around the feet of the player in white and black (likely making contact with their feet).",F6
13.jpg,26,"Based on the positions of the players and their likely trajectories, the ball is most likely near the player in cell B2.",B2
13.jpg,27,"Given the position of the players, particularly the player in cell B2 who has just kicked, and the player in cell C5, it is likely the ball was near their feet.",C3
13.jpg,28,"Considering the positions of the players, the ball is most likely located between the players at cell F5.",F5
13.jpg,29,"The player in the black and white kit (in cell C/D1/2) has just kicked the ball, and is looking forward. From the player in D5/6, the ball is likely going between him and the player in E/F4.",D4
13.jpg,30,"The player in the white shirt and black shorts is running toward the goal from the left side. The ball is most likely at his feet or slightly ahead, moving toward the right side of the image. The player in the yellow and black shirt appears to be trying to block or tackle, so the ball would be within his reach.",C3
13.jpg,31,"Based on the positions of the players, especially the player in white and black who appears to have just kicked the ball, the ball is most likely located near his foot, in the area between cells E5 and F6. Considering the player is facing toward the bottom right, I would expect the ball to be close to them and slightly ahead toward that direction.",F6
13.jpg,32,"The player in the white jersey in cell B2 is kicking toward the right, and the player in cell E6 is facing the direction of the kick. This indicates that the ball should be somewhere in between, at the feet of the player in cell E6.",F6
13.jpg,33,"The player in the white uniform in grid B2 is kicking his leg forward. The player in yellow/black in grid C5 is reaching out his leg. Considering that, the ball is most likely in cell C3.",C3
13.jpg,34,"The player in the white and black jersey appears to be in the middle of dribbling or passing the ball, and his foot is planted ready to kick. Therefore, the most likely location of the ball is directly in front of his right foot.",F6
13.jpg,35,"The player in the white jersey in cell A2 is kicking the ball with his right foot, suggesting the ball would have been located just slightly in front of his foot at the time of the shot. Given his position and the direction he's facing, it's likely the ball would be located in the C2 region.",C2
13.jpg,36,"Looking at the player's positions and actions, the player in the white and black kit in grid cell B2 has just made contact with their foot. I would estimate the location of the ball to be in the lower part of cell C2. The angle of the first player kicking and the leg placement of the second player on the left side of the image indicate this.",C2
13.jpg,37,The player in the white and black jersey in cell C1 has his foot extended forward. The ball is most likely near his feet.,C2
13.jpg,38,"Based on the foot placement of the player in the white and black jersey in cell C2, I assume the ball is in that vicinity.",C2
13.jpg,39,"The player in the white uniform in cell A1 has just kicked the ball. This would mean that based on the direction of his momentum and his leg position, the ball would likely be in the direction he's kicking.",C2
13.jpg,40,"Given the position of the players, especially the one in white and black with their foot in the air, and the player in yellow reaching out, it is very likely the ball is between them, slightly closer to the player in white and black who likely just kicked it.",D5
13.jpg,41,"The player in the white jersey in cell B2 looks like he just kicked or passed the ball. A player in black is in cell C5, trying to gain possession. It's likely the ball was between these two players.",C3
13.jpg,42,"Based on the position of the players and the direction their bodies are facing, it is most likely that the ball is located in the vicinity of the players in the center of the image. Given the angle of the players' legs and overall body positions, the ball is probably near the ground, close to the feet of the players in the center of the image.",E5
13.jpg,43,The player in the white shirt in cell A2 is kicking. Therefore the ball should be in front of him.,B2
13.jpg,44,"Based on the positions of the players and their movements, the ball is most likely near the feet of the player in the foreground (dark colored shorts, white jersey with black sleeves).",E6
13.jpg,45,"The player in the black and white jersey with his foot coming down from kicking, so the ball would be between his legs and the player to his left.",E6
13.jpg,46,"Given the player's motion, it is very likely the ball is around cell F6-F7. But most likely it is being kicked.",F6
13.jpg,47,"The player in the white shirt in cell C2 has just kicked the ball. Therefore, the ball must be close to his foot.",C2
13.jpg,48,"The player in cell C1 just kicked the ball, and the player in cell C5 is moving into cell D5-E5 to receive a potential pass. Therefore, the ball would be likely in the space between the two players.",D3
13.jpg,49,"The ball is most likely near the player in the white and black shirt, as he's the most active player in the image. Since the ball is no longer visible, it's logical to assume it's located near his feet.",E6
13.jpg,50,"The player in grid cell B2 is in the process of kicking the ball towards the player in grid cell F6. Therefore, the ball is likely located near the feet of the player in B2.",C2
39.jpg,1,The player with number 23 is extending his leg towards the right side of the image (towards the cell F4). It is very likely that he is kicking the ball.,F4
39.jpg,2,"Based on the positions of the players' legs, the ball would likely be between cell E3 and F3. Also, the orientation of the player in square 3 and 4 suggests that they were trying to pass forward.",E3
39.jpg,3,"Given the position of the player's foot and leg in cell E3, it is likely they were just kicking or about to kick the ball. Given this is soccer, the ball would be on the ground and just in front of their foot.",E3
39.jpg,4,"The player in the center is about to kick the ball, so the ball should be located just in front of his foot.",E3
39.jpg,5,Player 23 is about to kick the ball in a direction towards the right of the image. It would be located in grid cell F4.,F4
39.jpg,6,"The player with the number 23 is kicking/passing the ball. His right foot is positioned as if he just made contact with the ball and is likely moving towards the right. Therefore, the ball is likely in front of him and slightly to the right.",E4
39.jpg,7,"The player in cell C3 is kicking with his left leg, so it is safe to assume the ball would be in front of the player's foot. The position of the right player in cell C9 kicking the ball suggests that a pass to the left is being made. With these indicators, it is reasonable to suggest that the ball will be located in cell E4.",E4
39.jpg,8,"The player in the red jersey is in mid-stride, with his right leg extended as if he has just kicked the ball. The ball would likely be directly in front of the player's kicking leg.",E4
39.jpg,9,The player with number 23 is looking towards the right and has their leg extended as if they just kicked the ball or are about to. The ball is likely in front of them in line with their leg.,F4
39.jpg,10,"Player 23 seems to be kicking the ball. He has outstretched his right leg to kick the ball. So the ball would have been in front of him, about at the distance he has kicked.",F4
39.jpg,11,"Based on the player's leg motion (especially the player on the left) and the general flow of action in soccer, I would infer that the ball is just about to be kicked. This means the ball is likely near the feet of the left player around the cell F3.",F3
39.jpg,12,"Based on the position of the player in red, and the direction they appear to be facing, the ball is most likely around their feet or slightly in front of them.",E3
39.jpg,13,"The player in red (left) is positioned as if he just kicked the ball. Given the direction he's facing and the position of his leg, it's likely the ball was in front of him and slightly to his right.",E3
39.jpg,14,"Given the position of the player with the number 23 on his back and the other player on the right side of the image, the ball is likely located in front of the player with the number 23 on his back.",E3
39.jpg,15,"The player in the center of the image (cell B3) is about to strike the ball. It is also at his feet. Based on this information, the ball should be around cell E3.",E3
39.jpg,16,The player with the number 23 is extending his right leg as if he's about to kick something. It's reasonable to assume the ball would be near his right foot.,E3
39.jpg,17,"Player #23 in the red uniform is most likely in the act of kicking the ball with his right foot. His right leg is extended, suggesting that the ball was previously at or near his foot. The most likely position is slightly in front of his foot near the ground.",E3
39.jpg,18,"The player in red is positioned as if he is about to kick a ball. His right leg is bent backward, suggesting he's preparing to strike the ball. Based on the position of his leg and the trajectory of his motion, it's most probable the ball would be located near his foot in cell F4.",F4
39.jpg,19,"Given the motion of the player in cell B3, and the general flow of play and field, the ball is most likely in cell F4, where a player might be running to meet it.",F4
39.jpg,20,The player with number 23 on his back is facing towards the right of the image and his right foot is in the air as if he is in the process of kicking the ball. The ball is probably in front of him in a position where it could be kicked.,E4
39.jpg,21,"The player with number 23 is positioned in a way which suggests he is kicking or passing the ball. His right foot is raised, which is typically the kicking foot. Therefore, it is likely the ball is in front of him, closer to the edge of the grid near the numbers 4 and 5.",E4
39.jpg,22,"The player in the red jersey (number 23) is likely about to pass or shoot the ball. His right leg is extended backward, which indicates he might be about to kick the ball with his left leg. The area directly in front of his left foot is therefore the most probable location.",E3
39.jpg,23,The player with number 23 is kicking and pointing with his right arm. We can infer that he has just kicked the ball towards the right of the image and it must be at the level of his feet.,E4
39.jpg,24,"Based on the position of the player on the left (number 23) and the motion he's making with his leg, it is most likely he is about to kick the ball. The ball would be at his feet just before contact.",E3
39.jpg,25,"The player in the red jersey is about to kick (or has just kicked) the ball with his right foot. Therefore, the ball must be in the vicinity of his right foot, at a low elevation.",E3
39.jpg,26,"The player in red (#23) is facing towards the right of the image. Given the position of his legs and the angle of his body, he is most likely about to pass or kick the ball. Therefore, the ball is most likely somewhere near his right foot.",E3
39.jpg,27,"Based on the position of the players and the direction of the one facing towards the right of the frame, it can be inferred that the ball is likely located in front of him in the D7 and E7 area.",E7
39.jpg,28,"The player with number 23 on his back is likely about to kick the ball. His foot is planted and his other leg is swinging forward. Therefore the ball would be near his planted foot, which is in the grid cell E3, so the ball is likely in the surrounding squares.",E3
39.jpg,29,"Considering the position and movement of the player with the number 23, the ball is most likely located near his right foot, which is in cell F4.",F4
39.jpg,30,"The player with the number 23 is kicking with their right foot, so the ball would likely be somewhere in front of that foot. The other player on the right is also likely moving in to get the ball. I'm estimating the ball is in grid cell F4.",F4
39.jpg,31,"The player with number 23 seems to have just kicked the ball, with his foot still pointing towards the right. Given the position of his legs, the ball is likely near the ground, and because his foot is pointing slightly right and forwards, the ball will most likely be in the right side.",E4
39.jpg,32,"The player wearing number 23 is positioned to pass the ball towards the right side of the image. His leg is extended in a way that suggest he has just kicked it, or is about to kick it. The ball would be in flight around cell F4.",F4
39.jpg,33,"The player in the red jersey appears to be in the process of kicking the ball. His leg is extended, suggesting he's just made contact or is about to make contact. Therefore, the ball would most likely be near his foot.",E3
39.jpg,34,"The player with number 23 is extending his leg as if he has just kicked the ball or is about to. Therefore, the ball is likely in front of his leg.",E3
39.jpg,35,"The player with the number 23 on his back is positioned to strike the ball. His leg is extended in a manner to hit the ball, and the other player on the right is also in a position to contest for the ball. Therefore the ball is most likely in front of player with number 23 on the back.",E4
39.jpg,36,"The player in the red jersey with the number 23 on his back is likely kicking the ball with his right foot. His right foot is located within grid cell E3, so the ball is likely located there as well.",E3
39.jpg,37,The player on the left is kicking with his left foot. Therefore the ball is likely located slightly to the right of his foot.,E3
39.jpg,38,"Based on the position of the player in red, the ball would most likely have been located just in front of their feet.",E3
39.jpg,39,"Given the position of the player in the red uniform, and the direction his leg is going, the ball is likely in front of him around grid cell F4.",F4
39.jpg,40,"The player with number 23 is looking towards the right side of the image, so I assume the ball is located somewhere in front of him.",F4
39.jpg,41,"The player with the number 23 on the back of his jersey is positioned as if he might be kicking the ball. Based on the placement of his leg and foot, the ball is most likely to be in the D3/E3 area.",E3
39.jpg,42,"The soccer player in the red jersey is kicking his left leg. Based on the position of the leg and the trajectory that the ball would likely take, I believe it would be around Cell E4.",E4
39.jpg,43,The player numbered 23 is positioned to strike a ball. I would expect the ball to be in front of him in his path.,F4
39.jpg,44,"Given the motion blur of the foot of the player in grid E3 and E4, as well as the position of his leg, I expect the ball to be in this region.",E3
39.jpg,45,"The player in the red jersey is likely kicking or passing the ball. Given the angle of his body and the position of his leg, the ball would likely be located around his feet, slightly towards the right of the image.",E3
39.jpg,46,"The player with number 23 is moving his right leg as if he kicked something forward. So, it would be likely to be in the direction of his leg.",E4
39.jpg,47,"Player with number 23 is kicking his leg out to his right, indicating he is trying to hit the ball forward. The ball is likely directly in front of his right leg.",E3
39.jpg,48,"The player in red is in the process of kicking. Judging from his leg movement, the ball is most likely near his foot.",E3
39.jpg,49,The player with the number 23 is likely looking to pass the ball forward. The other player in red on the right side of the image also appears to be preparing for a pass from the number 23 player.,D4
39.jpg,50,The player in red jersey number 23 appears to be kicking or passing the ball with his right leg. The natural position for a soccer ball when kicking would be in front of the kicking foot.,E3
312.jpg,1,"The goalkeeper is diving towards the right side of the image (towards cell E10). The ball is likely coming from the left side and is in flight towards the goal, at about waist height for the players. E4 or E5 are a little too far left, so the ball is likely in cell E5.",E5
312.jpg,2,"The goalie in the green uniform is diving to his right (towards the left side of the image). His eyes are looking in that direction. I believe the ball to be close to the feet of the player that the goalie is looking at, near the goalie's arm that's extended.",D5
312.jpg,3,"Given the positions of the players, especially the goalkeeper on the right of the image and other players around the middle, it can be inferred that there is likely an ongoing shot or play towards the goal on the left side of the image. Therefore, the most probable location of the ball is in front of the goal on the left side.",D3
312.jpg,4,"Based on the player positions and action, the ball is likely to be in the air near the players around grid cell 5. The player in cell 5 is kicking in that direction",E5
312.jpg,5,"The goalie is diving to his right (towards grid cell 10). The ball is most likely being crossed into the box from the left, potentially in line with a shot on goal. The player in the back between grid cells 4 and 5 seems to have his leg extended, potentially kicking the ball. Considering the possible trajectories and the goalie's likely reaction, the ball is most likely located in cell E5.",E5
312.jpg,6,"Given the position of the players, especially the goalkeeper and the player in front of the goal in cells 4 and 5, the ball is likely to be in flight towards the goal, around chest level, and slightly to the right of the player in cell 5.",D5
312.jpg,7,The goalie in the green jersey appears to be reacting to something. The player in cell 5 appears to be reacting to something that is above ground. Based on this I would guess the ball is between those two players at about head height.,D5
312.jpg,8,"The goalkeeper is jumping to his right and seems to be defending. This suggests a shot from the left (from the image perspective). Therefore, the ball is likely in front of the goal, but not close to the net (because he is only jumping). It's likely in the air, but I'll assume a location near the ground.",E5
312.jpg,9,The goalkeeper is positioned to block a shot. The other players are also looking towards the goal. The ball is most likely in front of the goal near the goalkeeper.,D5
312.jpg,10,"The image depicts a soccer game with a goalkeeper in action. Given the goalkeeper's position and the general flow of play, the ball is likely in the vicinity of the goal area, between the goalkeeper and the opposing players, and close to the ground, because a player from the opposite team is kicking it.",E5
312.jpg,11,"The goalkeeper is positioned to the right of the field (cells 9/10), and another player is in cell 5 kicking. It is likely that the ball has just been kicked towards the goal.",D5
312.jpg,12,"The goalkeeper is positioned to the right side of the net, suggesting the ball is incoming towards that general area of the goal. Also the motion of the player with his leg extended to the left suggests he is attempting a shot towards the right side of the net. There is also a slight curve in the direction of the net from players further back.",E5
312.jpg,13,The goalie is looking towards the left of the image and is jumping to grab the ball.,D5
312.jpg,14,"The goalkeeper is positioned to make a save, and his outstretched arms suggest that the ball is likely in the air near him. The attacker in the vicinity of the goalkeeper is also a clue. Given these factors, the ball is probably near the center of the goal, slightly above the ground.",D5
312.jpg,15,"The goalkeeper is running toward the viewer and the attacking player is getting ready to kick. It's likely the ball was in the air, in front of the attacker.",E5
312.jpg,16,"The goal keeper has just saved a ball, and there's a player behind the keeper ready to receive the ball. It is likely the ball is rolling forward in front of the goal keeper.",E5
312.jpg,17,"The goalkeeper's pose suggests he has just saved a shot, and the other players in the area are also looking towards the goal. It's likely the ball was traveling towards the goal, and the goalkeeper has parried or caught it near the goal mouth.",D5
312.jpg,18,"Given the positions of the players and the position of the goalkeeper, the ball is most likely close to where the player in cell 5 is kicking.",E5
312.jpg,19,"Based on the position of the players in the image, particularly the player in the middle who appears to be kicking toward the goal, the ball is likely in the air in front of him.",E5
312.jpg,20,"The goalkeeper seems to have blocked the soccer ball with his hand or arms. The goalkeeper is located mostly in grid square D9 but his arms are extended toward the ball. The opposing player is located in grid square E5 and likely kicked the ball towards the net. Given these visual clues, the ball is likely located in cell D5.",D5
312.jpg,21,"The goalie is diving to his right in cell 9, and the other team player (4) is kicking the ball into the goal (3). The ball would most likely be on a trajectory somewhere in between. Cell E4 is the player kicking the ball. Cell E9 is the goalie diving for the ball. The ball would be somewhere in the path of the goal post to goalie.",E5
312.jpg,22,The player in the darker uniform in grid cell 5 is kicking toward the goal. The ball is therefore in this area.,E5
312.jpg,23,"The goalkeeper seems to be facing the ball, preparing to make a save. There are other players running towards the goal, suggesting an imminent shot. Therefore, the ball is likely located in front of the goalkeeper and possibly between him and the players running towards him.",E6
312.jpg,24,"The goalkeeper appears to be positioned to block a shot and is reaching out with his left hand, suggesting the ball is likely in front of him in the air towards the left goal post.",D5
312.jpg,25,"The goal keeper is diving across the goal and has his arms extended. The player closest to the goal is also attempting to kick the ball in the direction of the goal. Therefore, the ball is most likely in the direct path between the player kicking and the goal.",E4
312.jpg,26,"Given the position of the players, it is likely that the ball is in the air and headed towards the goal near the center of the image. The goalkeeper looks to be in position to attempt to catch the ball in the lower center.",E5
312.jpg,27,The goalkeeper seems to be in action with his arms out. It looks like the other player is in the act of kicking the ball. Therefore it is likely that the ball is between them.,E5
312.jpg,28,"Given the position of the players, especially the goal keeper and the player jumping to kick the ball, it is likely the ball was near the ground and in the vicinity of the other player. I will guess cell F4.",F4
312.jpg,29,The goalie is jumping to his right to block what seems to be an incoming shot. I think the ball is most likely in the D5 cell,D5
312.jpg,30,"The soccer image shows a goal, with some players inside the box. Based on the position of the player with the green shirt (goalkeeper), and based on the position of the other players, the ball should most likely be near the 5-meter area.",E5
312.jpg,31,"The goalie is diving in the area of G9, this means the ball is likely close to the goalie's action.",E5
312.jpg,32,"The player in the foreground appears to be kicking towards the goal. Given the positioning of the players and the goalkeeper, the ball is likely to be in front of the goalkeeper and slightly above ground.",E5
312.jpg,33,The goalkeeper is in the center and is positioned to block the ball. The forward is likely attacking from the left side. The soccer ball is likely in front of the goal between the goalkeeper and the attacking player.,D5
312.jpg,34,"Given the position of the players, it's most likely that the soccer ball is in the air near the player in the black jersey, between them and the net. The goalkeepers positioning also indicate that he's preparing to block.",D5
312.jpg,35,"The goalkeeper in cell 5 is diving to his left. The defenders in 4 is running in that direction as well. The other attacking players are also looking in the same direction. All of this indicates that the ball is likely being shot at the goal. The most likely location would be in front of the goalkeeper, relatively low.",E5
312.jpg,36,"Given the position of the players and the goalkeeper's posture, as well as the direction the goalkeeper and the other player are facing, it is likely the ball has just been kicked to the goal. The ball is most likely in the path between the two players' feet to the goal.",E4
312.jpg,37,"Based on the position of the players, specifically the player leaping toward the goal, the ball is likely in the air near him, in order to score a goal. It is also most likely near the goalkeepers hands, because it is the goal keepers job to attempt to stop the ball from getting in the goal.",D5
312.jpg,38,The player in the middle is stretching his leg out forward. This suggests he may be trying to reach the ball.,E5
312.jpg,39,"Based on the position of the players, and the trajectory of the goalkeeper (who is probably defending a shot), the ball is likely in the air, possibly coming from the left side of the frame.",D4
312.jpg,40,"Based on the players' positions and the angle of the goalkeeper, it's likely a cross coming into the box. The likely location for the ball is towards the 6 yard box, closer to the ground.",E5
312.jpg,41,"Based on the positions of the players, especially the player in the black and green kit who is lunging toward the goal, and the general flow of the game, the ball is most likely in the area between the player in the black kit and the goal. Considering the height of the player's lunge, the ball is likely near ground level.",E4
312.jpg,42,"Based on the position of the players and their lines of sight, the ball is most likely near the player in the foreground, just above ground level.",F9
312.jpg,43,"Given the position of the players, especially the player in the black uniform appearing to take a shot/kick, the ball is likely located just in front of the player, near the goal and just above the ground.",E5
312.jpg,44,"Given the positioning of the players on the field, specifically the player whose foot is raised preparing to kick the ball and the general direction of the other players, the ball is likely to be close to his foot.",E5
312.jpg,45,"The goalkeeper is in the middle of a dive/save motion. The opposing team is near the goal, and the other players are watching the action. Given that the goalie is diving, the ball is likely in his reach as he tries to stop it from entering the goal.",D5
312.jpg,46,"The ball is likely located in front of the goal, where players are trying to score. The player in D5 is kicking and it makes sense that the ball might have been heading in that direction. It would be at foot level for one of the players.",E5
312.jpg,47,"The goalkeeper is jumping to save the ball. The player in position 4 has recently kicked the ball. Therefore, the ball is most likely in the air between the player in position 4 and the goalkeeper.",D5
312.jpg,48,The goalkeeper is positioned near the right side of the field. The way he is lunging and the position of the other players suggests the ball is likely in the air and near the goalkeeper's reach. It is most likely somewhere in cell F4.,F4
312.jpg,49,"Given the players involved, it's possible a player is making a run toward the goal, or a cross is being played into the box. The players are mostly concentrated near the center of the image and closer to the goal area. Based on the positions of the players, the ball is likely in the air around the D4/E4 area, in a position where the attackers and the goalkeeper are trying to get to it. However, based on the players' actions, a likely place is between player 4 and 5 in row E.",E4
312.jpg,50,"The goalkeeper is lunging to his right. Based on his posture and the positions of other players, the ball is most likely in the bottom center of the frame, slightly in front of the goalkeeper.",F5
21.jpg,1,The Manchester United player in the red shirt is kicking with his right foot. The ball is likely in his path. So the ball has to be somewhere in cell C3.,C3
21.jpg,2,"Based on the players' positions and movement, the ball is most likely near the feet of the player with the red jersey and number 6.",D3
21.jpg,3,"The player in the red jersey in cell C3 appears to be kicking in the direction of the player in D4. Based on their leg positioning, the ball is most likely located near their feet.",D3
21.jpg,4,"Considering the players' positions and directions, especially the feet of the players in cells D2 and D3, as well as the arm gesture of the player in cell B3, it's highly probable the ball was in the process of being played near these players. Therefore, cell C3 is a reasonable guess.",C3
21.jpg,5,"The ball is most likely located near the feet of the player in the red jersey, who is running towards the sideline. Given the positions of the other players, a pass or a dribble in that direction is the most likely scenario.",E3
21.jpg,6,"Based on the player's feet positions and the direction they are running, it is most likely that the ball is located in front of the player in the red shirt.",D3
21.jpg,7,"Several players are looking down towards the ground in the vicinity of cell E2/E3. The player in the blue/white shirt (left) appears to have recently kicked the ball in this area. The player in the red shirt is lunging towards this area, likely chasing the ball.",E2
21.jpg,8,"The player in the red kit is extending his right leg as if kicking or passing the ball. Given the position of his leg and the angle, the ball would likely be in front of him and slightly to his right.",D3
21.jpg,9,"Several players are looking down, and one player (in red) is about to kick with his right foot. Thus, the ball is likely near his right foot.",F3
21.jpg,10,"Given the position of the players' feet and their body orientation, it is likely that the ball was located around the feet of the player in the red jersey, who is located at the junction of D3 and E3.",D3
21.jpg,11,"The forward motion of the player in the red shirt suggests the ball is in front of him, and the outstretched arm and leg position of the player in the blue shirt indicates he is playing the ball.",B3
21.jpg,12,The ball is most likely around the player in the red shirt who is kicking his foot out (around cell C2/C3).,C2
21.jpg,13,The players in the image are congregated around grid location D3 and E3. So the ball is likely in that area.,D3
21.jpg,14,"Based on the player's position and movement, the ball is likely in between player #18 of the blue and white team, and the two players from the red team.",D2
21.jpg,15,"Based on the players' positions and the direction they are facing, the ball is most likely between player number 18 (in the blue jersey) and the player in the red jersey who is kicking his leg. Therefore, it should be in the lower part of C2 or upper part of D2.",C2
21.jpg,16,"The player in red, number 6, is in a position to kick the ball. Based on the position of his leg, the ball is likely located near his foot.",E3
21.jpg,17,"Based on the foot positions of the players and the fact that the two players in red appear to be moving to chase a ball, I predict that the ball is located slightly ahead of the person in the red jersey with the number 6 and it is likely on the ground.",E3
21.jpg,18,The ball is most likely located around the feet of the player in the red shirt (number 6). The player seems to be running with the ball.,E3
21.jpg,19,"The ball is likely in the vicinity of the player in the red shirt, specifically near his feet as he's in motion. Looking at the positions of the players, it is most probable that the ball is located somewhere around grid cell D2.",D2
21.jpg,20,"The player in red (#6) is looking down as if he is about to kick the ball. Given his foot positioning and gaze, the ball is most likely on the ground just to the left of his foot.",E3
21.jpg,21,"Based on the positions and actions of the players, it is likely the ball was close to the player in the red uniform who is kicking his leg forward. It is unlikely that the other players are kicking the air. Therefore, the ball will be on the left side between D2 and C3.",C2
21.jpg,22,"Based on the player stances and positions, the ball is most likely near the feet of the player in the red shirt who is running. Looking at the position of the other players around him and his posture, it would make sense for the ball to be right in front of him.",E3
21.jpg,23,"The player in the red jersey in cell C3 is kicking his leg forward, indicating he has either just kicked the ball or is about to. I would place the ball in cell C3 in front of his leg.",C3
21.jpg,24,"The players' legs suggest that the ball is most likely located around where their feet are positioned. Given the position of player number 6's feet, the ball is likely around F3.",F3
21.jpg,25,"Based on the positioning of the players and their movement, the ball is most likely near the feet of the player in the red kit who is positioned around cell D3. The other players are looking in this direction.",D3
21.jpg,26,The player in the red jersey in C3 is likely kicking at the ball. Therefore the ball should be right by his foot in either C2 or C3.,C2
21.jpg,27,"Based on the player's positions and where they are looking, the ball is most likely in between the player in red and white in grid cell D2 and the player on the ground in cell F4. It seems like the ball could be in E3.",E3
21.jpg,28,"Based on the position of the players, particularly the one in the red jersey with his foot in the air (likely kicking or about to kick), and the general flow of play, the ball is most likely located near his foot.",D3
21.jpg,29,The player in the red jersey (number 6) is in the process of kicking his foot forward. It is highly likely that he just made contact with the ball in the area directly in front of his foot.,E3
21.jpg,30,The red player in the middle is kicking towards the left so the ball is probably in front of him in cell D3.,D3
21.jpg,31,"The Brighton player in blue is running forward and appears to have just passed the ball or is about to receive a pass. The Man U player in red with his arm raised seems to be running towards where the ball would be, and the player in red who is on the ground may have fallen after kicking the ball or contesting for the ball. The ball is most likely in front of the player in blue in cell B2.",B2
21.jpg,32,The player in the red jersey with his foot raised towards the ground in cell D3 is very likely to have kicked the ball. So the most probable position of the ball is near his foot in that cell.,D3
21.jpg,33,"The Manchester United player in red, number 6, is in motion with his right foot raised as if he is about to kick a ball. The Brighton & Hove Albion player (in blue and white, number 18) is nearby, also moving forward. Therefore, the most likely location for the ball is near the foot of the Manchester United player.",E3
21.jpg,34,"Looking at the position of the feet, the direction the players are facing, and the general movement of the players on the field, the ball is most likely between the feet of player 6 who is in grid E3.",E3
21.jpg,35,"Based on the position of the players and their legs and the angle of their bodies, the ball is most likely located near their feet. It is most likely near the feet of the player in the red jersey in square F3.",F3
21.jpg,36,"The feet of the players in cells C2, D2, D3, and E3 suggest that the ball is near them and low to the ground.",D3
21.jpg,37,The two players in cells B2 and C3 both have their left foot extended. They likely had the ball in their vicinity.,C2
21.jpg,38,"The players at B2 and C3 seem to be moving towards a common point. There is a player in front kicking the ball near the ground. So, the ball is near to the foot of the player in the red shirt and also near to the ground.",D3
21.jpg,39,"The Manchester United player in the red shirt at position (2,C) is about to kick the ball forward, and his leg is right above cell C3, therefore the ball is most likely there.",C3
21.jpg,40,"The ball is likely near the foot of the player in the red jersey, number 6, as he appears to be running with the ball at his feet. The position of the player suggests the ball would be in front of him but near the line.",E3
21.jpg,41,"The players in cells B2, C3, and D2 are running, so the ball is likely being passed forward. Therefore, the ball is probably near their feet. The most likely location is near the feet of the player in C3.",C3
21.jpg,42,"Based on the positions and directions of the players, the most likely location of the ball is near the feet of the player in the red jersey marked with the number 6. This player appears to be actively pursuing the ball and is positioned towards the bottom left portion of the image.",E3
21.jpg,43,The ball is likely at the feet of the player in the red jersey running towards the right of the image in the D3 grid cell.,D3
21.jpg,44,"The ball is likely between the feet of the two players running to the left in grid cells C2 and D2. Based on the player motion and proximity, it is probably more precisely in cell C2.",C2
21.jpg,45,"The players' positions and orientations suggest the ball was likely in the vicinity of the player in the red shirt around cell C3. The players are actively running or positioning themselves in that area, indicating a focus of play.",C3
21.jpg,46,"Based on the players' positions, legs in motion and the angle of their bodies, the ball is most likely located near the feet of the player in red in cell C3, or near the player in black and blue in D2. Given the trajectory, the most likely location is at the player in red.",C3
21.jpg,47,"The players in blue and red are focused on an area between them to the left. The player in red who is kicking the ball is pointing towards his right side. Based on these observations, the ball is most likely in the area where the players are focused on.",D2
21.jpg,48,The player in the red jersey in cell C3 is in a kicking motion with his foot extended forward. It's likely the ball was located slightly in front of his foot before being kicked.,C3
21.jpg,49,"The players in cells C2 and D2 are in a kicking motion, so it is likely that the ball was near their feet. Based on the position of their legs, the ball is most likely located in cell C2.",C2
21.jpg,50,"Considering the position and motion of the players, the ball is most likely near their feet in the lower left quadrant. The player in the red uniform with number 6 is positioned to strike the ball forward, and the player in the blue and white uniform is following the play.",E3
36.jpg,1,The player in cell D3 is in a running position and is looking forward. It is likely that he kicked or is about to kick the ball and it is now in cell D3.,D3
36.jpg,2,The player in grid cell D3 is in the middle of a running motion with his foot planted on the ground as if he just kicked a ball. It's likely the ball was right in front of his planted foot.,D3
36.jpg,3,"The player in cell D3 is in the middle of a kick. The player's kicking foot is close to the ground. Therefore, the ball would be in that general vicinity.",D3
36.jpg,4,The player in D3 appears to be kicking towards F5 based on the leg position and body orientation.,D3
36.jpg,5,"The soccer player at the coordinate D3 has his left leg in the air, as if he just kicked the ball. So it must be close to his feet.",D3
36.jpg,6,"The player in grid cell D3 seems to be actively running and looking down towards the ground, and the player in E2 also has their leg swinging forward. Thus, the soccer ball is most likely located in the area in between.",E3
36.jpg,7,"The maroon player in C3 is looking down towards his feet as if he just kicked the ball. The direction the ball is going could be towards the player in F5. Therefore, the ball location is most likely in cell D3.",D3
36.jpg,8,"The player in D3 is positioned as if they are about to kick the ball. Based on the pose and the direction the player is facing, the ball would most likely be in front of their foot.",D3
36.jpg,9,The player in the maroon jersey in grid cell C3 is likely kicking the ball. His leg motion suggests he has just made contact with the ball.,D3
36.jpg,10,The player in the maroon jersey in cell D3 is positioned as if he just kicked the ball or is about to kick the ball. It is most likely that the ball is located at his feet near that area.,D3
36.jpg,11,"The player in the maroon jersey is mid-stride, so the ball is likely at his feet. The player in the white/green jersey is also mid-stride, so the ball is likely somewhere near his feet.",D3
36.jpg,12,"The player in cell D3 looks like he is kicking or dribbling the ball, suggesting that the ball is near his feet.",D3
36.jpg,13,Given the position of the player in the maroon jersey and the direction he is running it is likely the ball is in front of him.,D3
36.jpg,14,"The player in cell D3 appears to be in the process of kicking the ball. Therefore, it is likely located close to their feet.",D3
36.jpg,15,The player in cell D3 looks like he has just kicked the ball. This would most likely mean the ball is in front of him on the ground.,E3
36.jpg,16,The player in cell D3 is running in that direction. The ball is likely near his feet to enable him to do so.,D3
36.jpg,17,The player in the maroon jersey in cell D3 is in the middle of a running motion and it is most likely that he last contacted the ball.,D3
36.jpg,18,"The player in grid cell D3 is most likely controlling the ball or has recently kicked it. Given the player's stance, the ball is most likely near their feet.",D3
36.jpg,19,"The player in cell D3 appears to have just kicked the ball based on the player's pose. Therefore, the ball is likely in cell D3 or close by.",D3
36.jpg,20,"The player in cell D3 has his foot on the ground, in mid stride, suggesting he just kicked a ball.",D3
36.jpg,21,The player in cell D3 looks like they were dribbling the ball so the ball should be at their feet.,D3
36.jpg,22,"The maroon-clad player in the image is in the middle of a running motion, with their legs positioned as if they were just about to kick or had just kicked a ball. I would estimate that the ball is near their feet.",D3
36.jpg,23,"The ball is most likely located near the feet of the player in the maroon and blue uniform. Looking at the player in cell C3/D3, it is most likely near his feet.",D3
36.jpg,24,The player in maroon is moving towards the player in green and is about to kick the ball. The ball would most likely be between their feet.,D3
36.jpg,25,"The player in cell D3 is kicking his right foot. Therefore, it is highly probable that the ball is near his right foot.",D3
36.jpg,26,"The player in the maroon uniform in grid location C3 is in a running motion, and his legs are in mid-stride. It's probable that he has just kicked the ball and the ball is still close to his feet and slightly in front.",D3
36.jpg,27,"The player in the maroon kit in square D3 is most likely moving towards the ball, suggesting he may be dribbling. His legs are in mid-motion and his eyes seem to be directed slightly ahead.",D3
36.jpg,28,"Based on the position of the players and their lower legs (especially the player in the lower left in E2), the ball is most likely close to the ground and in front of the player who is about to kick it.",E2
36.jpg,29,Player in maroon in grid cells C3-D3 is in the middle of a running motion and has his left foot slightly elevated off the ground. We infer from the posture that he recently kicked the ball. His direction of motion is forwards. Therefore we assume that the ball is either in front or underneath his foot.,D3
36.jpg,30,The maroon team player in the center of the image is kicking the ball. It is therefore most likely located near their feet.,D3
36.jpg,31,The player in position D3 is most likely kicking the ball forward towards the bottom right corner of the image.,E3
36.jpg,32,"The soccer player in cell D3 is in motion, presumably kicking or running with the ball. Given the angle of his leg, it's likely he recently kicked the ball, therefore it is in front of him.",D4
36.jpg,33,"The player in cell D3 appears to have just kicked or is about to kick the ball. His lower leg is angled forward, suggesting that his foot is either making contact with or is very close to the ball.",D3
36.jpg,34,The player in grid cell D3 is in the act of kicking and is in contact with the ground; therefore the ball is most likely near his feet.,D3
36.jpg,35,"The player in cell D3 looks like they were running with the ball or just passed it. Therefore, the ball is likely somewhere around them.",D3
36.jpg,36,"The player in the maroon kit in cell D3 is kicking/passing the ball, so it must be near his foot.",D3
36.jpg,37,"The player in D3 is clearly kicking the ball, so it must be nearby. The ball is likely on the ground or just above it, close to their foot, and in the direction their foot is pointing, it could be between D3, E2 and E3",E3
36.jpg,38,"The player in the maroon jersey in cell C3 appears to be in a position to have just kicked the ball. Given his motion and position, the ball would be near his feet and slightly in front of him, in cell D3.",D3
36.jpg,39,"Based on the positioning of the players, specifically the player in cells D3 and E2, it's likely that the ball was passed between them. I would therefore estimate the ball's location to be near their feet.",D3
36.jpg,40,"The player in the maroon jersey in cell C3 is kicking the ball. The other player in cell D2 seems to be watching the first player, possibly preparing to receive a pass. Based on the first player's position and kick, the ball would most likely be between them, at their feet.",D3
36.jpg,41,"The player in cell D3 is in the middle of a kicking motion. Therefore, the ball is likely in front of his feet, on the ground.",D3
36.jpg,42,"The player in grid cell D3 looks like he has just kicked the ball. Therefore, the ball is most likely in the area slightly in front of him.",E4
36.jpg,43,The player in cell D3 is clearly in the middle of kicking the ball. Therefore the ball would be somewhere around the foot of the person in D3.,D3
36.jpg,44,The player in cell D3 is in the middle of a kicking motion. The other players do not appear to be interacting with the ball.,D3
36.jpg,45,The player in cell D3 seems to be in an action of kicking the ball. So I assume that the ball is near him at his feet.,D3
36.jpg,46,The player in D3 is kicking or about to kick the ball with his right foot. The most likely location for the ball is therefore slightly ahead of his foot.,E3
36.jpg,47,The player in cell D3 is in a running motion and appears to be kicking or about to kick the ball. The player is likely to be in contact with the ball or very close to it.,D3
36.jpg,48,The player in the maroon and blue uniform in cell C3 is in a kicking stance. It's highly likely that the ball was right near their feet at the moment this image was taken.,D3
36.jpg,49,"The player in maroon is facing and running towards the bottom left. It's likely he was just kicking the ball in that direction, so it would be on the ground in that area.",F4
36.jpg,50,"The player in cell D3 is in the middle of running, and his foot is on the ground. The ball would most likely be right in front of his feet as he is running.",E3
309.jpg,1,"The player in the light blue jersey appears to be running with the ball, ready to kick it towards the goal. The ball would likely be in front of her, near her feet.",E6
309.jpg,2,The player in blue seems to have just kicked the ball. It's in front of her and she's looking in that direction. The trajectory would likely be towards the goal.,D5
309.jpg,3,"Based on the image, the woman in the light blue jersey is most likely kicking the ball. Her left foot is forward and down as though just after a kick, while her right foot is up, and her body is positioned near the goal. Therefore, the ball is most likely in cell D5.",D5
309.jpg,4,The blue jersey player appears to be kicking at something. The ball is most likely directly in front of her.,E6
309.jpg,5,"The soccer player in the light blue jersey is likely about to kick the ball or has just kicked the ball. Given the position of the foot and the forward movement of the player, the ball is most likely in front of the player's foot at the moment of kicking.",D5
309.jpg,6,"The woman in the light blue jersey seems to have just kicked the ball, so it is likely to be somewhere near her foot. Based on the location of her foot, the ball would most likely be in cell E5.",E5
309.jpg,7,The woman in the light blue jersey seems to be running with the ball. The most likely place the ball would be is somewhere around her feet.,E6
309.jpg,8,"Given that the player in the light blue jersey appears to be dribbling, and that their stride suggests forward momentum, the ball is likely just ahead of their feet, in front of their body.",E5
309.jpg,9,"The soccer player in light blue is positioned in a running/kicking motion, likely just having made contact with the ball. The player's left leg is forward, and her body is bent slightly forward in motion. The ball will likely be close to the player's feet, but forward in the direction of her kick.",E5
309.jpg,10,The player in the light blue jersey is in the process of kicking the ball and the other player is positioned near her to challenge for the ball. I estimate the ball is located slightly to the left and in front of the player in light blue.,E5
309.jpg,11,"Given the position of the attacking player (in blue) and her legs, it seems she was dribbling the ball. The ball would most likely be close to her feet, towards the direction in which she's moving, but not in front of her. Cell E6 seems like the most likely location.",E6
309.jpg,12,"Given the position of the players, particularly the forward motion of the player in the light blue shirt, and considering the likely trajectories of a soccer ball during an attack, the ball is most likely in front of her, in the D5 cell.",D5
309.jpg,13,"The soccer player in the light blue jersey is in the process of kicking/dribbling the ball. Based on the position of her legs, and the angle of her body, the ball is likely in front of her right foot.",E6
309.jpg,14,"The soccer player in the light blue jersey appears to be moving towards the goal. Based on their movement and proximity to the goal, the ball is likely in front of them, near their feet, within the D5 cell.",D5
309.jpg,15,"The woman in the light blue jersey looks like she just kicked the ball. Based on her position and momentum, the ball is likely just off of her foot at the moment and not too far from her location.",E6
309.jpg,16,"The player in the light blue jersey has just kicked the ball toward the goal. Her leg is extended, and her foot is close to the ground, indicating that the ball was likely just in front of her foot when she kicked it.",E6
309.jpg,17,"The player in the blue jersey is likely chasing after the ball to kick it towards the goal. Therefore, the ball is likely in the proximity of the player's feet.",E6
309.jpg,18,"The player in the light blue jersey is likely running to strike or control the ball, so the ball would be in front of her near her foot. The player in black is likely trying to intercept the ball.",E6
309.jpg,19,"The woman in the light blue jersey is focused ahead and she is mid-stride. Given the position of her legs and body, the ball would likely be just ahead of her left foot.",E5
309.jpg,20,"The woman in light blue is in motion, most likely running with or kicking the ball. The way her body is angled, she's likely just kicked the ball, or is about to kick the ball with her right foot. Therefore, the ball is likely in front of her right foot, slightly off the ground.",E6
309.jpg,21,"The player in the blue jersey appears to have just kicked the ball. The ball is likely to be just off of their foot, slightly in front of them and on the ground.",E6
309.jpg,22,"The woman in the light blue jersey is in a position suggesting she just kicked the ball. This would place the ball right in front of her, or perhaps slightly to the right of her.",D6
309.jpg,23,"The soccer player in the light blue jersey is most likely dribbling or kicking the ball. Based on the position of the player and their legs, the ball would be in front of them, somewhere between their feet and the opposing player.",D6
309.jpg,24,The attacking player in the light blue jersey has just kicked with her right foot. Given that the right foot is stretched out it is likely that the ball is on or just coming off that foot.,E5
309.jpg,25,"Based on the position of the players and their movements, the ball is likely near the player in light blue, close to her feet as she is about to strike it toward the goal.",E6
309.jpg,26,"The player in the blue uniform appears to be running with the ball, possibly about to shoot or pass. Given the position of the player's legs and the direction they're facing, the ball is most likely between their feet or slightly in front of them, within the cell closest to their feet.",E6
309.jpg,27,"The player in the light blue jersey is running towards the goal. She appears to have just kicked the ball, or is about to kick the ball. Based on the positioning of her body and foot, the ball would most likely be located just in front of her, slightly to the left.",E5
309.jpg,28,"Looking at the image, the woman in the blue jersey is in the middle of a running motion and is likely kicking or about to kick the ball. She is around grid cell D6, so the ball is most likely in grid cell D5, directly in front of her.",D5
309.jpg,29,"The player in the light blue jersey is likely kicking or has recently kicked the ball towards the goal, as she is in motion near the goal with her leg extended forward. Thus, the ball is likely just in front of her and close to her foot.",D6
309.jpg,30,"The player in the light blue shirt has just kicked with his left foot. Therefore, the ball is most likely in front of that foot.",E5
309.jpg,31,"The player in the light blue jersey seems to be just about to kick the ball, so it would be right in front of her at her feet.",E6
309.jpg,32,"The ball is most likely located in the vicinity of the woman in the light blue jersey, specifically at her feet. Her stance and the position of her legs suggest she may have just kicked the ball or is about to.",E6
309.jpg,33,The player in the blue uniform is most likely to have just kicked the ball as she is in an athletic pose and her leg is raised.,E6
309.jpg,34,"Based on the position of the two players that are running towards the goal, it's likely that the ball is in front of them. The player with the ball is attempting to go around the other player so that they can score. It is likely on the ground because the soccer player is running, so the ball is most likely in cell E6.",E6
309.jpg,35,"The light blue player is in the middle of a kicking motion, so the ball is likely right in front of them. The angle of their leg and foot suggests they are kicking the ball forward towards the goal.",D6
309.jpg,36,"The player in the light blue jersey is running forward and is likely kicking or about to kick the ball with their right foot. Based on their body posture and the direction they're facing, the ball would be in front of them, near their right foot.",E6
309.jpg,37,"Looking at the player in the blue jersey and the angle of her foot, she likely just kicked the ball. Therefore, it should be right around her, or slightly in front of her.",E5
309.jpg,38,"The player in the light blue jersey appears to be in the middle of kicking, with her foot planted and torso rotating. The ball should be just in front of her foot at a low height.",E5
309.jpg,39,"The player in blue has just kicked the ball. The ball is likely just in front of her, slightly to the right.",E6
309.jpg,40,"Given the movement of the player in the blue shirt, who is running with an intent to strike the ball, the ball is likely in front of them, but also at their foot level.",E5
309.jpg,41,"The player in the light blue jersey appears to be running toward the goal, in what could be an attempt to score or get into position to receive a pass. Her stride and body language suggest she was just kicking the ball or is about to. Therefore, the ball is likely in front of her and low to the ground.",E5
309.jpg,42,"The woman in the light blue jersey is in a position to kick the ball, and her kicking leg is extended and forward. Based on this action, the ball is most likely between her foot and the ground, in front of her kicking leg.",E6
309.jpg,43,"The player in the light blue jersey appears to be kicking, with her leg in position. Given that, the ball would be in front of her, near her foot.",E6
309.jpg,44,"The soccer player in the light blue jersey appears to have just kicked the ball or is about to kick the ball. Thus, the ball is most likely at her feet which are located in cell E5.",E5
309.jpg,45,"The player in the light blue jersey appears to have just kicked the ball. Therefore, the ball is most likely in the vicinity of their foot in cell E5.",E5
309.jpg,46,The player in the light blue jersey is most likely kicking the ball or has just kicked the ball. Because of this the ball would be near the foot of the player in the light blue jersey who is in Cell D6.,D6
309.jpg,47,"Given the position of the player in the light blue jersey, she likely just kicked or is about to kick the ball. Given her stance, it seems that she already kicked the ball. The ball would likely be slightly ahead and to the right of her forward momentum.",D6
309.jpg,48,"The player in the light blue jersey is facing the goal with their foot in a position where they could likely have just kicked the ball. They are located in the vicinity of the goal, so the ball is most likely near them and in front of the goal.",E5
309.jpg,49,"The blue player appears to have just kicked the ball, and her foot appears to be in position to have just made contact in cell E6, so that is the most likely location.",E6
309.jpg,50,"Given the position of the player with the light blue jersey, the player's lower leg movement suggests that they just kicked the soccer ball. So the ball's location is most likely somewhere in front of the player.",D6
250.jpg,1,"Given the player in cell G7 is kicking the soccer ball, the soccer ball is most likely in front of his foot, which is in cell F7.",F7
250.jpg,2,"Based on the positions of the players and the direction they are facing, the ball is most likely in cell G7 close to the player who just touched the ball.",
250.jpg,3,"The players in cell G7 and H8 appear to be kicking the ball. Therefore, the ball is most likely located in cell G7.",
250.jpg,4,Looking at the player's feet movements and body orientations it is highly likely that the ball is located between them.,
250.jpg,5,"A player in cell G7 appears to be kicking, and the position of the person in D7 suggest they were tracking a moving ball in that area.",
250.jpg,6,"Based on the feet positions and body language of the two players in cells G7 and G8, it is most likely that one of them has just kicked the ball. Thus the ball would be close to their feet. Therefore, the most likely location of the ball is in cell G8.",
250.jpg,7,"Given the player's movements, it is likely that the ball has just been passed in the direction of the camera. The likely location of the ball is between the players numbered 3 and the player further away from the camera wearing blue.",
250.jpg,8,"The player in the blue jersey appears to be kicking the ball, judging by the position of his leg.",F7
250.jpg,9,The player in cell G7 is looking down and seems to have just kicked the ball. Therefore it is most likely near his foot.,
250.jpg,10,"Given the player positions and their actions, especially the player kicking with his right foot in the bottom right and others looking towards him, the ball is most likely in the lower right quadrant. The red shoes of this player are very close to the intersection of E7/F7.",E7
250.jpg,11,Several players are looking downward and have their feet positioned to kick the ball. The player in the bottom right has their foot raised and about to connect with an unseen ball.,F7
250.jpg,12,"The player in grid cell G7 is kicking his leg, implying that he may have kicked a ball nearby. Based on the position of the player and the direction his foot is facing, it's likely the ball was located right in front of him.",
250.jpg,13,"Based on the positioning of the players and the angles of their legs/feet, the ball is most likely located near the feet of the player in cell E8. Given that he is running, he could have just kicked it, and the ball would have been close to his feet.",E8
250.jpg,14,"Given the position of the players' feet and legs, it seems likely the ball was located close to their feet. The player in the blue jersey with the number 3 appears to be running, possibly after kicking the ball, and the player with his foot raised near cell G7 and H7. Considering that the player in the blue jersey is running toward the right, the ball may be located in cell H7.",
250.jpg,15,"Player 3 appears to be kicking the ball, so it is most likely located just in front of his foot.",F7
250.jpg,16,"Based on the positions of the players' feet and bodies, the ball is most likely located between grid cells G7 and G8. I choose G7 as the most likely location.",
250.jpg,17,"Based on the positions of the players' feet and legs, especially the player on the right with the orange shoes in cell E8, the ball is most likely in the air in the E7-F8 region.",E7
250.jpg,18,"The position of the two right-most players indicates that the ball is likely in the area near their feet. Given the angle and posture of the player in cell G7, the ball is most likely on the ground, between G7 and H7.",
250.jpg,19,"Based on the players' body positions and the direction of their movements, the ball is likely located near the feet of the player in the blue jersey, number 3. This corresponds to grid cell F7.",F7
250.jpg,20,"The player in cell D7 is kicking in that area. Based on the feet position of the player in D7, I predict the ball is either near or at cell F7.",F7
250.jpg,21,"The ball is most likely near the feet of the player in the lower-right side of the image, specifically between columns 7 and 8 and rows E and F. The player appears to be kicking or controlling the ball.",F8
250.jpg,22,"Multiple players are looking towards the ground in the G7-H8 region. Also, a player is about to kick the ball, thus suggesting its at F7-G8.",
250.jpg,23,"Based on the positions of the players, the player in cell G7 looks like they might have just kicked the ball.",
250.jpg,24,The player in the blue kit in cell G7 looks like he is about to kick the ball. The position of his leg suggests the ball is in cell G7.,
250.jpg,25,"The player in the blue jersey, located in cell G7, appears to be in the middle of kicking the ball towards the right. Based on the orientation of his leg, the ball is most likely located in cell G8.",
250.jpg,26,"Based on the player's body language and position, the ball is most likely at the feet of the player at coordinate G7.",
250.jpg,27,"Given the positioning of the players' feet and legs, the ball is likely located near the feet of the player wearing number 3.",F7
250.jpg,28,"The player in the blue shirt in cell G7 is kicking, which means that the ball is close to him on the ground.",
250.jpg,29,"The ball is likely located near the feet of the players. In this case, the players in cells G7 and E8 seem to be in the motion of striking the ball. Considering their positions, it is most likely between them and closer to the player in G7, so E7/F7 is most probable.",F7
250.jpg,30,The ball is likely located near the feet of the player in cell G7 because the player has both feet off the ground.,
250.jpg,31,"Given the foot positions and body orientations of the players in the center of the image, the ball is likely located between the two players wearing blue.",
250.jpg,32,"Player number 3 in cell G7 is looking down at the ground and his foot is off the ground. Also, the player closest to him in cell H8 also has his foot off the ground as if he is either kicking the ball or just had.",
250.jpg,33,"Given the position and stance of the two players in blue in cells G7-G8, the most logical location of the ball would be near their feet.",
250.jpg,34,"Based on the position of the player in blue near cell G7 and the player in blue near cell D7, the ball is likely near the feet of the first player in D7.",
250.jpg,35,"Looking at the position of the players' feet and their movements, the ball is most likely near the feet of the player in cell G7.",
250.jpg,36,"Considering the leg positions of the player in cell G7 and the player in cell D7 and the likely trajectory of the ball given the angles, the ball is most likely in cell G7.",
250.jpg,37,The player in cell G7 is looking down toward the ground. The player's foot in cell E7 is in the air. The player's foot in cell E8 is in the air. The player in cell F7 is also looking down.,E7
250.jpg,38,"The player with number 3 is looking downwards and his foot is pointing to the ground, indicating he is about to kick the ball. Therefore the ball is likely to be on the ground near his foot.",F7
250.jpg,39,"Based on the positions of the players and their legs movement, the ball is most likely on the ground between the players with blue and white uniforms and the player with the number 3.",
250.jpg,40,"Based on the leg position of the player in the middle, the ball would most likely be at cell G7.",
250.jpg,41,"The player in cell G7 is mid-stride, suggesting that the ball may be near his feet or in front of him.",
250.jpg,42,"Given the positions and orientations of the players in the image, especially the players in the middle wearing blue uniforms and the player wearing the number 3 uniform, it is most probable that the ball is around the foot of the player wearing the number 3 uniform as that player is in motion toward the center and his feet are in motion as well.",F7
250.jpg,43,"The players are clustered around cell G7/H7/H8, suggesting the ball is in that general vicinity. Considering the angle and movement of the players, the ball is likely in cell G7.",
250.jpg,44,"The ball is most likely near the feet of one of the players in the group in the center. Based on the posture of the player in the blue jersey, it's most likely near his right foot as he is likely kicking or about to kick it.",
250.jpg,45,"The player in the blue jersey in the cell C7 appears to be in the middle of kicking, so the ball must be in cell C7.",C7
250.jpg,46,The player in cell D7 appears to be kicking the ball towards cell G7.,
250.jpg,47,"The player in cell G7 is kicking with his right foot, while the player in D7 is in the air getting ready to kick with his right foot.",
250.jpg,48,"Based on the position of the players feet and legs, a player in cell G7 kicked the ball, and the player in cell D7 is kicking with their right foot, the ball is likely to be between them in the lower part of cell D7/E7.",E7
250.jpg,49,"Two players are positioned with their legs in a kicking stance in cell G7 and E8. Also, their feet are elevated above the grass. These are strong indications of where the ball was located. Therefore, I will assume the ball was on the grass roughly equidistant between the legs of these two players.",
250.jpg,50,"Multiple players are looking down near their feet in grid cells F7 and E7, suggesting the ball is most likely in this area.",F7
245.jpg,1,The player in the middle of the frame is likely kicking the ball forward towards the right side of the image. The ball would likely be in motion between his feet and the direction his body is facing.,E6
245.jpg,2,"The player in the center of the image, in cells D5 and E5, is in a position which indicates that he just kicked the ball. The ball would have been in front of him at the time of the kick.",E5
245.jpg,3,"The player in the center is clearly kicking with their left foot. Assuming they're kicking the ball forward (or in line with their leg), the ball would likely be located near their foot.",E5
245.jpg,4,"The player in the center (between squares D4-F6) has his leg raised as if he just kicked the ball. Therefore, the ball is most likely located somewhere close to his raised foot, which falls in square D5.",D5
245.jpg,5,"Given the player's pose in grid cells D5 and E5, it's likely the ball was being kicked or trapped in that vicinity. The player's right leg is extended up and slightly to the right so the ball would be somewhere around it, somewhere near the line running through the D5 cell.",D5
245.jpg,6,"Based on the player's kicking motion and the position of his leg, the ball is likely located near his foot, probably in the grid cell where his foot is.",E5
245.jpg,7,"Based on the position of the player in the red kit who is on the ground with his leg raised, it is very likely the ball was located near his foot during the action.",D5
245.jpg,8,"The soccer player in the middle of the image appears to have just kicked the ball, judging by his leg position. Therefore, it's likely the ball was directly in front of his foot.",E5
245.jpg,9,"Given the player's body position and leg extension, it is likely that the ball was just kicked by the player in the center of the image. Therefore, the ball would have likely been just in front of his kicking foot.",E5
245.jpg,10,The player in the center is falling backward while extending their right leg. This suggests they were kicking the ball. The most likely location of the ball would be near their foot as they fall.,E5
245.jpg,11,"The player in the center (likely taking a shot or being fouled) has his foot raised. Based on the angle, the ball is likely in the vicinity of his foot.",D5
245.jpg,12,"The player in the center of the image is in the middle of kicking the ball, with his foot raised. Therefore, the ball is likely in the vicinity of his feet and slightly in front of him.",E5
245.jpg,13,"Based on the posture of the player and the angle of the legs, the ball is most likely located near the player's feet. Also, it must be on the ground.",F4
245.jpg,14,"The player in the middle of the image is kicking. The ball is most likely located either in the space above his feet or a little forward of him. Given the angle and the motion, it makes sense that the ball is closer to his feet, in grid cell D5.",D5
245.jpg,15,The player in red is kicking his leg up in the air. The ball is likely at his foot or somewhere near his foot.,D5
245.jpg,16,"The player in the center is kicking the ball upwards with their left foot. Therefore, the ball should be located directly above or slightly in front of their foot.",D5
245.jpg,17,The player in red is kicking his right leg up and back as though he is taking a shot. The ball is therefore most likely to be located right near his foot.,D5
245.jpg,18,"The ball is most likely in cell E5. The player is in a kicking or falling position, and that area around his legs seems the most plausible place the ball would be before being kicked.",E5
245.jpg,19,"Given the body position of the player in red kicking his left foot up in the air, it is probable that he has kicked the ball directly forward.",D5
245.jpg,20,"Based on the player with his leg in the air, it looks like he was just kicking the ball. Therefore, the ball is likely in the path of his foot.",D5
245.jpg,21,"Based on the player's kicking motion, the ball is most likely located near his feet. The position of his right foot suggests that the ball is between grid cells E5 and F5. The height of the foot relative to the ground makes cell E5 more likely.",E5
245.jpg,22,"The ball is most likely near the outstretched foot of the player in the middle of the image, as they appear to be kicking the ball. Based on the position of his foot, it seems likely the ball was in front of him.",E5
245.jpg,23,"The player in the middle is in the middle of kicking the ball. The likely trajectory of the ball would be towards the right of the image, slightly upwards.",D6
245.jpg,24,"Given the player in the middle of the image is in a kicking motion with his right leg, and the position of the other players, the ball is most likely near his foot, in the process of being kicked or has just been kicked. This position is around cell E5.",E5
245.jpg,25,"The player in the center (between grid cells D5 and E5) appears to have just kicked or passed the ball. Considering the direction of his raised leg, the ball was likely located near his foot.",E5
245.jpg,26,"Based on the position of the player in the center who appears to be kicking or shooting the ball, and given the direction his foot is pointing, the ball is most likely located near his feet in the cell D5.",D5
245.jpg,27,"The player in the center is in mid-air with his leg raised, suggesting he likely kicked the ball recently. The ball would likely be on the path his foot was traveling, so it is probably slightly ahead of his foot.",E5
245.jpg,28,"The player in the center is in a kicking motion with his right leg raised, implying he just kicked the ball or is about to. Considering the angle and his position, the ball is likely around his foot.",D5
245.jpg,29,"Based on the position of the player who appears to have just kicked the ball and the direction of his leg, the ball is most likely located near his foot.",E4
245.jpg,30,"Based on the position of the player in the middle of the image, specifically how his foot is raised as if kicking, it is most likely that the ball would have been located at or slightly above his feet.",D5
245.jpg,31,The player is most likely kicking or has just kicked the ball. The ball would likely be in line with his foot.,C5
245.jpg,32,"The player in the middle is likely kicking the ball. Based on the position of his feet and the direction he is facing, the ball is most likely in front of his feet, near the white line.",E5
245.jpg,33,"The player in the middle is kicking his leg up, indicating the ball was likely near his foot just prior to the image. Also, the line on the field is often used as a passing lane.",D5
245.jpg,34,"The player in the middle is performing a kick, so the ball should be near his foot.",D5
245.jpg,35,"Based on the position of the player in the center with the legs in the air it is likely that the ball was near or on the player's feet just before. Based on this I would estimate it being near the feet, slightly to the left.",E5
245.jpg,36,"The ball is most likely near the player whose legs are in the air, as he appears to have kicked it. Based on the player's position and the direction his legs are pointing, the ball is likely in the vicinity of cell E5.",E5
245.jpg,37,"The player in the middle is kicking his left leg up as if he is kicking the ball. Therefore, the ball would be located near his left foot.",D5
245.jpg,38,"Based on the player's leg position, it seems likely he just kicked the ball. Also, the angle of his leg seems to suggest that the ball would be in front of him and slightly to the right.",E5
245.jpg,39,"The player in the middle is kicking his legs up, suggesting he just kicked or is about to kick the ball. Therefore, the ball would be located very close to his feet.",E5
245.jpg,40,The player in the center of the image is likely kicking the ball. His leg is extended towards grid cell D5. So the ball is most likely in that area.,D5
245.jpg,41,"Based on the trajectory of the player kicking the ball, the ball is most likely to be in the vicinity of his feet.",F5
245.jpg,42,"Given the motion of the player with raised legs and his likely point of contact, the ball is most likely between his feet, at cell E5.",E5
245.jpg,43,The soccer player in the image seems to be kicking with his left leg. The ball is likely somewhere near his left foot in cell E4.,E4
245.jpg,44,"The ball is most likely near the kicking foot of the player in the air, which is in cell D5.",D5
245.jpg,45,"Given the position of the player in the center who is likely kicking, and his legs extended, the ball should be near his feet. The most probable location is near or slightly in front of his kicking foot.",E5
245.jpg,46,"The ball is most likely near the player who is falling since it looks like he was just playing it. Also, the angle of his feet suggest the ball was to the left of them.",E5
245.jpg,47,"Given the position of the player in the red uniform (presumably the one who kicked the ball) and the orientation of their leg, it is most likely that the ball was positioned in front of the player and to the right. Also given the slight blur effect of that player's right foot, the ball was kicked towards his right.",E6
245.jpg,48,"The player in the center of the image is falling backwards, likely having just kicked the ball. Given the trajectory of his leg, the ball would have been in front of him, roughly where his foot is now.",D5
245.jpg,49,"Given the player's position and the direction of his leg motion, the ball is most likely located just in front of his foot, within the vicinity of grid cell D5.",D5
245.jpg,50,"Based on the pose of the player in the center, he is most likely kicking the ball forward. The ball would likely be in line with his outstretched leg, in front of him, and near the white line.",E6
32.jpg,1,"Given the position of the leg and foot of the player in the center of the frame, it is most likely they have just kicked the ball. The trajectory of the leg suggests that the ball has just left the player's foot.",F6
32.jpg,2,"The player in the black shirt with the green cleats is kicking with their right foot. Therefore, the ball is most likely in front of them.",F5
32.jpg,3,"The player in the black uniform is kicking with his right foot. Therefore, the ball is likely to be around his right foot.",F6
32.jpg,4,The player with the green shoes is kicking or has just kicked at a ball. The location is in grid F6.,F6
32.jpg,5,"The green cleat of the player in the black referee uniform on the left and the opposing player's green cleat on the right show that the ball should be in the general vicinity of these cleats on the field. The cleats also have forward motion, indicating that the ball should be slightly in front of the cleats. Therefore, the ball is most likely between the two players at their feet.",F6
32.jpg,6,The player with the green shoes is kicking in the direction of the upper right corner of grid cell F5. The ball is likely a short distance in that direction.,F6
32.jpg,7,"Considering the position of the players, it is most likely that a player is kicking or just kicked the ball. Based on the position of the feet and the angle of the legs of the players in grid cells F6 and E6, the ball is likely in this area.",E6
32.jpg,8,"Based on the position of the player's leg and foot, it looks like the player just kicked a soccer ball. The lower leg and foot are in a kicking motion and the position of the leg suggests the ball would be about at the height of the knee.",E6
32.jpg,9,The player in the foreground is kicking towards the right of the image. The foot is raised and the player is making contact around cell E6.,E6
32.jpg,10,"Based on the position of the players and the direction of their movement, the ball is most likely located in front of the player kicking the ball.",F6
32.jpg,11,"The player in the foreground appears to be kicking or about to kick something. Given it is a soccer game, it is safe to assume that is the ball.",F6
32.jpg,12,"The player in the black jersey and green shoes is likely kicking the ball, based on the position of his leg. The ball would therefore be near his foot, likely in the grid area containing it.",F6
32.jpg,13,"Based on the position of the players and the general context of a soccer match, it's highly probable that the ball was in the vicinity of the player's feet just prior to the removal. The player in black has his foot raised suggesting he kicked the ball.",F6
32.jpg,14,"Based on the positions of the players, and the player in the black shirt with the green shoes extending his foot to kick the ball, I believe the ball is in range of his foot.",F6
32.jpg,15,"Given the position of the foot of the player, and the usual positioning of the ball when a player kicks, it is likely that the ball is in the vicinity of that foot.",F6
32.jpg,16,"The player with the green shoes in the image seems to be kicking, based on the position of his legs. The most likely position for the ball would be where the leg is swinging towards.",F6
32.jpg,17,"Given the position of the players' feet, the ball is most likely in the area in front of them on the ground, near where the foot is positioned to kick the ball.",F6
32.jpg,18,"Based on the position of the players, their motion, and the context of the image being a soccer game, the ball is likely in front of the player with the lime green shoes.",F6
32.jpg,19,The player in black is kicking the ball. The ball is most likely located near his foot in the lower portion of the image.,F6
32.jpg,20,"Based on the position of the players' legs and the generally low perspective, the ball is likely located near the feet of the player in the black jersey. Considering the leg movement, it would likely be located just in front of the player's left foot, on the grass.",F5
32.jpg,21,"The soccer player in cell E6 is mid-kick, and the player on the right in cell E10 is moving forward, so it is most likely near his foot.",F6
32.jpg,22,A player is kicking their leg so the ball must be near his foot. The player's left foot is kicking in the direction of the right side of the image.,E6
32.jpg,23,The player in the foreground is kicking their right leg towards the left side of the image. The ball would be in that vicinity of the leg which is around cell F6.,F6
32.jpg,24,"The green feet of the player in the foreground are raised as if the player just kicked the ball. Assuming the player kicked the ball forwards, the ball would likely be located a short distance in front of the players feet.",F6
32.jpg,25,"Based on the position of the players, and particularly the foot extended to kick, it is likely that the ball would be located in front of the foot, in the lower area near the ground.",F6
32.jpg,26,"Based on the position of the player's leg and the general context of a soccer match, it's likely the player is kicking the ball. The most plausible location of the ball would therefore be around the player's foot and on the ground.",F5
32.jpg,27,"Given the body positions of the two players in the image, and the fact that this is a soccer image, the ball is most likely in the vicinity of the player's feet who is kicking it. The location in E6 or F6 is most likely for the ball's location.",F6
32.jpg,28,"Given the angle of the players leg, the ball would be at foot height and to the right of the player who is swinging his leg. Thus the ball is most likely in the E6/F6 area. I'm selecting E6 as I think it would be a bit off the ground.",E6
32.jpg,29,"The player in the middle is in mid-kick, and his leg is extended towards the right. Therefore, the ball is likely near his foot in the bottom center.",F6
32.jpg,30,The player in the center of the image in the dark shirt is kicking his foot and the light green shoe indicates he just kicked the ball. So the ball must be near the kicking leg and shoe.,F6
32.jpg,31,"Based on the position of the players, particularly the player in black kicking with his right leg in grid cell E6 and the positioning of other players on the field, the ball is likely located near that player's foot.",F6
32.jpg,32,"The position of the players and the angle of their feet suggest the ball was likely in the lower part of the image. Judging by the foot position of the player in the centre, the ball may be in the F5 region.",F5
32.jpg,33,"Given the position of the green soccer cleat of the player kicking (lower right), and the angle of his leg, it's likely the ball was close to his foot at the point of contact.",F6
32.jpg,34,"Based on the positioning of the players and the location of the feet, the ball is most likely in the area where the players are in close proximity to each other.",F6
32.jpg,35,"Based on the position of the players' feet and legs, specifically the green shoe, the ball is most likely located near the feet of the player.",F6
32.jpg,36,"Based on the position of the players and the action of the player in black, the ball is likely in the air, close to his kicking foot.",F6
32.jpg,37,"The player in the black uniform is kicking the ball with his right foot. Therefore, the ball is most likely in front of his right foot, which is cell F6.",F6
32.jpg,38,"The player in the dark uniform is kicking his right leg. We can see the green soccer cleat in E6. The ball is therefore likely close to the foot and on the ground, and likely in F6.",F6
32.jpg,39,"Given the position of the two players' feet and their orientation, it's likely the ball was located between them. Since the player with the green cleats is extending his leg toward the right, it's likely the ball was near that foot.",F6
32.jpg,40,"Based on the position of the players' feet, it seems like there was a challenge by the player to the left on the player wearing the white shirt. Since the player to the left appears to be kicking, I think the ball was likely close to his foot.",F5
32.jpg,41,The player with the green cleats is kicking. Therefore the ball would have been located in front of his foot.,F6
32.jpg,42,"The player in cell E6 has his foot extended forward, as if he just kicked the ball. Therefore, the ball would have been right in front of his foot prior to the kick.",F6
32.jpg,43,"The player in the middle seems to be attempting to kick something with his right leg. Thus, the ball is most likely close to his foot.",F6
32.jpg,44,"The player in the black uniform has his right leg extended, as if he just kicked something. Based on the position of his leg, the ball is likely somewhere around or just behind the midpoint of the leg.",F5
32.jpg,45,"Given the player's stance and the direction of his leg, it's very likely the ball was right in front of his foot before being removed.",F5
32.jpg,46,"Based on the positions of the players, the foot about to kick and the other player in the shot, the ball is likely in the lower center of the image.",F6
32.jpg,47,The player in the black uniform seems to be kicking something with his left foot. His foot is located on the ground in the bottom part of the image.,F6
32.jpg,48,The player in black is kicking towards the right. Therefore the ball must be just past his kicking foot on the ground.,F6
32.jpg,49,"Based on the leg positions of the players, the ball is most likely located just in front of their kicking feet at ground level.",F6
32.jpg,50,"The player in the center is kicking the soccer ball. Considering the angle of the foot, the ball is most likely located in the lower center of the image.",F6
24.jpg,1,"The player in the black and white striped uniform is in the middle of a kicking motion. Therefore, the ball is likely near his foot, specifically in front of him and slightly lower to the ground.",E6
24.jpg,2,"The player in the black and white uniform appears to be in the middle of a kick. His lower leg is blurred from movement, so the ball is likely close to his foot in front of his body.",E6
24.jpg,3,"The player in the striped jersey has his foot forward, in a motion of kicking. There is motion blur in the lower part of his leg and foot, suggesting a kick has just taken place. The ball is likely right where his foot is.",E6
24.jpg,4,"The player in the black and white kit is in the middle of a kick, therefore the ball is most likely in the immediate area.",E6
24.jpg,5,"The black and white player is in mid-stride, kicking forwards. Given the angle of his leg, the ball is most likely right in front of his foot, on the ground.",F6
24.jpg,6,The black and white player appears to be kicking the ball. The ball must be located between the black and white player's foot and the ground.,E6
24.jpg,7,"The player in the black and white stripes is kicking with his right foot, and there's a blur on the ground near his foot that suggests a ball. Therefore, the ball is likely at the player's foot in cell F6.",F6
24.jpg,8,The player in black and white is in the middle of kicking/touching the ball with his right foot.,E6
24.jpg,9,"Based on the blurred motion of the player in the black and white striped shirt and the position of his feet, it is likely that he was kicking or had just kicked the ball. Thus the ball would be in front of his right foot, in cell F6.",F6
24.jpg,10,"The player in the black and white jersey is in motion, likely having just kicked the ball. The blurry grass suggests the ball has recently been in that location.",E6
24.jpg,11,"The player in black and white is kicking forward with his right foot and has a kicking motion, so the ball is in front of him, at foot level and near his foot.",E6
24.jpg,12,"The player in the black and white stripes has his foot out as if he's just kicked or is about to kick a ball. Given the position of his foot and leg, it's most likely that the ball would be in front of him, close to the ground.",E6
24.jpg,13,The player in the black and white kit has his foot extended as if he is kicking a soccer ball. The location of his foot makes the most likely location for the ball in cell F6.,F6
24.jpg,14,"The player in the black and white jersey is in the process of kicking or has just kicked the ball. The blurring on the ground near his foot suggests a moving object, which would be the ball. Therefore, the ball is likely located near his foot in the E6/F6 area. I will say F6 as a best guess.",F6
24.jpg,15,The soccer player in the black and white stripes is in the middle of kicking/making contact with the ball. The ball is most likely in front of the foot on the black and white striped player.,E6
24.jpg,16,The player in the black and white jersey is in motion and his left foot is planted. His right foot is raised and is blurred indicating motion. The blur is strongest toward the bottom and forward indicating that he's kicking the ball forward along the ground.,E6
24.jpg,17,The player in black and white is in the middle of kicking something. Likely it is a ball and would be located at his foot.,E6
24.jpg,18,"The player in the black and white kit is likely dribbling the ball. Given his motion, the ball is most likely near his feet.",F5
24.jpg,19,"The player in black and white stripes is in the middle of his kicking motion, and his leg is angled in a way that would likely connect with the ball in the region where his foot is. Based on this information, the ball is most likely located on the ground near his foot.",E6
24.jpg,20,"The ball is most likely near the feet of the player in the black and white striped jersey, as his leg looks like it is in the middle of kicking the ball.",E6
24.jpg,21,"The player in the striped jersey appears to be in the middle of kicking the ball. Based on the motion of his leg and the direction he's facing, the ball is likely close to his foot, in the lower part of cell E6.",E6
24.jpg,22,The player in the black and white uniform is in the middle of kicking. His foot is blurry as he is moving it to strike the ball. Based on the players posture it is very likely the ball is directly in front of his kicking leg.,E6
24.jpg,23,"The player in the black and white kit is mid-kick. His leg is extended and his eyes are looking downward. Also, the blur and distortion seem to be right in front of his foot.",E5
24.jpg,24,"The player in black and white is kicking his leg forward, indicating he is likely kicking a soccer ball.",E6
24.jpg,25,The ball is most likely near the feet of the player in the black and white jersey as his foot is in the kicking position. This player is in the bottom right of the picture in cell E6.,E6
24.jpg,26,"The player in the black and white striped shirt is likely kicking or about to kick the ball. The blur of their lower leg and the position of their foot suggests the ball is close to their foot, most likely in front of it on the ground.",E6
24.jpg,27,"The player in the black and white striped jersey is likely kicking the ball. Given the direction of his body, the blur behind his foot, and the positioning of the other players, the ball is most likely near his foot.",E6
24.jpg,28,"The player in the black and white uniform appears to be in the process of kicking the ball. His leg is in motion, and his foot is near the ground. The most probable location for the ball is in front of his right foot, on the ground.",F5
24.jpg,29,"The player in the striped jersey is in the motion of kicking the ball. Given the position of his leg, it is highly likely the ball was at the tip of his foot.",E6
24.jpg,30,"The player in black and white is kicking the ball. It's most likely touching his foot or in very close proximity to his foot. Based on the player's pose and foot position, the ball would be located in Cell F6.",F6
24.jpg,31,"The player in the black and white uniform is in the middle of kicking or running with the ball. It would likely be right in front of him, close to his feet.",E6
24.jpg,32,"Based on the player's leg position and stance, it's highly probable that the ball was near their feet when the picture was taken.",F6
24.jpg,33,"The player in the middle is likely kicking or about to kick the ball with his right foot. Based on the position of his leg, the ball is likely right in front of him.",E6
24.jpg,34,The player in the black and white stripes appears to be kicking the ball. His leg is outstretched and his foot is near the ground. The ball would most likely be near his foot at the moment the picture was taken.,E6
24.jpg,35,"The player in the black and white jersey is in the motion of kicking, so the ball should be in front of his foot.",E6
24.jpg,36,"The player in the black and white shirt is in the middle of kicking. The left foot is in the air, indicating that he's swinging through the ball. The ball is likely at his right foot. The most likely location of his right foot is in E5 or F5. Given the kick has already begun, the ball location would be in front of the right foot in F5.",F5
24.jpg,37,The player in the striped jersey is in a kicking motion. The most likely location of the ball is in front of his feet.,E6
24.jpg,38,The player in the black and white kit is in a kicking motion with his right foot. The lower leg is blurred indicating movement. This suggests the ball was in front of his right foot.,E6
24.jpg,39,"The black and white player is in a kicking stance, so the ball is likely to be near their foot. Based on their leg position, the ball is most likely located in cell F4.",F4
24.jpg,40,"The player in the black and white jersey is in mid-stride, and his leg is positioned as if he just kicked the ball. Given this, the ball would have been near his foot.",E6
24.jpg,41,The player in black and white is in the middle of kicking the ball. The ball is most likely in contact with his foot or just leaving it in the E5/F5/E6/F6 area. Looking at the grass and blur I would place the ball in F5.,F5
24.jpg,42,"The player in the black and white jersey is likely kicking the ball. His foot is in the process of making contact with something, so the ball is likely in front of his foot, close to the ground.",E6
24.jpg,43,"The ball is most likely located at the feet of the player in the black and white jersey, because he is making a kicking motion.",E6
24.jpg,44,"The player in the black and white jersey is in motion, and it looks like he recently kicked the ball. Based on his body position and the blur of his leg, the ball was most likely right in front of him.",F6
24.jpg,45,"Given the position and motion of the player in black and white stripes, and the blurriness around his foot, it is highly probable that the ball was in contact with his foot. Therefore, it should be in the area around his right foot.",E6
24.jpg,46,"The soccer player in the black and white jersey seems to be kicking the ball, so it is likely in front of his right foot.",E6
24.jpg,47,"Given the blurred motion of the player in the center and their foot position, it is likely that they just kicked the ball. Therefore, the ball is most likely located in the area where their foot would have made contact.",E6
24.jpg,48,"The ball is likely near the player in the black and white uniform. From the motion of the legs, it's most likely he is kicking the ball, therefore it should be close to his front foot.",E6
24.jpg,49,"The player in the black and white jersey appears to be mid-kick with his right leg. Therefore, the ball is likely to be located in front of his right foot at the moment he kicks it.",F5
24.jpg,50,"The player in the black and white striped jersey is in a kicking motion, and the blur of the grass indicates movement in that area. The ball is likely near the players foot in cell E6.",E6
30.jpg,1,"Given the position of the player in the light blue jersey in cell E7 and the goalkeeper diving in cell D2, it is likely the ball was kicked by the light blue jersey toward the goal.",E7
30.jpg,2,The player on the right (in white and black) has just kicked the ball towards the left. The goalkeeper is diving towards the ball. Therefore the ball must be located in cell E7.,E7
30.jpg,3,"The yellow team player in 8D is in the middle of a kicking motion. The green goalie in 2D is reaching towards where the ball likely is, and the white team player in 9C seems to be reacting to it.",E7
30.jpg,4,"The goalkeeper is diving forward and stretching out his hands as if attempting to make a save. The player in the yellow/navy uniform appears to have just kicked the ball, which is why he is in the middle of his shooting motion. These clues suggest the ball is likely in between the two players, moving towards the goal.",D7
30.jpg,5,The yellow/blue jersey player in squares D7 and E7 looks like he is kicking the ball. The location of his foot indicates the ball's last known location.,E7
30.jpg,6,The ball is likely being pursued by both players. The player in the dark jersey and yellow socks appears to be making a play on the ball while his opponent is trying to move past him to gain possession. The likely location for the ball would be in the area of the feet of the yellow and dark jersey player.,E7
30.jpg,7,"The player in the blue jersey at around (7,E) appears to have just kicked the ball. The goalie is lunging in that direction. So the ball would be in that general area.",E7
30.jpg,8,"The player in the dark jersey is kicking and looking towards the area around E7, where his foot is in a kicking motion. The goalie is diving to the right, towards D2. The ball is therefore likely in this area.",E7
30.jpg,9,"The goalkeeper appears to be diving towards his left to make a save. The defender is running towards the goal to provide cover. This would suggest the ball is in the space near the penalty box. Given the direction of the dive and run, it is more likely the ball is to the left of the defender and towards the goalkeeper, and close to the ground, meaning that it is likely in the bottom of the D5:D7 range, likely to be in Cell E7.",E7
30.jpg,10,"Based on the positioning of the player on the ground and the angle of his foot, the ball is most likely in contact with his foot. Thus, the ball is in the E7 cell.",E7
30.jpg,11,The position of the player in grid square E8 indicates that he has just kicked the ball. The goalkeeper is also diving in that general direction. The ball is likely located somewhere between the kicker's foot and where the goalkeeper is diving.,E7
30.jpg,12,"The player in cell E7 appears to have just kicked the ball, and his foot is in close proximity to the ground. The goalkeeper is diving in the direction of E7.",E7
30.jpg,13,"The goalkeeper appears to be diving or reaching for something, while the other player (in black and white jersey) is running in the same general direction, and another player (in yellow and dark blue jersey) is in motion near them. The angle and positions of these players suggests the ball is most likely in cell E7.",E7
30.jpg,14,"The player in cell E7 is kicking with his left foot, so the ball is likely in front of his kicking foot.",E7
30.jpg,15,"The player in the blue and yellow kit in cell E7 is kicking his right foot. The logical location for the ball is in front of his right foot, slightly to the right. It would most likely be on the grass.",E7
30.jpg,16,The player in the blue and yellow kit in cell E7 looks like he has just kicked the ball. The ball would therefore be at the tip of his boot.,E7
30.jpg,17,"The goalkeeper is reaching forward with his hand, indicating he is trying to make a save. The player in cell E8/E9 is also near where a soccer ball would be in order to get a shot on goal.",E8
30.jpg,18,"The soccer player in the blue and yellow uniform is kicking his left foot forward towards the soccer player in the white and black uniform, and his foot is blurred which probably means that he kicked the ball in the location of the left part of his foot.",E7
30.jpg,19,The player in the yellow and blue uniform in cell E7 looks like he kicked the ball and the goalie in cell D1 is attempting to block the ball.,E7
30.jpg,20,"Given the position of the players and the direction they are facing, the ball is likely near the ground between the player wearing number 23 and the goalkeeper in the green uniform. This is roughly where the two players appear to be contesting a play for the ball, with the number 23 player near the end of a sliding attempt.",E7
30.jpg,21,"Based on the motion and position of the players, it is most likely that the ball was right in front of the player from the team with yellow and black.",E7
30.jpg,22,The player in cell E7 appears to have just kicked the ball. The foot is extended and in contact with the ground.,E7
30.jpg,23,"The player in the yellow and blue uniform in cell E7 is mid-kick. The ball would most likely be near his right foot, meaning it would be in cell E7 or potentially slightly to the right in F7.",E7
30.jpg,24,The player in the yellow kit is clearly making a kicking motion with his foot. It is most likely that the ball was right in front of that foot.,E7
30.jpg,25,"The player in the center is kicking with his left foot. Thus, the ball is likely located on the area where the foot is heading, between D7 and E7.",E7
30.jpg,26,The position of the yellow/blue #23 player and the bright green goalie both point toward the ball being near where their feet are. It's also plausible given the positions of the other players that the ball is around that location.,E7
30.jpg,27,The player in grid cell E8 appears to have just kicked the ball. The position of his foot and the direction of his momentum suggests the ball was near his foot at that moment.,E8
30.jpg,28,"The yellow/blue player at position 7 on the x-axis is swinging his left leg which suggests he has just kicked the ball or is about to kick the ball. His leg is extended and close to the ground. Therefore, I believe the most likely location of the ball is in front of him.",E7
30.jpg,29,"The goalie is diving towards the right and the player wearing yellow is facing the same direction. Therefore, the ball is most likely between them in front of the goalie.",E2
30.jpg,30,"The goalie is diving and there is a player on the other team attempting to take a shot, so the ball would likely be where the goalie is diving, in cell E2.",E2
30.jpg,31,"The yellow-clad player in cells D7/E7 is extending his foot forward, suggesting that he recently kicked the ball in the direction of the player in cells D9/E9. Therefore, the ball is most likely located slightly forward of his foot, in the E7/F7 area.",F7
30.jpg,32,"The player on the left side of the image appears to be diving to stop the ball, while the other player on the right has his foot out toward the ball. Considering these actions, it's most likely that the ball is on the ground in front of them.",E7
30.jpg,33,"The yellow/navy player in cell G4 seems to have just kicked the ball. The motion of the players around him suggests the ball's trajectory would be towards the goal to the right, and slightly upwards. Therefore, the location is most likely around G7.",E7
30.jpg,34,"The goalkeeper in cell D2 is lunging to his left, and the other player in cell E8 seems to have just kicked the ball. Therefore the ball is likely between those two players.",E3
30.jpg,35,The goalie is diving toward the line. It appears the ball was headed out of bounds near grid cell E7.,E7
30.jpg,36,"The player in the blue and yellow uniform appears to have just kicked the ball. The ball is therefore most likely located in the vicinity of his foot and in front of him, likely close to the line separating grid cells E7 and F7.",E7
30.jpg,37,The yellow team player in cell E7 has his foot extended toward the ground as if kicking a ball.,E7
30.jpg,38,"The player in the lower right is kicking with his right foot. His kicking motion suggests he has just contacted the ball. The Goalkeeper looks like he tried to stop the shoot, but didn't make the save.",E7
30.jpg,39,The player in the blue jersey is kicking in cell E7. The goalkeeper is diving in cell D1/E1. The natural trajectory suggests the ball is just off his foot towards D7/E7.,E7
30.jpg,40,The goalkeeper is diving towards the right side of the image near the penalty area line. The opposing player is also running in the same direction. It's highly probable that the ball was in that area at the time.,E7
30.jpg,41,"The goalkeeper is reaching out towards the ground. The player on the right is running towards the goalkeeper, likely chasing the ball. The ball is probably near the ground in front of the goalkeeper.",E2
30.jpg,42,"The player in yellow/blue is kicking his leg as if hitting a ball. The foot is in cell E7 and is facing toward cell F7. Based on this, the ball is most likely in cell E7 or F7. I will choose E7 as the higher probability as that is where the foot makes impact.",E7
30.jpg,43,"The player in the dark blue jersey (number 23) is positioned such that he has just kicked the ball. Considering the motion of his leg, and the direction he is facing, the ball is most likely located slightly to the right of his foot.",E8
30.jpg,44,"The player in cell E8 is kicking his leg out, indicating he most likely just kicked the soccer ball. The goalkeeper is also looking down and to his right.",E8
30.jpg,45,"The yellow/navy player in grid location D8 is looking and reaching forward with his leg. The green player in grid location D2 is lunging forward as well, likely to block the ball. This means that the ball is most likely near grid location E7.",E7
30.jpg,46,"The player in the yellow and blue jersey in cells C7 and D7 is facing in that direction. His right foot is also very close to the ground, giving the impression he just kicked a ball that was close to his foot. The goalkeeper in D1 and E1 is lunging at the same place.",E7
30.jpg,47,The player in the yellow and navy blue uniform is kicking toward the area of the goalie. Therefore it is most likely in area E7.,E7
30.jpg,48,"Based on the position of the foot of the player in the yellow and blue kit, and the reaction of the goalkeeper, the ball is likely located in cell E7, near the foot of the player in the blue kit.",E7
30.jpg,49,"The player in the dark blue jersey is kicking toward the goal. Given the player's action and foot placement, the ball is likely between their leg and the goal to the right. This would place it in E7 or E8, but more specifically right ahead of the foot in E7.",E7
30.jpg,50,"The goalkeeper is diving to his right, and the player to his right is just kicking the ball. Therefore, it is likely located to his right foot.",E7
291.jpg,1,"The player in the red jersey is in the middle of a stride, so the ball is likely in front of them on the ground. The most probable location is where their feet are planted on the field.",C7
291.jpg,2,"The Arsenal player in the red jersey is in the middle of kicking. Thus, the ball should be in front of him, close to his foot, as he is propelling it forward.",C7
291.jpg,3,"The Arsenal player in the red jersey is running with his foot in a position that suggests he's just kicked or is about to kick a ball. Given his leg position, and direction of movement, the ball is likely located very close to his feet and just slightly forward of his position, likely in front of his left foot.",C7
291.jpg,4,"The Arsenal player in the red jersey is in motion with his leg forward, indicating he is likely kicking or about to kick the ball. Therefore, the ball is likely located in front of his forward leg.",C7
291.jpg,5,"The player in the red jersey is in stride, likely about to pass or kick the ball. Based on the position of his leg and foot, the ball is likely in front of him, slightly to the right.",C7
291.jpg,6,"The Arsenal player in red is running with the ball towards the right of the frame. He is about to kick with his left foot, so the ball would be very close to his left foot. The ball is probably somewhere on the ground in front of the left foot, in cell C7.",C7
291.jpg,7,"Based on the position of the player in the red jersey in cell G7 with the motion in their leg, it's likely that they've just kicked the ball. It's therefore most likely that the ball was located near their foot, so I'm estimating it was located around the bottom corner of grid cell G7.",
291.jpg,8,"The player in the red jersey is kicking the ball with their right leg. Therefore, the ball is most likely in front of them, near their right foot in grid cell D7.",D7
291.jpg,9,The player in the red jersey in cell G7 is clearly in the process of kicking/controlling the ball. Therefore the ball is likely located on the ground near his feet.,C7
291.jpg,10,"The Arsenal player in the red jersey is in a stride and likely kicked the ball with his left foot, so the ball is most likely close to his foot.",C7
291.jpg,11,"The player in the red jersey (Arsenal) is in the middle of taking a step, likely to kick the ball. The ball is probably near his feet.",C7
291.jpg,12,The Arsenal player in grid cell G3 is extending his leg as if he has just kicked or is about to kick the soccer ball.,C7
291.jpg,13,The ball is most likely near the feet of the player in red as he is running forward. It looks like his left foot is about to make contact with the ball.,C7
291.jpg,14,"The player in the red jersey is in the act of kicking, as evident from his leg position. The ball is therefore most likely located near his foot, between his feet and close to his right leg.",C7
291.jpg,15,"The player in the red jersey is in the middle of a stride. Based on the position of his legs, it is most likely that the ball is right in front of him in the direction he's running.",C7
291.jpg,16,"Based on the position of the player in the red jersey and the angle of his leg, it's most likely that he has just kicked the ball. This would mean the ball is close to his foot, and just in front of him.",C7
291.jpg,17,"The player in the red jersey (Arsenal) is in motion, likely having just kicked the ball or is about to. His left foot is in the air and is a possible kicking foot. Therefore, the ball is likely located near his left foot, probably in front of him.",C7
291.jpg,18,"The player in the red jersey is in the middle of a kick, with his foot pointing slightly downwards. It's very likely the ball is near his foot. Thus it would be located in cell C7.",C7
291.jpg,19,"The player in the red jersey is kicking the ball with his left foot. Therefore, it would be located to his left and in front of his body.",C7
291.jpg,20,"Based on the position of the player in the red jersey, who appears to be kicking the ball or running with the ball close to his feet, the ball is most likely located near his feet on the ground.",C7
291.jpg,21,"Given the runner's leg position and direction, the ball is most likely in front of him on the ground between his legs.",C7
291.jpg,22,The player in red is in motion and has his foot forward. It's very likely he has just kicked the ball or is about to. The ball should be near his feet.,C7
291.jpg,23,"The player in the red jersey on the right is in the middle of kicking, so the ball is most likely right near his foot, in the bottom left of the cell.",C7
291.jpg,24,"The Arsenal player in the red jersey is running with his right leg extended and foot pointed downward, as if he is about to kick a ball. The foot is in cell C7.",C7
291.jpg,25,"The ball is most likely located just in front of the player in the red jersey, as he appears to be in the middle of dribbling the ball. Based on the position of his foot, the ball is likely to be right ahead of him, slightly off the ground.",C7
291.jpg,26,"The Arsenal player is in mid-stride with his left leg forward, suggesting he was just about to make contact with the ball or has recently made contact. Also, it can be assumed the ball is on the ground since it is soccer. Therefore, the most likely location of the ball is just in front of his left foot.",C7
291.jpg,27,"The player in the red jersey is mid-stride, likely having just kicked the ball. The player is in cell G7, so the ball would likely have been in cells E7 or F7. Due to the angle of his leg it is more likely that the ball was located in E7.",E7
291.jpg,28,"The Arsenal player in red in grid column 7 has just kicked the ball. Therefore, the ball should be located close to the Arsenal player's feet and moving in the direction that the Arsenal player is looking.",C7
291.jpg,29,"The player in the red jersey is in stride as if running with the ball to his right, so the ball is likely to be near his right foot.",C7
291.jpg,30,The Arsenal player is kicking forward in grid 7. I would estimate the ball is in grid 7 at the intersection between row C and D,C7
291.jpg,31,"The Arsenal player is in stride kicking the ball, therefore it's most likely close to his feet between him and the other player.",C7
291.jpg,32,"The Arsenal player in the red jersey is running and his right foot is in the air, presumably in the process of kicking the ball. Based on his position, the ball is most likely just in front of him.",C7
291.jpg,33,The player in red (Arsenal) is in the act of kicking or running with the ball. His foot position indicates that the ball is likely at his feet. Therefore the ball is close to the player's right foot.,C7
291.jpg,34,"The Arsenal player in the red jersey seems to be running with the ball or has just kicked it. Given his leg position, the ball is likely near his feet in front of him.",C7
291.jpg,35,"The player in the red jersey is in the middle of taking a stride with his right leg. It is likely that the ball is near his right foot. Also, the posture of the red-jersey player is typical during dribbling the ball. It is also very common in soccer games that the ball is in front of the legs when dribbling. Based on these clues, it is highly probable that the ball is around D7.",D7
291.jpg,36,"The Arsenal player (in red) is in motion and just planted his foot, so the ball is probably near his foot.",C7
291.jpg,37,"The Arsenal player in the red jersey at cell G7 is likely kicking the ball, based on his posture. It is most likely located slightly in front of his foot, and on the ground.",C7
291.jpg,38,"The player in the red jersey is in mid-stride, as if kicking or running with the ball. It's likely the ball is in front of him, close to his feet.",C7
291.jpg,39,"Given the angle of the Arsenal player's left leg, the ball is most likely located near his left foot as he is kicking it.",C7
291.jpg,40,"The player in the red jersey is in mid-stride, suggesting he was just about to kick the ball. He is looking downwards so his foot is likely close to the ball.",C7
291.jpg,41,"The Arsenal player is in the process of dribbling the ball, and he's about to kick with his right foot. The ball would be in front of his right foot.",C7
291.jpg,42,The player in the red jersey is mid-stride and looks like he just kicked the ball or is about to kick the ball. The ball is likely just in front of his feet.,C7
291.jpg,43,"The red team player in cell G7 is running with their legs bent. This is most likely indicating they are running while dribbling a ball. The soccer player is in cell G7. Therefore, the ball is likely near cell G7.",
291.jpg,44,"Based on the Arsenal player's leg position, the ball is likely in the cell near his feet.",C7
291.jpg,45,"Based on the position of the Arsenal player's legs (especially the left leg) and body orientation, it seems he has just kicked the ball. Also, the position of the player wearing the ""7"" white jersey suggests the ball has gone past him. This would indicate the ball is most likely to the lower-right of the Arsenal player, in the general vicinity of his foot.",D7
291.jpg,46,"Given the position of the player in the red jersey whose feet are pointing forward, it is most likely that the ball is near their feet.",C7
291.jpg,47,"The player in the red jersey (Arsenal) is in stride with his left foot planted. This suggests he is about to kick the ball. Thus, the ball is likely near his left foot.",C7
291.jpg,48,"The red player on the right is mid stride. The ball is most likely just ahead of his leading foot, which is his right foot.",C7
291.jpg,49,"The Arsenal player in the red jersey appears to have just kicked the ball, given his leg position. Therefore, the ball is most likely located near his feet.",C7
291.jpg,50,"The Arsenal player is mid-stride, suggesting he is likely running with the ball. The ball is therefore probably close to his feet, slightly in front of him.",C7
31.jpg,1,The yellow player is kicking his right foot forward so it's likely the ball is in that area.,E8
31.jpg,2,"Considering the players' positions and the action in the scene, the ball is likely near the feet of the player in the yellow jersey (closer to the middle of the image). Based on the feet of the player in yellow, cell E8 seems most likely for the ball.",E8
31.jpg,3,The player in the yellow jersey on the right of the image has just taken a step and is looking down at the ground. The ball is most likely near his feet.,E8
31.jpg,4,The player in the yellow jersey in cell E8 is kicking with his right foot. The ball should be in front of his right foot.,E8
31.jpg,5,"The player in the yellow jersey appears to be dribbling the ball forward. The player in the white jersey is chasing him from behind. Therefore, the ball is likely slightly in front of the yellow jersey player's feet.",E8
31.jpg,6,The player in the yellow jersey in the middle of the image seems to have his right leg prepared to kick the ball. This action suggests that the ball is likely in front of the leg.,E8
31.jpg,7,"The player in yellow is in the process of kicking with his right foot. Assuming the kick just happened, the ball should be near that foot.",E8
31.jpg,8,"Given the players' positions and the direction of movement, it seems the ball is most likely near the feet of the player in yellow, specifically around the area where his foot is closest to the ground.",E8
31.jpg,9,"Given the proximity of the soccer players legs, and the direction they are running, the ball is likely located at the lower right of player in yellow and black.",E8
31.jpg,10,"Given the players' positions and body language, the soccer ball is likely located near the feet of the player in the yellow jersey on the right side of the image. It's most likely somewhere in front of him, so the most likely place for the ball would be around the D8/E8 area. Given that the player's leg is in cell E8, I'll choose D8.",D8
31.jpg,11,"Based on the players' positions and the fact that the player in yellow appears to be dribbling, the ball is most likely near his feet in front of him.",E8
31.jpg,12,"The player in yellow (center of the image) is about to kick the ball with his right foot. His right foot is near cell E8, so the ball is likely located in that area.",E8
31.jpg,13,"Based on the position of the players and their posture, the ball is likely at the feet of the player in yellow who is in motion. It's also likely in the direction they're moving, near the bottom of their stride.",E8
31.jpg,14,"The player in the yellow jersey is mid-stride and his left leg is bent at the knee. This suggests he might be dribbling the ball, and the most likely location of the ball is close to his left foot, just in front of him.",E8
31.jpg,15,"The player in the yellow jersey is likely dribbling the ball, or has just passed it. Given their lower body position and the space around them, I would estimate the ball to be located on the ground, slightly in front and to the side of their feet.",E8
31.jpg,16,"Based on the position of the player in the yellow jersey (on the right) who seems to be kicking the ball, it's most likely that the ball is located near his foot, in grid D8.",D8
31.jpg,17,"The player in yellow is kicking with his right leg, so the ball is most likely located near his feet.",E8
31.jpg,18,"Based on the players' positions and movement, the ball is likely located near the feet of the player in the yellow jersey. Given the angle of his leg, it's most likely just behind him.",E8
31.jpg,19,"Given the players' positions and trajectories, the ball is most likely located at the feet of the player in the yellow jersey on the right side of the image. This player is likely dribbling or about to kick the ball.",E8
31.jpg,20,"The player in the yellow and black kit has his right foot forward, suggesting he may be about to kick or has recently kicked the ball. Also, the player in the white kit has his left foot stretched ahead, possibly for a block. Based on this analysis, the ball is likely in the vicinity of cell E8.",E8
31.jpg,21,"Based on the position of the players and the direction of their movement, the ball is most likely located near the feet of the player in the yellow jersey on the right side of the image.",E8
31.jpg,22,"Based on the position of the players' feet, it looks like the yellow player might be dribbling the ball towards the right side. Given the stride and position of the player, it is most likely directly in front of his feet.",E8
31.jpg,23,"Given the position of the players' feet and legs, it is likely the player in yellow in cell E8 is dribbling the ball to his right.",E8
31.jpg,24,The player in the yellow jersey is likely dribbling the ball forward with his right foot. His right foot is planted and about to push off. I would say the ball is most likely in front of the player.,E8
31.jpg,25,"The ball is likely to be near the feet of the player with the yellow jersey who is in motion. Given the position of his feet, the ball is most likely in grid cell E8.",E8
31.jpg,26,"Given the position of the players' feet and the overall action, the ball is likely near the player in yellow, just in front of his right foot.",E8
31.jpg,27,The player in the yellow kit with black shorts is most likely dribbling the ball. It should be right in front of him.,E8
31.jpg,28,"Given the motion of the player in yellow and his lower body position, it is likely that he is dribbling the ball forward. Given that the player in yellow is dribbling, and based on the position of his feet, the ball is likely in the space in front of his feet.",E8
31.jpg,29,"Given the position of the player in yellow and the player in white, and the movement and direction they are facing, the ball is most likely located near their feet. Based on this, the most plausible location for the ball would be in cell E8.",E8
31.jpg,30,"Given the player positions and body language, it is likely the ball is between the two players in the yellow and white jerseys. Since the player in the yellow jersey is facing toward the right and has their leg stretched out, it is likely they are trying to kick the ball in that direction. The player in the white jersey appears to be defending.",E8
31.jpg,31,"The position of the players' feet indicate the ball is most likely in front of them, at ground level, as one player may be kicking it.",E8
31.jpg,32,"The player in yellow is running forward and appears to have last touched the ball. His left foot is planted and he's likely in the act of kicking or has just kicked the ball. Therefore, the ball is likely in front of him, between his feet and slightly to the right, based on the angle of his legs.",E8
31.jpg,33,"The player in the yellow jersey is in the motion of kicking the ball. Looking at the angle of his right leg, the ball would most likely be in that location.",E8
31.jpg,34,"Given the lower body posture and the player wearing yellow attempting to kick or move the ball forward, it is highly likely that the ball is located between his feet.",E8
31.jpg,35,The player in yellow is in the process of kicking the ball forward with his right foot. It makes sense that the ball is right in front of his right foot.,E8
31.jpg,36,The player in yellow has their foot extended and is likely about to make contact with the ball. The ball would be very close to their foot in the area of E8.,E8
31.jpg,37,"The ball is likely near the feet of the player in yellow who is facing the right (player in cells D7, E7, D8, E8). The player's left foot is behind his right, as if in mid-stride, suggesting the ball has recently been kicked. I estimate the ball to be near the player's right foot.",E8
31.jpg,38,"Based on the position of the players and their legs, it is most likely that the ball is located at the player's feet in cell E8/E9 or D8/D9. E8/E9 seems more likely as the player has his feet planted.",E8
31.jpg,39,"The player in yellow (left of the two players in the center) is running forward, and looks like he's about to kick with his right foot. Therefore, the ball would be slightly ahead of that foot, in grid D8.",D8
31.jpg,40,"The player in the yellow jersey with his foot on the ground in E8 is about to kick the ball. Therefore, the ball is most likely in that location.",E8
31.jpg,41,"The player in the yellow jersey is most likely dribbling the ball with his right foot, based on his motion. His right foot is located at roughly E9.",E9
31.jpg,42,"The player in yellow is in the process of kicking or dribbling the ball. Based on the position of his foot, it is likely in the E8 cell.",E8
31.jpg,43,"The soccer player in the yellow jersey in the middle of the image is in motion, most likely having kicked the ball. Given his stance and the position of the other player, the ball is most likely just in front of his left foot.",E8
31.jpg,44,"The player in the yellow jersey appears to be dribbling the ball with his right foot. His right foot is extended forward as if he is about to kick the ball. The ball is most likely in front of his right foot, just about to be kicked.",E8
31.jpg,45,"Based on the players' positions and the direction they are facing, the ball is likely between the player in the yellow jersey and the player in the white jersey. It is likely near their feet.",E8
31.jpg,46,"Based on the position of the players, and especially the orientation of the player in the yellow jersey in the yellow jersey, it is most likely that he is about to make contact with the ball.",E8
31.jpg,47,The player in the yellow jersey is looking down at his feet. The player in white is reaching toward the yellow-jersey player's lower body. It is likely the ball is at or just in front of the feet of the yellow-jersey player.,E8
31.jpg,48,"Given the position of the feet of the two players in the center of the frame, it is most likely the ball is between their feet or directly in front of the player on the right. Thus the most likely location of the ball is located in cell E9.",E9
31.jpg,49,The player in the yellow jersey is in mid-stride and leaning slightly forward. The other player seems to be trying to block his path. The ball is likely close to the feet of the player in the yellow jersey in the vicinity of his left foot.,E8
31.jpg,50,"The player in the yellow jersey in cell D7 is in a running position, and the player in the white jersey is chasing after him, trying to grab his shirt. Therefore, it is likely that the soccer ball is near his feet, within striking distance, specifically in cell E8.",E8
4.jpg,1,"The player in the white kit is kicking with his right foot, so the ball must be close to his foot, between the third and fourth grid lines.",F3
4.jpg,2,The player in white is in the middle of kicking the ball. The ball is in line with his foot and a little further forward.,F2
4.jpg,3,"The player in the white jersey in grid cells C1, D1, E1, F1, C2, D2, E2, and F2 is kicking toward the direction of cells D3 and E3. Also, there is a shadow in grid cell F4 which is likely the ball's shadow.",E3
4.jpg,4,"The player on the left is kicking with his right foot. The player is looking to the right. Thus, the ball will likely be located in front of his kicking foot.",F2
4.jpg,5,"The player in the white jersey (to the left) is kicking the ball. Based on his leg's position during the kick, the ball would be located in square F3.",F3
4.jpg,6,"The player in the white kit in the bottom left has his kicking leg extended forward as if he just kicked the ball. Given his position and the angle of his foot, the ball is likely just in front of him and slightly to the right.",F2
4.jpg,7,"The white player is in the process of kicking the ball. His foot is raised and positioned to connect with something. The most likely location is where his foot is aiming, which seems to be around the 3 and F grid area.",F3
4.jpg,8,The player in the white jersey is kicking the ball with his left foot. So the ball should be located just a bit in front of and to the right of his left foot.,F2
4.jpg,9,"The player in the white jersey is likely kicking the ball, based on his leg position and the forward motion of his upper body. Therefore the ball is likely somewhere in cell F2 or F3. F2 is slightly more likely as it is in line with his foot.",F2
4.jpg,10,"The player on the left is in the action of kicking. His foot is about to make contact with something, so the ball would be somewhere around there.",F2
4.jpg,11,"The player in white is kicking with his right foot, so the ball will be forward and slightly to his right of his foot in the instant of contact.",F3
4.jpg,12,"The player in the white kit is about to kick with his right leg, which means that the ball is likely to be located just in front of his leg, in cell F2.",F2
4.jpg,13,"Based on the movement of the player in the white uniform, the ball is likely to be in front of him. Considering the location of his foot, the ball is likely in cell F2.",F2
4.jpg,14,"The player in the white uniform is kicking the ball. Given the angle of his leg, the ball is most likely in front of him around cell F3.",F3
4.jpg,15,"Given the position of the white player, who appears to be kicking with his right foot, it is likely that the ball is just in front of his right foot, in the area between cell E2 and cell F2. Since the player's foot seems to be about to make contact, F2 is more likely.",F2
4.jpg,16,"The player in white is kicking with his left foot. Thus, it's likely that the ball is in front of him. Since his foot is about to contact the ground, it is most likely that the ball is near the ground. So, it should be around F2.",F2
4.jpg,17,The player in the white uniform at coordinates E2 looks like he is kicking the ball. Also note the position of the players and the angle of their legs.,F2
4.jpg,18,"The white player is in the act of kicking or has just kicked. Considering his body language, the ball would be in front of him, close to his foot.",F2
4.jpg,19,"The player in the white kit at the left of the image is in the kicking motion. It's likely that the ball is around the player's feet, slightly in front of them.",F2
4.jpg,20,The player in the white jersey is in the motion of kicking the ball in cell E2. It is likely that the ball is in front of his kicking foot.,F2
4.jpg,21,"The white player on the left is in the process of kicking, as suggested by his leg position and outstretched arms. Therefore, the ball should be somewhere around his feet.",F2
4.jpg,22,"Based on the position of the white player in the image, specifically the way he's kicking his leg, it's highly likely he just kicked the ball, meaning the ball should be right in front of him.",F2
4.jpg,23,The player in the white jersey is kicking. So the ball should be in front of his foot.,F2
4.jpg,24,"The player in the white jersey is kicking with his right foot. Therefore, the ball should be in front of him. Based on the position of his leg, the ball should be in the grid.",F2
4.jpg,25,"Based on the position of the white player's leg, he likely just kicked the ball. The ball is likely between him and the opposing player, at ground level. Therefore, the ball is most likely at location F3.",F3
4.jpg,26,"The player in the white jersey at C2 is in the motion of kicking the ball, so I expect it to be at the tip of his foot around F2.",F2
4.jpg,27,"The player in the white jersey is in the process of kicking the ball. Based on his leg position and the direction he's facing, the ball is most likely near his foot.",F2
4.jpg,28,The player in the white shirt is kicking with his right leg. The ball is probably still near his right foot.,F2
4.jpg,29,"The white player in cell D1-E2 is in a kicking motion, with their leg swung forward, therefore it is likely that the ball was located just in front of their foot, placing it in cell F2.",F2
4.jpg,30,The white player is positioned and has his leg extended as though he is about to strike the ball. Therefore the ball is most likely positioned in front of his kicking foot in cell F2/F3.,F2
4.jpg,31,"The player on the left seems to be kicking the ball towards the center of the field. Therefore, the ball is most likely around where his foot would connect with it.",F2
4.jpg,32,"The player in the white jersey in the left side of the image, appears to be kicking the ball. So the ball will be in the trajectory of the leg of the player kicking it.",F2
4.jpg,33,"The player in the white jersey in the image seems to be kicking with his right leg. So, the ball should likely be near his right leg in grid cell F2. The shadow also suggests this.",F2
4.jpg,34,"The player in white is kicking their leg as if they have just kicked the ball or are about to. Therefore, the ball is most likely in front of them, around their kicking foot.",F2
4.jpg,35,"The player in the white jersey is kicking with his left foot toward the right of the image. So the ball is located in front of his foot, cell F2.",F2
4.jpg,36,The player in the white shirt in the left portion of the image is kicking. Looking at the leg position the ball would likely be in the area in front of that player's kicking foot.,F2
4.jpg,37,"The player in the white jersey is kicking the ball with their right foot. Therefore, the ball must be in front of the player. The most likely location is in cell E2, as it's directly in front of the player's foot.",E2
4.jpg,38,"The player on the left is in the process of kicking with his right foot, so the ball is likely near his foot.",F2
4.jpg,39,The player in the white jersey in the left side of the image has a kicking motion. The ball is most likely in front of his foot.,F2
4.jpg,40,"The white-shirted player in the lower left of the image (around cells E1-F2) appears to be kicking/passing. The ball is therefore most likely in front of their kicking foot, in the F3-E3 area.",F3
4.jpg,41,"The player on the left is kicking with his right foot, so the ball would likely be in front of that foot.",F2
4.jpg,42,"The player in white appears to be kicking or passing the ball, so it's likely to be in front of his foot. Based on the angle and motion, the ball is likely in cell F3.",F3
4.jpg,43,"The white player is kicking with his left foot, the ball is most likely near his foot.",F2
4.jpg,44,The player in the white shirt is kicking the ball towards the right. It is most likely that the ball is being kicked in cell F2.,F2
4.jpg,45,The player in the white jersey (left) is kicking his leg to strike the ball. I expect the ball to be close to his foot.,F2
4.jpg,46,"The player in the white jersey (cells C1-F2) seems to be kicking or about to kick something. Considering the pose and the usual play in soccer, the ball is likely close to his foot. I estimate the ball to be in the empty space between his foot and the other player in the distance.",F2
4.jpg,47,"The player in the white jersey is kicking the ball towards the right. The white player's kicking motion is centered in grid cell E2. The ball is likely just forward from the kicking foot, so it is most likely in cell F3.",F3
4.jpg,48,Given the player's posture and leg position in cell F2 it is most likely that he just kicked the ball. Therefore the ball is in the cell directly in front of him.,F3
4.jpg,49,"The player in the white jersey (on the left of the image) is in the act of kicking the ball. His right foot is forward, with his left leg is back. It is most likely the ball is positioned between his feet in order for him to make contact with it, which would be positioned near his left foot. The right leg is extended in the direction of impact.",F2
4.jpg,50,"Given the posture of the player in the left portion of the image, it appears he is kicking the ball forward. The position of his foot is close to where grid cell E2 is. Therefore, the ball would likely be in grid cell F3.",F3
56.jpg,1,"The player in C8 seems to be kicking the ball. Considering the player's position, it is likely that he is kicking the ball forward towards the goal.",C9
56.jpg,2,"Given the position of the player in the white shirt (at C1-C2), it's likely that the ball was recently passed to him. The most likely location for the ball is near his feet.",C1
56.jpg,3,The ball is most likely in the area in front of the player in C1. He looks as if he has kicked the ball so it must be in front of him.,C2
56.jpg,4,"The player in cell C2 is looking toward the opposite side of the field. Given the position of the players, the ball would most likely be in the middle of the field.",D4
56.jpg,5,"Given the position of the players, the ball is likely to be in transit between them. Specifically, I believe it is near the feet of the player in C9.",C9
56.jpg,6,"The ball is most likely located at the feet of the player in C1, since most plays start with a pass or dribble of the ball.",C1
56.jpg,7,"Given the players' positions and where they are looking, and the typical flow of a soccer game, the ball is likely somewhere between the two players on the right, perhaps in the vicinity of cell B9. However, a more conservative estimate that considers the perspective of the player on the left might be in cell C7. There is also the player that is in cell C2. This player looks like he has the ball at his feet and is in the middle of a play. Therefore the ball is most likely near him.",C2
56.jpg,8,"The player in cell C2 is running towards the right, and appears to be kicking the ball. Therefore, the most likely location of the ball would be slightly in front of him, within reach of his kick, and in the direction he is running.",C3
56.jpg,9,"The player in cell C2 has their leg extended as if kicking the ball, so the ball is likely just in front of them.",C2
56.jpg,10,"Given the position of the player in C2, he has likely passed the ball to the player in C7.",C3
56.jpg,11,"Given the position of the player in cell C2, it's likely he has just passed the ball forward. Given the player facing towards the opposite goal, the ball will be forward and relatively close to him, so somewhere between D2 and D3.",D2
56.jpg,12,"The player in cell C2 is in motion and appears to have just kicked the ball. Given his body language and direction of motion, the ball is most likely located in front of him and slightly to his right.",D3
56.jpg,13,"Given the proximity of the players, it is likely the ball is near their feet. This suggests that the ball would be in the vicinity of cell C2.",C2
56.jpg,14,"Given the position and direction of the player in B1, the ball is probably at his feet.",C2
56.jpg,15,"Given the positions of the players, they are mostly moving toward the center of the pitch. It is likely that the ball has been kicked from the player in the left near cell B2 toward the player in front of the grid cell C6. Since this is a still frame, it could be located anywhere in between but i'll guess it is in the vicinity of C4.",C4
56.jpg,16,"The player in grid cell C1 is kicking, which probably means the ball is near him.",C1
56.jpg,17,"The player in the bottom right is in the process of kicking the ball, so it should be near his feet.",C9
56.jpg,18,"Based on the player postures and typical soccer gameplay, the ball is most likely in the vicinity of the two players in black uniforms. Given that the player in front is about to make contact with the ball, I infer that the ball should be very close to the ground, somewhere between the players' feet.",C9
56.jpg,19,"Given the position of the player in cell C2 and the general flow of play, the ball is likely between the player and the boundary line.",C1
56.jpg,20,I think that the most likely location of the ball is in cell C2. The player in cell C2 looks like he is dribbling it.,C2
56.jpg,21,"The player in cell C1 looks like he is kicking, based on his pose and orientation. The ball would likely be slightly in front of his foot, between cell C1 and D2.",D2
56.jpg,22,"The players on the left, in cell C1, are running towards the right direction. The players on the right, in cell C9, are looking towards the center-left direction. The player in cell B7 is running towards the goal in cell A10. The ball is most likely at D4.",D4
56.jpg,23,"Considering the player in C2 is in the motion of passing, the ball is most likely in front of him towards where he is looking.",D2
56.jpg,24,"Based on the player's body language, it looks like the player in cell C2 has just kicked the ball. The ball would be moving in the direction the player is facing. The location the ball is most likely headed is between cells D2 and E3.",D2
56.jpg,25,"In soccer, the ball is often passed, dribbled, or shot towards other players or the goal. One of the players located at C1, C7 and C9 can be the ones that are playing with the ball at this point. The most likely location is in the center of the field, possibly being played by one of the players in C7 or C9. The ball is most likely going to be near one of their feet. Since C9 appears to be kicking the ball, that is the most likely location for the ball.",C9
56.jpg,26,"Given that the soccer player in cell C2 has his foot extended forward, it's logical to infer that the ball has just been kicked or is about to be kicked, so, the ball would be nearby this player, most likely at a closer range.",C2
56.jpg,27,The player in black and white is in a kicking position. It's safe to assume that the ball is infront of the player in cell C2.,C2
56.jpg,28,"The player at C2 has just kicked the ball, as indicated by his leg position. Given the position of other players, the most likely direction of the ball is towards the center of the field. It is unlikely it would be kicked backwards.",D4
56.jpg,29,The ball is most likely located near the player in C2. This is because there is a player at C2 kicking the ball and also near the middle of the field and toward the far side of the field near C2.,C2
56.jpg,30,The most likely location of the ball is being kicked by the player in C1.,C1
56.jpg,31,"Based on the position of the player in C1 and the orientation of the forward players, the most likely location of the ball is in the D3-D4 area. It seems like the player from C1 is about to pass the ball to the other players.",D3
56.jpg,32,"Based on the player in cell C9, the most likely place for the ball to be is close to him.",C9
56.jpg,33,"Given the position of the players and the direction they appear to be moving, the ball is most likely in the vicinity of player 1. The player is most likely dribbling the ball so it is probably in close proximity to their feet, so C2 is likely.",C2
56.jpg,34,"The player in cell C2 is likely passing or dribbling the ball in the direction he is running. Thus, the ball is probably somewhere in the D2 or E2 region. Given the angle of his leg, D2 seems more probable.",D2
56.jpg,35,"Given the location of the players on the field, it is most likely that the ball has already passed the players and is headed near the border of the field.",E1
56.jpg,36,"The player in cell C2 is looking down and to the right, which is a common indicator of where the ball is likely to be. The player in cell C9 has just kicked the ball and the player in cell B2 is moving toward that area. Thus, C2 seems to be the best bet.",C2
56.jpg,37,A player is in the act of kicking the ball in C1. Therefore the ball is likely just slightly ahead of his foot.,C1
56.jpg,38,"The ball is likely at the feet of the player in C8, who appears to be dribbling the ball.",C8
56.jpg,39,"The player in B1 is likely trying to kick the ball forward towards the players upfield. Based on his position and direction, I would predict the ball to be near the intersection of 4 and D.",D4
56.jpg,40,"Given the positioning of the forward player in C2 and the forward player in C7, the ball is most likely to be in between them, in the middle of the field.",D4
56.jpg,41,The player in C2 has his foot extended as if he has just kicked the ball.,C2
56.jpg,42,"Based on the position of the forward player wearing white at the grid lines of B6, and the trajectory of the forward facing right from grid cell B1, the player must be trying to center the ball or pass it to a teammate. Since players are running into the attacking third and are ahead of the player with the ball I will place the ball in a cell near to the attacking players.",C9
56.jpg,43,"Considering the positions and orientations of the players on the field, especially the player in cell C2, it is most likely that the ball was recently passed from or is about to be passed towards the area around D3 and D4.",D3
56.jpg,44,"Considering the players on the field, it looks as if the player in Cell C2 is in the middle of dribbling. The ball is most likely in front of his foot as he runs down the field.",D2
56.jpg,45,"The player in cell C2 is kicking. Since the motion of his leg is going toward cell B1 or C1. I would expect the ball to be in that area or in-between. However, if the player is passing to the other player in the midfield, the ball would land between cell C6-C8.",C2
56.jpg,46,"The player in C8 is actively kicking, so the ball is likely in the same grid cell.",C8
56.jpg,47,It is very likely that the player in grid cell C8 has the ball based on the other players' positions.,C8
56.jpg,48,"The player in cell C2 is looking down toward the left, indicating he is either about to kick the ball or just kicked the ball. The ball is unlikely to be behind him, so I believe the ball is likely in cells C1-D1.",D1
56.jpg,49,"Given the position of the players, it is most likely that the ball is near player in cell C8.",C8
56.jpg,50,"Given the players running towards the goal and their positions, it's likely the ball is between the player in C8 and the player in C9, likely at their feet, meaning D8 is a good estimate.",D8
354.jpg,1,"The player in the maroon jersey is making contact with his right foot. Given the direction of his body, it's likely he's just kicked or is about to kick the ball.",E2
354.jpg,2,"The player is kicking the ball. Given the location of his foot, and angle it is most likely the ball would be on the ground just in front of his foot.",E2
354.jpg,3,"The player in the maroon uniform is in the process of kicking the ball. His foot is in contact with the ground, which indicates he has recently kicked the ball.",E2
354.jpg,4,"The soccer player on the left is kicking with his right foot, therefore the ball is close to his right foot.",E2
354.jpg,5,"The player in the maroon shirt is kicking with his right foot, and the tip of his boot is in E2. Assuming that the ball has just left his foot it will be slightly ahead of him.",F2
354.jpg,6,The forward is kicking his right foot to make contact with a soccer ball. I would expect the ball to be just off the tip of his right shoe.,E2
354.jpg,7,"The player on the left is kicking the ball with their right foot. Therefore, the ball is likely at the location of his foot in cell E2.",E2
354.jpg,8,"The ball has just been kicked by the player, so I would expect it to be near his foot. His foot is on cell E2 and moving in the direction of E3 and F4. F4 makes the most sense.",F2
354.jpg,9,The player in the maroon jersey is making contact with the ball. The ball would be located near his right foot in the image.,E2
354.jpg,10,"Given the position of the player on the left who has just kicked the ball, and his trajectory, it is most likely that the ball is close to his right foot right after kicking it.",E2
354.jpg,11,"The player in the maroon and blue uniform is kicking the ball with his right foot. His foot appears to be making contact in square E2. Given the angle of his leg and how the rest of his body is oriented, the ball is likely in square E2. It's most probable that he's following through with the kick, which could mean that the ball is just slightly further forward from the point of contact.",F2
354.jpg,12,"The player is looking down towards the ground to his right, which is where he is moving. The position of his foot suggests he has just kicked the ball or is about to.",E2
354.jpg,13,The soccer player in the maroon shirt is kicking. The placement of his foot makes the most likely area F2.,E2
354.jpg,14,"The player's right foot is extended in a striking motion, so the ball is most likely very close to the foot, which is positioned in F2.",F2
354.jpg,15,"The ball is most likely in the area where the player's foot is making contact with the ground. Based on the image, the player's right foot is near grid cell F2/E2, which means the ball is most likely either just been kicked or about to be.",E2
354.jpg,16,"The player in the maroon kit is kicking, so the ball is most likely around his foot. Looking at his stance and the position of his right foot, the ball should be located around cell F2 or E2. Given that his foot is at F2 I think the ball would be in cell F2",F2
354.jpg,17,"The player in the maroon and blue uniform is in the act of kicking. Based on the position of his leg, it's most likely he just kicked the ball, and it is just leaving his foot.",E2
354.jpg,18,"The player in the maroon uniform has just kicked the ball with his right foot. Therefore, the ball is likely to be right in front of his foot, on the ground.",E2
354.jpg,19,"Based on the image, the player on the left (in the maroon/purple kit) has just kicked the ball. The position of his foot and the direction he's facing indicate that the ball was right near his foot and traveling toward the right. Therefore, the ball is likely near his foot right as he is kicking it.",E2
354.jpg,20,"The soccer player on the left is in the process of kicking the ball and his foot is making contact with the ball at grid E2. So the ball would be in front of him. The soccer player is moving towards the top right, so the ball is likely to be in cell F4.",F4
354.jpg,21,"The soccer player in the image is kicking the ball with his right foot in the lower-left corner. Based on the positioning of his leg, the ball is likely located in the grid where his foot is making contact with the ground.",E2
354.jpg,22,"The soccer player in the bottom left is in the act of kicking, so the ball should be near their foot.",E2
354.jpg,23,"The player in the maroon uniform appears to have just kicked the ball. Based on the position of his leg and foot, the ball would be located near his foot.",E2
354.jpg,24,"The player in the maroon jersey is kicking his right leg, which is very likely in contact with the ball. Therefore, the ball should be located near his foot and leg.",E2
354.jpg,25,The player in the left is kicking. So the ball is likely in the position of his foot.,E2
354.jpg,26,"The player in the maroon jersey is kicking the ball with his right foot, which is planted in cell E2. The ball would likely be in the direction his foot is pointed, which is forward toward the goal. The ball should be on the ground and near his right foot as he is kicking it.",E2
354.jpg,27,"The player in the maroon jersey is positioned to kick the ball, so the ball is likely near his foot.",E2
354.jpg,28,"The player on the left is kicking the ball with his right foot. Therefore, the ball is most likely located in front of his foot, just as he is making contact with it.",E2
354.jpg,29,"The player in the maroon uniform is kicking with his right foot. Based on the position of his foot and leg, the ball would be located in front of him.",F2
354.jpg,30,"The soccer player on the left just kicked the ball, so the ball should be somewhere in the cell where his foot is located.",E2
354.jpg,31,The soccer player in the left side of the image is in the middle of kicking.,E2
354.jpg,32,"The player in the maroon and blue kit appears to be kicking the ball with his right foot. Therefore, the ball would be located in front of his foot.",E2
354.jpg,33,"The player on the left is kicking with his right foot, which is planted in the ground. I'm assuming the ball is right in front of his foot.",E2
354.jpg,34,The ball is most likely near the feet of the player in the left of the image. The player on the left's foot is raised as though he is kicking a ball.,E2
354.jpg,35,"The soccer player in the image is kicking with his right foot, so the ball would likely be at his feet. This would place it at the intersection of grid cells E2 and F2. Because he is kicking the ball with his right foot the ball is likely a bit in front of him in this moment.",E2
354.jpg,36,"The player in the maroon jersey is kicking his right foot. Given the position of the player and his kicking motion, the ball is most likely in front of his right foot and close to the ground.",E2
354.jpg,37,"The player in the maroon uniform appears to be in the action of kicking the ball, and his right foot is planted near location E2 while his left foot is near E2 but heading towards cell F2. Thus, the ball is likely in contact with his foot at either E2 or F2. F2 seems more likely since that is the likely trajectory.",F2
354.jpg,38,"The player in the maroon kit is in the process of kicking the ball with his right foot. Given the trajectory of his leg, the ball is likely in the region around his foot.",E2
354.jpg,39,"The player in maroon is in the process of kicking, therefore the ball must be somewhere near his kicking foot.",E2
354.jpg,40,The soccer player on the left is in the act of kicking. His foot is extended suggesting that the ball was most recently near his foot. The player is located mostly in grid cell E2.,E2
354.jpg,41,"Given the position of the player and the angle of his foot, he has most likely just kicked the ball to the right of the image.",E2
354.jpg,42,"The player in grid cell E2 is kicking with his right foot, therefore the ball is most likely located in the area in front of his kicking foot.",E2
354.jpg,43,"The soccer player in the left part of the image has just kicked the ball with his right foot, which is located at E2. Given the orientation of his body, he is likely kicking the ball forward towards the center or slightly to the right of the center. Therefore, the ball is most likely located a short distance in front of him along the ground.",F2
354.jpg,44,"The forward is kicking, so the ball is most likely right where his foot is about to make contact.",E2
354.jpg,45,"The player on the left is kicking the ball, so it is likely located near their foot at the moment of impact. Their foot is in cell E2.",E2
354.jpg,46,"The player is about to kick the ball, so the ball must be near his foot. The player's foot is in the F2 cell.",F2
354.jpg,47,"The soccer player on the left of the image is kicking the ball with his right foot. The ball should be right in front of him, where his foot contacted it.",E2
354.jpg,48,The player is about to kick the ball. I can see the bottom of the player's shoe at the front of the grid in cell E2 so I will place the ball one cell ahead and on the ground which is F2.,F2
354.jpg,49,"The soccer player on the left is making contact with his foot with the ground, so the ball is most likely in front of the player.",E2
354.jpg,50,The soccer player on the left is in the middle of kicking the ball. We can see his foot is connecting or just connected with a ball that is no longer visible. It must be in that location.,E2
94.jpg,1,"Based on the positions of the players' feet and legs, especially number 22, the ball is most likely just in front of his feet.",F4
94.jpg,2,Player number 22 is looking down and extending their leg as if they are kicking a ball. The ball would have to be somewhere near their foot.,F4
94.jpg,3,"Based on the players' positioning and movements, specifically around player 22 and 35, the ball is likely on the ground in between them.",F4
94.jpg,4,"Considering the players' leg positions and the general flow of the game, the ball is likely between the player with the number 22 and the player with the number 35. It would be on the ground in the vicinity of their feet.",E4
94.jpg,5,Player number 35 is kicking. I believe the ball is just in front of him and likely in row F.,F4
94.jpg,6,"Player number 35 is in the act of kicking, based on the angle of his leg it is most likely he has just kicked the ball in the immediate area in front of his leg.",F4
94.jpg,7,"The player wearing number 35 is kicking his left foot and in the image, it looks like his left foot is kicking something. It would most likely be the soccer ball, so the soccer ball should be somewhere around his left foot.",F4
94.jpg,8,"Player 22 is in the act of kicking or intercepting something. The player has his foot extended outwards as if kicking. Therefore, the ball is probably in front of the player's kicking foot.",F4
94.jpg,9,"Based on the player's actions and body orientation, it appears the player with #35 is trying to kick the ball, so it should be in front of him.",E5
94.jpg,10,"The player in cell E5 is kicking his leg, and the player in cell F3 is sliding. Therefore, the ball would be in the general area of both of those players.",E4
94.jpg,11,"Player 22 and Player 35 seem to be contesting for the ball. The ball would most likely be at their feet or a little ahead of them. Given the players' body positions, I'm guessing the ball is slightly ahead of player 22 but still at their feet.",F4
94.jpg,12,"Based on the body positions of the players involved, it seems as if the ball was kicked around cell F4.",F4
94.jpg,13,"Looking at the image, it looks like the player with the number 22 is about to kick the ball. We can see that his leg is in a position that suggests he is about to make contact with the ball in the F3/E3 area.",F3
94.jpg,14,Player 22 in cell F3 appears to be in the middle of kicking the ball. His leg is extended in that direction. Also player 35 in cell D5 appears to be reacting to something near cell F3.,F4
94.jpg,15,"Given the player movement and the position of the players' legs, it's most likely the ball was located at the intersection of the feet from player 35 and 22.",E4
94.jpg,16,"Player with number 35 has his right leg extended forward to kick the ball. Based on the angle of the leg, it is likely the ball is close to their foot near the ground.",F4
94.jpg,17,"Player 35 is facing right and his legs are in a position where he could be kicking the ball. Player 22 is also close to the ball and could be involved in a tackle. Based on their position and orientation, the ball would most likely be in front of player 35's kicking foot.",F4
94.jpg,18,The player in cell E5 is kicking his leg out. The ball is likely to be in contact or near the kicking foot.,F4
94.jpg,19,"Based on the players' positions and actions, it looks like player number 35 is about to kick a ball located between players number 22 and 35.",E4
94.jpg,20,"Based on the positions and orientations of the players, it looks like a tackle occurred. The player in the black uniform numbered 22 looks like he tackled the player in the white uniform numbered 33. The player in the white uniform numbered 35 is in a position to strike the ball. Therefore, the ball is likely near the feet of the players numbered 22, 33, or 35. Considering the angle of #35's foot, the ball is likely just out of his reach.",F4
94.jpg,21,"Based on the players' positions and actions (especially the player with the number 22 on his back appearing to challenge and the player with number 35 moving, it is most likely that the ball was positioned in that general area.",E4
94.jpg,22,"Player number 22 is looking down, and his leg is extended forward, as though he is trying to kick the ball. Also, Player number 35 seems to be reacting to something near the ground.",F4
94.jpg,23,"Considering the positions of the players, especially number 22 and number 35 who seem to be contesting for the ball, it's most probable the ball was located in cell F4.",F4
94.jpg,24,"Player number 22 appears to be kicking his right foot, it's plausible that the ball is there. Player number 35 and player number 22 are also looking to that point, the ball must be located around there",E3
94.jpg,25,The player in cell F3 has his leg extended and is likely kicking a ball in that area. The player in cell F4 is also facing the area.,F4
94.jpg,26,"Based on the body positions and where the players are looking, the ball is most likely at the players feet in cell F4.",F4
94.jpg,27,"Player 22 is kicking their foot towards the area in cell F4. This indicates that the ball would be right in front of them, therefore I assume the ball is in cell F4.",F4
94.jpg,28,"The players are located in and around the E4 and F4 grid cells, specifically the player with the number 22 on the back looks like they could be kicking the ball, so it is likely in cell F4.",F4
94.jpg,29,"Player 22 is kicking, and player 35 appears to be reacting to something near their feet. Therefore, the ball is most likely on the ground near players 22 and 35's feet.",F4
94.jpg,30,Player number 22 is likely kicking or about to kick the ball. It would be at foot level in that general area. Player 35 also seems to be in a kicking stance.,F4
94.jpg,31,"Based on the positions and actions of the players, the ball is likely in the vicinity of where players 22 and 35 are interacting. Given their leg positions, the ball is most likely near the ground between them.",F4
94.jpg,32,"Given the motion of the players, particularly the player in cell E3 and the player in cell E5, it's likely that the ball was near their feet. Also, the player in cell E5 looks like he is trying to kick the ball, so it would likely be in the air near his foot.",E4
94.jpg,33,"Player 22 in cell F3 and Player 35 in cell E5 are very close to each other. Based on their positions, it seems likely that one of them may have been tackling, passing, or trying to control the ball. Therefore, it is plausible that the ball was near their feet just before it was removed.",F4
94.jpg,34,"Based on the positions of the players and the direction of their movement, it's likely the ball was at the feet of player number 35 just before the image was captured.",E5
94.jpg,35,The ball is likely near the player with the number 22 because he is looking in that direction and has his leg extended as if he just kicked the ball.,F4
94.jpg,36,"Based on the positions of the players' feet and legs, and the general soccer playing context, the ball is most likely near their feet, specifically the area in front of players 22 and 35.",F4
94.jpg,37,"Given the positions of the players and their legs, it seems likely the ball was being passed/kicked between players in cells E2-E6. Given the player in cell E3's leg is extended, it is most likely they were kicking the ball forward towards cells F4.",F4
94.jpg,38,The feet positioning of the players in the image suggests they are focused on a point in the soccer field. It is most likely that the ball is located between cells F4 and F5 since that is where they are directing their feet towards.,F4
94.jpg,39,"Player 35 appears to be in the act of kicking the ball. Given his position and the location of his feet, the ball is most likely just in front of his right foot.",F4
94.jpg,40,The player in cell F3 is looking down at the ground in front of them. There is also a player in cell F5 who seems to be kicking at something. This suggests the ball would be between these two players.,F4
94.jpg,41,"Player 35 is reaching out as if about to control or take possession of a ball at his feet. Given the position of his feet, the ball is most likely in the F4 area.",F4
94.jpg,42,Player 22 is positioned to kick the ball with his right foot. This would make the ball appear to be at ground level just in front of his right foot.,F4
94.jpg,43,"Based on the positions and actions of the players, the ball is most likely on the ground in front of player 35.",E5
94.jpg,44,"Player number 22 is looking down, possibly at the ball at his feet. Also, the player number 35 appears to be moving his legs as though he might be kicking a ball.",F4
94.jpg,45,"Based on the position of the players and their body orientations, it seems likely that the ball was close to the feet of players 22 and 35. Thus, the most probable location is in cell F4.",F4
94.jpg,46,"Player 22 is kicking his left foot forward, so it's likely to be in that area of the field. Player 35 is reacting.",F4
94.jpg,47,The player wearing number 22 appears to be about to kick the ball. It's likely to be near his feet.,F3
94.jpg,48,"Given the position and body language of the players around, and the presence of someone kicking, the most plausible location for the ball would be close to feet of the players in the E4 and F4 region.",F4
94.jpg,49,"Based on the player positions and body orientations, a likely location for the ball is between player 22 and player 35, near their feet.",F4
94.jpg,50,"The player wearing number 22 is looking at the ground, in what seems to be a kicking motion. The player wearing number 35 also seems to be engaged in the play. Therefore, the ball is likely at their feet.",F4
5.jpg,1,The forward leaning position of the player in the white jersey suggests he may be kicking the ball at or near his feet.,C2
5.jpg,2,"The player on the left seems to be making a play. Based on the positioning of the players and the movement, it's likely the ball was in front of the player's foot at the moment this image was taken.",C2
5.jpg,3,"Based on the position of the player on the left side (white uniform), he is most likely kicking the ball. Since his foot is behind the line of the white line, the ball is most likely in Cell D2.",D2
5.jpg,4,"The player in the white kit appears to be kicking or reaching for the ball. Given the position of their leg/foot, it's most likely they are about to make contact with the ball in front of them.",D2
5.jpg,5,The player on the left is clearly kicking or has just kicked the ball with his left foot. Therefore the ball is most likely located in the immediate vicinity of that foot.,C3
5.jpg,6,The white player is extending his left arm as if he just struck the ball. The location of the ball should therefore be near his left arm and foot.,D2
5.jpg,7,"The player on the left (in white) is extending his arm towards the direction where the ball would likely be. Given the pose of the player, the ball is most likely slightly in front of him and close to the ground.",D2
5.jpg,8,"The black player is reaching out with his left hand, suggesting he is about to play the ball. Therefore, the ball is likely in front of him, slightly to the right.",D2
5.jpg,9,"The player in the white jersey is kicking with his left foot which is close to the ground. Based on that information, the ball is likely in front of his foot.",D2
5.jpg,10,"The player in the white jersey is likely attempting to kick the ball. Given the position of his foot and the direction he is facing, it is likely that the ball was located right in front of him, near his foot.",D2
5.jpg,11,"The player in the white jersey is facing towards the right of the frame and appears to be kicking with his left foot, based on the position of his legs and arms. Therefore, the ball would most likely be in front of him and slightly to his right.",D2
5.jpg,12,"The ball is likely to be close to the left-most player as it looks like he's about to kick it. Given the position of his foot, the ball should be at around the D2 or D3 region.",D2
5.jpg,13,"The ball is most likely located near the foot of the player in the white jersey, as they are in motion. The position of the body and foot indicate a potential kicking motion. The location of the ball is most likely in cell D2.",D2
5.jpg,14,"The forward player on the left (in the white jersey) is extending his right arm forward in a gesture that indicates he likely just struck the ball with his foot. Considering the positioning of his body and the direction he is facing, it's highly probable that the ball was located just in front of him on the ground, slightly to his right.",D2
5.jpg,15,"The player on the left is kicking the ball forward. We need to find the location in front of his leg where the ball is most likely to be. Considering the player's motion and the likely trajectory of the ball, the most probable location is on the ground in grid cell D2.",D2
5.jpg,16,The player in the white jersey is reaching with his hand. It is likely that the ball would be in the area in front of him.,D2
5.jpg,17,"The white player is likely kicking the ball with his left foot. His left foot is behind him, and his right arm is extended forward for balance.",C3
5.jpg,18,The player in the white shirt is kicking in the general direction towards the red shirt player that is in grid location B2. I would estimate that the ball is in grid cell D2.,D2
5.jpg,19,The white player is reaching out towards the space in front of them as if they are playing a ball that is near the ground. The red player in the image is running ahead of the white player.,D2
5.jpg,20,The player on the left in the white jersey is extending his arm with his hand open as if he is about to try and get the ball. I suspect he is about to kick the ball.,D2
5.jpg,21,The player in the white shirt is reaching with his right hand. It is likely the ball is in front of him at that location.,D2
5.jpg,22,"The white player has his left arm extended, which suggests he either just kicked the ball or is about to. Assuming he just kicked the ball, the most likely location is near his foot.",C2
5.jpg,23,"The player in the white shirt appears to be kicking. Based on the positioning of his leg, the ball would be just in front of his right foot.",D2
5.jpg,24,"The player in the white jersey is lunging/kicking. It is most likely he is trying to kick the ball, thus the ball is likely located in front of him, slightly to his right.",D2
5.jpg,25,"The white player on the left is likely kicking the ball. His foot is extended forward, so the ball would be in front of his foot.",D2
5.jpg,26,"The player on the left is likely attempting to kick the ball, so it would be in front of him, near his feet.",D2
5.jpg,27,"The black player appears to be kicking his leg, so the ball is most likely in front of him. I would guess the ball is located within his immediate kicking range.",C2
5.jpg,28,"The black player's hand is extended as if they are about to make contact with the ball. Thus, the ball is likely to be located near their hand.",D2
5.jpg,29,"The white player in the foreground is likely kicking the ball, so it would be near his feet.",D2
5.jpg,30,"The player on the left is extending his left arm out, which suggests he recently kicked the ball to his right.",D2
5.jpg,31,"The white player in cells B1 and C1 looks like they are about to make contact with the ball. The position of their leg and body suggests they will kick the ball forward to the right. The player in cells A3 and B3 is getting ready to run. Therefore, the ball would most likely be near the foot of the white player.",D2
5.jpg,32,"Given the position of the player on the left, it's likely that the ball was in front of him, and he might have been about to kick or dribble it. His arm motion also suggests he's about to make contact with something in front of him.",D2
5.jpg,33,"The player in the white jersey appears to be kicking or passing, so the ball would be near their feet. It is difficult to know precisely where.",C2
5.jpg,34,The white player is in the process of kicking. The ball should be around his foot.,C2
5.jpg,35,"The white player is reaching towards the right with their foot, suggesting they are trying to kick or pass the ball in that direction. The most likely location would be in front of the player's foot, close to where they're about to make contact.",D2
5.jpg,36,"The white player's left hand is extended in a position to touch a ball, suggesting the ball is near that hand.",D2
5.jpg,37,The white player is extending his right arm and most likely attempting to make contact with the ball. It is thus very likely the ball is near his hand.,D2
5.jpg,38,"The black player is reaching out his arm and hand towards the ground in front of him. This is a good indication that he is trying to play the ball, and is likely quite close to where he has his hand.",D2
5.jpg,39,The ball is likely to be near the feet of the player in the white jersey or slightly in front of him. He appears to be kicking the ball forward.,D2
5.jpg,40,The white player is extending his right arm as if making contact with the ball. The position of the arm suggests the ball is slightly in front of him and at a low position near the ground.,D2
5.jpg,41,"Given the position and arm motion of the player on the left, he just kicked the ball. It is most likely he kicked the ball forward, and the ball is currently in front of him, possibly just off his foot.",D2
5.jpg,42,"The player in the white jersey is extending his leg and reaching towards the ground with his hand, suggesting he has just kicked or is about to kick the ball. Therefore, the ball is most likely located in front of his foot.",D2
5.jpg,43,"The player on the left is reaching with his foot, and the other player is in stride, both of these imply that the ball is near the players feet.",D2
5.jpg,44,"Given the position and posture of the player in the white jersey, it's highly probable that they are attempting to kick the ball. The location of their leg and foot implies that the ball would be in close proximity to the foot.",D2
5.jpg,45,"The player on the left is in the process of kicking the ball. His foot is moving forward and his hand is stretched. Therefore, the ball is likely in front of him, just past the end of his foot and below his hand.",D2
5.jpg,46,"The player in the white jersey appears to be kicking, or has just kicked, an object with their left leg. His left leg is forward and slightly bent. Given this information, the ball would likely be positioned just in front of his leg at a location between cells C2 and D2.",D2
5.jpg,47,"The ball is likely in front of the player with the white jersey, possibly close to his feet. He appears to be reaching for it. The most likely location is therefore near the intersection of columns 2 and 3 and rows C and D.",C3
5.jpg,48,"The player on the left seems to be reaching out to make contact with something. Based on the position of his hands, the ball is likely to be on the ground in front of him, in grid cell D2.",D2
5.jpg,49,"Based on the proximity of the player's foot in grid C3 and the positioning of his leg, it's reasonable to assume the ball was just kicked. I would estimate that the ball is in grid cell D3 or D4, but closer to cell D3. Considering the position of the player in cells C1 and D1, he most likely kicked the ball from a lower position, close to the ground. Thus the ball is most likely in cell D2. The player in cells A3, B3 and C3 is facing forwards so the ball is most likely in cells C3 or C4. Given that the player in cells C1 and D1 just kicked the ball, the ball is most likely located near his feet. Therefore, the ball is most likely in grid cell D2.",D2
5.jpg,50,"The white player is reaching forward with their left arm, suggesting they are about to kick the ball. I would expect it to be close to his foot, slightly in front of him.",D2
154.jpg,1,"The player in the blue shirt appears to be kicking the ball with their right foot. Therefore, the ball is likely close to their foot.",E4
154.jpg,2,The blue player is in the middle of kicking. The ball must be in that area on the ground.,E4
154.jpg,3,The blue team player in cell E4 is kicking with their right leg. A soccer ball would be in proximity to their foot in order for that to occur. It is most likely near his right leg.,E4
154.jpg,4,"The player in the light blue jersey in grid cell E4 is likely in the act of kicking the ball. Therefore, the ball would have been located near their foot.",E4
154.jpg,5,"The player in the light blue jersey in grid cell 4/5 is in the middle of kicking, so the ball is likely right in front of him.",E4
154.jpg,6,"Given the stance and leg position of the player in the blue uniform in cell E4 and the proximity of the leg to the ground, the ball is likely at his feet.",E4
154.jpg,7,"The player in the light blue jersey is in the process of kicking. Therefore, it is most likely that the ball is near his feet, in the region that the player has just kicked.",E4
154.jpg,8,The soccer player in the light blue uniform in cell E5 is kicking his leg which means the ball is most likely in front of his foot.,F4
154.jpg,9,"The player in the blue jersey is kicking his right leg, and he is looking in that direction. This suggests he is kicking the ball forward with his right foot, which would be in front of him.",E5
154.jpg,10,The player in the light blue jersey (centered around D5) has his foot in the air as if he just kicked something. The position of his foot and the players around him suggest that the ball would be located at his feet.,E4
154.jpg,11,The player in the blue jersey is in the middle of a kicking motion. The ball is likely to be located near his feet.,E4
154.jpg,12,"Given the pose and direction of movement of the blue player in cell D5, the ball is likely in front of him, close to his foot. I am thus inferring that the location of the ball is between cell D5 and F5, but is most likely in F4.",F4
154.jpg,13,"The player in the blue jersey in grid cell E4/E5 has his foot in mid-air, kicking, suggesting he just kicked the ball. Also, based on the running/motion direction of the blue jersey player, the ball is likely slightly forward from their position, indicating a location in cell F4.",F4
154.jpg,14,"The player in the blue jersey is kicking his left foot toward the right (cell 5). Therefore, the ball would be in front of him in a position to receive the kick.",E4
154.jpg,15,"The player in blue is kicking the ball with his right foot. Since he is kicking with his right foot in cell E4, the ball must be somewhere around F4.",F4
154.jpg,16,"The player in the light blue jersey is in the middle of his kicking motion, and his foot is angled towards the ground. Therefore, the ball is likely somewhere near his foot.",E4
154.jpg,17,"The blue player in grid cell E4-F5 is in the middle of kicking the ball, his foot has just made contact with something. I am assuming that object is the soccer ball, which would be directly in front of his foot.",E5
154.jpg,18,The player in the light blue jersey is in the motion of kicking the ball. The most likely location of the ball is just in front of the player's kicking foot.,E5
154.jpg,19,The player in the blue jersey in cell E4 has his foot positioned as if he just kicked the ball. The ball is therefore probably in front of that foot.,F4
154.jpg,20,The blue player in cell E4 has his right foot extended forward as if he has just kicked the ball. It's most likely just in front of his foot.,E4
154.jpg,21,"The player in the light blue jersey is mid-stride and leaning forward. His left foot is just completing a kick, which would likely be where the ball was at.",E4
154.jpg,22,"The player in the blue jersey in cell E4 is kicking their right leg forward, implying they just kicked or are about to kick the ball. Therefore, the ball is most likely located in front of that player, close to the ground, likely in cell E5. However, the player is mid-stride and the ball is likely slightly further along, closer to cell F4.",F4
154.jpg,23,The player in the light blue jersey is in the middle of kicking. The ball would be located in the zone around his kicking foot.,E4
154.jpg,24,"The player in the light blue jersey is kicking with his right foot, so the ball is likely in the area in front of his foot.",F4
154.jpg,25,"The soccer player in the light blue jersey appears to have just kicked the ball with his right foot. His foot is still extended, so the ball would be near his foot at a low height.",E4
154.jpg,26,"The player in the blue jersey in grid cell 4-5 has just kicked the ball. The foot is extended and is connected to the ground, it is likely that the ball would be just ahead of his foot.",F4
154.jpg,27,"The player in the light blue jersey is in motion, with their leg extended, suggesting they are kicking the ball. The most likely location is in front of their kicking foot, on the ground.",E4
154.jpg,28,"The player in the light blue jersey (center-left) appears to have just kicked the ball. Thus, it would be in the air slightly in front of him.",E5
154.jpg,29,"The player in the light blue jersey appears to have just kicked the ball. Given the position of his leg and foot, it is likely the ball was located just ahead of his right foot as he kicked.",E4
154.jpg,30,The player in the light blue jersey is kicking with his left leg. The ball is likely at the end of the kicking motion.,E4
154.jpg,31,The player in the light blue jersey is in the process of kicking. His leg is in mid-swing which suggest that the ball just left his foot. I would predict the location of the ball in front of him.,E4
154.jpg,32,"Given the position of the player in the light blue jersey, he likely just kicked the ball, so it's probably a short distance in front of him, close to the ground.",F4
154.jpg,33,"The player in the light blue jersey is kicking, so the ball is likely in front of his foot. The height of the grass also gives us clues, and it would likely be on the ground.",E5
154.jpg,34,"The blue team player in cell E5 appears to have just kicked the ball. His leg is extended and his foot is in the air. Therefore, the ball is most likely located near his foot, in cell E5.",E5
154.jpg,35,The player in the light blue jersey in cell 5 has just kicked the ball so it's likely slightly ahead of his foot.,E5
154.jpg,36,The player in the light blue jersey in cell E5 has just kicked the ball forward so it is probably in the area between his foot and slightly forward.,F4
154.jpg,37,"The light blue player is kicking his foot. Based on his foot position, the ball is likely in front of him.",E5
154.jpg,38,The player in the light blue jersey in cell E4/5 is in the middle of kicking/controlling the ball. The ball would have to be on the ground.,E4
154.jpg,39,"The player in the blue jersey (cell E4) appears to be kicking/dribbling the ball, so it should be right in front of him.",E4
154.jpg,40,"Given the positioning of the player in the light blue jersey, it is very likely that he just kicked the ball. Since his foot is in grid cell F4, the ball would likely have been in that same cell just before that.",F4
154.jpg,41,"The player in the blue shirt seems to be kicking the ball. The foot of the player in the blue shirt in column 5 looks like he is making contact with something, presumably the ball, which is likely near his foot.",E4
154.jpg,42,"The player in the light blue jersey in cell E4/5 appears to be kicking, so the ball is most likely near his foot.",E4
154.jpg,43,"The light blue soccer player in cell E4 looks like they just kicked the ball, and their foot is angled toward the right. Based on the trajectory of their foot, the ball is most likely in cell F4.",F4
154.jpg,44,The player in the blue jersey is kicking. The ball would be near his kicking foot.,E4
154.jpg,45,The player in the light blue jersey (cell D5) is kicking his leg forward. The ball is most likely at the end of his foot.,E4
154.jpg,46,"The player in the blue jersey in cell E4 is positioned with his foot extended as if he is kicking the ball. His gaze and body language also suggest this is where he is striking the ball. Therefore, it is likely that the ball is near his foot.",E4
154.jpg,47,"The player in the light blue jersey appears to be in mid-kick motion. Thus, the ball is likely located on the ground in front of his foot.",E5
154.jpg,48,"The player in the light blue jersey is kicking with his right foot, so the ball is probably in front of his right foot.",E5
154.jpg,49,"The player in the light blue jersey in cell 5 is in the middle of kicking. The ball would have been close to his right foot, and most likely just left contact. That would put it around cell F4 or F5.",F4
154.jpg,50,"The player in the blue jersey in cell E4 is in the middle of kicking the ball, with his leg extending toward the right and his foot pointed downwards. Therefore, the ball is likely located just in front of his foot, in cell F4.",F4
222.jpg,1,"The Manchester United player in cell C4 appears to be kicking or has just kicked the ball. I would expect the ball to be directly in front of them, or slightly to the right of them considering their body position. Therefore the most probable location of the ball is D5.",D5
222.jpg,2,"The player in the Manchester United kit is kicking with their left leg, meaning that the ball is very likely in cell D4.",D4
222.jpg,3,"The Manchester United player in cell C3 is mid-stride, indicating he is likely running toward the ball. The Manchester United player in cell B5 is also mid-stride, suggesting the ball is between him and the player in C3. The Arsenal player in cell D8 is also likely moving to intercept the ball. Therefore, the ball is most likely located between these three players, in cell D4.",D4
222.jpg,4,"Given the position of the ManU player at [5,C] and the fact that he is running, the ball is most likely just past him at his feet.",D5
222.jpg,5,"The Manchester United player in cell C4 is in the middle of taking a stride, which suggests that he may have just kicked the ball or is about to kick the ball. Given his body position and the position of the Arsenal player in cell D9, it is likely the ball is in the vicinity of C4 and moving towards the Arsenal player. Thus, D4 seems the most likely cell to contain the ball.",D4
222.jpg,6,"Based on the positions of the players, it is most likely that the ball is located somewhere between them, likely near the feet of the Manchester United player in the middle.",C5
222.jpg,7,"The Man U player in C4 is running forward and slightly to the right. The Man U player in B6 appears to have just passed the ball to the right. It is likely in transit between them, or slightly ahead of where the first player is kicking.",D5
222.jpg,8,"The Manchester United player in cell C4 is likely moving to his right. He has just finished his kicking motion, so he would've just kicked the ball slightly to his right, where the other Manchester United player is.",D5
222.jpg,9,The player in grid cell C4 is kicking towards the player in grid cell E8. There are no other players close by. The ball is most likely on the path between the player's foot and the other player.,E5
222.jpg,10,"Based on the position of the players, it's most likely the ball is in front of the Man U player who is running forward.",D4
222.jpg,11,"The Manchester United player in cell C4 is in the middle of his kicking motion. Therefore, the ball should be either just about to be kicked by his foot, or recently having been kicked. Therefore, the ball is most likely near his foot.",C4
222.jpg,12,"Given the position of the players, the ball is likely located between the two Manchester United players, which should be within 5/6 column and C/D row.",C5
222.jpg,13,"The Manchester United player in cell C5 is kicking his leg forward, and he seems to be near to another Arsenal player who is running. Therefore, it is likely the ball is in this area.",D5
222.jpg,14,The two players in the center of the image (one in the white jersey and the other in the red jersey) are facing each other. The player in the white jersey appears to have just kicked the ball towards the player in the red jersey. The likely location of the ball is between the two players at a distance that is typical for a kick in a game.,D5
222.jpg,15,"Based on the body language and positions of the two players (in white and in red) in the image, it is likely the ball is located around the area in between the player in white and the player in red. I would estimate cell D4-D5 to be the likely location of the ball. However, because the player in white seems to be slightly in the lead, a slightly more likely location would be D4.",D4
222.jpg,16,"Looking at the positions of the two players who are in the middle, the ball is most likely located around their feet between them, so I'm predicting between cell C5 and cell D5.",D5
222.jpg,17,"The Manchester United player in grid cell C3 appears to be kicking the ball towards the Arsenal player in grid cell D8, therefore the ball is most likely in grid cell D4.",D4
222.jpg,18,"Based on the positions of the players and their running directions, the ball is most likely between the player in the middle and the player running toward the bottom right corner.",D5
222.jpg,19,"Based on the positions of the players and their body language, the ball is most likely between the player in the white jersey (Manchester United) and the player in the red jersey (Arsenal) who has just passed him. This places it somewhere near cell D5. However, based on the fact that the player in the red jersey is mid-stride, it is more likely that the ball is further along his trajectory between the two of them towards the end of the D grid.",D6
222.jpg,20,"The Manchester United player in Cell C4 is in the middle of his kicking motion. The direction of his leg points towards grid cell E5. Also, there is a white line at D5 where the ball would likely be located.",D5
222.jpg,21,"Given the positions of the players, it's most likely that the ball is located between the two players, in front of the player in the red jersey's direction of travel.",D6
222.jpg,22,"Considering the positioning of the player in the white jersey kicking, and the player in the red jersey running, it is likely the ball is between them in front of the kicking players' foot, near the sideline.",D5
222.jpg,23,"The Manchester United player in cell C4 is in the middle of a running stride. Based on the positioning of his feet, it is likely that he just passed or is about to pass the ball to someone. The other Manchester United player in cell B6 has one foot raised, making it most likely that he is waiting for a pass from the other player. With that in mind, it is likely that the ball is in transit between the two players.",D5
222.jpg,24,"Based on the position of the players, it's likely the ball is somewhere between the two players who appear to be facing each other. Specifically, it would be near the feet of the player to the left, in preparation for a pass.",D4
222.jpg,25,"The Manchester United player in grid cell C6 is in the motion of kicking with his right leg. The ball would be in the path of the kick, likely very close to his right foot.",C6
222.jpg,26,"Based on the players' positions and actions, the ball is most likely located between the Manchester United player in the center and the Arsenal player on the right side of the image. The Manchester United player seems to be in the middle of kicking the ball towards the Arsenal player. Therefore the ball is most likely in cell D6 or C6.",D6
222.jpg,27,The Manchester United player in cell B5 and the Arsenal player in cell D9 are in motion. The other Manchester United player is also moving and seems to have kicked the ball recently. A likely position for the ball would be somewhere in front of him after that kick.,D5
222.jpg,28,The Manchester United player in cell C6 appears to have just made contact with the ball in that area.,C6
222.jpg,29,"Given the positions and running direction of the players, it is likely the ball is between player MU in C3 and ARS in C8.",D6
222.jpg,30,"Given the positions of the players from both teams, it is most probable that the ball is located somewhere between the two Manchester United players. Looking at the angle of the first Manchester United player's left leg, the ball is most likely located at cell D4.",D4
222.jpg,31,"Given the positions of the players and the direction of the play, the ball is likely somewhere in the space between the two players that are closest to each other, in line with their feet or slightly ahead.",D5
222.jpg,32,"Considering the positions and movement of the players, it is highly likely that the player in cell C6 has just passed the ball towards the player in cell B2, who is running forward. This will cause the ball to be found around D4.",D4
222.jpg,33,"The Manchester United player in cell C3 appears to be kicking with his right foot. Thus, the ball would most likely be in front of that foot at this stage, slightly to the right. That would place it in the cell D4.",D4
222.jpg,34,"The players are positioned in a way that suggests they are in the middle of the field. The Manchester United player in cell C4 has his foot in a kicking position, indicating he might have just passed or is about to pass the ball. The other Manchester United player in cell B6 seems to be running forward to receive the ball. Considering this context, the ball is most likely between them.",D5
222.jpg,35,"Given the position of the players and their movements, the ball is most likely located near the player in the middle of the image (wearing white), in the vicinity of the line marking.",C4
222.jpg,36,"Given the positions of the players, the ball is most likely between the two players on the right.",D6
222.jpg,37,The Manchester United player is in the middle of his kicking motion. It is likely that he is kicking towards the right.,D4
222.jpg,38,"The Manchester United player in grid cell C3/C4 is moving forward and appears to have just kicked the ball. The Manchester United player in grid cell B5/B6 looks to have just passed the ball and the other Manchester United Player looks to be dribbling forward. Given this information, it's likely that the ball is somewhere between grid cell C4 and C6. It is possible that the player in grid cell B5 just passed it and then the ball is likely to be near or at C6.",C6
222.jpg,39,"The Manchester United player in the white kit is running with his right foot extended, as if he just kicked a ball. Therefore, it is likely the ball was previously near his right foot, likely in front of him.",D4
222.jpg,40,"Given the positions of the players, the ball is likely being played down the field toward cell D5, where the Manchester United player is moving.",D5
222.jpg,41,"The ball is likely located between the two players who are running. They both seem to be going for the ball, so it is probably somewhere near their feet, around waist level, or lower.",C5
222.jpg,42,"The player in the white jersey (Manchester United) is in the middle of his stride, indicating he has likely just kicked the ball or is about to. His foot is pointing forward. The most likely location is a bit in front of him and low to the ground.",D4
222.jpg,43,"The player in the white jersey (Man U) is kicking. I assume the ball is where his foot is most likely to make contact, which is in front of him at ground level.",D4
222.jpg,44,"The Manchester United player in cell C4 appears to have just kicked the ball. Therefore, the ball is most likely somewhere between him and the Arsenal player running in cell D9. Cell E6 seems the most plausible location.",E6
222.jpg,45,The Man U player in cell C4 looks like he just kicked or is about to kick the ball.,D4
222.jpg,46,"The Manchester United player in the middle of the image has just kicked the ball. The Arsenal defender is moving to intercept. Therefore, the ball is most likely on the ground between the two players.",D5
222.jpg,47,"The Manchester United player in cell C3 is kicking, or has just kicked the ball. The player in cell C6 has his foot raised. This would be consistent with having just passed the ball and it is the most likely place the ball was.",D4
222.jpg,48,"Based on the position and direction of players in both teams, especially the Manchester United player in cell C4, the ball is likely in cell C5 since the player is running in that direction.",C5
222.jpg,49,The Man U player in grid cell C4 is likely passing the ball in direction of the Man U player in grid cell B6.,D5
222.jpg,50,"Given the position and movement of the players, it seems likely that the Manchester United player in column 6 has just passed or is about to pass to the Manchester United player in column 4. It's also likely that they're on the same line (or one above) in the grid so they can intercept the ball.",C5
223.jpg,1,"The player in red is kicking towards the goal. The goalkeeper is diving to try to save. Based on these factors, it is most likely that the ball is in front of the player kicking, and heading towards the goal.",D4
223.jpg,2,The red player is positioned in a way that he has kicked the ball. The ball would most likely be in his path towards the goal.,D4
223.jpg,3,"The player in the red jersey in cell D4 appears to be in the process of kicking. Based on the orientation of his body and leg, he is likely striking a ball that is near his foot, placing it somewhere around cell D4. It also looks like he is shooting toward the goal near cell A1.",D4
223.jpg,4,The red player in cell D4 looks like he is kicking the ball. So the ball is likely to be in that location.,D4
223.jpg,5,The player in the red jersey is in mid-kick. So I'll assume the ball is around him.,D4
223.jpg,6,"The player in the red jersey in cell D4 appears to be kicking, or has just kicked, the ball. His leg is extended and his body is angled in a way that suggests he's making contact with something at his feet. Therefore, the ball is likely in cell D4.",D4
223.jpg,7,"The player in the red shirt looks like he has just kicked the ball. His right leg is extended and slightly elevated, suggesting a recent ball contact. The trajectory would likely be toward the goal.",D4
223.jpg,8,"The player in the red jersey is kicking toward the goal. Given his body positioning, the ball is likely slightly below and to the left of his foot.",E4
223.jpg,9,"The player in the red jersey (presumably attacking the goal on the left) is in mid-kick, with his leg angled forward. The goalie is reacting to something on the right of the goal. Therefore, the ball is most likely between the two players, slightly elevated, and just to the right of the red jersey player.",D4
223.jpg,10,The ball is most likely to be around the foot of the player in cell D4. His leg is in a position to kick the ball toward the goal so it's likely right in front of his foot in cell D4.,D4
223.jpg,11,"The player in the red shirt appears to be kicking or passing the ball to the left of the image. Given his posture and the direction of his leg, the ball is likely near his foot or just slightly ahead.",D4
223.jpg,12,"The red team player in cell D4 appears to be striking the ball with his right foot. Given his body positioning and the direction he is facing, the ball would have been positioned very close to his foot as he strikes the ball, but slightly in front of him.",D4
223.jpg,13,"The player in the red and white jersey is kicking his left leg, suggesting that he is kicking the ball, so it's reasonable to assume that the ball is near his foot, in the F4 area.",F4
223.jpg,14,"The player in the red jersey is in the middle of kicking the ball, his leg is extended as if he just made contact with a soccer ball.",D4
223.jpg,15,Based on the position of the player in red and the direction of his leg movement it is most likely the ball is in front of him.,D4
223.jpg,16,"The player in red is in the middle of what appears to be a kick towards the goal. Therefore, the ball would likely be in line with his leg, and slightly ahead of him.",D4
223.jpg,17,"The player in the red jersey in cell D4 has his right foot raised as if to kick the ball, indicating he is in the process of shooting it. Since that's the most dynamic action in the frame, the ball is likely close to his foot.",D4
223.jpg,18,"The player in the red jersey (at coordinate 4-D) is in a kicking motion. Based on his body orientation, he is likely kicking the ball towards the goalpost on the left. Hence the ball should be located in Cell F4.",F4
223.jpg,19,"The Arsenal player in red is kicking towards the goal. The goalie is diving to his right in an attempt to block. Therefore, the ball is probably somewhere in front of the Arsenal player's foot in cell F4.",F4
223.jpg,20,The Arsenal player in cell D4 is looking towards the goal and has his leg raised as if he just kicked or is about to kick the ball. It is most likely near his foot.,D4
223.jpg,21,"The player in the red shirt (Arsenal) in cell D4 is clearly kicking towards the net. Therefore, the ball is likely in front of his foot.",D4
223.jpg,22,The player in the red jersey seems to be in a position where he is either about to kick the ball or has just kicked it. Therefore the ball would be very close to his foot or slightly in front of it.,D4
223.jpg,23,"The player in the red and white kit in cell D4 is in the action of kicking the ball. So, the ball would be in close proximity to his foot.",D4
223.jpg,24,"The player in the red jersey in cell D4 is in the middle of a kicking motion with his right foot extended. This suggests that the ball was previously located near his foot, specifically in front and slightly to the left of him.",D4
223.jpg,25,"Based on the position of the Arsenal player in red and white (number 9) who appears to be kicking, the ball is most likely positioned slightly in front of him and close to his foot as he is in the process of striking it.",E4
223.jpg,26,The player in the red and white jersey is positioned as if they just kicked or are about to kick the ball towards the goal. The position of their leg and the direction they are facing suggests the ball would have been located close to their foot.,D4
223.jpg,27,"The player in the red jersey (located around cell D4) appears to be kicking the ball, based on his body position and the direction he's facing. Therefore, the ball is most likely located just in front of him, in the area he's kicking toward.",E4
223.jpg,28,"The Arsenal player in cell D4 is in the middle of a kicking motion. It is very likely that the ball is somewhere in the vicinity of his right foot, near the ground.",F4
223.jpg,29,"Based on the body position of the Arsenal player in the red jersey, he is kicking or has just kicked the ball with his left foot. Based on the trajectory it will most likely be in F4.",F4
223.jpg,30,The player in the red shirt appears to be in the process of kicking. The ball is therefore most likely to be between his foot and the goal.,D4
223.jpg,31,The player in the red jersey is likely kicking the ball. The ball must be in front of him and slightly above the ground.,D4
223.jpg,32,"The player in the red jersey at cell D4 looks like he's just kicked the ball towards the goal. Therefore, the ball is most likely in the vicinity of that player's kicking leg.",D4
223.jpg,33,"The player in the red jersey in cell D4 is mid-kick, suggesting the ball was likely located just in front of his foot.",D4
223.jpg,34,The player in the red jersey is kicking. We can reasonably assume the ball is somewhere around his kicking foot.,D4
223.jpg,35,"The Arsenal player in cell D4 appears to be kicking or passing the ball. Based on his foot placement and the positioning of the other players, a likely location for the ball is near his foot.",D4
223.jpg,36,The Arsenal player in cell D4 appears to be kicking toward the goal which is in cell C1. I would expect the ball to be between his foot and the goal.,D4
223.jpg,37,"The player in the red and white jersey (Arsenal) is kicking or has just kicked. Because of this action, it is most likely that the ball is just in front of his foot, slightly raised off the ground.",D4
223.jpg,38,"The player in the red jersey appears to have just kicked the ball towards the goal, based on his body position. The ball is likely traveling in the direction he kicked it.",D4
223.jpg,39,"The player in the red jersey seems to be in the middle of kicking the ball. This indicates that the ball is likely near his foot, which would be around the intersection of cell D4.",D4
223.jpg,40,"The player in red is in the action of kicking, so the ball is likely near his foot. He is in square D4, so the ball is likely near that.",D4
223.jpg,41,"The player in the red jersey is looking towards the goal and his leg is extended as if he is about to kick the ball. So, it is most likely that the ball is located in front of his extended leg, close to the ground.",E4
223.jpg,42,The player in red is kicking his leg out as if he is striking a ball. Because the action is around the goal area it is most likely he is shooting. So the ball should be where he is kicking.,D4
223.jpg,43,"Based on the body language of the player in red and white, the most likely location of the ball is in front of him, where he is about to kick it. This location appears to be in cell D4.",D4
223.jpg,44,"The player in the red jersey in cell D4 appears to be kicking. Based on his leg position and body orientation, the ball would most likely be located in cell F4.",F4
223.jpg,45,"The Arsenal player in cell D4 is likely kicking the ball. So, it will be in front of his foot.",E4
223.jpg,46,"The player in the red jersey in cell D4 seems to be in the act of kicking or passing the ball. Therefore, the ball is likely in the vicinity of his foot.",D4
223.jpg,47,"The red team player in cell D4 appears to have just kicked the ball. Considering the position of the goalkeeper and the direction the player is facing, the ball is most likely in the vicinity of the player's foot.",D4
223.jpg,48,"The player in red is kicking and his left foot is right at grid cell F4. Thus, the ball is likely near his foot at grid cell F4.",F4
223.jpg,49,"The player in the red jersey in cell D4 appears to be in the motion of kicking the ball. The goalkeeper in cell E2 seems to be reacting, likely in an attempt to block the shot. Therefore, it is likely the ball was recently in front of the player in cell D4.",D4
223.jpg,50,"Based on the position of the Arsenal player in the red jersey, it appears he is kicking the ball towards the goal. Therefore, the ball is likely between his foot and the goal.",D4
78.jpg,1,"The goalkeeper is in position to make a save, implying that the ball is coming towards the goal. Also, there is a defender towards the right who appears to be moving towards the goal as well. Given the positions and likely actions of both the goalie and the defender, the ball is most likely on the lower left side of the image close to the goalie.",E3
78.jpg,2,"The goalkeeper is in a position to make a save. The player in pink is likely shooting from the right. The player in blue is blocking him. Thus, the ball is likely on the right side of the keeper but to the left of the other 2 players.",D4
78.jpg,3,"The goalkeeper in the yellow uniform is positioned to block a shot on goal. Given his stance and proximity to the goal, the ball is most likely in front of him, near his feet.",E3
78.jpg,4,"The goalkeeper is positioned to block a shot, suggesting the ball is likely in his vicinity. Given the goalkeeper's stance and the position of the other players, the ball is probably located at his feet or in the air near him.",E3
78.jpg,5,"The goalie in the yellow is about to try and block a shot, so the ball is likely right in front of him and in line with the other two players on the other side of the field.",E3
78.jpg,6,"Considering the position of the goalkeeper and the player in the blue jersey, a shot on goal has either just happened, or is about to happen. Thus, the ball would either be in the back of the net or just about to be kicked toward the net, which looks more likely.",E3
78.jpg,7,"Considering the position of the goalkeeper and the player to the right, a possible shot at goal could be happening. Given this, the ball is most likely in front of the goalkeeper, slightly to the right, possibly being kicked.",E3
78.jpg,8,"The goalkeeper is looking down at the ground, as if watching the ball that may have been just kicked. The shadow of the goalkeeper and the angle of the foot suggest it will be directly in front of him in the lower part of the frame.",F3
78.jpg,9,"Based on the positions of the players' feet and the general flow of the scene, the ball is most likely in the vicinity of the blue-uniformed player on the right side of the image. The player is in the air, so the ball would be below him in his vicinity",E10
78.jpg,10,"The ball is likely being played towards the goal. The goalie is positioned in front of the net, ready to defend, and an opposing player is nearby. The goalie seems to be reacting.",E3
78.jpg,11,"The goalie's foot appears to be in the motion of kicking the ball. Given the angle and the likely trajectory, the ball would be near the foot.",E3
78.jpg,12,The goalkeeper's position and focus suggest the ball is near him.,E3
78.jpg,13,"The goalie is looking down at the ground, likely following the ball. His feet are on the ground in E3. So it is likely right there.",E3
78.jpg,14,"The goalkeeper is positioned near the goal, likely anticipating a shot or preparing to distribute the ball. Based on the player's body posture, it is likely that the ball is near the goalkeeper's feet, near the position where they are facing.",E3
78.jpg,15,"The goalkeeper is looking towards the right side. Considering this and that the striker on the right side of the image seems to be preparing to kick the ball, it seems logical to assume that the ball is located near the goalkeeper, between the goalkeeper and the right side attacker. Also the shadow from the striker suggests the ball is located close to his foot.",E3
78.jpg,16,"The goalie is in position to try and block the soccer ball, meaning that he believes it's coming towards the goal. The shadow suggests it's going to land somewhere around the goalie.",E3
78.jpg,17,"The goalkeeper is looking down, which suggests the ball is low to the ground. Furthermore, the goalkeeper's body positioning suggests they are about to dive.",E3
78.jpg,18,"The goalkeeper is positioned as if he has just kicked the ball away. Therefore, the ball would most likely be close to him.",E3
78.jpg,19,"The goalkeeper is in position to prevent a shot from going in. The right-most player in the shot appears to be in mid-motion, suggesting a kick. Therefore, the ball is most likely in front of the goalkeeper.",E3
78.jpg,20,"The goalkeeper is in a position to save a shot, so the ball would be in front of him and relatively low to the ground.",E3
78.jpg,21,"Given the goalkeeper's stance and focus, it is most likely the ball is in front of him. Therefore, it is in zone E3-E4.",E3
78.jpg,22,"The goalkeeper is in a position to block a shot, which means the ball is likely in the air or on the ground in front of him. Given the player in cell D10 is in a kicking motion it is likely the ball has just been passed from the right. The shadow in front of him also supports this.",E4
78.jpg,23,"The Goalkeeper is looking down towards his left and seems ready to pounce, so it is possible the ball is close. Looking at the position of his feet, it is also reasonable that it could be between his feet, or close to them.",E3
78.jpg,24,"The goalkeeper is in the ready position to make a save. Given the position of the other players, it is likely that the shot has come in from the left, and the ball is likely within the area of the goal mouth.",E3
78.jpg,25,The goalkeeper is positioned and looking like he might be about to kick or catch the ball. His feet are around E/F and 3/4 on the grid.,E3
78.jpg,26,The goalie is positioned to stop the ball. Therefore the ball has been kicked or is near the goalie in his cell space.,E3
78.jpg,27,"The goalkeeper's position and stance indicate he is preparing to defend a shot on goal. The player in the blue uniform on the right side of the image looks like he just shot the ball and is still kicking through. Given these cues, the ball is likely located on the ground in front of the blue player's feet.",E10
78.jpg,28,"The goalkeeper is positioned in front of the goal, likely in a defensive stance. The player in the blue jersey is near the edge of the grid, and appears to have just struck the ball. Based on these visual cues, the ball is most likely located in cell E3.",E3
78.jpg,29,"The goalkeeper is focused on the ground and has a typical stance for saving a shot. The player in cell E10 is moving as if he is about to strike the ball towards the goal. Therefore, the ball is most likely near him on the ground in the area of his foot.",E10
78.jpg,30,"The goalkeeper is focused and has his hands extended in a way that suggests he's about to make a save. The other player on the right side of the image looks like he may be shooting. Based on their positions and focus, the ball is likely in the space between them.",E3
78.jpg,31,"The goalie is in a stance ready to defend the goal, which is in the A1-F1 cells, so the ball must be somewhere in front of the goal. The goalie also appears to be looking to their right, which would be slightly towards the right side of the image.",E3
78.jpg,32,"The goalkeeper is focused forward, likely on the ball. He's crouching, about to make a save, so the ball is probably close to the ground in front of him, within his reach.",E3
78.jpg,33,"Based on the player's body language and the proximity of the goalkeeper, the ball is likely near the goalkeeper's feet.",E3
78.jpg,34,"The goalkeeper is looking down and forward. The position of the feet of the players on the right, suggests that the ball might have just been kicked to the goal.",E3
78.jpg,35,"The goalkeeper is positioned near the goal and appears to be reacting to something. It is likely the ball is near him, perhaps just outside the goal box. E3 is the most likely location.",E3
78.jpg,36,"The goalkeeper in the yellow kit is most likely trying to save a shot on goal. Looking at his stance and direction of his gaze, it seems probable that he is trying to save a shot to his right. Therefore, the ball would likely be to the right of the goalkeeper and approaching the goal.",F4
78.jpg,37,"Given the position of the goalkeeper, the ball is most likely to be in his vicinity. The position of the feet and legs suggest that he's probably just kicked the ball or is about to. The shadow in the bottom right of Cell F3 makes that square the most plausible location.",F3
78.jpg,38,"Given the position of the goalkeeper, he is likely trying to defend a shot on goal. The player in cell A2 is likely the one who shot the ball. Based on this and the movement of the goalkeeper, the ball would most likely be located near the lower left side of the goal, so it would be in the F3 or F4 area.",F3
78.jpg,39,"Given the positioning of the goalkeeper and the player in the lower right corner appearing to kick the ball toward the goal, the most likely location of the ball is between them, near the kicker's foot. This would be in the bottom of grid square E10.",E10
78.jpg,40,The goalkeeper is in a position to defend a shot on goal. Therefore the ball is likely to be in the vicinity of the goalkeeper's feet.,E3
78.jpg,41,"The goalkeeper is facing right, indicating the ball is likely in front of him. The two players on the right side of the image are also facing toward the left, near the goalkeeper. Therefore the most likely area of the ball is between these players.",E3
78.jpg,42,"The goalie is looking downward with his hands low to the ground. It is likely the ball is close to him, on the ground, in front of him.",E3
78.jpg,43,"Given the position of the goalkeeper and the player in the blue shirt, the ball is likely in the air near the lower right part of the goalkeeper. This is because the goalie is ready to catch a ball and the other player is poised in a position to catch a pass.",E3
78.jpg,44,"The goalkeeper is positioned near the lower left of the image. He is poised to kick the ball away. Thus, it is likely he is kicking it from the ground.",E3
78.jpg,45,"The goalkeeper is positioned in front of the goal, likely in anticipation of a shot or cross. His body language suggests he is ready to react. Therefore, the ball is likely in his immediate vicinity.",E3
78.jpg,46,"The goalie in yellow is looking towards the right. The ball is likely in play, meaning it's on the ground. Considering the action is likely in front of the goal, the ball is most likely within kicking distance of the goalie.",E3
78.jpg,47,"Considering the position of the goalkeeper, the location of the net, and the player near the right side of the image kicking, it is most likely the ball is near the goalkeeper.",E3
78.jpg,48,"The Goalkeeper in cell D3 is watching a player in cell D9. The ball must be coming from this side. The player in D9, is moving towards the goal, therefore the most likely location for the ball is between them, at their feet.",E9
78.jpg,49,"The goalkeeper is in position, possibly trying to save a shot. The player to the right of the goalkeeper appears to be moving towards the goal to defend it, and the blue player on the right looks like he is about to shoot on the goal. If so, the ball will likely be near his feet.",E10
78.jpg,50,"The goalie is looking at the ball, so the ball is probably in front of him. The shadows indicate that the ball is at his feet.",F3
2.jpg,1,"Given the player's running motion and the position of the other players, the ball is likely in front of the player on the right and slightly to the left, close to the ground.",E8
2.jpg,2,"The player in the center right is in a position where she is likely kicking or about to kick the ball. Based on the position of her legs and upper body, the ball would most likely be at her feet, in the vicinity of grid cell E8. I will choose D8 as the most appropriate cell.",D8
2.jpg,3,"The player in yellow is clearly in a running motion, likely chasing or controlling the ball. Given her leg position, she's most likely touching the ball to send it ahead of her.",E8
2.jpg,4,"The player on the right is in motion, as indicated by the blur. She is most likely kicking the ball. Assuming that she is kicking forward, the ball would most likely be in front of her and near the ground.",E8
2.jpg,5,"The player in the yellow jersey seems to be running with purpose, likely in pursuit of the ball. Given the angle of her body and the direction she's facing, the ball is likely in front of her, close to the ground.",E8
2.jpg,6,"The player is kicking or running with the ball. Judging by her stride and the position of her right foot, the ball is likely in front of her right foot.",E8
2.jpg,7,"The player in the light blue jersey is in a running motion that indicates she may have just kicked the ball or is about to. Considering that the foot nearest to the camera is close to the ground, it seems more likely she recently kicked the ball in front of her.",E8
2.jpg,8,"Based on the position and body language of the player on the right, they have likely just kicked the ball. Therefore the ball should be near their feet, specifically a few grid squares in front of their feet.",F4
2.jpg,9,"The player in yellow is kicking the ball, so it's likely close to her foot. Looking at the position of her legs, the ball would be in front of her lower leg. I'd expect it to be on the ground in that area.",E8
2.jpg,10,"The woman in the yellow jersey appears to be in motion and has her foot extended. It is likely that she is kicking the ball, and so the ball is most likely in front of her.",E8
2.jpg,11,"The player in light yellow/green is running to the right. Based on the trajectory of other soccer players, it is likely that they were in possession of the ball and will continue in that direction. Furthermore, the forward motion of the soccer player is likely kicking the ball in a forward trajectory. I am guessing the ball will be kicked by the player around grid cell D/E8, so the next likely placement of the ball is in F5.",F5
2.jpg,12,"The player in cell I4 seems to be in motion, so the ball would be around that cell.",
2.jpg,13,"The player in the light-colored jersey is running towards the right and slightly upwards, suggesting that the ball is most likely in front of her, possibly in the D8 region.",D8
2.jpg,14,"The player on the right is running and appears to be kicking or chasing the ball. The ball is most likely in front of her, close to the ground. D8 or E8 is possible, but D8 is more likely to be closer to the feet of the player.",D8
2.jpg,15,"The soccer player on the right is in motion. Her lower body seems to be aligned to the ground. Therefore, I can guess that the ball is likely under her feet.",E8
2.jpg,16,"The player in light blue is likely running with the ball to her right, so the ball is most likely slightly ahead of her right foot.",E8
2.jpg,17,"The player in the yellow/green jersey appears to be kicking or pushing off the ground. The likely location of the ball is near their foot. Based on the angle of their leg, the ball is most likely in cell E8.",E8
2.jpg,18,"The female player is running with her body leaning slightly forward, suggesting that the ball would be in front of her.",E8
2.jpg,19,"The player in the yellow jersey is running. Given that the player is running in cell E8, I infer that the ball is likely just slightly ahead of her in cell E7.",E7
2.jpg,20,"The player in yellow is in a running motion, indicating they are likely chasing or controlling the ball. Given the position of her legs and body orientation, the ball would most likely be in front of her, near the ground.",E8
2.jpg,21,"The player in the foreground seems to be running after the ball. The most probable location is in front of them, close to their feet. Therefore, cell E8 is the most probable location.",E8
2.jpg,22,"The soccer player in cell I4 is looking towards cell D4. Players tend to look where the ball is, as they are most interested in its position.",D4
2.jpg,23,"Given the player's posture (specifically the angle of their legs), the ball is likely in front of them, near their feet on the ground.",E8
2.jpg,24,"The player in the lighter jersey seems to be in motion. It's likely she recently kicked the ball, or is about to kick it. If she recently kicked it, it would probably be a little distance away from her. Based on her position, it is most likely at D8.",D8
2.jpg,25,"The player in the light-colored jersey is in a running stride and her left foot is extended, suggesting she may have just kicked or be about to kick the ball. Based on her body position and the direction she is facing, the ball is most likely near her feet in the E8 or F8 area. Given the angle of her leg, F8 is the most plausible.",F8
2.jpg,26,"Given the player's stance and body position, they are likely in the middle of kicking or passing the ball. Also looking at the positions of the players the ball is likely not on the left half of the image. Since the player is on the right half of the image, the ball should be somewhere in the lower part of the frame.",E8
2.jpg,27,"Based on the running motion of the player in the yellow jersey, and the forward-leaning posture, the ball is likely just in front of them, perhaps at their feet or just ahead. This puts the ball in cell E8.",E8
2.jpg,28,"Given the position of the player in the foreground who looks to be kicking or about to kick the ball, the ball is most likely in front of her leading foot.",E8
2.jpg,29,"The player on the right appears to be running and looking downwards as if she is about to kick the ball. The ball is likely in front of her, close to her feet. Based on her body position and the direction she's facing, the ball is most likely in cell E8, or maybe D8.",E8
2.jpg,30,The player is facing to the right and her right leg is bent as if she is kicking the ball. The ball is likely in front of her.,E8
2.jpg,31,"Given the position of the running player on the right, the ball is most likely located in front of her.",E8
2.jpg,32,"The soccer player in the image is in a running motion. Usually when you run with a soccer ball you keep it close to you by gently kicking it in front of you. So the ball should be somewhere close to the players foot, most likely slightly in front.",E8
2.jpg,33,"The soccer player is running forward. Therefore, the ball is most likely in front of her, around the D8 cell. However, the ground is slightly uneven around F4.",F4
2.jpg,34,"The soccer player in light yellow is in a running motion, her foot on the ground is about to take another step. I am inferring that the soccer ball is between her planted foot and the position she is running toward.",E8
2.jpg,35,"The player in cell H4 is in a running stance, suggesting she is either about to kick the ball or has just kicked it. Therefore, the ball is likely close to her foot.",E8
2.jpg,36,"The player on the right seems to be dribbling. Assuming a typical dribbling movement in soccer, the ball is likely in front of her.",E8
2.jpg,37,"The player is running. Because the view is a little to the side, the ball is most likely at the player's feet. It's hard to tell precisely where her feet are, but they seem to be in the E8/F8 area, so I will guess that the ball is in the area in front of the feet.",F8
2.jpg,38,"The player in yellow seems to be in motion, possibly having just kicked the ball or about to kick it. Given the trajectory of their leg, the ball would likely be on the ground in front of them.",E8
2.jpg,39,"Given the positioning of the player in cell H4, and the fact that she appears to be kicking the ball, the ball is likely in front of her, on the ground, in cell F4.",F4
2.jpg,40,"The soccer player at grid (8,D) is in stride, so it is probable that the ball is around (8,E).",E8
2.jpg,41,"The player on the right appears to be in the middle of a kick. Her leg is extended, and she is looking down. I infer the ball is close to her feet, likely in front of her.",E8
2.jpg,42,"The player on the right is running and her legs are spread apart as if she might have just kicked a ball. Therefore, it is most likely that the ball would be in front of her or at her feet.",E8
2.jpg,43,"The soccer player is in the midst of a kicking motion with their right leg extended outwards. The ball is most likely at the end of their foot, on the ground and ahead of them. Given the player's position, the most likely location of the ball is at the edge of D8 and E8. Rounding the result, we can place the ball in the F4 grid cell.",F4
2.jpg,44,"The player in the yellow jersey is moving towards the right of the image. Based on her pose and the running motion, it is most likely that she kicked the ball, or is about to kick it in that direction. Therefore, the ball is likely in the region close to her feet, slightly towards the right side of the frame.",E8
2.jpg,45,"The player in yellow is running towards the right and has her legs extended, suggesting that she may have just kicked the ball or is about to. Based on her body position and the direction she's running, the ball would likely be in front of her, near her feet.",E8
2.jpg,46,"Based on the position of the player in the light green jersey, the ball is likely in front of her and slightly to the left of her right foot.",E8
2.jpg,47,"The soccer player in yellow is in mid-stride. Based on her body position and the way soccer players normally run while dribbling, it is highly probable that the ball is near her feet. The ball's most probable location is in front of her, but close to her feet and close to the ground.",E8
2.jpg,48,"Based on the position of the player on the right, it appears she might be kicking the ball. Therefore, the ball is most likely near her foot. Also, the ball tends to be on the ground, so I chose F4.",F9
2.jpg,49,"The soccer player in the yellow jersey is kicking her leg in front of her, suggesting she is kicking the ball. Therefore, it is most likely that the ball would be right in front of her foot.",E8
2.jpg,50,"The player in the foreground is looking slightly downward and is in a running motion, so it is most likely the ball is in front of her, near her feet.",E8
44.jpg,1,"The player in the red jersey (around grid cell C3) is kicking forward. Judging by the angle of his leg and the other players on the field, the ball is most likely just off his foot.",D3
44.jpg,2,"The player in the red jersey is in the action of kicking or passing the ball. Based on the movement of his leg, it is most likely located close to his foot on the ground.",E3
44.jpg,3,"The red player in cell C3 looks like he has just kicked the ball. The position of his leg suggests that the ball would be somewhere close to him, around chest height.",D3
44.jpg,4,"The red player in cell C3/D3 appears to be kicking towards the right. There is another player in cell C4. Therefore, the ball is most likely to be in cell D4.",D4
44.jpg,5,The player in the red jersey is in the process of kicking the ball. The ball would have been directly in front of him.,D3
44.jpg,6,"The player in the red kit appears to be kicking the ball. Given his foot position, the ball is likely located just in front of him, on the ground.",D3
44.jpg,7,"Based on the player's movements and the general flow of play, it is likely that the ball was between the player in the red uniform and the player in the white uniform to his right.",D4
44.jpg,8,"Given the blurry motion of the players and the general action, the ball is likely near the feet of the red player in grid cell D3/E3, or having just been played to the player in grid cell E2/F2. My reasoning leans toward the red player having it at location F4.",F4
44.jpg,9,"The player in the red kit appears to be kicking the ball, so it should be close to his foot.",D3
44.jpg,10,The player in the red jersey is about to kick the ball in cell 3. The ball would be between the foot and the player. It would be just beyond the toe of the player.,D3
44.jpg,11,"The red player on the left looks like they just kicked the ball. The ball is therefore likely in front of him, close to the ground.",D3
44.jpg,12,"The player in red is about to kick the ball. The ball is probably at his feet, a bit in front of his foot.",D3
44.jpg,13,"Given the position of the player on the left and how his leg is positioned, it is most likely that the ball is near his foot, around grid cell D3.",D3
44.jpg,14,"The player in the red jersey is kicking and his foot is raised up. It is highly likely that the ball is in front of his foot. It is in the D3/D4 region of the image, but closer to column 4.",D4
44.jpg,15,"The red player in cell C3 has just kicked with his right foot and his foot is still near the ground, so it is likely the ball would be close by.",D3
44.jpg,16,"The player in the red jersey in cell C3 is likely trying to kick the ball. Therefore, the ball is most likely located around his foot.",D3
44.jpg,17,"Based on the position of the players, especially the one in red who appears to be kicking, the ball is likely in the vicinity of his foot. Therefore, cell D3 or E3 seems most likely. D3 is slightly higher.",D3
44.jpg,18,"The red player is likely about to kick the ball forward. We can see his right foot is slightly raised and in front of him, so the ball is probably in front of his foot in the D4 cell.",D4
44.jpg,19,"The red player is about to kick the ball. Based on the player's foot position, the ball is most likely to be located to the right in cell E4.",E4
44.jpg,20,The soccer player in the red jersey appears to be kicking. His right leg is extended forward and the rest of his body is leaning into the kick. The ball will be very close to his foot.,D3
44.jpg,21,"The red player in cell C3 is likely kicking the ball forward. Therefore, the ball would be in the vicinity of his feet, or slightly in front of them, on the ground.",D3
44.jpg,22,"The ball is likely near the feet of the player in the red jersey, just before he kicks it. Given the blur in the image, it is most likely a bit in front of his feet in cell D3.",D3
44.jpg,23,"The player in the red jersey (located near C3) is looking toward the direction of D4. Thus it's likely that the ball has already left this area, towards the middle. It also could be in front of the player in the white jersey.",D4
44.jpg,24,"Given the player positions and stances, the ball is likely just in front of the player in red, so it's probably in cell D3 or E3. I will say E3 to be conservative.",E3
44.jpg,25,"Considering the player's position and direction of movement, the ball is most likely near the red-shirted player's feet or slightly in front of him. Given the player's leg movement and proximity, the most probable location for the ball is in cell E3 or D3.",E3
44.jpg,26,"Considering the position of the player with the red jersey (player 3) and the general action in a soccer game, it is most likely that the ball is near the player's feet, slightly in front of him, as if he's running with the ball.",D3
44.jpg,27,"Given the position of the player in red on the left of the frame, along with his stance, it can be inferred that the ball would be at his feet and he would be running towards the center. Thus, the ball is likely to be in cell D3, D4, or E3. Given that the player's feet are in the middle of the frame and he is kicking or dribbling, the ball is probably closest to his foot.",D3
44.jpg,28,"The player in the red kit at position 3 is kicking, so the ball must be in contact with his foot.",D3
44.jpg,29,"The player in the red jersey is in the process of kicking the ball. Assuming he is kicking the ball towards the right, it is likely located just in front of him.",E3
44.jpg,30,The ball is most likely at the feet of the red player because they have just kicked it.,D3
44.jpg,31,"The player in the red jersey (near grid cell C3) is kicking his leg forward suggesting he is kicking the ball or has just kicked it. Therefore, the ball is likely near his feet.",D3
44.jpg,32,"The red player in cell C3 is positioned to kick or control the ball, it should be on the ground and close to his feet. So the ball is likely in cell D3 or E3. Given his posture, D3 is the more probable location of the ball.",D3
44.jpg,33,"Given the players' positions and the direction they are facing, it's highly probable that the ball was located in front of the player in red, ready to be kicked.",D3
44.jpg,34,The player in red is kicking with his left foot toward grid 4. The most likely location is just in front of his foot.,D3
44.jpg,35,"The red player in square 3 is in the act of kicking the ball, thus it must be at his feet.",D3
44.jpg,36,The soccer player in the red jersey appears to be in the process of kicking the ball. Therefore the ball is likely near his feet.,D3
44.jpg,37,"The red player at cell 3 is most likely kicking the ball. The ball would be at his feet, and would likely be traveling to the right. Cell D4 is most likely location for the ball.",D4
44.jpg,38,The player in the red jersey in grid cell C3 is in a kicking motion. The ball must have been somewhere near his foot at the moment this image was taken. The player's kicking foot is near the lower part of cell D3.,D3
44.jpg,39,"The player in the red jersey is kicking. Based on the position of his leg and foot, the ball is likely to be just off his right foot.",D3
44.jpg,40,"The player in the red jersey appears to have just kicked the ball. Thus, the ball would be in front of his foot in the grid.",D3
44.jpg,41,"Given the blurred nature of the image due to motion, it's likely the ball was at the feet of one of the players immediately before the frame was captured. The player on the left, specifically around grid cell E3/F3, looks like they may have just kicked the ball. The blurred motion of the player in E3/F3 suggests an impact point. Considering the leg swing of the player in red, the ball would have been in contact just before this.",D3
44.jpg,42,"The player in the red jersey is in motion, kicking forward and to the right, in grid cell D3. Assuming this is the moment of impact, the ball would most likely be located a short distance in front of his foot, likely in cell D4, potentially just entering cell E4.",D4
44.jpg,43,"The red player in grid section C3-D3 is likely kicking the ball. So, the ball is likely at his feet or slightly ahead.",D3
44.jpg,44,"The player in red is positioned to kick the ball towards the right of the image. Therefore, the ball is likely located in front of him.",D3
44.jpg,45,"The player in the red jersey is likely kicking or about to kick the ball. Therefore, the ball should be close to his feet in the vicinity of grid cell D3 or E3. I am leaning towards E3 because it would be lower down to the ground. The other player is facing the other direction.",E3
44.jpg,46,The ball is most likely in the vicinity of the player in the red jersey who is about to kick the ball. I estimate that it is likely on the ground very close to his right foot.,D3
44.jpg,47,"The red player in cell C3 seems to be kicking the ball. Therefore, the ball is likely to be located close to their foot. Given the angle and the position of the player's foot, the ball is probably in cell D4 or E4. However, cell E4 seems slightly more appropriate to place the ball.",E4
44.jpg,48,"Based on the positions of the players and the direction they are facing, the ball is most likely between the player in cell D2 and the player in cell D4.",D3
44.jpg,49,"Given the positions of the players' feet, the ball is most likely close to the ground, and somewhere between where the red-shirted player at position 3 is facing.",D4
44.jpg,50,"Given the angle of the player kicking the ball in red and the general positions of the players, the ball is most likely to be just in front of the red player's right foot. This puts it at roughly grid cell F4.",F4
347.jpg,1,"Based on the position of the players, there is a high probability the ball was located in E5 because of the shadow.",E5
347.jpg,2,"In the original image, the ball is visible in grid cell E5. Since the ball has been removed, the most likely location of the ball is E5.",E5
347.jpg,3,"Based on the relative positions of the players and the shadow on the ground, the ball was most likely in cell F5.",F5
347.jpg,4,"Looking at the position of the feet of the player in the white jersey, the ball was right in front of them. The ground underneath that foot is a light green so I am inferring it is in cell E5.",E5
347.jpg,5,"Based on the position of the feet and the shadow on the field, the ball was most likely located in cell E5.",E5
347.jpg,6,The provided soccer image has an anomaly in cell E5. The original image contains a ball at this coordinate.,E5
347.jpg,7,"The ball appears to have just been kicked by the player in the white jersey. The player's kicking foot is near cell F7. If we look at what the original ball looks like in the second image, we can infer that the ball is likely to be within the range E5 and F5.",E5
347.jpg,8,"Based on the player's pose and the location of his feet, the ball would most likely be in front of him to be kicked.",E5
347.jpg,9,The player in the white jersey is in the process of kicking the ball. The ball is located near the feet of the player.,E5
347.jpg,10,The lower-left portion of the ball is still visible on the grass in the cropped image.,E5
347.jpg,11,There is a bright spot that looks like a ball in cell E5.,E5
347.jpg,12,"A light shadow is visible in the bottom left corner of cell F5, which suggests that an object, likely a ball, was located there.",F5
347.jpg,13,There is a shadow of the ball on the ground between column 5 and 6 in row F.,F5
347.jpg,14,"The image shows the ball already in cell E5, so it is not removed.",E5
347.jpg,15,The ball was last visible in the image and appears to be in cell E5.,E5
347.jpg,16,"Looking at the position of the players and their legs and feet, it is most likely the ball has just been kicked and is in the vicinity of cell E5.",E5
347.jpg,17,"There is a faint circular shape on the grass within cell E5, and the player is looking towards that cell.",E5
347.jpg,18,"The ball was visible in the original image at E5, and now it is not there.",E5
347.jpg,19,"From the provided images, especially the close-up, the ball is most likely in cell E5, as the ball is there on that provided picture.",E5
347.jpg,20,The ball was originally located near the player's feet in cell E5.,E5
347.jpg,21,"The ball was in cell E5, based on the hints that cropped out different portions of the image.",E5
347.jpg,22,"There is a shadow on the ground in cell F5. Also the player in the white shirt is looking in that direction, and the player in the maroon shirt is chasing after it.",F5
347.jpg,23,"In the provided image, there is a soccer ball visible at the bottom. It is located at the intersection of gridlines E and 5.",E5
347.jpg,24,The ball appears to have been located in the grid previously at cell E5.,E5
347.jpg,25,"There is a shadow of a ball visible in cell F5. Therefore, the ball would likely be directly above the shadow.",E5
347.jpg,26,The ball was located near the bottom of the image between the two players.,E5
347.jpg,27,"The player in the white shirt is looking down and towards the left. His right leg is extended, as if he has just kicked the ball. The shadow on the ground indicates that the ball was located near the player's feet in that location.",E5
347.jpg,28,There is a shadow on the ground in cell E5/F5 that appears to be the shadow of a soccer ball. The soccer ball has been removed from the image so it seems this is where the ball was originally.,E5
347.jpg,29,"The ball was previously located between grid cells E5 and F5. Given the position of the player in the white jersey, that is the location where it would most likely have been.",E5
347.jpg,30,The ball was previously located in E5 as it can still be seen in the image.,E5
347.jpg,31,"In the original image provided, there is a ball in the middle, toward the bottom.",E5
347.jpg,32,The image has a player in a white jersey running toward the right of the image and the second player is sliding toward the left of the image. A shadow is present in cell E5.,E5
347.jpg,33,"In the original image, the ball was located on grid cell E5.",E5
347.jpg,34,"The ball was in E5, as indicated by the circular shadow on the field.",E5
347.jpg,35,"Based on the position of the players, the ball was most likely in the lower center-right of the image, around the grid position F5",F5
347.jpg,36,"The ball was previously in cell E5, slightly more towards F5. Based on the runner's movement, and the ball appearing previously in that location, that is the most likely location.",E5
347.jpg,37,The ball was located in E5 as shown by the shadow.,E5
347.jpg,38,"There appears to be a shadow of a ball in the E5/F5 area, suggesting that's where the ball was located.",E5
347.jpg,39,The ball was most likely in the place where a white circle is. And the location is most likely in E5,E5
347.jpg,40,"The player in the white jersey has his leg extended towards the E5/F5 area, suggesting he just kicked, is about to kick, or made contact with the ball in that area.",E5
347.jpg,41,"The ball was located near the feet of the player in the white shirt. Based on the shadow and the player's leg position, it appears the ball was most likely in cell E5.",E5
347.jpg,42,"Based on the players' positions and the direction they are moving, the ball was most likely located close to the first player.",E5
347.jpg,43,"There is a shadow on the ground at grid cell E5/F5 and the feet of the player on the white team are very close to that location. Therefore, it is likely that the ball has been removed from around that location.",E5
347.jpg,44,"There is a shadow present in the original location of the ball, so I infer that the ball is likely to be located in the F5 grid cell.",F5
347.jpg,45,"The ball was located at E5. The shadow is still there, even though the ball is not.",E5
347.jpg,46,The bright spot and shadow in cell E5 suggest a ball has been removed from this location.,E5
347.jpg,47,"Based on the other image crops, the ball appears to be in cell E5.",E5
347.jpg,48,"The player in the white jersey appears to be kicking the ball. There is a shadow in the bottom-right portion of cell F5, which likely belongs to the ball.",F5
347.jpg,49,"The most likely location of the ball is around E5, based on the fact that the player in the white jersey is looking in that direction.",E5
347.jpg,50,"The ball was most likely located in the E5 cell, slightly off-center toward F5.",E5
226.jpg,1,The player in the red shirt is looking down and positioned to kick with his left foot. It is likely that he will kick the ball close to him and on the ground.,E8
226.jpg,2,"The player on the left is in the process of kicking or having just kicked the ball. Thus, the ball would be located near his feet in either E3 or F3. However, given the angle of his leg, and the fact that he appears to be taking a stride, the ball is slightly ahead of him.",F3
226.jpg,3,The Manchester United player in cell C3 is running with his foot in cell E3 suggesting that he has just touched or is about to touch the ball. The ball would likely be around the plane of his foot on the ground.,E3
226.jpg,4,"The Manchester United player in D3 is running forward, indicating the ball is likely in front of him. Furthermore, given the foot position of the player in E3, it's likely he was just kicking the ball forward.",E3
226.jpg,5,"Based on the player's action and body orientation, the ball is likely to be near the feet of the player in the white jersey who is running on the left of the image. It is likely at about the feet level of this player.",E3
226.jpg,6,"The Manchester United player in grid cells C3 and D3 is in motion. He seems to have just kicked or is about to kick something. Based on the player's position, the ball would most likely be in front of him in cell F4.",F4
226.jpg,7,"Given the proximity of the Manchester United player in cell E3, and the Arsenal players in cells D8 and E9, it is most likely the ball is located near their feet. It makes the most sense for the ball to be in front of the Manchester United player as he is sprinting and appears to be dribbling it.",E3
226.jpg,8,"Considering the positions of the players, especially the one in the red shirt with his foot seemingly outstretched to kick, the ball is most likely near his foot on the ground.",E8
226.jpg,9,Considering the player in the red jersey in column 8 is actively kicking in the direction of column 9. I would estimate that the ball is in cell F8,F8
226.jpg,10,"The player in the white jersey in grid cell 3 is mid-stride, with his foot in the air in front of him. The ball would likely be near his feet.",E3
226.jpg,11,The player in the white jersey seems to be dribbling the ball towards the right and has just kicked it or is about to kick it. Therefore the ball should be either near his foot on the ground or in front of his foot.,E3
226.jpg,12,"The player in the red jersey in columns 8 and 9 is in motion and has his foot extended. Given the trajectory and placement of the players, it is most likely that the ball was in front of him as he kicked it, and slightly to the left.",E8
226.jpg,13,"The player in the white jersey in cell C3 looks to be in the act of kicking the ball. I would estimate the ball would be in front of him on the ground, as his foot has almost landed.",E3
226.jpg,14,"The player in the red jersey in the right side is leaning forward with his foot extended, ready to kick. This indicates that he may be about to kick the ball, and he appears to be focusing on a point on the ground.",E8
226.jpg,15,"Given the position of the player in the white shirt, the angle of his legs and the direction he is moving, it is likely he has just kicked the ball forward and slightly to his right.",F4
226.jpg,16,"Based on the players' positions and the direction they are facing, the ball is likely in the lower left part of the image near the feet of the player in white.",E3
226.jpg,17,The player in the red shirt in the center is likely about to kick the ball. His leg is raised as if he's about to kick or has just kicked a ball on the ground. The location should be near his front foot.,E8
226.jpg,18,"Given the body positions of the two players on the left (one in red and one in white), it's likely that they are contesting for the ball. The white player's right foot is lifted as if he is kicking or dribbling the ball.",E3
226.jpg,19,"Based on the position of the players on the field, in particular the player in cell E3 is in a position where they are very likely kicking a ball. As well as the positions of the other players it is likely the ball is in cell E3 as well.",E3
226.jpg,20,"Based on the players' positions and body orientation, the ball is most likely near the feet of the player in the white jersey (Manchester United). He appears to be running towards the right side of the image, therefore, the ball is likely near his feet (area E3/F3). However, it's hard to know the exact spot.",E3
226.jpg,21,The player in the white uniform in grid cells C3 to E3 is likely in the process of kicking the ball.,E3
226.jpg,22,"The player in the white jersey is dribbling the ball forward, and his left foot is in the air about to make contact with the ball. I'm guessing the ball is in his path of movement and slightly in front of him.",E3
226.jpg,23,"The player in the white jersey in column 3 is kicking, and their foot is in a position that suggests they've just kicked the ball.",E3
226.jpg,24,"Considering the positions and movements of the players, particularly the player on the left seemingly kicking or passing and the players on the right closing in, it is most likely that the ball was located in front of the player on the left, close to the ground.",E4
226.jpg,25,"The player in the white jersey (Manchester United) in column 3 appears to be dribbling or has just kicked the ball with his left foot. Additionally, the player in red in column 8 appears to be attempting to tackle and/or intercept the ball. Based on these visual cues, the ball is most likely located slightly ahead of the left foot of the player in column 3 in the vicinity of the line dividing rows E and F.",E3
226.jpg,26,"Given the position of the player from Manchester United, who is running towards the right side of the frame, it is very likely that the ball is at his feet and close to the ground. He appears to be in the action of dribbling the ball.",E3
226.jpg,27,"The player in the white uniform seems to be dribbling the ball towards the right side of the frame. Based on the position of his feet and the angle of his body, the ball is most likely in front of him and slightly to the right.",E3
226.jpg,28,The player in the white jersey on the left is in the middle of kicking the ball. So the ball is most likely near his foot in cell E3/F3/E4/F4.,F3
226.jpg,29,"Looking at the image, the player from Manchester United in the white jersey has just kicked the ball. His left foot has just hit the ground and his right foot is pointing forward. I would expect the ball to be located just in front of the player's right foot.",F4
226.jpg,30,The player in the white jersey is running and appears to be dribbling or chasing after the ball. His foot is in mid stride and close to the ground. Also the two players in red are also in the vicinity which means the ball is likely to be close to them.,E3
226.jpg,31,"The player in the white shirt is running and seems to have just kicked the ball. Given the location of his legs, the ball would be slightly ahead of him on the ground.",E3
226.jpg,32,"The player in the white jersey in grid cell 3 is in the midst of a kicking motion. Given his body position and the trajectory of his right leg, the ball would have been located close to the ground.",E3
226.jpg,33,"Given the position and motion of the player on the left, specifically the angle of his leg, it is very likely that the ball was located slightly in front of him, close to the ground. This would be around location E3.",E3
226.jpg,34,"Given the players' positions and orientations, the ball is likely between the Manchester United player in cell C3 and the Arsenal players around cells D8 and D9. Looking at the movement of the player in cell C3, the ball is likely in front of him.",E3
226.jpg,35,"The player in the white jersey in cell C3 is kicking his right leg forward. The player in the red jersey in cell D8 is looking at something toward his left. Based on these two observations, it is most likely that the ball is at cell E3 or F3. Given the kicking angle, F3 is more likely.",F3
226.jpg,36,"The player in the white jersey in grid cell 3 is running towards the right. His leg position suggests that he may have just kicked the ball, and based on the angle of his foot, the ball should be traveling in front of him. I believe the player kicking the ball is located in cell E3, so I predict the ball to be located around the E4-F4 region.",F4
226.jpg,37,"Based on the positions of the players, and especially the player in the red jersey in the right side of the image, it is likely that the ball is in the E8 or F8 region. Given his leg position it is most likely at his feet, which is in F8.",F8
226.jpg,38,"The Manchester United player in cell E3 is in the process of kicking or dribbling. Given their position and movement, it's most likely the ball is right in front of them, on the ground or very close to it. Therefore, the ball is likely in grid cell F3.",F3
226.jpg,39,"The Manchester United player in cells C3, D3 and E3 is running and has just kicked the ball. The ball is most likely close to his foot or has just left it. The lower part of his kicking leg is in E3 so it would be most likely that the ball would be in that area.",E3
226.jpg,40,The Manchester United player in cell C3 is running with his foot at the ground and he is likely to have the ball with his foot.,E3
226.jpg,41,"The player on the left in the white jersey is kicking with his left foot. Based on the position of his leg, the ball would be directly in front of his foot on the ground. This would be in Cell E3.",E3
226.jpg,42,"The player in the white shirt, running from left to right, has his foot in a position that would be consistent with kicking a ball. Given the position of his foot, the ball would likely be just in front of his foot, near the ground.",E3
226.jpg,43,"Based on the position of the player in the white shirt (Manchester United), it looks like he is running with the ball. His foot is raised, and it would be natural to have the ball in that region, around his feet.",E3
226.jpg,44,"Given the players' positions and movements, the ball is most likely near the ground between the feet of the player in the red and white jersey near the center of the image. The player with pink cleats in the white jersey also looks like he's chasing after the ball, which would place it in cell E3 as well. However, it looks like the player in the red and white jersey is trying to steal the ball from the opposing player in the white jersey.",E8
226.jpg,45,"Based on the position and motion of the player in the white shirt on the left side of the image, the ball is likely at his feet.",E3
226.jpg,46,"Given the motion blur on the foot of the Manchester United player in column 3, and the angle of his leg, the ball is most likely near his foot and on the ground. The proximity of the Arsenal defender suggests the ball would be in the vicinity.",E3
226.jpg,47,"Given the runner on the left in cell E3, who appears to be running in the direction of cell I8. The most probable location of the ball would be in front of this person and somewhere along their path.",E3
226.jpg,48,"The player in the white jersey in grid cell 3 is looking forward and running. Typically, players look where the ball is or is headed. Based on the player's legs and body motion, the ball is most likely near his feet.",E3
226.jpg,49,"Given the position of the player on the left, and his foot placement, the ball is most likely located just in front of his left foot, close to the ground.",E3
226.jpg,50,"Based on the player's body position and where his right foot is located, the ball would most likely be in front of the player who is wearing a white shirt, slightly above the ground level.",E3
45.jpg,1,"Given the positions of the players on the left side of the frame, it is very likely they were interacting with the ball, passing, shooting etc. This would put the ball in the lower left section of the image.",F4
45.jpg,2,"The attacking players near cell D2 are likely the players with the ball. Given the players, the ball is likely in that area.",D2
45.jpg,3,"Given the positions of the other players on the field and that they are all facing a specific direction, the ball is most likely somewhere near the pack of players, in the D3-D4 area.",D3
45.jpg,4,"The other players on the field are looking towards the left, and the goalkeeper is positioned to defend the goal from a shot coming from that direction.",D2
45.jpg,5,"Given the positions of the players in the image, and considering that this is a soccer match, the ball must be in or around the group of players in grid cells D2, D3 and D4, as most players seem to be in that region. The most likely location of the ball is thus among them.",D3
45.jpg,6,"Given the positions of the players in the image, specifically the group near grid square D2 and the goalie near grid square D7, the ball is most likely located in between the players.",D3
45.jpg,7,"There are other players on the field facing toward the goal. Based on the positioning of the other players on the field and the goalie, it is likely that the ball is in the air towards the goal.",D3
45.jpg,8,The location of other players in the image suggests that the action is taking place around cells D2-D4. A pass or shot is the most likely scenario and the ball would be in that region.,D3
45.jpg,9,"Given the position of the other players, the direction they're facing, and their positioning relative to the goal, it's most likely that a cross is being made into the box. Based on that, I believe the ball is likely in the air heading towards the goal, most likely somewhere in cell F4.",F4
45.jpg,10,"Given the positioning of the players, I would expect the ball to be more in the playing field in front of the players, and not too far from the sideline on the far left.",D2
45.jpg,11,"Several players are focused on the area around D2-D4, suggesting the ball is likely in that vicinity.",D3
45.jpg,12,"The other players are looking towards the goal, and they are positioned in a way that suggests they may be preparing for a shot on goal. The area around F4 seems most appropriate given the locations of the players.",D3
45.jpg,13,"The players are oriented toward the left side of the image. Specifically, the players in D2 and D3 seem to be oriented toward the goal. Furthermore, there aren't any players near the goalkeeper. Taking these factors into account, I would estimate that a player on the left side of the image recently kicked or is about to kick the ball toward the goal.",D2
45.jpg,14,"Given the position of the players in the background (D1-D5) and the goalkeeper (D7), it seems like a normal match, with players trying to score on the goalkeeper's goal. I assume the ball is currently in play, somewhere in the players' vicinity.",D3
45.jpg,15,"Given the positions of the players on the field, and the position of the goalie in the net, it seems that the ball is coming towards the goal. So the ball would most likely be near the players on the other side of the field.",D2
45.jpg,16,"Based on the position of the players and the goalkeeper, the ball is likely being played around the center of the field, closer to the attacking side. I estimate the location of the ball to be in cell F4.",F4
45.jpg,17,"Given the distribution of players, it appears as if the attacking team is near the left side of the field. This makes it likely that the soccer ball would also be near the left side of the field.",D2
45.jpg,18,"Given the position of the other players, they seem to be focusing near the center, and not shooting. Thus, the ball is likely located near these players in center field.",D3
45.jpg,19,"The ball is most likely in front of the other players who are clustered toward the left of the image. Also, given the trajectory of the other players, the ball is probably closer to the goal.",D3
45.jpg,20,"Given the position of the players and the goalkeeper, it is most likely that the ball is either in the air being passed or is close to the ground, likely in play between the players on the left side of the image.",D3
45.jpg,21,The other players are looking to cell D2-D4 so the ball is most likely within range of these players.,D3
45.jpg,22,"Given the position of the players and the goalkeeper, the ball is likely in play near the attacking players. I can see several players near grid cells D2, D3, and D4, so the ball is probably in that general area.",D3
45.jpg,23,Several players are looking in the general direction of cell D3. The opposing team is advancing towards the goal. It is plausible the ball is in this area.,D3
45.jpg,24,"Given the position of the players in the scene, particularly the cluster of players near grid cell D3, and the general dynamics of a soccer game, the ball is most likely in the vicinity of those players. Therefore, I estimate the ball is in front of the players, near D3 and D4.",D3
45.jpg,25,"Given the position of the players on the left side of the field, the ball would be likely located closer to the group of players. The goalie is guarding the goal, but not actively diving or blocking, suggesting the ball is not right at the goal.",D2
45.jpg,26,"The ball is likely in the vicinity of the players further away from the goalie, in order for the players to be in a good position to try to score a goal.",D3
45.jpg,27,"The soccer players are positioned around the D4 cell. The ball is likely in this vicinity as well, during an active soccer game.",D4
45.jpg,28,"Given the position of the players, the ball is most likely in play near the middle of the field. My estimation is that the ball would be between cell E2 and D4.",D3
45.jpg,29,"Given the position of the players, it seems like it is likely that one of them has just kicked the ball towards the goal. Therefore, the ball is likely to be close to the line of players in front of the goal.",D3
45.jpg,30,"Given the position of the players in the image, there is likely a cross or pass from the left towards the center of the field, potentially near the goal. Based on the position of the other players, and the direction the players seem to be looking, it is most likely that the ball is slightly to the left of the player at D2, around D3 or D4.",D3
45.jpg,31,There are players in the D2-D4 region. A cross is most likely occuring on the near side of the field.,D3
45.jpg,32,"Based on the positions of the players and their gaze, the ball is likely in play somewhere between the middle of the field and the goal. The goalkeeper is in a position to defend a shot, and there are other players facing the goal. It seems likely that the ball is within striking distance of the players in the D3-D5 region.",D3
45.jpg,33,"Given the position of the players and the general flow of the game, the ball is likely located near the opposing players in cells D1, D2, or D3. Given the presence of the opposing team in those area's, I predict the ball to be in cell D2, near their feet.",D2
45.jpg,34,"Given the positions of the other players on the field, the ball is likely in the attacking third of the field, towards the left side of the image. It would be plausible to be around the group of players in grid location D2, D3, D4.",D3
45.jpg,35,"The other players are likely trying to get the ball close to the goal, and the goalkeeper is in position to defend the goal. The players seem to be looking toward the left side of the image, specifically around the D1-D4 area. Given the players' body language and the general direction of play, it's likely the ball is somewhere around there.",D3
45.jpg,36,"Given the position of the players and the goalie, a likely place for the ball would be somewhere between them. It is possible the ball was just kicked.",D3
45.jpg,37,"Given the positions of the other players, a likely position of the ball would be in front of them, in the middle of the field.",D3
45.jpg,38,"Based on the positions of the players, it's plausible the ball is in play near the goal. I am estimating it is in the air around the group of players near the middle.",D3
45.jpg,39,"Considering the position of the players on the field, it is most likely that the ball is currently in play on the left side of the field.",D2
45.jpg,40,"Given the position of the players and the direction they are facing, it is most likely that the ball is between the players in the group and the goalkeeper.",D3
45.jpg,41,"The cluster of players in the left side of the image indicates the ball is most likely located near them. Given the perspective, the ball would be on the ground near this group, likely in their vicinity.",D2
45.jpg,42,"Based on the positions of the players, it's reasonable to assume the ball is in play near the players. The group of players is in cell D2-D4. There is also a smaller group of players in cell D5. I am going to estimate the ball is on the edge of the box, about to be crossed in.",D3
45.jpg,43,"Given the players in the distance, it's most likely the ball is between them. Since the Goalie is in the picture it's probably closer to the goal.",D3
45.jpg,44,"Given the position of the players, the general flow of a soccer game, and the fact that the goalkeeper is positioned towards the right, the ball is most likely to be in the lower half near the group of players.",E2
45.jpg,45,"There are several players congregated near the goal in the vicinity of D2. This is a common area for action, suggesting that the ball may be there. The goalkeeper is positioned near the right goal post and facing left, suggesting that he may be defending an incoming shot. The players facing the goalkeeper are also in that general area of the goal. Given the distribution of players, the ball is likely in the vicinity of D2, but to the right. I'm guessing the ball is in flight and aimed at the left side of the goal, in front of cell D2.",D2
45.jpg,46,"There are several players near grid cell D2 and D3. It is likely that the ball is located near them, perhaps around D3 or D4. The fact that most players are looking in the direction of the goalie supports the idea that D3/D4 is reasonable.",D3
45.jpg,47,"Several players are looking towards the left side of the image. Given this, it is likely the ball is around cell D2/D3.",D3
45.jpg,48,"Based on the other players' positioning and the goalkeeper's location, it is likely the ball is somewhere between them. The players are in D1 and D2. It is possible it is near them. Also, there are a lot of players in that area.",D2
45.jpg,49,"Given the distribution of the players on the field, it is likely the ball is somewhere in the mid-field closer to the left side of the image.",D3
45.jpg,50,"There is a group of players near the center of the field near cell D2/D3. There is a better chance the ball is located in the direction of the player group rather than near the goalkeeper, since he is looking towards the center and not at his feet.",D3
3.jpg,1,The player in red appears to be kicking at something with his left leg. I believe the ball would be somewhere near his kicking foot.,D3
3.jpg,2,The player in red is kicking with his right foot. So it's likely that he is trying to pass the ball to his right. The ball would likely be somewhere just ahead of his right foot.,D3
3.jpg,3,The player in red is about to kick the ball. The other player has his foot off the ground. The ball is likely between the two players and a little bit off the ground.,D3
3.jpg,4,"The player in red appears to have been kicking the ball. The ball is therefore likely to be in front of him, near his foot.",D3
3.jpg,5,"Given the body position of the player on the left (in white), who seems to be in the midst of kicking the ball, it is most likely near his feet.",D2
3.jpg,6,"Given the position of the two players involved in a potential tackle/challenge, the ball is likely between them, closer to the feet. It is likely on the ground.",D3
3.jpg,7,"Considering the player in the red jersey is swinging his leg and his foot is pointing toward the ground in D3, it is most likely that the ball would be near him and at a lower location.",D3
3.jpg,8,"The red player seems to be kicking at something. He has just kicked the ball. Given the angle of the players and their legs, it's likely the ball was in the D3 cell.",D3
3.jpg,9,The ball is most likely between the two players who seem to be contesting it. Both of their eyes are forward and their body positions seem like they're engaging with each other for it.,D3
3.jpg,10,"Based on the positions and facing directions of the two players in cells C2 and C3, the ball is likely in the air between them.",D3
3.jpg,11,The red-shirted player seems to be in the process of kicking. I'm guessing the ball was near him.,D3
3.jpg,12,The player in red is in a kicking motion. The ball is likely in front of him.,D3
3.jpg,13,"The player in red is in the act of kicking the ball, so I expect that the ball would be in the space immediately in front of his legs. This is most likely in the cell D3.",D3
3.jpg,14,"Based on the positioning of the two players kicking/attempting to kick, the ball would likely be near their feet.",D3
3.jpg,15,The player in the red kit appears to be kicking the ball. The front of their right foot would be the most likely spot where the ball would have been right before the image was taken.,D3
3.jpg,16,"Considering the positions and movements of the players, it seems the ball was likely between the two players in white and red, in the air. I am estimating its location in cell D3.",D3
3.jpg,17,The player in the red uniform appears to be in the process of kicking. The ball is likely near his foot and perhaps slightly elevated.,D3
3.jpg,18,"The player in red appears to be kicking his leg, so the ball is probably close to his leg, and in front of his body.",D3
3.jpg,19,"The red team player in cell C3 is in a position to kick the ball forward, presumably towards the right side of the frame, as his lower left leg is in motion. The other player in white may have been defending. Therefore, the ball is most likely in front of the red team player.",D3
3.jpg,20,"Given the positions of the two players shown on the left side of the image, it is likely that they are trying to kick or control the ball. Thus, the ball is likely located at their feet, that is, roughly in the lower part of C and the upper part of D, and around horizontal coordinate 3.",C3
3.jpg,21,"The player in the red shirt seems to be kicking or passing, so it should be somewhere around his foot.",D3
3.jpg,22,"The Liverpool player in red is positioned with his leg outstretched as if to strike the ball. The Fulham player in white is jumping as if he is trying to block the ball. Therefore, the most likely location for the ball is just in front of the red player's extended leg.",D3
3.jpg,23,"The red player in square C3 looks like he's kicking. The other player is looking down near him. So, the ball has to be on the ground near them.",E3
3.jpg,24,The player in the red jersey is most likely kicking the ball. His foot is raised and he's oriented in a way that suggests he's about to make contact or has just made contact with the ball. The most likely spot would be in front of his foot.,D3
3.jpg,25,"The image shows a soccer game, and the player in red appears to be in the middle of kicking the ball. Therefore, the ball would likely be in front of the red player's foot at the time of the kick.",D3
3.jpg,26,"Looking at the players on the left side, it seems like the player in white is in motion to kick the ball. The player in red is positioned as if they are blocking a shot or also attempting to kick the ball. Given these cues, the ball is most likely on the ground between their feet, which are located in cell D3.",D3
3.jpg,27,"Considering the motion of the players, particularly the red shirted player at cell C3 who appears to be kicking, the most likely location of the ball is in front of him.",D3
3.jpg,28,"The red player is likely kicking the ball, meaning the ball would be close to their foot.",D3
3.jpg,29,"The players in white and red are running into the frame from the left side. Considering the actions, it is most probable that the player in red is dribbling the ball upfield from the direction of the other player. The ball is between their feet.",D3
3.jpg,30,"The player in the red shirt has just kicked the ball. The ball would likely be in front of him, possibly moving towards the player wearing number 6.",D4
3.jpg,31,"The red player has his leg extended in a kicking motion. Given the positions of both the red and white player, the ball is most likely near their feet.",D3
3.jpg,32,"The player in the red jersey is in the middle of a kick, so the ball is most likely near their foot.",D3
3.jpg,33,"The action between the two players in the red and white shirts suggests a pass or a tackle. The player in the white shirt is kicking with their left leg. Given the angle of their leg, the ball is likely in front of them between the legs of the player in red.",D3
3.jpg,34,"The players' legs are raised in the air indicating a kicking action. Considering that the player in the red jersey is in the process of kicking the ball, it is likely to be located close to his feet.",D3
3.jpg,35,"Based on the positions and actions of the players, the ball is most likely near the feet of the player in the red jersey as he appears to be trying to kick or control the ball.",D3
3.jpg,36,"Given the players' stances and positions, it is most likely the ball was between the two players at the top of their legs.",D3
3.jpg,37,"Based on the position of the player in the red jersey and his leg position, it seems like he was just about to kick the ball. The ball is likely to be in front of him and slightly to the right of the camera's point of view, in the D3-D4 area.",D3
3.jpg,38,"The player in red is about to kick the ball, based on their leg position and body language, the ball would be between them and the other player in white.",D3
3.jpg,39,"The Liverpool player seems to be kicking the ball, thus I would predict that the ball is in front of his foot.",D3
3.jpg,40,"The two players in the foreground in cells B2 and C3 are facing each other, as if they are about to compete over something. The red player in C3 has a bent leg, and that looks like he is about to strike something. So the most likely position is somewhere between C3 and D3.",D3
3.jpg,41,"Given the positions and actions of the player in red and the player in white, the ball would likely be between them and near where the red player is extending his leg.",D3
3.jpg,42,"Based on the leg positioning of the two players in the foreground, the ball is likely in the air between them. The player in red is positioned like they are kicking the ball towards the other player.",D3
3.jpg,43,The player in the red kit seems to be about to kick with his left foot. The player is in cell C3. Therefore the ball would need to be near his foot at cell D3.,D3
3.jpg,44,"Looking at the player in the red uniform in grid cell C3 and considering soccer scenarios, I would place the ball in that general area where he is in the process of perhaps kicking the ball.",D3
3.jpg,45,The player in the red kit seems to be kicking the ball with his left leg. The position of his leg implies the ball is somewhere near his foot.,D3
3.jpg,46,The red-shirted player is kicking his leg and the white-shirted player beside him is in the air. The ball is likely between them.,D3
3.jpg,47,"Based on the position of the player in the red kit, and the player in the white kit to his left, the ball is likely at their feet.",D3
3.jpg,48,"Given the positions of the two players, the ball is likely in the area where their feet are, which is around column 2 and 3 and rows D and E. I will estimate its location at D3.",D3
3.jpg,49,"The player in red is in the process of kicking, so the ball would be in front of his right leg.",D3
3.jpg,50,"The red player in C3 looks like he is kicking the ball, and the white player in C2 is running to block. Therefore, it is likely that the ball would be in the vicinity of C3.",D3
79.jpg,1,There are several players clustered around the D4/E4 area and they are looking in that direction. There is a clear path to the goal and a lot of red shirts suggesting an attack.,D4
79.jpg,2,"Several players are clustered around the grid cell F4, and one player in particular appears to be kicking. Hence, it's probable the ball is located around that location.",F4
79.jpg,3,"Players from both teams are clustered around the cell D4. This is a common situation when players are fighting for the ball. There is an action occurring in that area, so it is likely that is where the ball is.",D4
79.jpg,4,"There are several players clustered together in the area around D4 and E4. Given that it is a soccer match and the players are facing each other, it is likely the ball is located somewhere in that vicinity.",D4
79.jpg,5,There are players clustered in cell D4. It is likely that one of the players there is about to make contact with the ball.,D4
79.jpg,6,Several players are clustered around the area of D4. It is likely that they are trying to pass the ball around to get a chance to score a goal.,D4
79.jpg,7,"There are several players clustered around cell D4/E4, suggesting an active play around that area. A player in a red shirt in cell D4 appears to be in a striking position, or about to pass to a teammate.",D4
79.jpg,8,"There's a group of players clustered in cell D4, and a player appears to be kicking in that cell. The location of other players seems to indicate the soccer ball is in cell D4.",D4
79.jpg,9,"There is a cluster of players near grid cell D4/E4, so the ball is most likely in this area. Given that the player in D4 appears to be kicking in a direction away from the goal (right), it's likely that the ball is at their feet or just in front of them.",D4
79.jpg,10,"There's a cluster of players in cell D4, some appearing to be in motion, indicating a probable point of interaction with the ball. Given their proximity and activity, the ball is likely in this vicinity.",D4
79.jpg,11,"There is a group of players near cell D4 all looking in the same direction, which is towards the goal on the left side of the image. It is likely that the ball is near this cluster of players. I would guess that it is in Cell D4.",D4
79.jpg,12,"Several players are positioned near cell D4, facing towards the goal. A likely pass or a potential shot on goal could be occurring in this area.",D4
79.jpg,13,There are multiple players around the D4/E4 grid which suggests a contest for possession of the ball. There is a lot of movement and legs in this area.,D4
79.jpg,14,"There's a cluster of players near cell D4. Also, the player in cell D4 looks like he is about to kick the ball.",D4
79.jpg,15,There are a cluster of players near cell D4. It is likely that the ball is close to the feet of one of these players.,D4
79.jpg,16,"Several players are focused around cell D4 with their feet close to the ground, suggesting one of them is dribbling or about to pass the ball.",D4
79.jpg,17,"There are several players in cell D4 and E4 who are close together, suggesting they are all contesting for the ball. D4 seems like the most likely place for the ball.",D4
79.jpg,18,"Based on the location of the players, specifically the cluster of red team players converging in the lower left portion of the image, it is highly likely the ball is somewhere in that vicinity. Given the position of the players in red in cell D4 and cell E4, it is likely the ball is in that location.",D4
79.jpg,19,There is a group of players in cell D4 appearing to be challenging for the ball. Therefore the ball is most likely in that cell.,D4
79.jpg,20,"There are several players clustered around cell D4 and D5, suggesting a potential contest for the ball. Given the number of players near this area, it's likely the ball is in this vicinity.",D4
79.jpg,21,"There's a lot of action happening around cell D4, with players looking towards that location. It makes sense that the ball would be in that vicinity.",D4
79.jpg,22,"There's a cluster of players in cell D4, indicating the ball is likely in that area. Also, the positioning of players suggests they are contesting for possession of the ball.",D4
79.jpg,23,"Several players in cell D4 are focused downward, suggesting a ball at their feet or nearby.",D4
79.jpg,24,"There's a group of players clustered around cell D4. Players tend to gather around the ball, so that's a good indication. A player in D4 also seems to be facing toward the net.",D4
79.jpg,25,"Given the cluster of players in cell D4 and D5, the ball is likely somewhere between them. Also, given their body positions, the ball is most likely located in cell D4.",D4
79.jpg,26,"There are several players clustered in cell D4. Given the nature of soccer and proximity, it is likely the ball is in this vicinity.",D4
79.jpg,27,"There are multiple players clustered in the region of D4, and the orientation of the players is suggestive of a focus in this general area.",D4
79.jpg,28,"Several players in cell D4 are looking downwards, implying the ball is on the ground in that area.",D4
79.jpg,29,"There is a cluster of players in cell D4/E4. Since in soccer, players cluster around the ball, it's most likely located there.",D4
79.jpg,30,"There are several players converging in the area of D4 and E4. Because of the proximity of these players, it is highly likely that the ball is in the vicinity of them.",D4
79.jpg,31,"There are multiple players clustered in cell D4, suggesting there is likely a battle for the ball occurring there.",D4
79.jpg,32,"Several players in cell D4 and E4 are looking toward the net, and appear to be challenging for the ball. There are also several players in cell C5, meaning the ball must be in the area. Therefore, the ball is most likely in cell D4.",D4
79.jpg,33,"There is a cluster of players in cell D4, suggesting the ball may be in that general area.",D4
79.jpg,34,"Based on the image, there's a cluster of players near the D4 grid. From their body orientations, it looks like the ball would be either around D4 or F4. D4 is also likely because the players' focus are on the goal and they are close.",F4
79.jpg,35,Several players are clustered around cell D4. It is likely the ball is in the same area as the clustered players.,D4
79.jpg,36,There is a player in the middle of kicking the ball in cell D4 so it's very likely the ball is in this cell or very close to it.,D4
79.jpg,37,"Several players are clustered around the D4 cell, suggesting a potential scrimmage or close play. The players' gaze and body orientation could provide further clues, but based on the proximity, the ball is most likely in this area.",D4
79.jpg,38,"There are several players clustered together in cell D4, specifically in that area there seems to be an interaction where someone might be trying to get the ball.",D4
79.jpg,39,"There is a player in black and white kit on the far left edge of cell E4. It looks like he is kicking the ball, and another red shirted player is in cell D4 preparing for the next move. So the ball is most likely in cell E4 or D4. The player's kicking pose, combined with other players nearby, suggests the ball is more likely in D4.",D4
79.jpg,40,The cluster of players in cell D4 and E4 and the direction of play suggests a passing play or challenge for the ball in that area.,D4
79.jpg,41,"Several players are clustered around cell D4. There's also a player kicking from this direction, so the ball is likely in this area.",D4
79.jpg,42,"Several players in cell D4 are looking in towards the goal. The players in cell C5 appear to also be playing for the ball. The players form a line towards the goal, suggesting the ball is somewhere near cell D4.",D4
79.jpg,43,"There are multiple players positioned around grid cells D4 and E4. There is also action happening around the goal (A1). However, the players in D4 and E4 are closely positioned, leading us to infer the ball is most likely located around that area.",D4
79.jpg,44,There's a group of players clustered in D4. The ball is most likely located near their feet.,D4
79.jpg,45,"Several players are looking in that direction and there is some action in that cell. Also, the players in 4D are likely trying to win the ball from a tackle.",D4
79.jpg,46,"There are several players clustered together in cell D4, suggesting a potential interaction with the ball. The body language of the players also indicate the ball might be in that area.",D4
79.jpg,47,"There are multiple players near the D4 area, and it appears one player is kicking towards the goal. Therefore, it is likely the ball is near the players.",D4
79.jpg,48,"There are a lot of players converging in cell D4, suggesting a high probability of the ball being in that vicinity. Additionally, multiple players are looking in that direction.",D4
79.jpg,49,"Given the position and body language of the players in cell D4, they are most likely kicking the ball.",D4
79.jpg,50,"The cluster of players near cell D4 suggests a possible location. The player in that region is in motion, which suggests they could be kicking the ball. The proximity to the goal also makes it likely the ball is in this area.",D4
53.jpg,1,"Several players are clustered in and around cell F7, and it is most probable that they are competing for the ball.",F7
53.jpg,2,"Based on the players' positions and the action around them, it's likely the ball is being contested between the players in the cluster around grid square F7.",F7
53.jpg,3,"Based on the player positions and their likely actions, it's probable the ball is in the immediate vicinity of the cluster of players in cells D6 and E6.",E6
53.jpg,4,"There are two players very close together in D7, which often suggests that they are contesting for the ball.",D7
53.jpg,5,"Several players are clustered around the E6/E7 area, suggesting active play around that area. Also the players in D6/D7 are either heading or their feet are up and are in a kicking/running pose. It is most likely that the ball would be around here.",E6
53.jpg,6,There are several players around cell F7. It is likely that the ball is located near them.,F7
53.jpg,7,There's a cluster of players in D6 and D7. It's highly likely the ball is in that immediate vicinity.,D6
53.jpg,8,"Based on the positions and actions of the players in cells D6, D7, E6, and E7, it is likely that the ball is located between them.",D6
53.jpg,9,"There are several players clustered around grid cell E6/E7, suggesting a possible contest for the ball. However, the player at D6 appears to be jumping, possibly heading a ball. Therefore, a position slightly above them, in the D6 region, is where the ball could likely be.",D6
53.jpg,10,"Based on the position of the players and their movements, the ball is most likely located near the cluster of players in the center of the grid. The general activity in that area suggests players are contending for the ball.",E6
53.jpg,11,"There is a group of players clustered in cell E7. It is likely they are contesting for the ball, so the ball is most likely to be in this area.",E7
53.jpg,12,There are several players clustered in the vicinity of cells D6 and E7. Players in soccer usually gather around where the ball is.,E7
53.jpg,13,"Based on the position of the players, their actions, and the way they are looking, it seems most likely that the ball is in the area where the majority of them are converging in grid cell E6.",E6
53.jpg,14,"Based on the positioning of the players clustered around the center of the image, and how they are looking and oriented, the ball is likely in their vicinity, likely being contested for.",E6
53.jpg,15,"There is a group of players congregated in cell D6 and D7, which indicates a contest for the ball. A player in cell E5 is also likely involved in this contest. Considering the motion of the players, it is most likely in D6 or D7. Since there's a player appearing to kick the ball in D6 and a player jumping in D7, it is more likely that the ball is in D6.",D6
53.jpg,16,"There are several players around the intersection of grid cell E7. With so many players in close proximity, it's likely that the ball is somewhere around there.",E7
53.jpg,17,There are several players clustered around cell F7. It is likely that this is the location of the play.,F7
53.jpg,18,"There are several players congregated in the area of E6 and D7. Usually in a soccer match where players are close to each other, the ball is likely to be there also.",E6
53.jpg,19,"There is a group of players clustered in cell D7, suggesting a potential play is occurring there. The body posture of a player in E6 implies movement towards the direction of the cluster. Therefore, the ball is most likely around this cluster.",D7
53.jpg,20,"Given the players' positions and actions, there's a cluster of players around cells D6 and E7. The ball is likely between them, and a player seems to be directing the ball towards the lower side. So, cell E6 is the most probable location.",E6
53.jpg,21,"There appears to be a scuffle of players in cells D6, D7, E6, E7, and the player in cell E5 is facing that direction. These players are most likely fighting for the ball.",E6
53.jpg,22,"There are several players clustered around the location E6/E7. Given the action and proximity of these players, it is likely the ball is in that general location.",E6
53.jpg,23,"There's a group of players clustered in cell E7. The players appear to be actively contesting possession, meaning the ball is likely in that vicinity.",E7
53.jpg,24,"There are multiple players clustered in D6 and D7, some jumping/kicking. It would make sense for the ball to be near them, mid-air or on the ground, in that area.",D6
53.jpg,25,"Based on the positioning of players in the image, the ball is most likely near the cluster of players around grid cell F7. A player is actively kicking, therefore the ball should be right near them.",F7
53.jpg,26,"The players in D6, D7 and E6 are likely in close proximity to the ball and possibly contesting for it. My best guess is that it's near their feet in this cluster.",D6
53.jpg,27,"There is a cluster of players in cell F6 and D7. The ball is likely to be at the feet of one of the players involved in this cluster. Given the players positions, it is more likely the ball is in front of the feet of the player in F6 and D7.",F6
53.jpg,28,There are several players clustered together in the area of E6/E7. This is a common situation in soccer for the ball to be nearby.,E6
53.jpg,29,"Based on the position of the players in the image, there seems to be a cluster of players in the F6/F7 area. It is most likely the ball is in this area.",F6
53.jpg,30,"There are several players around cell F6 and D7, this is likely a busy area of the field, so it is very likely that the ball is located in this area.",F6
53.jpg,31,"The players in the image are closely grouped in cell E6-E7, indicating a potential play. Another player is running to the area in E5-F5. It's likely the ball is near this cluster of players.",E6
53.jpg,32,There are several players clustered together in the E6/D6/D7 area. It's likely that they're contesting the ball.,D6
53.jpg,33,Several players in D6 and D7 are looking in the same direction and are likely challenging for the ball. Players in E5 and E9 are moving towards this location.,D6
53.jpg,34,"There are several players clustered in the cells D6 and E7. It is likely the ball is nearby. More specifically, the player in E7 looks like they are about to kick the ball, so it would be close to their feet.",E7
53.jpg,35,"Based on the position and body language of the players, it's likely the ball is located around the group of players in the middle of the field, particularly where the two players in white are facing.",E7
53.jpg,36,"There are multiple players clustered in the area around E6 and D7. Given the direction of the players' movements and their proximity to each other, it's likely the ball is somewhere around this area. I'd place it more toward D7 because the players are looking in that direction.",D7
53.jpg,37,"There appears to be a cluster of players in the E6/E7 region of the image. Since it is a soccer game, the ball is most likely located near those players. I will choose the region where most of the feet are located.",E6
53.jpg,38,"There is a cluster of players in cell E6 and D7. It is likely the ball is with them. Since it looks like the player in D7 might be kicking to player in E6, the ball is likely in the area around D6 or E6. E6 is a slightly better guess.",E6
53.jpg,39,There are multiple players around cell F7. They are looking towards that location and potentially trying to get the ball.,F7
53.jpg,40,"There are several players clustered together in the vicinity of cells D6, E6 and D7. Given the typical action of a soccer game, the ball is likely among this group of players. The cluster seems to stretch more towards the E6 area, which indicates that the ball is likely in the E6 cell.",E6
53.jpg,41,"There is a cluster of players around the E6-E7 area. Based on typical soccer play, the ball is likely at the feet of a player or in the air near them.",E6
53.jpg,42,There are several players congregated in the D6-E7 region of the image. It is likely that they are contesting possession of the ball in this area.,E6
53.jpg,43,"There are several players clustered in the E6 and D7 areas. Given that the soccer players are looking towards this area, the ball should likely be nearby.",E6
53.jpg,44,"The group of players in D6/D7 suggests a likely location for the ball, as they appear to be in a contest for possession. There's another potential location at E9 as the figure in the bottom right looks like he is about to make a play. However D6/D7 seem more concentrated. I am guessing that the ball is most likely at D6.",D6
53.jpg,45,"There is a group of players clustered around cell G6 and F7. Considering the player positions and actions, it's highly likely the ball is somewhere near this cluster. I'd guess around F6 or F7. However, the player in F6 appears to be focused slightly downwards, which suggests the ball might be close to the ground and at his feet. I'm going to opt for F6 due to the posture of the player and position with other players.",F6
53.jpg,46,"There are multiple players clustered in the region of F6, so it's likely that the ball is in that area.",F6
53.jpg,47,"Several players are clustered in cell D6 and D7, with some players clearly kicking or jumping. This suggests the ball is in their vicinity. A player in E6 also looks like they are running to where the ball is most likely located.",D6
53.jpg,48,There are several players clustered in the area of E6/E7 and D6/D7 and this is likely where there is an active play.,E6
53.jpg,49,"There are multiple players converging near the center of the image, suggesting a contested area. Additionally, players in cells E5, D6, D7, and E7 are oriented toward a common location. Given this, the ball is most likely located near these players.",E6
53.jpg,50,"Based on the positions and body orientations of the players in cells D6, D7, E6, E7, and E9, the ball is most likely somewhere in the intersection of those players' areas.",E7
230.jpg,1,"The player on the right in the blue and white jersey seems to have just kicked the ball based on his foot positioning. Therefore, the ball is most likely near his foot.",E6
230.jpg,2,"The Brighton player in white and blue is kicking the ball with his right foot. Therefore, the ball is most likely near his foot.",E6
230.jpg,3,"Based on the position of the player's right foot, it looks like he just kicked the ball. The ball is most likely slightly in front of his foot on the ground.",E6
230.jpg,4,The Brighton player in the white and blue jersey seems to have just kicked the ball or is about to. His foot is pointing towards the ground in cell E6.,E6
230.jpg,5,"The Brighton player in the center of the image appears to have just kicked the ball. His foot is in a position that suggests he has just made contact, and his body is leaning forward as if following through with a kick. Therefore, the ball is likely near his foot.",E6
230.jpg,6,"The player in the blue and white kit in cell F6 is kicking, indicating that the ball is at his feet.",E6
230.jpg,7,"The player in the blue and white uniform appears to be kicking the ball with his left foot. His foot is in cell E6, so it is likely the ball is near his foot.",E6
230.jpg,8,"Based on the foot positions and body orientations of the players, it appears the brighton player at [6, E] just kicked the ball.",E6
230.jpg,9,"The player in the foreground (in blue and white) appears to be kicking, or about to kick, the ball. His foot is near cell E6. So the ball must be in that area.",E6
230.jpg,10,"The player in the blue and white jersey is kicking the ball. Given the direction of his body and the position of his kicking foot, the ball is likely just in front of his foot.",E6
230.jpg,11,"The Brighton player is kicking his foot, indicating he is kicking or has just kicked the ball. Therefore, the ball is most likely located near his foot.",E6
230.jpg,12,The player in the blue and white jersey is kicking the air so I assume the ball to be in front of his foot.,E6
230.jpg,13,"The right player, wearing the blue jersey, is likely kicking or has just kicked the ball. The angle of his foot suggests that the ball is on the ground just in front of him.",E6
230.jpg,14,"The player in the blue and white kit appears to have just kicked the ball with his right foot. Based on the position of his foot and body, the ball is most likely at ground level, slightly in front of his foot.",E6
230.jpg,15,The player in the blue and white jersey is kicking the ball. The ball is most likely right in front of his foot.,E6
230.jpg,16,The player in the blue and white shirt (Brighton) is kicking the ball. The angle of his leg and the motion blur suggest he is making contact in the E5/E6 area.,E6
230.jpg,17,The Brighton player (in blue and white) is kicking the ball. His right foot is close to the ground and is about to hit the ball.,E6
230.jpg,18,"The Brighton player in the blue and white jersey is kicking the ball with his right foot. Based on the position of his foot, the ball is most likely close to his right foot.",E6
230.jpg,19,"The Brighton player in the blue and white shirt is clearly kicking with his left foot. Given the angle of his foot, the ball is likely in front of him as he kicks. Thus, the ball is likely in grid D6/E6. Given the position of his right foot and body I think it is closer to D6",D6
230.jpg,20,"The player in the blue and white jersey is kicking the ball with their left foot. Therefore, the ball would likely be located in front of the player's foot.",E6
230.jpg,21,"The player in the blue and white jersey appears to have just kicked the ball, as indicated by the position of his leg. Thus, the ball is most likely in front of him, near his foot.",E6
230.jpg,22,The Brighton player in the centre is kicking or just kicked the ball with his left foot. The most probable location of the ball is in front of his foot.,E6
230.jpg,23,"Based on the position of the Brighton player's foot, the ball is most likely located right in front of his foot, where he is kicking it. This would place the ball in grid cell E6.",E6
230.jpg,24,The player in the blue and white jersey is positioned as if he has just kicked the ball with his left foot. The position of his left foot suggests that the ball was located very close to it.,E6
230.jpg,25,"The Brighton player in the blue and white jersey appears to have just kicked the ball. His foot is in kicking position, so the ball would be right in front of his foot.",E6
230.jpg,26,"The player in the blue and white jersey appears to have just kicked the ball, judging by the motion of his leg and foot. Therefore, the ball is most likely located just ahead of his foot.",E6
230.jpg,27,The player in the blue and white jersey is kicking the ball. The ball is located at his feet.,E6
230.jpg,28,The Brighton player in the foreground is kicking with his right foot. It is likely the ball is just leaving the surface in cell E6.,E6
230.jpg,29,"The Brighton player (wearing blue and white) is kicking with his left foot. Based on the position of his leg, the ball is likely directly in front of it and low to the ground.",E6
230.jpg,30,The Brighton player in the white and blue kit is kicking the ball with his left foot. His left foot is located in cell E6. Therefore the ball is likely located in cell E6.,E6
230.jpg,31,"The Brighton player in cell E6 is kicking with his right foot, it looks to me like he is kicking the ball. The ball would be located around the foot.",E6
230.jpg,32,"The player in the blue and white jersey is kicking with his left leg. So the ball is going to be in front of him, close to his foot in the kicking direction.",E6
230.jpg,33,"The player in the Brighton jersey is kicking the ball, so it is very likely near their feet.",E6
230.jpg,34,"The Brighton player is about to kick with his right foot. The ball must be located where his right foot is, which is cell E6.",E6
230.jpg,35,The Brighton player in the foreground is kicking his left foot. This strongly suggests the ball is directly in front of his foot in order for him to kick it.,E6
230.jpg,36,"The Brighton player is kicking with his right foot in E6, therefore the ball would be in front of his foot at D6, or E6.",E6
230.jpg,37,"The player in the blue and white jersey is in the middle of kicking the ball, his foot is aligned in cell E6 and the ball is probably at his foot.",E6
230.jpg,38,"The Brighton player in cell E6 is in the middle of kicking the ball, with his foot appearing to make contact with the ground near the location where the ball is most likely located.",E6
230.jpg,39,"The player in the blue and white jersey appears to have just kicked the ball. Given the position of his foot, it is likely the ball was located near his foot.",E6
230.jpg,40,"The rightmost player with the blue and white shirt appears to have just kicked the ball with his left foot. Therefore, the ball is most likely close to his foot.",E6
230.jpg,41,The player in blue and white stripes is likely kicking the ball. I'm assuming the ball is close to their feet.,E6
230.jpg,42,The Brighton player in the blue and white jersey is clearly kicking the ball with his left foot. Therefore the ball must be in front of his left foot.,E6
230.jpg,43,"The Brighton player in the center is kicking the ball. Based on the position of his leg and foot, the ball is likely near his foot on the ground.",E6
230.jpg,44,"The player in the white and blue jersey seems to have just kicked the ball, as his right leg is forward and planted near the ground. This suggests the ball should be in the area around his foot.",E6
230.jpg,45,"The player in the blue and white jersey is kicking the ball, so the ball is most likely on the ground near their foot.",E6
230.jpg,46,"The player in the blue and white jersey is clearly kicking the ball, and the tip of his foot is in cell E6. Therefore, the ball must be located in cell E6.",E6
230.jpg,47,"The Brighton player in the center of the image appears to be in the process of kicking the ball. Given his posture and leg position, it is likely the ball is very close to his left foot.",E6
230.jpg,48,The Brighton player in the blue and white jersey is in the middle of a kicking motion. The bottom of his foot is slightly above cell E6. I will assume the ball is under his foot.,E6
230.jpg,49,"The Brighton player (in white and blue) is positioned to kick the ball. His kicking foot is near cell E6, so it is very likely that the ball is right next to his foot in the grid cell E6.",E6
230.jpg,50,"The Brighton player (in blue and white) is extending his leg, indicating he recently kicked or is about to kick the ball. His foot is in cell E6, so the ball would most likely be near his foot, probably in D6 or E6. Since it is most likely on the ground, I'll place it in cell E6.",E6
224.jpg,1,"The goalie is diving to their right, and the forward is positioned to take a shot toward the right side of the goal. Therefore, the ball is most likely in front of the forward in the right part of the image, possibly near where the forward is pointing the sole of his right foot.",D2
224.jpg,2,"The goalie is kicking, so the ball would be in front of the goalie. I am estimating the ball is in cell D2.",D2
224.jpg,3,"Given the positions of the players, and the motion of the goalkeeper, it seems the ball was passed to the right of the goalkeeper in order to score, therefore it must be in the goalpost.",D8
224.jpg,4,"The goalkeeper is diving towards the left side of the image. The forward is also running towards the left side of the image. It's likely the ball was kicked from right to left, and the goalkeeper is trying to make a save. Based on the trajectory of the players and the goalkeeper's position, the ball is most likely located in the area where the goalkeeper is diving, between the forward and the goalkeeper.",D2
224.jpg,5,"The goalkeeper is diving, and the other white team player is approaching toward the goal. Therefore, the ball would be in front of the goal in the D2/D3 square.",D2
224.jpg,6,"Given the positions of the players on the field, the ball is likely to be within the vicinity of the player on the left or potentially in front of him in the D2 cell.",D2
224.jpg,7,"The player on the left is likely kicking the ball towards the goal. Considering his positioning and the angle of his leg, the ball would be slightly forward of him and at roughly shin height.",D2
224.jpg,8,"The goalkeeper is diving to his left, suggesting that the ball is coming from his right side. Considering the position of the other players and the direction of the goalkeeper's dive, the ball is likely to be within the goal, in the right side.",D7
224.jpg,9,"The goal keeper is positioned in a way that implies he is about to kick the ball, or just has kicked the ball. The other player is running towards the goal keeper in Cell 2. So the ball is probably in between them at a point where the goalkeeper has just finished kicking the ball, or is about to kick the ball.",D2
224.jpg,10,The goalkeeper is diving towards the bottom-left corner of the goal and it would likely be near the feet of the forward on the left.,D2
224.jpg,11,"Based on the direction the players are moving, and the fact that the goalkeeper is diving towards the left, the ball is likely in the vicinity of the player who is located in grid C2.",D2
224.jpg,12,"The goalkeeper is diving to his left, and the other player is running towards the goal. Thus the ball would be kicked near the running player.",D2
224.jpg,13,"The goalkeeper is diving to his left, suggesting the ball is in the air near him. The forward is also running towards the goal to the right of the goalkeeper. A likely scenario is that the other team is attempting to score a goal. The best spot in the image based on this would be the spot where the goalkeeper is likely to catch the ball.",D2
224.jpg,14,"Given the goalkeeper's position and the forward motion of the player to his right, it is likely that the soccer ball has just been kicked towards the goal.",D2
224.jpg,15,The goalkeeper is diving towards the left of the image. The striker to the left of the goal and in cell C2 is looking towards the bottom right of the image. From this I am inferring that the striker is aiming the ball at the goalkeeper.,D2
224.jpg,16,"The goalkeeper is diving towards the right of the image (towards the goal). A player on the opposing team is also running in that general direction, presumably to try and score. It's likely the ball was kicked towards the goal and the goalkeeper is trying to stop it.",D2
224.jpg,17,"The goalkeeper is diving and appears to be attempting to block a shot. The striker is positioned to take a shot. Considering their positions, the ball is most likely in flight towards the goal.",D2
224.jpg,18,"The goalkeeper is diving towards the lower left corner of the goal, so the ball is likely in that area.",D2
224.jpg,19,"Based on the position of the players and the movement of the goalie, the ball is most likely close to the foot of the player in the white uniform that is in cells C2,D2.",D2
224.jpg,20,"Based on the position of the goalkeeper and the attacking player in white, it's most likely that the goalkeeper is trying to save the ball, so it's probably in front of him. It's also in the general vicinity of the foot of the player in white, and it's moving towards the goal.",D2
224.jpg,21,The goalkeeper is kicking the ball. Thus the ball is likely right in front of his kicking leg.,E2
224.jpg,22,"Given the position of the attacking player and the goalkeeper, the ball is most likely in the left portion of the image in front of the goal.",D2
224.jpg,23,"The goalkeeper is diving towards the right, and the other players are oriented towards the goal. Therefore, the ball is most likely being shot towards the goal, near the goalkeeper's hands.",D2
224.jpg,24,"The goalkeeper is diving towards the right, and the other player seems to be facing toward the net as well. This suggests that the ball was just passed to the left of the center of the goal.",D2
224.jpg,25,"The goalkeeper is diving to his right, attempting to block a shot. Given the positions of the attacking player, it is most likely that the ball was coming from the left, and the goalkeeper is trying to block it before it enters the goal.",D2
224.jpg,26,"The goalkeeper is diving to his right, suggesting he is attempting to save a shot on goal. The player in white is moving in the same direction. The position and angle of the players suggest the ball is close to the goal in front of the goalkeeper, as that's where he's diving. I think the most likely location is just inside the goal, but close to where the goalie is diving.",D2
224.jpg,27,"The Goalkeeper is lunging towards the right side of the image to block a shot. The other team's player is also running toward the goal. It is likely the ball is at his feet and heading toward the goal, so it would be near him.",D2
224.jpg,28,"The goalkeeper is lunging forward with his left foot forward, suggesting he's trying to save a shot. The opposing team members are advancing, suggesting they've shot the ball. The player closest to the goal is in cell C7. The most likely location of the ball is in front of the goal, close to where the player is positioned. The players appear to be positioned such that the ball is near the upper right corner of cell D2.",D2
224.jpg,29,"The goalkeeper is diving towards the left, so the ball is most likely to be near his hands. The other player in white also seems to be trying to kick the ball.",D2
224.jpg,30,"The goalkeeper is diving toward the ball as another player is kicking it, so the ball is likely near the D2 grid.",D2
224.jpg,31,"The goalkeeper is diving to their right towards the white-shirted player, suggesting the ball is in that direction. Given the angle and positioning of the players, the ball is most likely in front of them.",D2
224.jpg,32,"The goalkeeper is diving towards the right side of the image, suggesting that the ball might be in that direction. There is a player running near the goal post, it is likely the ball is going in for a goal",D2
224.jpg,33,"Given the angle of the players' bodies and the movement of the goalkeeper, it is likely that the player in white is attempting to shoot on goal. Given that the goalie is diving from the left, the attacker is right of him, I expect the shot is going to the right. This means the ball will probably hit the net between cells D7 and D8.",D7
224.jpg,34,"The goalkeeper in the bottom-left (E1) is kicking towards cell C2. There is another player in white ready for a pass, which makes cell C2, a likely location for the soccer ball.",C2
224.jpg,35,"The goalkeeper is diving to his left and the other player is running towards the goal in the right direction to shoot at the goal. Therefore, the ball is most likely located in front of the goal somewhere between the players who are the goalkeeper diving and the other player running toward the goal.",D2
224.jpg,36,"Given the positions of the players and their movement, the ball is most likely around cell D2.",D2
224.jpg,37,"Given the position of the players, the goalie's movement, and the other player's body language. The ball is most likely within the goal frame in cells with 7/8.",D7
224.jpg,38,"The goalkeeper is diving to his right, and a player from the opposing team is running towards the goal. These actions indicate the ball is most likely in the vicinity of where the player is running, in the direction of the goal.",D2
224.jpg,39,"Based on the position of the goalkeeper and the attacking player from the white team, the ball would most likely be in front of the goalkeeper, just about to be shot by the player from the white team, around D2/D3.",D2
224.jpg,40,"The goalkeeper is attempting to make a save. Based on his position and the general play, it is reasonable to think the ball is close to him.",D2
224.jpg,41,"The goalkeeper is diving and appears to be attempting to save the ball. The player in the white jersey is running toward the goal and kicking. Thus, the ball is likely between them and in front of the goal.",D2
224.jpg,42,"The ball is likely near the feet of the player in the white jersey in cell C2/D2. It could also be near the feet of the goalkeeper in cell D1/E1, but that is less likely given the body positions of the players.",D2
224.jpg,43,"The goalkeeper is diving to his right, and there is a player in cell C2 running toward the right side of the frame. This suggests a likely shot or cross is coming from the left of the frame toward the goal. The most likely location of the ball is slightly to the right of C2.",C2
224.jpg,44,The goalkeeper in cell D1 is extending his leg forward suggesting that he is kicking the ball in front of him. The other player in cell D2 is also in a stance that indicates the ball is in front of him.,D2
224.jpg,45,The player in the white jersey in cell C2 is kicking his leg out indicating that he might have kicked the ball. The ball would be positioned to the right of his foot.,D3
224.jpg,46,"Based on the position of the players and the goalkeeper, the ball is most likely being kicked by the white player in front of the goal.",D2
224.jpg,47,The goalkeeper is in the process of kicking the ball. The player is focused on the goal and the kicking foot is about to make contact with the ball.,D2
224.jpg,48,"The goalie is positioned between grid cell C1 and E1. The other team's player is running towards the goal and is near the border of grid cell C2 and D2. Therefore, it would make sense that the ball is between them, within grid cell D2.",D2
224.jpg,49,"The goalkeeper is kicking the soccer ball. Based on his leg and body position, the ball is likely near his foot, in the bottom left quadrant of the image.",E2
224.jpg,50,"The goalkeeper is diving towards the ball. The white player is also focused on the ball. Therefore, the ball is most likely between them.",D2
0.jpg,1,"Given the position of the player in the white shirt (who appears to be in the action of kicking) and the direction his body is facing, the ball is most likely at his feet.",D5
0.jpg,2,"The player in the white jersey is kicking, suggesting the ball is near his foot and between him and the other player in the lighter uniform.",D5
0.jpg,3,"The player in white is in the kicking motion, so it's most likely in front of his kicking foot. Given his leg position, cell F4 appears to be the most probable location.",F6
0.jpg,4,"The player in the white jersey appears to be kicking, or has just kicked the ball. Given the position of his leg, the ball would likely be in front of him at a very low height.",D5
0.jpg,5,"The player in white is kicking forward and his foot is near grid C5, therefore the ball should be located around that area as well.",C5
0.jpg,6,The player in the white jersey is in the middle of kicking or dribbling the ball. His right foot is extended forward and likely making contact or just having made contact with the ball.,C5
0.jpg,7,"The player in the white jersey appears to have just kicked the ball. Based on his leg position and direction he is facing, the ball would likely be in front of him, near his foot.",D5
0.jpg,8,"Based on the player's leg position and body posture, he is kicking the ball with his right foot. The ball is most likely located just in front of his right foot.",D5
0.jpg,9,"The white player is kicking his right leg, so the ball should be in front of him.",D5
0.jpg,10,"The player in the white shirt is in the middle of kicking. Therefore, the ball is probably in front of his kicking foot.",C5
0.jpg,11,"The player in the white jersey is kicking his left foot. Therefore, it is likely the ball was in front of him in the lower part of the image.",E5
0.jpg,12,"The player in the white jersey appears to have just kicked the ball. Therefore, the ball is most likely in cell F4.",F4
0.jpg,13,The player in the white shirt is kicking and in the process of kicking the ball. Thus the ball must be close to his feet.,D5
0.jpg,14,"The player in the white shirt and navy shorts is mid-kick and his left leg is positioned to strike the ball. Therefore, it is most likely in cell E5 or F5. It is slightly more probable that the ball is in cell E5, as his foot is positioned higher.",E5
0.jpg,15,"The player in the white shirt appears to have just kicked the ball or is about to kick the ball with his right foot. Therefore, the ball should be close to his right foot at cell E5, maybe E6. However, I'm opting for cell E5 because the foot is still in the air, implying the ball hasn't yet traveled to cell E6, and therefore, is likely at E5.",E5
0.jpg,16,"The white player appears to be kicking the ball with his right foot. His foot is in grid cell E5, therefore, it is likely that the ball is in the grid cell directly in front of his right foot.",F5
0.jpg,17,"The player in white is kicking their right leg forward. The player to the left also is running forward with his right arm extended, indicating that the player in white just kicked the ball forward in the D6/E6 range.",E6
0.jpg,18,"The player in the white shirt is in the motion of kicking and his right leg is raised and slightly forward. Considering this information, the ball is most likely near his right foot.",D5
0.jpg,19,The player in the white jersey is in the middle of kicking the ball with his right foot. The ball would likely be directly in front of his right foot.,D5
0.jpg,20,"The player in the white shirt is likely kicking the ball, so it would be near his right foot.",D5
0.jpg,21,"The player in the white shirt is kicking his leg, indicating that the ball was most likely in front of his foot. Based on the position of his leg, the ball was most likely near cell F5.",F5
0.jpg,22,"The white player is in mid-kick, so the ball is very likely somewhere near his foot and slightly ahead of him.",D5
0.jpg,23,"The ball is likely located near the foot of the player in the white jersey. Given his leg position and the fact that it looks like he's kicking, the ball is probably in cell E5.",E5
0.jpg,24,"The player in the white jersey is likely kicking the ball. Based on his leg position, the ball would be close to his foot in the D5/E5 area.",E5
0.jpg,25,"The player in the white jersey is in mid-kick, so it is most likely that the ball is coming off of his right foot.",D5
0.jpg,26,"The player in the white jersey is in the middle of kicking. His foot is raised and pointing towards the ground. The ball should be in the immediate vicinity of his foot, which is in cell E5/F5.",E5
0.jpg,27,The player in the white jersey is extending his right leg as if he just kicked the ball. It appears he connected with the ball near his right foot.,D6
0.jpg,28,"The player in the white shirt (Son) appears to be mid-kick. Based on his leg position, the ball is most likely located in front of his foot and slightly below the knee.",D5
0.jpg,29,The player in the white jersey is kicking with his right leg. The likely position of the ball is in front of his right foot.,D5
0.jpg,30,"The player in the white jersey is in the middle of kicking. Looking at the position of his legs, the ball should be at or a little ahead of his right foot (which is in the air) and relatively close to the ground.",D5
0.jpg,31,"The player in white is in the kicking motion with his right leg extended forward. Therefore, the ball must be located directly in front of his right foot which is in cell F5.",F5
0.jpg,32,"The player in the white jersey is kicking with his right leg. The ball would likely have been located in front of his right leg, possibly slightly right of it.",D5
0.jpg,33,"The player in the white jersey is kicking with his right foot. The ball would be right in front of his kicking foot, and slightly above the ground.",D5
0.jpg,34,"The player in the white shirt is most likely kicking the ball with his right foot. Given the position of his right foot in relation to the grid, and the angle of his leg, it is likely that the ball would be in the vicinity of his foot and slightly in front of it.",D5
0.jpg,35,The soccer player in the white jersey is in the middle of kicking. His leg is raised and his body is positioned as if he just kicked the ball. Therefore the ball would be in that vicinity.,C5
0.jpg,36,"Given the position of the white player's leg during what appears to be a kick and the angle of his foot, the ball is most likely to be in cell F4.",F4
0.jpg,37,"The player in the white jersey is in the middle of kicking motion, with his foot likely making contact with the ball. Therefore, the ball is most likely located near his foot.",D5
0.jpg,38,The white player is kicking forward with his right leg which means the ball would be in front of the right leg.,D5
0.jpg,39,"The player in white is kicking his left foot, suggesting he is kicking the ball. Therefore the ball should be right in front of his foot.",D5
0.jpg,40,"The player in the white shirt is kicking, his right leg is out stretched. The ball would need to be near his foot.",C5
0.jpg,41,"The player in the white jersey is kicking with his right foot. Assuming the direction of the kick is forward, the ball would be slightly in front of and to the right of his foot.",D6
0.jpg,42,The ball is likely near the player in the white jersey as he is kicking or has just kicked. The most likely cell would be near his right foot.,D5
0.jpg,43,"The player in the white jersey appears to be kicking, or recently kicked, the ball. Therefore, the ball would be directly in front of his foot.",D5
0.jpg,44,"The white player in the middle of the image has his leg outstretched as if he has just kicked the ball. Given his body position, it is most likely that the ball was just in front of his kicking foot at the moment the image was taken.",D5
0.jpg,45,"The player in the white shirt is likely kicking or about to kick the ball. Thus, the ball is likely close to his feet.",D5
0.jpg,46,The player in white is kicking the ball with his right foot. Therefore the ball is most likely around his right foot or slightly ahead of it.,D6
0.jpg,47,The player in the white jersey is kicking. The ball should be somewhere near their feet.,D5
0.jpg,48,The player in white is in the middle of kicking. This is the time during the image when the player most likely interacted with the ball and the ball is in the process of being launched.,C5
0.jpg,49,"The player in white is in the middle of kicking. Based on his leg position, the ball would be close to his foot, between cells D5 and E6. So D5 seems most likely.",D5
0.jpg,50,"The player in white is kicking, which is a clear indicator that the ball would have been at his foot before the kick. He is in Cell E5, but since he is kicking, the ball is likely slightly in front of him.",F5
46.jpg,1,"The Fulham player in the center of the image in grid cells C4-D6 is positioned as if he might be about to kick a ball, or has just kicked it. Therefore, I believe the ball would likely be at his feet.",E5
46.jpg,2,"Given the positioning of the central player's feet, it is likely the ball is positioned very close to them.",E5
46.jpg,3,"The ball is likely to be near the feet of either of the players. Given the player in the center seems to be in action, the ball is most likely close to his feet.",E5
46.jpg,4,The player in the white kit in the center of the image appears to be in a position as if they are about to pass or shoot the ball. I estimate the location to be around their feet on the field.,E5
46.jpg,5,"The Fulham player in the center (around cell E5) appears to be preparing to kick the ball. The Fulham player to the right also appears to be looking at the area around the center Fulham player's feet. The Liverpool player at cell D1 is also looking in that direction. Therefore, the ball is likely located on the ground in front of the Fulham player at cell E5.",E5
46.jpg,6,"Based on the players' positions, particularly the player in the middle with their feet positioned for a potential kick, the ball is most likely located near his feet.",E5
46.jpg,7,"The central player in the white jersey is the most likely player to have just played the ball. His foot position suggests he may have just passed it, and I think the ball would be located in front of him.",E5
46.jpg,8,"Based on the players' foot positions and general soccer positioning, the ball is likely on the ground near the feet of the player in the white shirt, but slightly forward and to the left of him.",E5
46.jpg,9,"The Fulham player in the middle is in a stance where he could be about to kick the ball. His legs are close together, and his body posture suggests he is about to make contact with something low to the ground. It would be near his feet, likely in cell E5 or F5. Given the depth and perspective, F5 is slightly more likely.",F5
46.jpg,10,"Given the player stances and spacing, the ball is likely located near the feet of the player in the middle, who appears to be about to kick it.",E5
46.jpg,11,"The ball is likely near the center of the image, close to the feet of the player in the white jersey. Given the angle, the ball is probably on the ground.",E5
46.jpg,12,"Based on the positioning of the Fulham player in the center, and his slightly leaned-over position, it is likely the ball is at his feet ready to be kicked.",E5
46.jpg,13,"The Fulham player in the white jersey is standing in a pose suggesting he has just kicked or is about to kick the ball. His planted foot and body posture indicates he is applying force in that direction. Therefore, the ball would likely be in the immediate vicinity in front of him.",E5
46.jpg,14,"Based on the player stances, the ball would be on the ground near the central player from team Fulham (in white).",E5
46.jpg,15,"Given the positions of the players and their stance, the ball is likely near the feet of one of them, most probably the player in the middle (Cell 5). Looking at his posture, it looks like he is about to kick the ball.",E5
46.jpg,16,"The Fulham player (in the white jersey) seems to be preparing to kick the ball. His position and stance suggest the ball would be right in front of him, possibly just a little to the right. The most plausible location is therefore around his feet on the ground.",E5
46.jpg,17,The player in the center (wearing the white Fulham jersey) looks to be in a stance as if he just kicked the ball or is about to. He is looking forward and down. The most likely location of the ball would be in front of him in the middle of his stance.,E5
46.jpg,18,The central player is likely to be kicking a ball. The position of his legs suggests that he has either just kicked the ball or is about to. The ball is likely to be near his feet.,E5
46.jpg,19,The players in cells E5 and E6 are looking down at their feet. This indicates they are readying to kick or have just kicked the soccer ball.,E5
46.jpg,20,"Given that the two players in the center of the image are facing each other, and the image suggests they may have just started a play, it's likely the ball is at their feet, or just in front of them. Therefore, the ball would most likely be in either cell E5 or F5. Since the player in the middle is standing in E5, it seems more likely the ball would be in front of him on the ground.",F5
46.jpg,21,"Based on the positions of the players and the way their feet are oriented, the ball is likely to be between the player in the white jersey at position 5 and the player in the red jersey at position 8. The most likely location is on the ground between their feet.",E6
46.jpg,22,"The Fulham player in the middle is likely about to kick the ball. It is probably near his feet, and he's likely facing toward the right side of the image.",E5
46.jpg,23,"Given the positions of the players in the image, the most likely location of the ball is near the feet of the player in the center, specifically cell E5.",E5
46.jpg,24,The soccer players in the center are poised as if preparing to kick or already having kicked the ball. Therefore the ball is most likely in their vicinity.,E5
46.jpg,25,"Given the stance of the player in the center of the image, it is likely that the ball is between their feet. The player is in cells D5/E5 and looks to be moving to control the ball. I therefore conclude it is in one of the adjacent cells.",E5
46.jpg,26,The soccer player in the center of the image looks like he is standing on the ball. I assume that he is about to take a kick or has just stopped running.,E5
46.jpg,27,"The player in the middle is likely about to kick the ball with his right foot, therefore the ball should be in front of him.",E5
46.jpg,28,"Given the posture of the player in the white kit, and the fact that this looks like the start of a match, it is likely he is about to kick the ball. The ball should be near his feet in the E5/F5 cell range.",F5
46.jpg,29,The player in the white jersey in column 5 is facing forward and looks like he is about to kick the ball.,E5
46.jpg,30,"Based on the players' foot positions, it is most likely that the ball is located on the ground between the two players in white uniforms.",E5
46.jpg,31,"The Fulham player (in white) in the center of the image is most likely about to kick the ball. The ball would be in front of him, slightly to the ground.",E5
46.jpg,32,"Based on the stance of the player in white, he's likely about to kick the ball. His left leg is forward and slightly bent. Therefore, the ball is likely in front of him, on the ground.",E5
46.jpg,33,"The player in the middle of the frame looks like he's about to kick the ball. Given the stance of his legs, the ball is likely to be in front of him and on the ground.",E5
46.jpg,34,"The central player (in white) appears to have just kicked the ball. His leg is extended and his eyes are looking forward towards the field of play. This indicates the ball is likely just in front of him, slightly to his right based on his body posture.",E5
46.jpg,35,"Based on the players' positions and where they are looking, it is likely that the ball is near the center of the frame, specifically near the player in the white jersey. Judging by the position of the player's feet, it's likely the ball is in front of his feet on the ground.",E5
46.jpg,36,The central player in white is likely preparing to kick the ball. His positioning suggests he is about to strike a ball on the ground. The ball is likely near his feet.,E5
46.jpg,37,"Based on the positions of the players and the nature of the game, the ball is likely to be in close proximity to the player in the center of the frame. The player in the center looks like he is about to kick the ball.",E5
46.jpg,38,"The Fulham player in the middle is most likely in a position to receive a pass or kick the ball. Since his left foot is slightly forward, the ball is likely in front of him on the ground.",E5
46.jpg,39,"The player in the center is most likely about to kick the ball, based on his stance and position. It is most likely on the ground in front of him.",E5
46.jpg,40,"The Fulham player in cell E5 looks like he is about to make contact with the ball, so it would be in front of him, towards the grid line dividing E5 and F5.",E5
46.jpg,41,"Given the positions of the players and the fact that the players in the center of the frame appear to be ready to take possession of a ball, the most likely location for the ball would be near their feet.",E5
46.jpg,42,"The player in the white jersey in cell C5 is looking down towards the ground, indicating that the ball is likely to be near his feet.",E5
46.jpg,43,"The ball is likely in the vicinity of the Fulham player in the white jersey, as he appears to be poised to receive or pass the ball. Looking at the angle of his body and his feet, it's likely that he is about to kick the ball. Therefore, the ball would be close to his feet.",E5
46.jpg,44,The central player appears to be mid-stride or about to strike the ball. The most probable location for the ball would be near his feet on the ground.,E5
46.jpg,45,"Given the positions of the players, it's most likely the ball is near the Fulham player who appears to be the center forward. Also, judging by the angle of his foot, it would be around the E5 or F5 grid area.",F5
46.jpg,46,The Fulham player in the middle (at position 5 on the x-axis) appears to be preparing to kick the ball or has just kicked it. His gaze is slightly down and forward. His legs are in a stance as if he is about to strike or just struck the ball.,E5
46.jpg,47,"The ball is likely near the center of the field, perhaps slightly closer to the attacking player in the white jersey. Based on the player stances, a ball would most likely be near the player in the white jersey.",E5
46.jpg,48,"Based on the positions of the players, especially the player in the middle with white socks, it is likely that a ball would be around their feet on the ground.",E5
46.jpg,49,"The Fulham player in the center of the image appears to be in motion, preparing to kick the ball. Therefore, it is likely that the ball would be near his feet.",E5
46.jpg,50,"The soccer player in the white uniform in the middle of the frame is in the stance of someone about to kick a ball. The ball would be located directly in front of him, most likely between his feet.",E5
190.jpg,1,The players in cells 9 and 10 are likely focused on the ball and have their feet positioned as if they are about to kick or are in the process of kicking the ball. Their posture suggests that the ball is at their feet.,E10
190.jpg,2,"Based on the player's body position and leg movement, the player on the right is likely kicking the ball forward. Given the angle of his foot, and the direction he is facing, the ball should be somewhere near his foot on the ground in front of him.",E10
190.jpg,3,"Given the positions of the players, and the fact that they are actively playing soccer, it is most likely that the ball is located near the feet of one of the players. Considering the foot position of the player on the right, it seems likely the ball is near his foot.",E9
190.jpg,4,The player in cell I5 appears to be in the middle of taking a shot or passing the ball. The location of the other players suggests the ball is nearby. The players in the image on the right are looking down suggesting the ball is on the ground.,E9
190.jpg,5,"Given the positioning of the players, it appears that a player on the right side of the image is in the process of kicking the ball, so it would be near his feet.",E10
190.jpg,6,"Looking at the image, the position of the players on the right suggest one of them is about to kick the ball with their right foot. Given the angle, the ball is most likely near the right foot of the red player (number 14).",E10
190.jpg,7,"Based on the position of the players and their legs, it's likely that the ball is on the ground close to the feet of the player on the right, as he appears to be making a movement to kick it. The most likely location is E10.",E10
190.jpg,8,"Given the players' positions and the direction they are moving, the ball is likely in the vicinity of the players' feet. Given the stance of the player near the right (in the red shirt), it is most likely he is about to make contact with the ball.",E9
190.jpg,9,"Given the position of the players and their likely movements, it seems most likely that the player on the right (in the red jersey) was preparing to either pass or shoot the ball. As such, the most probable location for the ball just before it was removed is near that player's feet.",E10
190.jpg,10,"The players in cells G6 and J9 are looking down and their legs are in motion, which indicates they are playing the ball. The location where the ball would most likely be is between them in cells F7 and F8.",F7
190.jpg,11,"Given the positions of the players' feet and the overall action of the players on the right side of the image, the ball is likely on the ground between their feet. Specifically near the feet of the player on the right.",E10
190.jpg,12,"Given the leg positions of the players in the image, the ball is most likely at the feet of one of them. The player on the right side (closer to the cell 10) has a clear forward leg motion. So it's very likely the ball is there.",E10
190.jpg,13,"The ball is most likely in the vicinity of the two players on the right side of the image who are interacting. Based on their leg position, the ball is most likely on the ground between them.",E10
190.jpg,14,"Based on the foot positions of the players in the image, the ball is likely somewhere near where the player in the red jersey is making a tackle. Given the angle and proximity, the ball could be directly under or slightly in front of their planted foot.",E10
190.jpg,15,"Based on the position of the players' feet and lower legs, the ball is most likely between their feet, close to the ground. The angle of the player to the right suggests the ball is in their vicinity.",E9
190.jpg,16,"The ball is likely to be near the feet of one of the players, specifically the player in white on the right side of the image. The player in red is very close to the right edge of the frame, so it is less likely the ball is near their feet. Based on the location of the feet of the player in white, the ball is likely located in cell E9.",E9
190.jpg,17,"Based on the players' feet, the ball is most likely on the ground near their feet in the right side of the image.",E9
190.jpg,18,"Given the position of the player in the red shirt (potentially about to kick or having just kicked) and the direction of movement, the ball is likely between his feet and slightly ahead, on the ground.",E10
190.jpg,19,"The soccer players are oriented in a way that suggests the ball is likely in front of them, in the lower right portion of the image. Given the positions of the players who are about to kick or have kicked the ball, and the fact that we're dealing with a ground ball situation, the most likely location is close to their feet on the grass.",E10
190.jpg,20,The action in the image is near the right side. The feet positions of the players near grid section E10 indicate that the ball is likely on the ground around them.,E10
190.jpg,21,"Based on the players' positions and the flow of the game, the ball is likely in motion toward the right side of the image, possibly being passed or dribbled. The player in the red jersey (right side of image) has their foot in a position consistent with kicking or dribbling the ball. The foot of the player on the right is facing towards the grid square E9.",E9
190.jpg,22,"The player in cell 10 is likely kicking the ball, thus the ball would be on the ground close to his feet.",E10
190.jpg,23,"Given the position of the players' feet and the general flow of action in a soccer game, the ball is likely located near the feet of the players in the right half of the image. Specifically, near the player in the white jersey who is likely kicking or about to kick the ball. The location of the foot closer to cell E10 suggests the ball would be in that vicinity.",E10
190.jpg,24,"The player on the right (around column 10) appears to be about to strike the ball with his right foot. The lower leg is swung back, ready to kick forward. The most likely position for the ball would be right in front of that foot, on the grass.",E10
190.jpg,25,The soccer player on the right is about to kick a ball. The ball would likely be near the ground between him and his foot.,E10
190.jpg,26,"Given the position of the players and the typical angle of a soccer image, the ball is most likely located around the feet of the player on the right, possibly slightly ahead, in grid cell E9 or E10. I'll pick E9.",E9
190.jpg,27,"Given the position of the players and the way they are looking, it seems likely that the ball is somewhere around them. The player on the right looks like he might have just kicked the ball and the player in the middle is running.",E7
190.jpg,28,"Based on the position of the player on the right, the ball is likely in front of him on the ground as he's about to kick it or has just kicked it. Therefore, it's likely to be in cell E10.",E10
190.jpg,29,"Judging by the player positions and the fact that they are running, the ball is likely on the ground and near the players. Given the position of the feet of the two players in the front (red kit player 10 and white kit player 7) it is most likely located between them.",E9
190.jpg,30,"Given the player positions and the action (players are moving, kicking) in the image, the ball is most likely located near the feet of the player on the right. Judging by the feet of the players on the right side, it seems as though they are near or have kicked the ball.",E9
190.jpg,31,Given that there are two players on the right that appear to be mid-stride kicking or passing. It is most likely near their feet.,E10
190.jpg,32,The two players on the right side of the frame appear to be facing each other. One player has just kicked and is facing towards the other person. Therefore the ball should be between them and lower to the ground.,E10
190.jpg,33,"Considering the players' positions and actions, it is likely that the ball is near their feet. Because the right-most player (wearing red uniform) seems to be moving forward to kick the ball, the ball is likely around his leg.",E10
190.jpg,34,"Based on the players' positions and the direction they are facing, the ball is likely located near the feet of the player in the white shirt who is on the right side of the image. He appears to be either dribbling or has just kicked the ball.",E9
190.jpg,35,"The player on the right (in the red kit) appears to be in mid-stride, likely having just passed or about to pass the ball. Given his foot position and the proximity of another player, the ball is most likely at the ground between their feet.",E10
190.jpg,36,"The player on the right is kicking the air, therefore the ball should be near that player's kicking foot.",E10
190.jpg,37,"Based on the positions and leg movements of the players in the image, it's likely the ball is in play near the right side of the image, close to the ground. A likely location is in front of the player in red on the right side, near their feet.",E10
190.jpg,38,"Given that the two players on the right are in the process of kicking the ball, the ball is probably near them. I see orange cleats and possibly a foot that is about to touch the soccer ball. Based on the position of the orange cleats, and the red and white uniform, I think it will be near those player's feet in grid cell E10.",E10
190.jpg,39,"Given the players' body positions and the angle of their legs, the ball is most likely located just in front of the player on the right, near the ground.",E10
190.jpg,40,"Looking at the positions of the players' feet and the direction they are facing, the ball is likely located on the right of the picture and near the players' feet. The position of the ball is likely to be on the grass.",E10
190.jpg,41,"Considering the position of the players and their feet, it's likely the ball is close to the ground near the players on the right.",E9
190.jpg,42,"Given the position of the players legs and the action happening at the bottom right, I would expect the ball to be in a position just in front of the players legs.",E9
190.jpg,43,"The player in the red uniform is in the middle of a kicking motion. Therefore, the ball is most likely close to their feet, which would be around Cell E10.",E10
190.jpg,44,"Given the position of the players' feet and their overall movement, it seems the ball is likely near the feet of the player to the right, who is potentially in the process of kicking or controlling the ball. Thus, the ball would be near E9.",E9
190.jpg,45,"The most likely location of the ball is near the feet of one of the players. Considering the position of the player on the right, the ball is probably near his feet.",E10
190.jpg,46,"Given that the player on the right side of the frame is in a kicking motion and has their leg extended, the ball is most likely near their feet, around E9.",E9
190.jpg,47,"Based on the positions and motion of the players, specifically the player on the right with his leg raised, and the fact that it is a soccer game, it is highly likely that the ball is positioned just slightly ahead of his foot, and close to the ground, to be kicked.",E9
190.jpg,48,"Based on the positions and the leg movements of the players, the ball is likely located between the legs of the player on the right.",E10
190.jpg,49,"Given the player stances and their proximity to the ground, it appears they are likely in motion and may have just kicked or are about to kick a ball. Because of the position of the feet of the players in the right region of the picture, the ball is most likely nearby.",E9
190.jpg,50,"The players on the right are in the motion of kicking the ball with their right foot. Therefore, the ball would be in front of them, near the ground.",E10
