image,iteration,reasoning,cell
63.png,1,The player in the middle is likely shooting the ball. Her hands are up in a shooting motion. Therefore the ball is likely located somewhere in front of her.,E5
63.png,2,"The player in cell E5 is likely shooting the basketball. Therefore, the ball would be above them, somewhere between D5 and C5.",D5
63.png,3,"The player in the middle of the image in cell E5 is shooting the ball. The player in cell C2 is looking towards the hoop and has his arm up, likely getting ready to catch a rebound. All the players are looking to where the shot is most likely to go. So the ball is somewhere between the shooter and where the basket is. The ball would be somewhere between D5/6 and A5/6, so will estimate it's at D5.",D5
63.png,4,"The player in the center is looking up, presumably at the hoop. She is likely shooting the ball. The ball would be leaving her hands, so I would expect it to be at the top of her reach.",E5
63.png,5,"The player in the center is clearly in the process of shooting the ball. Based on the position of her hands, the ball would be directly above her head at the moment of release.",E5
63.png,6,"The player in the center is shooting the ball, so it must be above her head in line with the hoop.",D6
63.png,7,"The player in position E5 has her arms extended upward as if she is just about to release the ball. Therefore, it is most likely located just above her hands.",E5
63.png,8,"The ball is likely located in the hands of the player in cell E5, as they are in a shooting stance, looking up, and have their arms raised as if they are about to release the ball.",E5
63.png,9,"The player in grid cell E5 is shooting the ball, so the ball is likely directly above her head.",D5
63.png,10,The player in cell E5 looks like they are in the middle of shooting the ball. The ball is likely located at the height of their head as they are shooting.,D5
63.png,11,"The ball is most likely located directly above the head of the player in the center of the image, who is likely in the middle of taking a shot.",E5
63.png,12,"The player in position E5 is in the shooting motion, so the ball must be somewhere between his hands and the rim.",D6
63.png,13,"The player in the middle of the image is in a shooting position, and is looking up. The player to the right is looking towards the same direction, anticipating a rebound. Therefore the ball is likely located around grid cell F5.",F5
63.png,14,"The player in cell E5 is in a shooting position, so the ball is most likely above their head.",D5
63.png,15,"The player in the center of the image (5/E) is shooting, and it is likely the ball just left their hands.",D5
63.png,16,"The player in the middle is shooting and is looking upwards. The player in position 7 is also looking towards the shooter and upwards. The ball is likely in the air, and since the player is in position 5 it should be in the E5 or F5 cell. Since he is shooting it should be directly above his head.",E5
63.png,17,"The player in the middle is shooting the ball, so it would be above her hands.",D5
63.png,18,"The player in the center is in the middle of taking a shot. The ball would be near her head, but has already been released. I would expect the ball to be on an upward trajectory just beyond her head.",D6
63.png,19,The player in the middle is shooting the ball. The ball would be slightly above their head.,E5
63.png,20,"The player in the middle of the image (player #7) is looking up, and has their hands in a position as if they just released the ball for a shot. The ball is most likely located just above their hands.",D5
63.png,21,"The player in grid cell E5 has both arms extended overhead in a shooting motion. Therefore, it is likely that the ball is above their hands.",D5
63.png,22,"The ball is most likely located directly above the player in cell E5, as she is in the middle of a jump shot.",E5
63.png,23,"The player in the center is in a shooting stance. It is likely the ball is just about to be released or has just been released from the player's hands. Therefore, it is likely the ball is directly above the player's head or slightly in front of it based on how they may be shooting.",E5
63.png,24,The player in the center of the image in grid cell E5 is looking straight ahead and his arms are extended upwards as if he is shooting a basketball. It is therefore likely that the ball is somewhere directly above him in the center of the image.,C5
63.png,25,"The player in the center is in a shooting motion and is looking upwards. The two players on either side are also looking towards the hoop in anticipation of the shot. Based on the posture and gaze of the players, the ball is most likely in the air directly above or slightly forward of the player in cell E5.",E5
63.png,26,"The player in position E5 is most likely in the middle of shooting the ball. Therefore, the ball is most likely located at head level or slightly above head level of this player.",D5
63.png,27,"The player in cell E5 is shooting, so the ball must be directly above the player's hands.",D5
63.png,28,"The player in the middle of the court (in cell E5) is likely shooting a basketball. It would make sense that the ball is in front of her, slightly above her head.",D5
63.png,29,"The player in the middle is likely in the process of shooting the ball, given her posture and the position of her arms. The ball would therefore be directly above her head and slightly in front of her face.",E5
63.png,30,"The player in cell E5 is looking upwards with their arms extended as if they just released a ball. The other players on the court are looking in that general direction. Therefore, it is most likely that the ball is slightly above this player's hands in cell E5.",E5
63.png,31,The player in the center of the image is looking straight ahead with their arms raised as if they just shot the ball. It is likely that the ball is directly above their head.,D5
63.png,32,"The player in the middle is shooting the ball, and is looking up, so the ball is most likely in the air in front of him.",D5
63.png,33,"The player in the middle of the image is in the middle of a shooting motion, so the ball must be right above her head, around cell E5.",E5
63.png,34,"The player in the middle is shooting. Based on her arm position and the position of the hoop, the ball would be right above her head.",D5
63.png,35,The player in the center is in a shooting position. The ball is most likely directly above her head.,E5
63.png,36,"The player in the middle (Cell E5) has their arms extended as if they are about to shoot, or have just shot the ball. Therefore, the ball would be in front of them slightly higher, in the range of cells D5 or C5. Based on the angle and trajectory of shooting, it's more likely it would be in D5.",D5
63.png,37,The player at grid cell E5 is looking up with arms extended suggesting she just shot the ball. We can assume the ball is now at the top of her shot arc.,C5
63.png,38,"The player in the center is in a shooting position, with his hands up in a shooting form. The ball is likely in front of him at head level above his hands.",D5
63.png,39,"The player in the center of the image is likely shooting the ball. Given her position and stance, it is likely that the ball is in line with her face/hands and above her head as she takes a shot.",E5
63.png,40,The player in the middle is looking upwards with their hands up as if shooting. The ball should be right above their hands.,D6
63.png,41,The player in the center is in a shooting pose and is looking up. It is likely that the ball is above her head and along the line of her body.,E5
63.png,42,"The player in cell E5 is in the act of shooting a basketball, based on his arm and hand posture. The ball should be near his hands, which would be around grid cell D5 or E5.",E5
63.png,43,"The player in cell E5 is in a shooting position, with their eyes looking upwards. It's highly likely that the ball has just been released, or is about to be released.",D5
63.png,44,The player in the middle of the court is in a shooting position. The ball is therefore most likely to be between his hands and at the peak of his release.,E5
63.png,45,"The player in square E5 is looking upwards with their arms raised, suggesting they have just shot the ball. Since there are no visible players around or looking elsewhere, the ball would likely be coming off their fingertips or just released.",E5
63.png,46,"The player in the middle is in a shooting motion, so the ball is likely located above her hands, directly upwards.",D5
63.png,47,The ball is likely in the hands of the player in the center (grid 5).,E5
63.png,48,"The player in the middle is shooting the basketball. Based on his position and the positions of the other players, the ball would be in the air in the region above him.",D5
63.png,49,The player in the middle is looking up so the ball must be above his head.,D5
63.png,50,The player in the center is in a shooting pose. The ball is likely to be in the air in front of them.,D5
60.png,1,"The player in the red and yellow uniform on the right side of the image appears to be dribbling. Given her position and direction of movement, the ball is likely just in front of her.",F7
60.png,2,"Given the players' positions and the fact that they are likely in the middle of a game, the ball is likely located near the center of the court and somewhat elevated, possibly being passed or shot. Judging from where the players are looking, the ball is most likely located between columns 5 and 6, and around row E, which is close to their eye level.",E6
60.png,3,"The players are positioned around the basket, and it's likely they are in the middle of a play. The player on the right is looking towards the basket and seems to be about to shoot, so the ball is likely somewhere between her and the basket.",E5
60.png,4,"All the players are looking up at the hoop. Considering their positioning, they are likely waiting for a rebound. This puts the ball at around B4, or potentially even A4.",B4
60.png,5,"The players' focus and positions suggest that the ball is likely around the basket, with the players positioning themselves for a rebound or an attempt to block a shot. Based on this, the ball is most likely around cell D5.",D5
60.png,6,"The players are all looking forward towards the basket, and the player closest to the camera is dribbling. The ball is likely in her hands around her waist.",F7
60.png,7,The player in the white jersey and the player to the right are both looking up towards the basket. It is likely that the ball is close to the basket.,B4
60.png,8,"Given the position of the players, it is very likely that the ball is with the player on the right, so the ball would be most likely in G7",
60.png,9,"Given the position of the players and where they are looking, the ball is likely between the two players at the center of the image.",F6
60.png,10,"The players in the image are looking towards the basket. The player on the right (cell G7) looks like she is about to take a shot. Given that the players are closer to the right, it is more likely that the ball is going to be somewhere between grid cell E5 and cell E7.",E6
60.png,11,"The players in the middle of the image appear to be looking towards the basketball hoop. Therefore, it's likely the ball is in that direction, likely close to the hoop.",B4
60.png,12,"The players are looking up, and the player in cell E7 is pointing towards the basket. The ball is most likely in the air on its way to the basket.",B5
60.png,13,"The players in the image are positioned in the center of the court, mostly looking towards the basket. Because the player on the right side is looking up at the basket and because she is closest to the basket, the ball is most likely somewhere above her head, and moving towards the basket. This area is likely around cell F4.",F4
60.png,14,"The three players are looking toward the basket, which is located in cell D4. It is likely that one of them was about to shoot.",D4
60.png,15,"Given the location of the players and the angle to the basket, the most likely location of the ball is near the player in red on the right as she might have just taken a shot at the basket.",F7
60.png,16,"All three players are looking towards the basket. Based on the players' positions, the ball is likely in the air, on its way to the hoop.",B5
60.png,17,"The player in grid cell E7 is looking toward the basket. Given that she's actively moving in that direction and there are no other players with a clear line to the hoop, it's likely she has the ball and is driving to the basket.",E7
60.png,18,"The players are looking up towards the basket, so the ball is likely in the air somewhere above them. It is probably being shot.",E6
60.png,19,"The players are all looking up at the hoop. Therefore, the ball must be somewhere around the hoop.",B4
60.png,20,"Based on the positioning of the players, it's likely the player on the right-hand side is about to shoot the ball into the basket.",F5
60.png,21,"The players are looking upwards and towards the basket. The player in cell E7 is closest to the basket, and moving towards the basket. It is likely the ball is above her head as she moves towards the basket.",B6
60.png,22,"Based on the positions and gaze of the players, it's most likely that the player on the right in cell G7 has the ball. The woman in the middle is also looking near the same area.",
60.png,23,"The players in cells E5, E6, and E7 are all facing towards the basketball hoop located in cells A4 and B4. The player in E7 also appears to be in the process of dribbling. Therefore, it is likely the ball is somewhere between the players and the hoop.",E6
60.png,24,"The basketball hoop is located above the center of the image. Given that there are players located near the hoop, it is likely that the basketball is around the vicinity of the hoop, and thus most likely at the position of D4.",D4
60.png,25,The player on the right (wearing red) is looking at the hoop and seems to be dribbling in that direction. This indicates the ball is likely in that area.,
60.png,26,"Given the position of the players and the fact they are all looking up in the same direction, I can infer that the ball must be in the hoop.",B4
60.png,27,"The player in the center of the frame (grid cell F6) is looking slightly upwards. The player on the right (grid cell F7) is dribbling the ball and looking at the basket. Given these positions, the ball is most likely close to the hoop, somewhere in grid cell D5.",D5
60.png,28,The players are looking towards the basket. The player on the right (in red) is in a shooting position. It is likely she just shot the ball.,B5
60.png,29,"The players in the image are facing towards the hoop. The hoop is located around D4. The player in cell E7 appears to be moving towards the hoop, suggesting she may have just released the ball.",D5
60.png,30,"The players are looking toward the hoop. The player in cell E7 is in motion towards the basket, and the other players are oriented to where the ball is most likely between the player in cell E7 and the hoop.",E6
60.png,31,"The players in the image are focused on the hoop, and are positioned to either shoot or retrieve the ball. Therefore, it's very likely that the ball is near the hoop.",A4
60.png,32,"The players are looking up at the basket, and the player in cell F6 is moving towards the basket. The most likely location of the ball is near the basket, specifically around cell B4.",B4
60.png,33,"Based on the positioning of the players and the fact that they appear to be playing basketball, the ball is likely somewhere in the vicinity of the players. The player on the right (around grid 7-F) seems to be dribbling, meaning the ball is likely at or near her hands.",
60.png,34,"The players seem to be actively playing, it would be unusual for them to all be looking at something so high up in the air as the hoop. The player on the right in grid cell G7 appears to be dribbling the ball or has recently dribbled.",
60.png,35,"The players are looking towards the hoop, and a player near cell 7 is in a shooting position. Thus, the ball is most likely near the hoop in cell B4",B4
60.png,36,"The players are looking at different points in the grid, so the ball is most likely above the players. Given the positions of the players and their gaze, the ball is most likely near the hoop.",B4
60.png,37,"The player on the right is looking down and to her left, as if she just dribbled the ball or is about to pick it up. This suggests the ball is likely near her feet.",F7
60.png,38,"The player in the red jersey in cell E7 is looking upwards toward the basket. It is likely the ball is near the basket, probably in the hands of the player or in the air on its way to the basket.",E6
60.png,39,The player on the right is looking upwards towards the basket and is running at the basket and the other two players are also looking at the basket. The ball is most likely in the process of being shot toward the basket.,E6
60.png,40,"The players in the center of the image are looking up towards the hoop. Based on this and their positioning, it's likely someone has just taken a shot or is attempting one. Therefore, the ball is most likely somewhere near the hoop.",B5
60.png,41,"Based on the positions of the players and the direction they are facing, it is most likely that the ball is located near the player in the middle, in front of her at waist level.",F6
60.png,42,The player in cell 7 is moving in the direction of the basket and has her hand extended as if she is about to pass or shoot the ball. This suggests that the ball is in her possession or in front of her.,
60.png,43,"The players in the center of the image are all looking upwards towards the basket. Given this, the ball is likely in the air on its way towards the hoop.",B5
60.png,44,"The players are all looking up towards the basket, and it's likely the ball was just shot or is in the process of being shot. The basket is located mostly in cell D4.",D4
60.png,45,"Based on the position of the players and that all three players are looking up, the ball is most likely somewhere above them, near the basketball hoop.",B4
60.png,46,"The players are looking towards the basket, and it's likely that someone was in the middle of taking a shot.",E5
60.png,47,"All three players are looking up and towards the basket, with the player on the right looking up more directly than the other two. I am assuming that the ball is going to the basket, so it is likely in the top portion of the image.",B5
60.png,48,"All players are looking towards the basket. The player in cell E7 is looking up, suggesting the ball is in the air. Given the trajectory of a basketball shot, it is likely the ball is located near the hoop.",B4
60.png,49,"Based on the player positions and where they are looking, the ball is likely in or around the basket. There are players in the middle and right-hand side of the frame that appear to be looking towards the basket and potentially guarding. Therefore the ball is most likely above or in the hoop.",B4
60.png,50,"The players are looking towards the basket in cells A4/B4. The player in cell E6 is looking straight ahead, but based on the perspective, she is also likely looking towards the basket. Therefore, the ball is most likely located near the basket.",B4
48.png,1,"The players in the center of the image are looking upwards, likely at the ball near the basket. Given their proximity to the net, the ball is likely in C6.",C6
48.png,2,"The ball is most likely located near the top of the players' raised hands, as they appear to be contesting a shot near the basket. Given their positions and upward gaze, it is most probable the ball is either near their fingertips, or slightly above between them and the basket. The players are located in the middle around the 5-7 range on the x axis and from about C-E on the y axis.",C6
48.png,3,"The players near the center of the image are looking up towards the basket. This suggests that the ball is likely above them and in line with their gaze, close to the basket.",B6
48.png,4,"The players are looking up at the hoop, and two players are reaching up to block or catch the ball. This implies the ball is near the hoop. The two players reaching are in columns 5 and 6.",B6
48.png,5,The two players in cells 5 and 6 are both looking upwards with their hands raised. It's likely they are both reaching for the ball near the basket.,C6
48.png,6,"The basketball players numbered 6 and 5 are clearly reaching up to catch or block the ball. Thus, the ball is most likely near their hands.",C6
48.png,7,"Based on the positioning of the player with number 5, and the player in front of him, they both seem to be attempting to get the ball near the net. The arm position of the player with number 5 also seems like he is reaching for the ball around the basket.",B6
48.png,8,The two players are reaching up near the basketball hoop so the ball is likely in that region near the hoop.,B6
48.png,9,"The two players in blue are reaching up towards the basketball hoop, which indicates they are likely trying to rebound the ball. The player in orange is also looking up. Therefore, the ball is most likely in the air, near the basketball hoop.",C6
48.png,10,The ball is likely located between the two players contesting the jump ball in the image. The ball is likely around C6.,C6
48.png,11,"The ball is likely located somewhere between the two players contesting the ball. This would be in the region of the basket, between grid cells A5 and C7.",B6
48.png,12,"The two players in blue jerseys are looking up toward the basketball hoop which is located in cell F5. The player wearing the orange jersey is also looking up toward the same location. Therefore, the basketball is most likely in cell F5.",F5
48.png,13,"The ball is likely above the heads of the players, near the center of the frame. This is because the players are looking upwards and their hands are raised as if contesting a shot.",C6
48.png,14,Two players are reaching up near the basket which is located in cell F5. Their eyes are also looking upwards.,C6
48.png,15,"Based on the position of the players, especially the raised arms of the players near the basket, the ball is most likely near the basket. I'd estimate that the ball is near grid C6.",C6
48.png,16,The two players in the middle are jumping with their hands up near the net. This indicates they are likely contesting for a shot or rebound. Therefore the ball would be somewhere between them.,B6
48.png,17,"The two players in blue are looking upwards towards the basket and have their hands raised, as if contesting for the ball. Therefore it is likely to be located between them near the hoop.",B6
48.png,18,The two players in the center are jumping facing each other with their arms in the air so it is likely the ball is located between them above their heads.,C6
48.png,19,"Given the position of the players and where they are looking, the ball is most likely around C5 or C6.",C5
48.png,20,"Both players in cells C6 and C7 are looking upwards. Their hands are in a rebounding position. Based on these clues it is likely that the ball is close to the basket, which is around cell A6.",C6
48.png,21,"The players in the image are positioned near the basket, with some looking upwards towards the net. This suggests a basketball play is in progress near the basket. The player in cell C6 has his arms raised, implying an attempt to block a shot or grab a rebound. All this suggests the ball is likely around cells B6/C6.",C6
48.png,22,"Based on the positions and gazes of the players, they are likely attempting a shot at the basketball net. The player with number 5 is extending his arm up towards the net. The ball is likely located somewhere between the player and the net. Given the angle of the shot, the ball is likely a little bit above the number 5 player's hands.",C6
48.png,23,"The two players in blue are looking up near the basket, and their arms are extended suggesting they may be trying to block or shoot a ball near the basket. The ball is most likely in cell B5.",B5
48.png,24,"Given the position of the players and the direction they are looking, it's most likely that the ball is located above the players' heads, near the basket.",B6
48.png,25,"Based on the players' gaze and positions, especially the two players in the air with their hands raised, the ball is likely located above them, near the basket. Cell B6 or C6 seems like a probable location. However, given the height of the player and the arc of a typical basketball shot, it would be more likely near the top of C6.",C6
48.png,26,"The players are looking up and contesting at the net. The ball is likely located in that area, around the net and the two contesting players.",B5
48.png,27,"The players are all focused toward the basket so the ball is likely near the net. The two blue players are focused upwards and seem to be reaching, suggesting the ball is somewhere near A6.",A6
48.png,28,The basketball players are looking upwards towards the basket. The two players near the center are in the middle of jumping to try and get the ball which would likely be near or above them.,C6
48.png,29,"The three players in the center are all looking upwards towards the basket. The two players in the center are reaching upwards as if to block a shot. The ball is therefore most likely above them, closer to the basket.",B6
48.png,30,"Given the players' positions and eye directions, it is highly likely that the ball is near the basket, specifically somewhere between the player with the number 6 and the basket on top, close to grid cell B6.",B6
48.png,31,"Based on the position of the players, specifically the player in the blue jersey with the number 5, who is looking up with his arms raised, and the player in the orange jersey, it is likely the ball is above them near the basket.",B6
48.png,32,Two players are reaching up towards the hoop in cell A5-6. The player wearing the number 5 is probably attempting to block the shot of the other player. This means that the ball is in this area.,B5
48.png,33,"Given the positions and postures of the two players in blue jerseys, it's likely the basketball is located between them and above their heads, close to the basket in the A5 or B5 region.",B5
48.png,34,"The players are looking up, and there is a basketball hoop visible in A6. It is likely that the ball is near the hoop.",A6
48.png,35,"Based on the position of the players (particularly the two jumping towards the net), the ball is likely near the net, above their heads.",B6
48.png,36,"The players are looking at the hoop which is located at A6. Based on their stance, a player from the blue team is likely trying to block the shot, and the other is trying to score. Therefore, the ball is likely located above the heads of these two players and near the basket.",B6
48.png,37,"The players with number 5 and 9 appear to be jumping for the ball. The player with number 9 has his hand up high reaching for the ball. Based on their reach, the ball should be right above them near the basket.",C6
48.png,38,"Given the position of the players, the ball is most likely at the peak of their jumps, near the hoop.",B6
48.png,39,"The players in the image are positioned near the basket and the two players in the center are reaching up to catch the ball or block the shot. Therefore, the ball is likely located above their hands closer to the hoop, which would put it in C6.",C6
48.png,40,"Both of the players in blue seem to be contesting for the ball, they are looking up, the ball is likely above their heads.",B6
48.png,41,"The two players at center of the image appear to be contesting a shot, so the ball is most likely between their hands at or near the hoop.",B6
48.png,42,"The players are looking upwards toward the basket, so the ball is likely above their heads near the basket. Looking at the angle of the player's arms and hands, the ball is likely at the level of cell C6.",C6
48.png,43,"The player with number 5 is reaching for the hoop with his left hand, while the player in front of him is looking upwards in the same direction. The ball is likely near the top of his reach to make a basket.",C6
48.png,44,"The two players in blue are clearly looking up and seem to be contesting a shot, while the player in orange is near the other players. This suggests the ball is above them, likely headed towards the basket. Considering the relative positions and heights of the players, the ball is most likely around the upper part of cell E6.",E6
48.png,45,Both players #9 and #5 are looking upwards to the hoop. This suggest that they are anticipating for a ball to come near the hoop.,B6
48.png,46,"The players are positioned under the net and they are looking upwards. I infer that the ball is somewhere above them, most likely closer to the net. I will place the ball between them at the top of the image.",B6
48.png,47,"The players are looking upwards and jumping near the basket, so the ball is likely near the basket. The player in cell 6 is reaching up high, so the ball must be in that location.",B6
48.png,48,The two players in the middle (columns 5-7) are reaching up as though trying to catch/block a ball. The ball is likely in between them and above their heads.,B6
48.png,49,"Given the upward facing reach of the player in grid cell C6 and the position of the basket in cell A6, the ball is likely positioned near the player's hands, headed for the hoop.",C6
48.png,50,"Both players are looking up towards the basket, and the player in the blue jersey in cell C6 appears to be going up for a shot. Therefore, the ball is likely located near the basket, in the upper portion of the image.",B6
61.png,1,The ball is likely in the vicinity of the player in the orange shoes. He is in a defensive stance and is looking in a direction where it would be.,E8
61.png,2,The player in cell D7 is most likely dribbling the ball. His head is down and his hand is in a position that would hold a basketball.,D7
61.png,3,"The player in cell C7 is looking down at the player in cell E4, so the ball is most likely on the ground, near cell E7. The player in cell C7 looks like they are about to intercept the ball.",E7
61.png,4,The two players in the middle of the image are looking in the general vicinity of cell G7. The angle of the player in position 9 suggests that he may have passed the ball to the player in position 7 and is getting ready to receive it back. So cell G7 seems a very likely place.,
61.png,5,"The two players to the right are watching something in the middle of them, so the ball is most likely there.",
61.png,6,"The player in cell C7 is looking toward cell C4. The player in cell C9 is looking downwards. Thus, the ball is likely located between them, in either D7 or D8. Given the orientation of the player in C7, D7 is the slightly more likely position.",D7
61.png,7,"The player in cell D7 is dribbling and has his head down looking at the ground. The other players are looking in his direction, therefore the ball is most likely in cell D7.",D7
61.png,8,"Given the players' positions and where their gaze is directed, the ball is most likely located between the two players in cells G7 and G8. We can infer that the player on the right is guarding the player on the left.",
61.png,9,"The player in cell D7 seems to be dribbling, therefore the ball will be in that general area, possibly slightly ahead of him.",E7
61.png,10,The player in grid cell G7 has the typical stance of a player dribbling the ball. Also the player to the right is looking in that direction. It is most likely that the ball is in grid cell G7.,
61.png,11,"The basketball player on the right (cell J4) is looking down towards the other player in the middle. The other player looks like he's positioning to dribble, which suggests the ball is in front of him.",
61.png,12,"The player in cell 7 is looking down, and the action seems to be between him and the player in cell 4. Therefore the ball is likely in cell E6.",E6
61.png,13,The player in cell C7 appears to be dribbling the ball. I would expect the ball to be at ground level in front of him.,E7
61.png,14,"Given the proximity of the two players in the center of the image, specifically in cells G6 and G7, and their gaze, the ball is likely located in the area between them at around chest height. Therefore, the ball is probably located in D7 or E7. However, given the players' stance, the ball is most likely located near D7.",D7
61.png,15,"The player on the right of the image (cell J4) is looking downwards and his hands are in a position to guard a player with the ball. The player in cell H4 is looking downwards and toward J4. Therefore, it is likely that the ball is near them, probably near the ground.",E8
61.png,16,"The player in grid cell G7 is dribbling the ball. Given his stance, and where he is looking the ball is most likely on the ground right in front of him.",E7
61.png,17,"The ball is likely located between the player in the Netherlands uniform and the player in the blue uniform, as they are both looking in that direction and are in a defensive stance. Based on their heights and arm positions, it is most likely near the ground.",E7
61.png,18,The player on the right in cell I4 is facing the player in cell G8. The location of the ball is likely between these two players.,
61.png,19,"The two players in cells G7 and C9 are focused on a central point between them, it's likely the ball is between them.",
61.png,20,The player in cell G7 is likely dribbling the ball. His position and the location of his hands suggest that the ball is in this area.,
61.png,21,"The player in cell D7 is looking down, as if dribbling the ball. Another player in cell C8 is also looking in the same general area, likely guarding the player with the ball.",D7
61.png,22,"The basketball player on the left is looking in the direction of F7, while the player on the right is looking down towards F9. It's reasonable to assume that the ball is around D6-F8.",F7
61.png,23,"The player in the centre of the image is looking down toward the right. The player on the right is also looking in that direction, near the other player's hands. It's likely the ball is near the middle of the image.",E7
61.png,24,"The player in the blue jersey with the number 9 is likely dribbling the ball. Also, he is likely looking down at it. Considering that, the ball would likely be near the ground in front of him.",E4
61.png,25,"The player on the right (cell I4) is reaching out his hands as if he is trying to grab the ball. The two players in the center of the frame are also looking towards this area, suggesting the ball is somewhere near cell I4.",
61.png,26,"Based on the positions and gaze of the players, the ball is most likely located around cell F7. The player in cell D7 seems to be dribbling the ball, so it is likely in this area.",F7
61.png,27,"The player in the orange shoes (cell I9) is looking down and seems to be reaching with his hands. The player in cell H7 also seems to be looking in that same direction. Given these clues, the ball is likely in cell H8 or I8. I am leaning towards H8.",
61.png,28,The ball is most likely located between the two players contesting possession. Both players' eyes are directed towards that area. The player on the left in orange shoes looks like he is reaching for a ball around the height of his hips.,E7
61.png,29,"The player on the right (wearing blue) is likely trying to pass the ball to his teammate on the left (also wearing blue). The player in the middle is positioned to intercept. Therefore, the ball is likely located between the player on the right and the intercepting player in the middle. The ball would be at a height between those players.",D8
61.png,30,The player in the center is looking down towards his right hand. It is likely that the ball is located in that position.,E7
61.png,31,The ball is most likely located around cell G7. The player in cell G7 is looking down as if dribbling the ball.,
61.png,32,"The two players on the right are looking at each other near the right of the image, while the player in the center of the image is looking towards the right of the player on the left. Considering these two factors I would say the ball would be at cell F6.",F6
61.png,33,"The player in cell D7 is looking towards the player in cell C4. It is likely the ball is somewhere between them, around D5 or E5. Given the lower position of the player in cell C4, it is more likely the ball is between D5 and E5. The player in cell B8 is facing the player in cell C4 as well.",D5
61.png,34,"The player in the orange shoes is likely about to make a play with the ball. Based on the stance of the other players, the ball is likely near that person, perhaps slightly higher than ground level, as if he is about to pass or dribble. Therefore, it is likely located in cell H4, near his hands.",
61.png,35,"The player in cell D7 is leaning forward looking at the player in cell D4. Given these two players positions it is likely that the ball is on the floor between them, possibly being dribbled.",E6
61.png,36,"Both players in the center of the image (columns 7 and 8) appear to be reacting to something near them in the vicinity of their waists. The center of the image is on the D row, making it a very likely location for the ball. The player in square 7 is looking more downwards toward the square, indicating the ball is likely to be in front of him.",D7
61.png,37,"Given the position of the players and their postures, it's likely that the ball is being dribbled or passed between the players in cells 6-9. Therefore, the most likely location of the ball is D7.",D7
61.png,38,"The two players in the center appear to be facing each other. The player on the right seems to have just made a pass, so the most likely location of the ball is between them.",
61.png,39,"Based on the positioning of the players the ball is likely being dribbled by the player on the right, as he is looking downwards. It is likely on the floor in front of him.",E9
61.png,40,"The player in cell D7 seems to be dribbling or protecting the ball, which would mean the ball is likely near his hands at that level.",D7
61.png,41,The two players in cells G7 and C8 are looking towards each other. Thus it's likely the ball is in-between them.,F7
61.png,42,The player on the right is looking at the location in cell D8 and appears to be dribbling with his right hand.,D8
61.png,43,"The player on the right in cell I3 appears to be guarding the player in front of him in cell H3. The player in cell D4 is turned towards the player in cell G4. The ball would most likely be between the two players in cells G4 and I3, in order to allow them to play offense and defense. Based on their positions, the ball is likely located in cell H4.",
61.png,44,"The player in grid cell G7 is looking directly towards the player in grid cell D4. It is likely the ball is in between them. Therefore, I believe the ball is most likely located in grid cell E5.",E5
61.png,45,"The player in cell D7 is looking down and his hands are in a position suggesting he might be dribbling or about to pick up the ball. The player in cell D9 is also looking in that direction, suggesting a potential pass.",D7
61.png,46,The player on the right side of the image is looking down at the ground and seems to be reaching out for the ball in the general direction of the player with the orange shoes.,E8
61.png,47,The player in cell D7 has his hands outstretched and looking downwards. This suggests he is dribbling the ball. The ball is likely located close to his hands on the court.,E7
61.png,48,"The ball is most likely between the two players at position 7 and 8 in row D, as they are both looking down towards that location.",D7
61.png,49,"The player with number 9 on his back in cell C4 is likely dribbling the ball or passing it to the other player. The player in C7 seems to be guarding the player C4, while the other player in B9 is getting ready to receive the ball or trying to defend the player C4. So the ball might be somewhere in between cell C4 to C7.",E5
61.png,50,"The two players on the right are looking towards the left, indicating the ball is likely located somewhere between them and the player on the left with number 9. Given the position of the player in cell G7 and the players eyes, it is most likely in cell F6.",F6
65.png,1,"Player with number 1 on his jersey is in the process of shooting. Therefore, the ball is most likely in the area above his head heading toward the basket.",D5
65.png,2,Player in cell D4 is shooting the ball. The ball is in his shooting trajectory. The ball should be somewhere above his hands and towards the basket.,D5
65.png,3,"The player in cell D4 is shooting, and the player in E7 is looking towards the hoop. Based on this and the trajectory of the shot, the ball is most likely somewhere near the basketball hoop.",D6
65.png,4,The player in cell 4 is in the act of shooting the ball. The ball is likely above his hands in that cell.,D4
65.png,5,"The player in cell D4 is in the act of shooting the basketball. Therefore, the ball is likely between this player's hands and the basket. I am going to estimate its location to be in grid cell E5.",E5
65.png,6,The player in the dark jersey #1 is in the act of shooting the ball. He is looking at the hoop. It is most likely that the ball is in line with the hoop and his line of sight.,D5
65.png,7,"The player at 4 is likely shooting towards the basket at 7, with the defender at 6 likely guarding him. There is also a player at 7 jumping up, likely trying to make a block.",D5
65.png,8,The player in grid cell 4 is in the process of shooting the ball towards the basket located in grid cells 6 and 7. Therefore it is likely that the ball is somewhere between the shooter and the basket.,E5
65.png,9,The player in cell 4 is in a shooting position. Therefore the ball is likely between him and the basket.,D5
65.png,10,"The player in cell D4 is in the shooting motion towards the hoop. Therefore, the ball is likely between the player in D4 and the hoop near cells D5 or E5.",E5
65.png,11,"The player in grid cell D4 is in the middle of shooting a basketball. The ball is therefore likely to be in the process of leaving his hand. Given the angle of his arm, the ball is most likely to be in grid cell E4.",E4
65.png,12,"Player in cell D4 is shooting, so the ball would be in line with that and likely on its way to the basket.",D6
65.png,13,"The player in cell D4 is in the act of shooting a basketball. He is looking up at the net. Therefore, the ball is likely in the air in cell D5, headed towards the net.",D5
65.png,14,The player in the burgundy jersey in cell D4 is looking up in a shooting motion towards the basketball hoop which is located in cell D6. It is likely the ball has just been shot and is in the air on its way to the hoop.,D5
65.png,15,"The player in cell D4 is in the process of shooting, or has just shot the ball. Therefore, the ball will be in front of him and likely on its way towards the basketball ring in D6 or slightly above it.",D5
65.png,16,The player in grid cell D4 is in the process of shooting the basketball toward the hoop. The ball is most likely to be in the upper area of D4 or E4 where the shooter has his hands above his head during the shooting process.,E4
65.png,17,"Player 1 is shooting a basketball, so the ball must be in the air somewhere near the basket.",E4
65.png,18,"The player in cell D4 is in the middle of shooting a basketball, so the ball would likely be somewhere near his hands. Considering the ball is not present in D4, I'm estimating that the ball is just a little bit above his hands.",D4
65.png,19,The player in cell D4 is shooting a basket and the player in cell E7 and E8 are watching where the basket is going.,D6
65.png,20,"The player in cell D4 is in the shooting motion, and other players are watching towards the basket. Therefore, the ball must be in the air in line with the basket. Considering the shooting motion of the player in cell D4, the ball is most likely located in cell D5.",D5
65.png,21,"The player in grid cell D4 is in the process of shooting the ball. Therefore, the ball must be somewhere between their hand and the basket. Since the player is fairly close to the basket and is positioned to shoot, the ball is most likely located near the basket, likely in the upper right corner of D5.",D5
65.png,22,The player in grid cell D4 is looking up as if he just shot the ball or is about to shoot it. I would estimate that the ball is slightly above him.,D4
65.png,23,The player in cell D4 has his arm up as if he's shooting a ball. The player in cell E7 seems to be reacting to something. Therefore the ball is likely in the area in front of the shooter.,D5
65.png,24,The player in cell D4 is in the process of shooting the ball. The player in cell E7 is looking towards the basket. I believe the ball is most likely in cell D5.,D5
65.png,25,"The player in cell D4 is in the middle of shooting the ball. The player in E7 is looking upwards, suggesting the ball has already left the hands of D4 and is heading toward the hoop. Therefore the ball is most likely located in cell D5.",D5
65.png,26,"Player #1 in the red jersey is in the middle of a shooting motion. Based on his arm angle and the other players on the court it is likely that he is shooting the ball towards the basket. Therefore, it is likely that the ball is near his hand around cell E4.",E4
65.png,27,The player in cell D4 is in the process of shooting the ball. He is looking in the direction of the hoop. Based on the angle of his arm and wrist the ball is likely to be located slightly above his hands.,D5
65.png,28,"Player in square 4 has his arm raised as if he is about to shoot, so the ball is likely in square 4, or potentially square 5, directly above the square he is standing in.",D4
65.png,29,The player in cell D4 has just released the ball. The player in cell E7 is watching the basket in cell D6. It is likely the ball is somewhere between cell D4 and cell D6.,D5
65.png,30,"The player in cell D4 is shooting the ball towards the basket. Given the position of his arm and the trajectory of the ball, the ball is most likely near the hoop.",E6
65.png,31,"The player in cell 4 is in the process of shooting the ball. Given his position and arm extension, the ball is likely in the vicinity of the basket, which is located in cell E7.",E4
65.png,32,"The player in cell D4 is about to shoot. Given the angle of the shot, the ball is most likely located near the basketball hoop.",E6
65.png,33,"The player in position 4 is about to shoot. Therefore, the ball is likely above his head.",D4
65.png,34,"The player in cell D4 is in the middle of shooting the ball. Based on his posture and the fact that a basketball game is in progress, the ball is likely to be above his head, on a trajectory toward the basket located near cells D6 and D7.",D5
65.png,35,The player in cell D4 is shooting the ball. The other player in cell E7 is watching the hoop. The most likely location is somewhere between the player in D4 and the basket.,E5
65.png,36,"The player in cell D4 is shooting the ball towards the basket in cell D6. Therefore, the ball is most likely to be somewhere along that trajectory. Considering the player has just released the ball, it will be located closer to him.",D5
65.png,37,The player in the maroon jersey labeled with number 1 in grid cells D4 and E4 is in the process of shooting. The player in grid cell E2 is also looking in that direction. The ball is likely on it's way to the basket in grid cell D6.,D5
65.png,38,"The player in the burgundy uniform is shooting the ball towards the hoop. Therefore, the ball is most likely between him and the hoop.",D5
65.png,39,"The player in position 4 is about to shoot or pass the ball. Based on his body language and the position of the hoop, the ball is most likely at grid cell E4.",E4
65.png,40,The player in cell D4 appears to be in the act of shooting the ball. His arm is raised and his eyes are focused towards the basket. The most likely location of the ball is therefore somewhere between him and the basket which would place it in grid cell F4.,D4
65.png,41,The player in cell D4 is shooting the ball towards the hoop. The player in cell E7 is looking up towards the hoop. It is most likely that the ball is in the vicinity of the hoop.,D6
65.png,42,The player in cell 4 is in the process of shooting. The ball will be near the hoop which is located around column 7 and rows D-E.,D7
65.png,43,"Based on the position of the player about to shoot, and the position of the other players who are defending or looking at the basket, it is likely that the ball is in the air between the shooter and the basket. Therefore, the ball is likely located in cell F4.",F4
65.png,44,"The player in cell D4 is shooting towards the basket in cell D6. The ball will be between the player and the basket, and slightly higher than the player's hand when shooting. Therefore, the ball is likely to be around D5.",D5
65.png,45,"The player in the burgundy jersey in cell D4 appears to be in the act of shooting. His arm is extended, and he is looking towards the basket. Thus, the ball is likely located somewhere between him and the basket in the upper part of the frame, cell D5 seems very likely.",D5
65.png,46,The player in cell D4 is in the middle of shooting the basketball. Therefore the location of the ball is likely between this player and the basketball hoop located in cell D7.,E5
65.png,47,"The player in cell 4 is shooting, so the ball must be on its way towards the hoop, which is located in cell 6.",D6
65.png,48,"The player in cell D4 is in the act of shooting, so it's likely the ball was in his hands or recently released. Based on the arc of a shot, the ball would most likely be in the D4-E4-D5-E5 range. I'm choosing F4 as it's more probable that the ball has already left his hand.",D5
65.png,49,"Based on the position of the player in cell 4 and the hoop, the ball is likely in cell E5. The player is likely shooting towards the hoop.",E5
65.png,50,"The player in grid cell D4 is likely shooting the ball towards the basket. Given his stance and the likely trajectory of the shot, the ball is likely to be just above the basket or slightly to the left of it.",D6
64.png,1,"Given the position of the players in the middle of the image, it is likely the ball is located around them.",D5
64.png,2,"The players in the center of the image appear to be reaching for the ball. Given their heights and positions, it is most likely that the ball is located in the center of their reach, around cell E5 or D5. Given the position of the players in cell E5, it's most likely in D5.",D5
64.png,3,"The players are close together in the center of the image. They are focused in this central location, and the ball is likely being contested between them.",D5
64.png,4,"The three players are positioned close to each other in the middle of the image. Based on their relative positions, and the natural progression of where a ball would be, it's likely in the space between them, but not too far off the ground, perhaps near their chests.",D5
64.png,5,"The players are congregated near the center of the image. They seem to be closely competing with each other. So, the ball is most likely in the center, around where their hands are.",D5
64.png,6,"The players are clustered around the center. The player wearing the white jersey on the left has her hand extended towards the right, and the other players have their hands raised as well. This suggests the ball is in their vicinity, likely around waist/chest level.",D5
64.png,7,"The players from the two teams are close to each other with hands up, so the ball is likely to be in their midst, around grid F5.",F5
64.png,8,"Given the players' positions, the ball is most likely located in the space between the three players in the center, most likely in cell E5.",E5
64.png,9,"Given the close proximity of the players near cells E5 and D5, the ball is most likely positioned in that vicinity.",E5
64.png,10,"The players are tangled up in the D5, D6, E5, and E6 area. It is likely the ball is somewhere around there so it could be contested between the players.",E5
64.png,11,"The ball is likely located between the two players who are in contact with each other. Judging by the angle of their arms, it is probably around the D5 cell.",D5
64.png,12,"The players seem to be close to one another. Thus, it is likely the ball is in their vicinity. Based on where the players are looking and the position of their hands, the ball is likely between the two players in white in grid F5.",F5
64.png,13,"Considering the positions of the players, it is likely that the ball is located in the space between them near the center of the image.",D5
64.png,14,"Given the positions of the players, particularly the way they are facing and reaching for the ball, the ball is most likely located in the area where the players are clustered. It's likely at head height between the players.",D5
64.png,15,"Given the positions of the players, their proximity to each other, and the intensity of their interaction, it's highly probable that the ball is located in the area where they are clustered. The player in the green jersey appears to be contesting for the ball, while the player in the white jersey seems to be in possession or attempting to gain possession. The intersection of their actions suggests a location around grid cell F5 or F6.",F5
64.png,16,The location of the players and the fact that one of them is reaching out indicates a likely position of the ball slightly to the left of the player reaching.,D5
64.png,17,Based on the position of the players and their actions.,E5
64.png,18,"The players are tightly packed near cell F5. Considering the player's movements and the positioning of other players, the ball is likely in a location that would be contested or involved in a play around that area. The players are looking towards each other.",E5
64.png,19,"Based on the positions of the players and their interaction with each other, the ball is likely located in the space where the players are interacting. Therefore, the ball is most likely located in cell E5.",E5
64.png,20,"The players in the center of the image are focused and appear to be in the midst of a play. Specifically, the player on the left is extending their left arm and reaching towards the middle. I believe the ball is positioned around the D5-D6 area.",D5
64.png,21,"Based on the players' positions and interactions, the ball is likely near the group of players in the center. Given the angle of the players' bodies and the direction they're facing, it's likely the ball is positioned centrally to them.",D5
64.png,22,"The players in the image are close to each other, possibly in a rebounding situation. The ball is likely around the center of the action, near cells D5 or E5.",D5
64.png,23,The two players in the middle of the frame are positioned closely to each other with arms raised as though they both jumped for the ball. I believe the ball is likely between them and around chest height.,D5
64.png,24,"Based on the positions of the players, especially the reaching arms and overall body language, the ball is most likely in the space between the players in cells D5 or E5. Given the height of the players and their arm positions, it is most likely slightly higher, at the D level.",D5
64.png,25,"The ball is most likely between the two players who are hugging, around chest height.",C5
64.png,26,"The ball is likely between the three players in the middle of the image. I'd estimate it's near their midsection, slightly above their waist.",D5
64.png,27,"The ball is likely located where the two players are grabbing each other, around the middle of the court. It's also near the player with the outstretched arm.",D5
64.png,28,"The players are huddled together, with the player in red on the left leaning towards the center. It is likely that the ball is near their hands.",D5
64.png,29,"Based on the positioning of the players, and their gaze, the ball is most likely located between the two players contesting for it.",D5
64.png,30,The players are clustered around the center of the image. It is likely that a pass was just made or about to be made. I will place the ball in the center around D5.,D5
64.png,31,"The players are clustered near the center of the image, and appear to be interacting with something in the air near them. Thus, I believe that the ball would be in the air near their hands.",D5
64.png,32,The players in cells D5 and D6 are close together. They are likely contesting for the ball. The player in D4 is looking towards them so the ball should be near the group.,D5
64.png,33,"The two players in the middle (in cells 5/6) are in the midst of an action suggesting a pass or a struggle for the ball. The ball would likely be in the air between them, around chest level, in cell D5.",D5
64.png,34,"The players are tangled up in cells 5 and 6. The ball is likely still in play, so I assume it has just been passed. The player in cell 4 is open, so I would assume the pass was headed in that direction.",D4
64.png,35,"Based on the positions of the players and the direction they are facing, the ball is likely between the two players in the center.",D5
64.png,36,"The ball is likely between the two players who are in the middle of the image. Given their hand placement and proximity, the ball would be located around D5.",D5
64.png,37,"The players are closely positioned near cell E5, and appear to be in the midst of contesting for possession. Given the nature of basketball, the ball is likely in close proximity to the players involved in the active play.",E5
64.png,38,"Based on the position of the players and the direction they are looking, the ball is likely located in the area between the players in the center of the image.",D5
64.png,39,"The players are clustered around cells E5 and E6, and the woman in the red and white uniform in cell E4 is lunging in that direction. Therefore the ball is likely in that immediate area, around E5 and D5.",D5
64.png,40,"The basketball is likely between the two players in the center of the image. Based on their arms and torsos, the ball is probably located in the upper portion of D5.",D5
64.png,41,"The player on the left of the screen is running towards the middle of the image, where other players are grouped. The ball is likely in this general area, at around waist height for the players, putting it in cell D5.",D5
64.png,42,"The ball is likely somewhere between the two players who are in the centre of the image, likely in front of them. Therefore, the ball is most likely in the region of D5 or E5.",D5
64.png,43,"Given the position and movement of the three players in the center of the image, and the angle of their limbs and torsos, the ball is likely being passed from the player on the left to one of the players on the right. The height of the players indicates that the ball is around chest height and between the players.",D5
64.png,44,"The players are clustered near cells E5-F6. Given that there is a bit of open space near D4-D5, it's likely that the ball is in the air in that location or slightly to the right, where the players are looking.",D5
64.png,45,"The players are in close proximity, and they are engaged in what looks like a rebound or a contested shot. The ball would likely be near the hands of these players, which is around cell E5.",E5
64.png,46,"Based on the player positions and interactions, the ball is most likely around the area where the players are closely interacting. The ball is likely at chest height.",D5
64.png,47,"Two players are hugging each other, so the ball has to be somewhere near. The two other players are looking at the hugging players. Therefore the ball is in the D5 area.",D5
64.png,48,"Given the positions of the three players in the foreground (between grid columns 4 and 6), and the way they appear to be positioned, it's reasonable to assume that the ball may be in that area, likely just above the ground. Therefore, the most probable location of the ball is in cell D5.",D5
64.png,49,"Given the positions of the players, it is likely that the ball is between the players near the center of the image, close to their hands.",D5
64.png,50,"The players are close together and it appears they are contesting a rebound or are in a close defense. The ball is likely in the space between them, and could be in mid air. Judging by the posture of the players, it is likely to be near their upper bodies.",D5
58.png,1,The player in the red uniform is at the top of his shooting motion. The ball is likely to be in line with his hands.,B7
58.png,2,"The player in the red uniform is shooting the basketball. Based on his arm position and the trajectory of a typical basketball shot, the ball is likely located above his head, in the area of the hoop. I would approximate its location to be around G7.",
58.png,3,"The player in red in cell G7 is at the top of his jump shot. Based on the height of a jump shot and the position of the shooter, the ball is most likely in cell C7 or D7. Given that the man is at the peak of his jump, the ball has probably just been released and is not very far above his head, therefore it is most likely in C7.",C7
58.png,4,"The player on the right is in the middle of a shooting motion, so the ball is most likely in front of him, near the top of his head.",C7
58.png,5,"The player in the red jersey is shooting the ball. His hand is at the top of his shooting motion, so the ball is most likely above his hand, around cell C7.",C7
58.png,6,"The player in red is shooting the ball and the player in black is facing him. The most likely location for the ball is in between them, close to the shooter's hands.",C7
58.png,7,"The player on the right is in the middle of shooting the basketball, so the ball should be directly above his hands. Given his position, the ball is likely around G7.",
58.png,8,"The player in red is shooting the ball, and his hand is above his head in a shooting motion. The ball would likely be located just above his hands.",C7
58.png,9,"Given the position of the player in red shooting, the ball is most likely at the apex of his shot. Based on that the most likely grid cell is D7.",D7
58.png,10,"The player in the red uniform is in the middle of a shooting motion, with his arms extended upwards. The ball is most likely located at the top of his hands, towards the hoop.",C7
58.png,11,"The player in red is in a shooting motion. The ball is likely at the apex of their release or just released. Given the height and angle of the shot, it is likely in cell G7.",
58.png,12,"The player in red is shooting the basketball. Therefore, the basketball must be in front of him. Looking at his arm and hand position, the ball is most likely above his head.",B7
58.png,13,"The player in the red jersey is shooting the ball. His arms are raised as if he just released the ball. Therefore, the ball is likely somewhere above his head and slightly forward in the direction of the hoop.",B7
58.png,14,"The player in red is shooting the ball. Based on the position of his arms, the ball is most likely in front of him, around the level of his head.",B7
58.png,15,"The player in the red uniform in column 7 has his hand extended and it's highly probable he just released the ball in a shooting motion. Based on his position and posture, the ball is most likely near the upper center of the image.",B7
58.png,16,"The player in red is in the middle of shooting the basketball. Based on the player's hand position and the position of the other player, the ball is most likely located around where the other player is looking.",C5
58.png,17,"The player in the red jersey is shooting the ball. The position of the shooting hand suggests that the ball is located above the head of the shooter and in the direction of the basket, likely in cell G7 or G8. Given the angle of the arm, it's a toss up between those two. I will call it G7.",
58.png,18,"The player in the red uniform is in the middle of a shooting motion with their hands extended, indicating they just released the ball. Therefore, the ball is likely just above their hands.",B7
58.png,19,"The player in red is shooting the ball, so the ball should be in the air near his hands. Based on his arm position, the ball is likely in C7.",C7
58.png,20,"The player in red is shooting the ball, which means it would be above the player, likely just released from their hands.",C7
58.png,21,"The player in the red jersey is in the act of shooting, so the ball should be directly above or in front of their hands. Also, we can assume the ball should be near the center of the shooter's body.",C7
58.png,22,"The player in the red uniform in cell G7 is in the process of shooting the ball, therefore the ball is likely located in front of him and higher up.",B7
58.png,23,"The player in red is at the apex of his shot, and his line of sight is likely straight ahead towards the basket. Based on his hand position and arm angle, the ball would most likely be positioned slightly above his head.",B8
58.png,24,"The player in the red jersey is in the shooting motion. Therefore, the ball should be in front of him. His head is roughly around the C7 area and the highest point of his shot will likely be directly above his head, making cell C7 the most likely location.",C7
58.png,25,The player in red is shooting the ball. The other player in black is trying to block it. So the ball will be in their shooting trajectory somewhere between them.,C7
58.png,26,The player in the red uniform is in the middle of a shooting motion. The ball would be in front of him and up at about head/arm level.,B7
58.png,27,"The player in the red jersey is in the middle of a jump shot. His arms are extended above his head, and his eyes are looking at a point slightly above his hands. Because he is shooting, the ball is likely somewhere above his hands.",B7
58.png,28,The player on the right is in the middle of a shooting motion. The location of the ball is likely between the shooter's hands and the basketball hoop. It is somewhere in the C7 area.,C7
58.png,29,"The player in the red jersey is in the shooting motion, his eyes are facing upwards. Therefore, the ball must be somewhere above him, near his hands.",C7
58.png,30,"The player in the red jersey is shooting the ball. Thus, the ball is likely in front of him, in the air, moving towards the basket. Cell G7 looks like the best estimate for the ball location.",
58.png,31,"The player in the red jersey has his arm extended above his head, indicating he just released the ball. Thus the ball is likely to be in cells C7 or C8. Because he is positioned more directly above grid cell 7, it is likely the ball is in grid cell C7.",C7
58.png,32,"The player in red is in the process of shooting the ball. Based on the angle of his arms and the typical arc of a basketball shot, the ball would be located above his head, most likely in the area above his hands, in the top right area of the frame.",B7
58.png,33,"The player in red is in the middle of a shooting motion. Based on the position of his arms, the ball should be near his hands, which places it in cell G7.",
58.png,34,"The player on the right is in the middle of shooting the ball, so the ball is likely located above him. The opponent is looking up as if he is tracking the ball in the air. The ball is likely located above the shooter's hands.",B7
58.png,35,The player in the red jersey is in the middle of a jump shot. His eyes are looking up and towards the basket. The ball is likely to be in the area in front of him.,B7
58.png,36,The player in red is in the middle of a shooting motion. Therefore the ball must be in front of him near his hands.,C7
58.png,37,"The player in red is in the middle of shooting the ball. Based on the positioning of his arms, the ball is probably at its peak trajectory in the air. So it should be above his head.",B7
58.png,38,"The player in the red uniform is in the middle of a jump shot. His arms are extended, suggesting the ball has just left his hands. Based on his shooting position and the trajectory of a typical jump shot, the ball would likely be slightly above and in front of him. Therefore, the most probable location is in cell G7.",
58.png,39,"The player in the red jersey is in the middle of his jump shot. Based on his arm position and the upward trajectory implied by his pose, the ball would most likely be in front of him and slightly upwards.",C7
58.png,40,"The player in the red jersey is in the middle of a jump shot, and his arms are extended. Therefore, the ball is most likely near the peak of his shooting motion, in front of his head and above his hands. Considering his position, this would be around grid cell G7.",B7
58.png,41,"The player in the red jersey is shooting the ball. Based on the angle of his arms and the trajectory of a typical jump shot, the ball is most likely above his head, in the middle of cell C7.",C7
58.png,42,"The player in red is shooting the ball. Based on the angle of his arms and the direction he is looking, the ball is likely in front of him.",C7
58.png,43,"The player in red is shooting, his arms are extended upwards, which implies that the ball is likely located above his hands. Since he is near the intersection of column 7 and row D, the ball is most likely near the grid cell D7. However, since his arms are extended, the ball is likely slightly higher than the D row. I will therefore pick cell C7.",C7
58.png,44,"The player in the red jersey is shooting the ball. His arms are extended upwards towards the basket. Given his arm extension, the ball is likely to be in the area above his head.",B7
58.png,45,"The player in red is in the middle of shooting the ball. Based on the position of the player and the direction he is facing, it is likely the ball is still in his hands, near the top of his release.",C7
58.png,46,The player in the red jersey is in the middle of a shooting motion. The ball would likely be located in the path of their shot which appears to be around G7.,
58.png,47,"The player on the right is in the middle of a shooting motion, so the ball should be in the trajectory of the shot. Also, the player on the left is looking towards the right side of the shooting player.",B7
58.png,48,"The player in the red uniform is in the middle of a jump shot, so the ball should be somewhere above his head. Judging by his angle of release, the ball is likely in cell G7.",
58.png,49,"The player in red is shooting the ball, so it is likely located at the top of their arm in the air.",B7
58.png,50,"The player in red is at the apex of his shot, meaning the ball has just left his hands. Based on his form, the ball is likely heading towards the basket. Given the angle of the shot, the ball's most likely location is just above his head and slightly towards the right, in cell G7.",
67.png,1,"Given the position of the basketball hoop and the position of the basketball player who is attempting to put the ball in the hoop, the ball must be in the upper right of the image. I will place the ball in cell B7.",B7
67.png,2,"The player in the air near the basket is reaching up towards the basket with his right arm extended, and the likely direction of the shot is towards the basket. Therefore, the ball is likely to be located near his hand, slightly above his head and on the path towards the basket. Considering the arm position and the direction to the basket, the most likely location for the ball is in the upper part of grid cell G7.",
67.png,3,"Given the positions of the two players contesting the shot and their upward-reaching arms, it's highly probable that the ball was near the basket, likely around the outstretched hands of the player closest to the hoop.",B6
67.png,4,The player in cell G6 is reaching upwards towards the basket which is in cell B6. The player is looking at the basket so it can be inferred that the ball would likely be between the player's hand and the basket.,B6
67.png,5,"The player in the foreground of the image is in the process of shooting a basketball. The net is in the top-center of the image. The ball is most likely in-between his hands and the basketball net, meaning that the ball is most likely in grid cell F6.",F6
67.png,6,"The player in the white jersey is reaching up towards the basket with their right hand, as if they are about to shoot or dunk the ball. Based on the position of their hand and the location of the basket, the ball is likely located around cell B6 or B7.",B6
67.png,7,"The player in the white jersey is reaching up towards the basket with his right hand. It is likely he is attempting to score a basket. Therefore, the ball should be somewhere between his hand and the basket.",B6
67.png,8,"The player in cell G7 is reaching up towards the basket, so the ball is likely near his hands, around cell B6.",B6
67.png,9,"The player in cell G6/G7 is extending their arm in the general direction of the hoop, implying they were shooting the ball, meaning the ball was between their hand and the hoop.",B6
67.png,10,"Based on the position of the players and their line of sight, it seems likely that the ball would be between the player in the white jersey and the basket. Considering the height of the player with the ball, and the basket, the ball is probably in the B6 location.",B6
67.png,11,"Based on the positioning of the player in the air and the location of the basket, the ball is likely at the top of the arc of the player's jump.",B6
67.png,12,"Based on the players' positions and the direction they are facing, the ball is most likely located above the player in the white jersey attempting to score, close to the basketball hoop. This suggests the ball is likely in the cell B6 or B7. Considering the player's arm position and the upward trajectory, I'm placing it slightly higher, therefore cell B6 is more likely.",B6
67.png,13,The ball is most likely at cell B6 because the player on the right is reaching high to make a shot into the basketball net and that is where the ball would be.,B6
67.png,14,The two players are positioned near the net and the player in white is holding his hand up near the net as if he's attempting to make a shot. The ball is likely at the apex of that hand.,B6
67.png,15,"The player in cell G7 is reaching up towards the basket. We can assume he is either shooting or trying to get a rebound. Therefore, the ball is likely to be directly above him, near the basket. Cell B6 seems to be a good estimate.",B6
67.png,16,"Based on the position of the player with the ball and his hand location, the ball is most likely between the rim of the net and his hand, cell B6.",B6
67.png,17,"The ball is likely in cell B6 because the players are near the hoop, and one of them is reaching up as if to make a shot.",B6
67.png,18,"The basketball player in the white jersey is reaching up towards the basket with his left hand in order to score. Given the height of his reach and the position of the basket, the ball is most likely located between his left hand and the basketball rim.",B6
67.png,19,"The player with the orange jersey is reaching towards the basket with his right arm, likely attempting a shot or a block. Considering the basketball is needed for this action, the ball would most likely be located around D7.",D7
67.png,20,"The player in blue is reaching up towards the basketball hoop. His eyes are focused upward. The player in white is jumping also towards the basketball hoop, suggesting they are contesting a shot. The ball is likely located above their outstretched hands, likely near the hoop.",B6
67.png,21,"The basketball player is attempting to dunk the ball. His arm is extended towards the basket. Therefore, the ball is likely near the hoop.",B6
67.png,22,The ball is likely being shot towards the basket. The player in the white jersey is jumping and has his arm extended towards the basket. The ball is probably at the end of his hand around grid cell B7.,B7
67.png,23,"The basketball player in the center is jumping and reaching for the net. Therefore, the ball is likely to be above them, close to the basket.",B6
67.png,24,"The player on the right side is reaching up to make a shot, and the hoop is near the top of the image. The ball is most likely in-between the hoop and the player's hand.",B6
67.png,25,"Based on the positions of the players and the direction they are facing, the ball is most likely located near the basketball hoop, around grid cell B6 or B7.",B6
67.png,26,"The player in the air is reaching for the hoop, and the other player is looking up at the hoop. Therefore, the ball must be near the hoop.",B6
67.png,27,"Given the player is shooting at the hoop, the ball would be near the net. The player is about to shoot the ball, thus it would be in his hands. So it must be D6",D6
67.png,28,"Given the upward reach of the player in the white jersey, and his focus towards the basket, it's highly probable the ball is around B6/B7 near the hoop.",B6
67.png,29,"The player with the ball about to dunk it is reaching up towards the basket with his right hand, indicating the ball is likely in that area.",B6
67.png,30,Given the player's position and the orientation of the net. The player with the ball (inferred) is most likely attempting a shot.,B6
67.png,31,"Given the position of the player on the right, who is clearly reaching to block the shot, and the position of the other player who is shooting, the ball is most likely located between them. It is likely near the shooter's hand. That corresponds to the position of grid cell G7.",
67.png,32,"Given the position of the player in the white uniform who has his right arm extended towards the hoop and his gaze, the ball is likely in his hand/close to it. Given the position of the net, it is most likely located in cell B7.",B7
67.png,33,The player in the white jersey is reaching up toward the basket with his right hand. It is likely the ball is in his hand or very close to it as he is about to shoot.,B7
67.png,34,"Given the position of the player who is attempting to score, it is likely that the ball is between the hoop and the player's hand.",B6
67.png,35,The player with the orange jersey is reaching towards the hoop. The ball is likely near his outstretched hand.,B7
67.png,36,"The player in the air with the orange jersey is reaching upwards, most likely to shoot the ball into the hoop. The likely location of the ball is directly in front of the hoop, and in line with the shooter's arm.",B6
67.png,37,The basketball players are focused around the net. The player in white is reaching up as if he is about to make a shot and his hand is in grid position B7.,B7
67.png,38,The player in the center of the image is reaching up to shoot the basketball into the hoop. His arm is extended upwards towards the basket.,B6
67.png,39,"The basketball player on the right side of the image appears to be shooting the ball, given the position of his arm and hand. Therefore, the ball is most likely located near his hand, which is near the basketball hoop.",B7
67.png,40,The player on the right of the image (grid cell E10) is pointing/defending towards the player jumping on the left. The player on the left is in the middle of dunking the ball so the ball is likely above his hand or in the net.,B6
67.png,41,"The ball is likely located between cells B6 and B7, as the player in the white jersey is reaching up towards the basket.",B6
67.png,42,"The ball is likely located between the basket and the player in the orange jersey. Considering the position of the players' hands, it appears that the player in the orange jersey is attempting to shoot the ball into the basket.",B6
67.png,43,"Given the position of the basketball hoop and the player with the ball attempting a shot, the most probable location is likely near the hoop in cell B6.",B6
67.png,44,"Given the players in the image are trying to score or defend a shot near the hoop, the ball is most likely in the vicinity of the hoop. Judging by the angle of the player in the blue jersey jumping up and extending his arm, the ball should be located above his hand, near the hoop.",B6
67.png,45,"The ball is likely in the air near the basket. Given the position of the player with the ball, it would be in cell B6.",B6
67.png,46,"The player is in the middle of shooting the ball. It is likely to be in front of their hands close to the basket, which would be in cell F7.",F7
67.png,47,"The player in the air is reaching towards the basket, indicating he is shooting. Therefore, the ball is likely near his extended hand, in the B6 area.",B6
67.png,48,The player with the orange jersey is attempting a shot. His hands are extended towards the basket. It is highly likely the ball is between his hands and the basket.,B7
67.png,49,"The player in white is reaching towards the hoop. The other player is defending. Based on the arm position of the player in white, the ball is likely above their hands, towards the basket.",B7
67.png,50,"The player in white is reaching up toward the basket, presumably to shoot or block a shot. The other player is also reaching up. Therefore, the ball is likely near the basket and somewhere around where the players are reaching.",B6
28.png,1,The player in the red jersey at position 6 is looking slightly downwards and his hands are in a position to dribble or pass the ball. It's likely he has the ball. The ball is therefore located near his waist at position E6.,E6
28.png,2,"The player in the center of the image (around F6) seems to be in a defensive stance, looking toward the left of the image. Given the placement of the players in the foreground, it is likely that the ball is between the player in F2 and the player in F6. Therefore, the cell D3 seems to be the most likely place for the ball.",D3
28.png,3,"The player in the red jersey in D6 is looking down at the ground, his stance suggests he is dribbling.",D6
28.png,4,"The player in cell C6 is looking down towards the center of the image, and the player in C3 is looking in the same direction. Given their stances and focus, it's likely the ball is near the ground, possibly being dribbled or recovered. Cell D4 seems like the most probable location.",D4
28.png,5,"The player in the red jersey is looking towards the player in the black jersey, which is in the D2/D3 area. It would make sense for the ball to be in this vicinity if this game is in play.",D3
28.png,6,The ball is most likely in the hands of the player in cell D2 or being passed between players in cells D2 and C3. The player in C3 seems to be leaning into the pass.,D2
28.png,7,The player in the red jersey at location 5-6 is in a dribbling stance. This means the ball is likely in front of him and close to the ground at his waist.,E6
28.png,8,"The player in the middle is looking down, as if he is dribbling the ball. It is likely the ball is in front of him.",E6
28.png,9,The player in the red jersey at location 6 in grid position is looking down as if he has the ball. Additionally the player in location 3 is looking down and slightly to the right as if they are playing defense.,E6
28.png,10,The player in position 6 is looking down as if he's dribbling the ball. Therefore the ball is most likely near his hands.,E6
28.png,11,The player in the red jersey in cell 6 is looking down toward the ground. There is also another player in cell 4 that is also looking toward the ground. I believe the ball is in their vicinity.,E5
28.png,12,The player in the red jersey in position 6 is likely to have the ball as he is in a defensive stance looking towards the left of the image.,D6
28.png,13,"The player in the center of the image (around cell F6) is likely dribbling the ball, based on his stance and focus.",F6
28.png,14,"The player in the red jersey, positioned in the center of the image, seems to be actively engaged in the game with his body angled towards the left side of the image and also seems to be looking down, which means he is most likely dribbling the ball or preparing to make a move with the ball.",E5
28.png,15,"The player in position 6 appears to be facing and preparing to catch or dribble. The players in positions 3 and 4 also appear to be focusing on a point near that player. Therefore, the ball is likely located near player 6.",D6
28.png,16,"The player in cell C6 appears to be in a defensive stance guarding the player in cell C3. If the player is guarding someone, they are likely trying to block a pass to them. The ball is therefore most likely in between them in cell D4 or D5.",D5
28.png,17,"The player in the red jersey at position 6 is looking downwards at his hands, as if he has the ball or is about to receive it.",D6
28.png,18,"The ball is most likely located between the two players in the middle of the image, near their waist level. Both players seem to be looking in that direction, and their postures suggest they are ready to react to the ball.",E5
28.png,19,"The player in the red jersey at cell 6 is in an athletic stance, likely waiting for the ball or reacting to its movement. The player at position 4 also has his hands out and appears to be receiving the ball. The player at position 2 is looking towards cell 4 as well. The ball is most likely being passed from position 6 to 4 and would be around cell D4.",D4
28.png,20,"The ball is most likely located somewhere between the two players in the center of the image, specifically between the player in position 6 and the player in position 4. All players in the picture seem to be looking towards the same location.",E5
28.png,21,"The player in the red jersey in cell 6 looks ready to pass the ball to the player in cell 4. So it is likely the ball is between these players. The player in cell 2 looks ready to receive a pass, so the ball could also be in that area. So it is likely the ball is in cell D3.",D3
28.png,22,The player in the red jersey in the middle is looking down and has his hands in a position ready to receive the ball. It is likely that the ball is in his vicinity.,D6
28.png,23,"The player in the red jersey in cell 6 appears to be in a defensive stance, ready to receive a pass or guard an opponent with the ball. Given his position and focus, the ball is likely in his immediate vicinity. The player in cell 4 may be passing or attempting to dribble, so it is likely that the ball is close to them.",E4
28.png,24,"The player in cell C6 is likely guarding the player in cell D2/E2. Therefore, the ball is likely between these players.",D4
28.png,25,The player in the red jersey in cell C6 seems to be waiting for a pass. The player in D2 is facing in that direction. So the ball is likely to be near cell D4.,D4
28.png,26,"The player in the red jersey in position 6 is in a typical basketball stance looking down towards the area in front of him on the court. Therefore, I expect the ball to be on the ground in front of him, most likely in cell E6 or D6. Given his posture, it's more likely to be near his feet, hence E6 is more probable.",E6
28.png,27,"The player in cell B6 is in a defensive stance with his eyes focused on the player in cell D2. His hands are positioned low, ready to react to a dribble or pass. This suggests that the ball is likely in the possession of the player in D2 or is about to be passed to him. Given their positions, it is most likely that the ball is near D2.",D2
28.png,28,"The player in the red jersey in grid cell 6 looks like he is dribbling, so the ball is likely near the ground in front of him.",E6
28.png,29,"The player in the middle is in a defensive position looking downward, and the player on the left is also looking downwards. It is likely the ball is between them on the ground.",D5
28.png,30,"The player in the red jersey in cell 6 is looking downward and his hands are positioned as if he is about to dribble or pass the ball. Therefore, the ball is most likely located in cell E6, close to his hands.",E6
28.png,31,"The player in the center of the image is looking downward, and the players to the left of him are also looking down in the same area. This indicates the ball is likely to be close to the ground and in that vicinity.",E5
28.png,32,"The player in red is looking downward, likely at a ball he is dribbling. Also the player to his left, is looking down and to the right. Therefore, the ball is likely located in the cell between them.",E5
28.png,33,The player at cell 6 is looking down in a dribbling position. The ball is most likely on the ground being dribbled.,E6
28.png,34,"The player in cell 6 appears to be guarding, the player in 4 also looks like he has the ball, based on his stance. Considering both players and their likely motions, it is likely that the ball is between them in cell E5.",E5
28.png,35,The player in cell F1 is likely dribbling the ball. His head is tilted downward slightly and his arms are in a position that suggests he is dribbling the ball.,E2
28.png,36,The player in the middle (grid cell C6) is looking down at the court. The player to the left of him (D2) is also looking towards the middle of the court. It is very likely that the ball is in between them on the ground.,D4
28.png,37,"The player in the red jersey on the right is likely handling the ball. He is looking downward and seems to be in a dribbling stance. Therefore, it's likely that the ball is around his waist or at his feet.",E5
28.png,38,"The player in the red jersey at cell B6 is looking down, seemingly defending. The player in the black jersey at cell D2 is also looking in that general direction. It is most likely that the ball is somewhere around the space between these two players, so I will put it in the middle.",D4
28.png,39,"The player in red in cell 6 looks like he is dribbling or about to receive a pass. Therefore, the ball is likely near him, most likely on the ground as he is dribbling or about to dribble. The player in cell 4 is looking to the right, implying that he may be about to pass the ball to the player in cell 6.",E5
28.png,40,"The player in the red jersey located in cell 6 is likely looking down at the ball, preparing to dribble or make a play. Given his stance and gaze, the ball is likely near his feet.",E6
28.png,41,"The player in red is looking down toward the ground, the player in black is facing slightly towards the center of the image and also looks down at the ground. Based on this I would assume the ball is close to the ground between them.",D4
28.png,42,"The player at D3, D4 and C5 are looking at a point between them, and hence the ball should be in that location.",D4
28.png,43,The player in the red jersey in cell 6 is looking down at the ground and appears to be dribbling. So the ball should be somewhere in that location. Also the player in position 2 is looking downwards as well.,E3
28.png,44,"The player in the center of the image in the red uniform is looking down at the location. Additionally the player to his left is looking in that general direction as well. Based on their stance, they are about to make a play on the ball.",E5
28.png,45,"The player in cell C3 is looking downwards and his arms are in a position that suggests he is dribbling the ball. The player in cell F1 is also in a defensive position, looking at the player in cell C3.",D3
28.png,46,The player in grid cell B2 is looking down and is postured to dribble the ball.,D2
28.png,47,"The player in the red jersey at position 6 is looking down and his hands are ready to catch the ball. It is most likely that the ball is near him, around the location of his hands.",D6
28.png,48,The player in grid cell 6 looks like he has just passed the ball to the player in grid cell 3. This would put the ball in grid cell D3.,D3
28.png,49,"The player in the red jersey with the number 8 is facing the player in the red jersey to his right, this player is most likely guarding the player to his right, as such the ball is likely in between these players.",E4
28.png,50,"The player in the red jersey in cell 6 appears to be in a defensive stance. The other players are also looking in his general direction, thus it is likely the ball is in his vicinity, maybe around his right hand.",D6
29.png,1,"The player in D1 is reaching for the ball, which indicates that the ball is likely in that area. The other player in blue in D3 is looking at the same area.",D2
29.png,2,Player in cell D1 has his arm raised implying he has just shot or is about to shoot. I think the ball is likely in the space between the two players in cell D1 and D3. The ball will likely be near the top of its apex so I would place it on cell D2.,D2
29.png,3,"The player in D1 is looking up, as is the player in F2. Their gazes are likely following the ball. Therefore the ball is somewhere above them, probably in the top left quadrant of the image. Given that the player in D1 has just released the ball, it's likely somewhere above him in that quadrant.",D2
29.png,4,The player in D1 has his arm raised and his hand open as if he is about to catch a ball. The player in D3 is looking at the area around D1/E1. It is most likely in that area.,E1
29.png,5,"The player in cell D1 is reaching up with his left hand, indicating he is likely trying to catch the ball. Given his position and the angle of his arm, the ball is likely slightly above his hand.",D2
29.png,6,"The player on the left (grid E1) appears to have just released the ball to make a shot. The basket is in grid C6. The player in grid D3 appears to be looking towards the basket. Based on these factors, I believe the ball is located between grid cells C3 and C6.",D4
29.png,7,"Based on the player positions and the arm positions of the player in D1, the ball is likely in the air in cell D2.",D2
29.png,8,"The player in cell D1 is holding his arm up as if he is about to shoot the ball, so the ball would most likely be in that area above his arm.",D2
29.png,9,"The player in D1 is likely passing the ball to the player at D3. It would be more precise if the arm was fully extended, but that is still the most logical place for it. The location is therefore D2/E2.",E2
29.png,10,"The player in cell D1 is looking upwards with his arm outstretched as if he is about to catch a ball. Also, there is a hand of another player visible in cell F2 who is likely trying to catch the ball as well. This indicates that the ball is likely to be somewhere above them in cells D2/E2.",E2
29.png,11,The player in the bottom left is reaching up high with his right arm extended. The other players are looking towards him.,D2
29.png,12,The player in cell D1 is most likely shooting. His arm is raised as if he is shooting and there is a player in D3 who is likely playing defense.,D2
29.png,13,The player in grid D1 is in the middle of a shot. His arm is extended upwards towards the hoop. The ball is most likely directly above his hands.,D2
29.png,14,The player in D1 is reaching up and looking upwards. This strongly suggests he has just released the ball on a shot and is watching it head towards the basket.,D2
29.png,15,The player in D1 is looking upwards as if he is about to catch a ball. The player in D3 is also looking upwards. The player in E4 has a hand raised. All of this suggests the ball is somewhere above them.,D2
29.png,16,"The player in the blue jersey on the left (cell D1) is in the middle of a shooting motion with his arm extended upwards. Additionally, his eyes are looking upwards towards the basket. Given that he is shooting the ball, it is very likely that the ball is located in the same grid as the basket.",D6
29.png,17,"The player in cell D1 is reaching upwards, which strongly suggests they are trying to catch a ball. The trajectory implies the ball is near them and slightly up.",E2
29.png,18,The player in cell D1 is looking up at the hoop with his arm extended above his head as if he just released the ball. The player in cell D3 appears to be running to the basket. The player in D9 is looking up at the basket.,D2
29.png,19,"The player in cell D1 is looking upwards and has his hand up as if he has just released a shot. The most likely location of the ball is somewhere above his head, but slightly to the right as that is the location of the basket. I would say the most likely location is in D2.",D2
29.png,20,"The player in the bottom left (E1) is looking up at the basket, and is in the process of shooting. The person to his right (E2) has their hand raised in anticipation of the ball. Therefore, it is highly likely the ball is somewhere between the shooter and the basket. The location of the basket is approximately C6. Given the angle and positioning of the shooter, I believe that the ball is located between E1 and C6.",D3
29.png,21,The player in D1 is in the process of shooting. He is in the process of releasing the ball towards the basket. The player in D3 is in position to receive a pass or rebound. The most likely location of the ball is between the player in D1 and the basket at D6.,D2
29.png,22,The player in D1 is looking up. He also has his hand up as if he just released the ball or is about to catch it.,D2
29.png,23,"The player in D1 is looking up, suggesting that he has just released the ball for a shot. Therefore, the ball is likely in the D1 or E2 area. However, the most likely area is between D1 and E2.",E2
29.png,24,The player in cell D1 is looking up with his arm extended and appears to be reaching for the ball.,D1
29.png,25,"The player in the blue and pink uniform in cell E1 has their arm raised, as if they have just shot the ball. The player numbered 7 in cell D4 is also looking upwards, and their body language indicates anticipation of a rebound. Therefore, the ball is likely headed towards the basket, which is in cell C6.",D2
29.png,26,"The player in cell D1 is reaching upwards and looking towards the basket. It's likely that the ball is close to him, at the top of his reach.",D2
29.png,27,"The player in cell D1 is looking upwards with an outstretched arm, suggesting that they have just released the ball. The arm in cell F2 further suggests that they may have just shot the ball. The player in cell D3 is looking towards the basket. This suggests that the ball is likely located above the player in cell D1 and is traveling towards the basket.",D2
29.png,28,The player in D1 is looking up and has their arm raised indicating that they have just released the ball. The ball is most likely somewhere near the basket but in a higher grid cell such as D6.,D6
29.png,29,"The player in cell D1 is looking up towards the player in cell D3, and appears to have just released the ball. The player in cell D3 seems to be anticipating the arrival of a ball. Therefore the ball is probably somewhere between these two players, likely slightly closer to the player in cell D3.",D3
29.png,30,The player in D1 is looking towards D3/D4. The player in D3 is looking towards D6. The player in D7 is looking towards the basket. I believe the ball is likely in the D3/D4 area.,D3
29.png,31,"The player in cell D1 is looking upwards with their arm outstretched. This suggests that they have just released the ball, and it is likely arcing towards the basket. The player in cell D3 seems to be moving towards the basket, potentially to catch the ball or play a rebound. Considering the position of the player in D1 and the angle of the basket and the fact that it is a three point game, the ball is most likely located in cell D3.",D3
29.png,32,The player in the blue uniform in cell D1 is clearly about to shoot the ball and is holding the ball with one hand. The ball would be above his head.,D1
29.png,33,The player in D1 is likely shooting or passing the ball. His arm is raised and the other player in D3 is in the shooting range.,D2
29.png,34,The player in position D1 is looking upwards with his arm raised suggesting that he is about to shoot the ball or has just shot the ball. This means that the ball must be in this area of the court.,D1
29.png,35,"The player in cell D1 appears to be in the motion of shooting the ball. Considering the upward motion of his arm, the ball is likely located somewhere between cells C1 and D2.",D2
29.png,36,"The player in cell D1 is looking up with his arm raised, suggesting that he has just released the ball. It is likely in flight towards the hoop.",D2
29.png,37,"The player in cell D1 is reaching up with his right arm, indicating he has just released the ball or is about to release the ball. This means the ball must be somewhere near his hand in either D1 or E1. However, looking at the overall scene, I guess it is near D1.",D1
29.png,38,"The player in D1 is reaching up with his hand, suggesting he is trying to catch or block a ball. Thus, the ball would likely be in D1 or E1, but due to the angle the ball is most likely in E1.",E1
29.png,39,The player in the bottom left corner (D1) is looking up and has his arm raised in a shooting motion. This implies that he has just released the ball. The only logical place the ball would be headed is the basket.,D6
29.png,40,"The player in cell D1 appears to have just released the ball. His arm is extended upwards, which suggests he has just shot the ball. The ball is likely on its way towards the net.",D3
29.png,41,The player in cell D1 is clearly shooting. Therefore the ball is very likely just above his hands near D1.,D1
29.png,42,"The player in D1 is in the process of shooting (indicated by the arm position), so the ball is most likely somewhere above his hand.",D2
29.png,43,"The player in D1 is in the process of throwing the ball up. He is looking towards D3, so it is likely he is passing to that player. The ball is therefore likely between D1 and D3.",D2
29.png,44,Player at E1 is looking upwards and has his arm raised as if he has just shot the ball.,D2
29.png,45,"The player in cell D1 is looking upwards, implying that he has just released the ball, or is about to. Therefore, the ball is likely somewhere above him, possibly between D1 and the net, which is located in D6.",D2
29.png,46,"The player in the blue jersey on the left (grid cell E1) is likely shooting the ball or has just released it. Therefore, the ball would be headed toward the basket, which is located around grid cell E6. However, based on the release and trajectory, the ball is likely in cell D2.",D2
29.png,47,"Based on the position of the player in cell D1, it is likely that he just shot the ball and is in the process of following through. As such, the ball would likely be somewhere between D1 and the basket. Based on the other players position and where they are facing it's likely the ball is between cell D1 and D6",D3
29.png,48,The player in D1 is looking up with their arm raised. It is likely they either just released the ball or are preparing to. It's likely the ball is somewhere between the top of their outstretched hand and the hoop.,D2
29.png,49,"The player in cell D1 is in a shooting stance, with his arm extended upwards. It is likely he has just released the ball, and it is heading toward the hoop. I'd estimate its location to be around D2.",D2
29.png,50,"The player in cell D1 is looking up and seems to be shooting. The opposing player in cell D3 is facing him. This suggests the ball is on its way to the hoop, probably somewhere between those players and the hoop.",D3
15.png,1,"The basketball player on the right seems to be dribbling the ball so it is most likely in front of him, close to the ground.",E7
15.png,2,The ball is most likely being dribbled by the player in the red jersey and the position of his body suggests the ball is in front of him.,E7
15.png,3,"The player on the right is dribbling the ball. Based on the dribbling motion and the low position, the ball is most likely located near his right hand on the court.",E7
15.png,4,"Given the positions of the two players (white jersey and red jersey), and how they're dribbling the ball, it would most likely be between them and on the ground. Given their current orientation and the position of their hands, I'd expect the ball to be closer to the player with the red jersey.",E7
15.png,5,"The ball is likely in the hands of the player on the right side of the image. Given his bent position, the ball will be at his waist. This puts the ball on G7.",
15.png,6,"Based on the player stances and where their hands and eyes are focused, it is likely that the ball is between the two players, near their feet.",E6
15.png,7,"Given the stance of the two players, and their downward gazes, it's reasonable to assume the ball is at their feet. Given their relative positions, and the fact that the player on the right is looking at the ground in square E7, the ball is most likely in F6.",F6
15.png,8,"Given the stance of both players, it is most likely that the ball is in the vicinity of their feet. More specifically, it is likely to be in the control of the player on the right.",E7
15.png,9,"The player on the right is looking down at the ball. Also, the player on the left has his hand near the ground as if about to dribble the ball. The most likely location of the ball is near these two players.",E6
15.png,10,The two players in the center are in a defensive stance suggesting a face off between them. The ball is probably on the ground between them.,E6
15.png,11,"The two basketball players are close to each other, and both are looking down. Given their stances, it seems the ball would be near the ground between them.",E6
15.png,12,"Given the position of the basketball players in the image, the ball is most likely between the two players and at the height that they are dribbling the ball.",E6
15.png,13,"The two players in the center of the image are likely dribbling or guarding the ball. Given their stances and proximity to one another, it's most probable the ball is located between them, close to the ground, in the vicinity of their feet.",E6
15.png,14,"Based on the position and gaze of the two main players in the image, it is highly likely that the ball is located close to the ground in between them in cell F6.",F6
15.png,15,"The player in the white jersey in position E5 is looking downwards and is dribbling the ball. The player in the red jersey in position E7 is guarding him. The ball is most likely located around E6, close to the ground.",E6
15.png,16,"The player in the red jersey is dribbling the ball. Based on his position and the direction he is facing, the ball is most likely in front of him near his right hand.",E7
15.png,17,"The ball is likely between the two players, closer to the player in red/orange. The player in red is looking down at the court, as if dribbling.",E7
15.png,18,"The ball is likely to be near the ground, between the two players. Looking at their positions and stances, the ball would likely be in the D5 or E5 area.",E5
15.png,19,"The two players are facing each other near grid locations 5 and 7 on the x axis and E on the y axis. Considering their positions and the nature of basketball, it's likely that the ball is located between them, somewhere near the floor.",E6
15.png,20,"Both players are looking down. The player in red is dribbling the ball. It would most likely be near his right hand, close to the ground.",E7
15.png,21,"The player in the red uniform looks to be dribbling the ball. His arm and hand are in a downward motion, which would mean the ball is likely near his hand on the court. This location is near grid location E7.",E7
15.png,22,The two players in the center of the image seem to be in the middle of a play. The ball is most likely between them and close to the ground since they are in motion.,E6
15.png,23,"The player in the red uniform in cell 7 is crouched in a dribbling position, so the ball is likely in front of him and close to the ground.",E7
15.png,24,"The two main players in the image are in a position suggesting they are both dribbling the basketball. The player on the right is looking down at the court, and his hands are positioned as if he's about to dribble the ball. Given his hand position and gaze, the ball is likely between his feet.",E7
15.png,25,"Given the position of the player in red in a dribbling stance, the ball is likely to be in front of his right foot around grid D7.",D7
15.png,26,The player in red is in a dribbling stance and is facing towards the right. The ball is likely to be near the ground by his right hand. This places the ball within the vicinity of grid cell E7.,E7
15.png,27,"Both players are looking down, and the position of their bodies suggest they are in the middle of a dribble or defending a dribble. Therefore, the ball is likely located on the ground between them.",E6
15.png,28,The player in the red uniform is likely dribbling the ball. His right hand is near the ground so it would be somewhere in this location.,E7
15.png,29,"The two players in focus are in a dribbling stance. The player on the left (in the white jersey) is positioned slightly in front of the player in the red jersey. I would expect that the ball is likely at knee level. Given their positions, the ball is most likely in the E6 area.",E6
15.png,30,"The player in the red jersey is dribbling the ball on the ground, so the ball is going to be between cell E7 and F7.",F7
15.png,31,Both players are dribbling the ball. The ball is most likely close to the player at position 7 near the ground.,E7
15.png,32,"Both the players in the image are looking downwards. Given their stances, they are very likely playing with a ball on the ground.",E6
15.png,33,"The player on the left is dribbling the ball, so the ball must be around his knees to waist height and somewhat in front of him.",E5
15.png,34,The two players are in a position consistent with dribbling. The ball is likely on the ground between the two players.,E6
15.png,35,"The players are both in a low dribbling stance. The player in red looks to be dribbling, so the ball is likely on the floor in front of him.",E7
15.png,36,"The ball is likely located between the two players. The player in the white jersey is likely dribbling the ball, and the other player is defending. So the ball is likely on the ground somewhere between the two players.",E6
15.png,37,"The ball is most likely between the two players at their waist level, which would be in the middle of the image.",D6
15.png,38,"The basketball is likely being dribbled by the player in red, therefore, it would be low to the ground, either in front of or to the side of them.",E7
15.png,39,"The two players closest to the camera are both in a defensive position, crouched down and looking down. This indicates that the ball is likely at ground level and between them.",E6
15.png,40,The player in the red jersey in grid cells G7 has his hands down low as if he is dribbling the ball. The player in the white jersey is looking down at the same location. It is most likely that the ball is at this location.,
15.png,41,"Both players seem to be looking down at the area between them. Given their stances and positions, it is likely the ball is on the ground between them.",E6
15.png,42,"The two players are in a position indicating they are playing basketball, and the point of action seems to be in the middle of the two players, closer to the right player, somewhere around the waist or knee area.",E6
15.png,43,"Considering the positions of the two players, the basketball is likely on the ground between them, in cell E6.",E6
15.png,44,"The two main players are positioned in a way that suggests they are facing each other in a dribbling motion, therefore the ball should be on the ground in front of them.",E6
15.png,45,"The two players in the foreground are in positions suggestive of dribbling or contesting a dribble. The player on the right has his hand positioned low, as if guarding the ball. It's likely the ball is low to the ground, around the E6 cell.",E6
15.png,46,"The player in the red uniform appears to be dribbling the ball. Based on his stance and position, the ball would likely be between his legs and close to the ground.",E7
15.png,47,"Given the positioning of the two players, where they're looking, and their orientation on the court, it's most likely that the ball is located in front of player 2 closer to the ground between them. Cell E6 seems to be the most probable location based on the two players' relative location and the general action.",E6
15.png,48,"The ball is likely located between the two players, closer to the player in the red uniform, who is dribbling. It is probably bouncing on the ground between them.",E7
15.png,49,"The ball is likely to be between the two players. The player on the right is dribbling and the other player is guarding him. Based on their positions, the ball would likely be located on the ground, relatively close to the dribbling player.",E7
15.png,50,"The players are in a basketball game. The player in the red uniform seems to be in a dribbling position, with his right hand likely on the ball. Hence the ball is likely on the floor, between him and the other player.",E7
16.png,1,"The player on the left is facing towards the right, and his arms are bent. It looks like he just passed the ball. The player on the right looks like they are moving to block the ball. Given this information, the ball is likely located in cell F4, but it could also be E4.",F4
16.png,2,"Based on the positions of the players, it is most likely that the ball is in the vicinity of where the player in the blue jersey is looking. This would put the ball somewhere near cells D7 or E7.",E7
16.png,3,"The ball is most likely located in the area between the two players who seem to be following its movement, hence between cells D2 and D6. Given their positions, the ball is likely slightly closer to the player in cell D2, thus more towards the left side of the area, around D3.",D3
16.png,4,"Given the position of the player in grid cell 2/3, it can be inferred that he is likely defending the ball. The player in grid cell 6/7 looks like he is about to catch the ball. The referee in grid cell 9/10 is likely observing the two players. The ball is most likely located in grid cell E4.",E4
16.png,5,"The player in the blue uniform with the number 8 on the back is looking downwards. Given her position, it is likely the ball is in front of her, so I would estimate the ball is located in cell G7.",
16.png,6,"The player on the left seems to be diving for the ball, it's likely in front of her but not too far ahead. Given her pose, the ball is probably around D2.",D2
16.png,7,"The ball is most likely located near the player in the dark blue uniform. The player is looking in that direction, and her arms are outstretched. It is likely she is about to play the ball.",
16.png,8,"Given the positions of the players, the player on the left side seems to be going for the ball. Thus it is most likely near that player.",D2
16.png,9,"The player in cells C1 and D2 appears to be diving, which suggests that he/she is trying to catch the ball.",D3
16.png,10,"The player on the left appears to be diving, and the player on the right is looking in his direction. Therefore, it's most likely that the ball is somewhere between them, towards the left player.",E3
16.png,11,"The player on the left is diving towards the center of the image, suggesting they are trying to reach a ball. It is likely that the ball is in front of them, around D3, where their forward momentum would lead them.",D3
16.png,12,"The player on the left is diving towards the right side of the image, and the player in the blue jersey is also moving towards the right. It is most likely that the ball is around the area that these players are looking at, likely at the place where the player in the blue jersey is running to.",F3
16.png,13,"Based on the position of the player on the left (1-2), it is likely they are in the middle of a play and moving towards the other player on the right (6-7). The player on the right appears to have just made a move and is recovering. Therefore, the ball would likely be in the middle of the players. It is also likely on the lower end to be a bouncing ball.",E4
16.png,14,"The player on the left is diving towards the left, and the player on the right seems to be reacting to something in front of them. I think it is most likely that the ball is between them.",D4
16.png,15,The player in the left of the image is crouched down towards the area of cells C2 and D2. It is likely that the ball is somewhere in this area.,D2
16.png,16,"The player on the left in square C1/C2 is looking down towards the right, and is in a defensive position. I think the ball is most likely in D3",D3
16.png,17,"The player on the left (player 1) is likely in the process of passing the ball. The player on the right (player 2) is looking towards the bottom right of where player 1 is located. Because of this, the ball is likely going to be near the court between them, likely at cell D3.",D3
16.png,18,"The player on the left appears to be diving towards the right (cells C1-F3), while the player in the center (B6-F8) is reaching towards the left. It's likely the ball is in the vicinity of where they are playing. I am guessing the ball would be near cell D3, a little above the ground where the player on the left is lunging towards.",D3
16.png,19,The first player seems to be going for the ball and is likely to have just dropped it. The other player is running towards the same area. It is most likely near the floor.,E2
16.png,20,"The player on the left is crouched down and looking to the right, while the player in the middle is reaching towards the left. This suggests they are both focused on the area between them.",E3
16.png,21,The player on the left (red hair) is diving/bending forward. The player in the blue uniform and the referee are both looking towards the left side of the frame. The ball is likely near the court in front of the player.,D2
16.png,22,"Based on the players' body positions, it looks like the ball may have been near player in column 2. That player looks like they may have just dropped the ball, or lost control of it.",D2
16.png,23,"The player on the left is in a position of diving or falling towards the left. It is likely he lost control of the ball, and that it is rolling away from him. I think the ball is in the space in front of his hands.",E3
16.png,24,"The player on the left seems to be looking down at the ball, ready to receive it. The ball would likely be somewhere in front of her.",D2
16.png,25,"The player on the left is looking down, as if the ball has been low to the ground. Given his position and stance, it would make sense that the ball would be near the ground within reach.",E2
16.png,26,The player on the left is diving towards the right. The player in the middle is looking towards the left. I am guessing the ball is in between them in grid cell D4.,D4
16.png,27,"The player in the light uniform is diving towards the left. The player with the number 8 is in the middle. Given the space constraints, the ball is most likely located somewhere in cell D3.",D3
16.png,28,The player on the left seems to be diving for the ball. His body is leaning forward. The player on the right is also looking to the left side. The ball is likely in front of the player on the left and to the left of the player on the right.,D3
16.png,29,"The player on the left seems to be diving towards the right of the screen, as though they are going for the ball, so it is likely located somewhere to the right of that player. The other player is looking towards the left of the screen and the player is looking towards the same area.",D3
16.png,30,"Given the body language of the player in the red jersey, it is highly probable that the ball is near grid cell C2. This player is facing toward the right of the image, with their arms positioned as if they were just passing the ball.",C2
16.png,31,"The player on the left is looking towards the right, and seems to be falling over. The player in the middle is also looking towards the left, implying that the ball might be there.",D3
16.png,32,"The player on the left is crouching down as if they are about to pick something up, so the ball is probably in front of him/her.",D2
16.png,33,"The player on the left is in a defensive position, likely guarding the ball. The player on the right is in motion, potentially chasing the ball. The middle player is looking down and to their left which indicates that the ball is located near that direction.",E3
16.png,34,"Based on the players' positions and stances, it looks like the player on the left may have passed the ball towards the other player. The other player is looking in that direction. So, it is likely that the ball is between the two players, likely at or a bit above the mid-point of their positions.",D4
16.png,35,"Given the body positions of the two players in the foreground, it's likely the ball is in between them. The player on the left is leaning forward, perhaps diving for the ball, and the player on the right is also in a bent position. This suggests that the ball is located somewhere in cell D4.",D4
16.png,36,"The player on the left is in a defensive stance, as if trying to intercept a ball. Based on the players position it seems like the ball is somewhere between him and the other player.",D4
16.png,37,The player in the image is diving towards the left. Thus it is likely the ball is in front of the player diving.,D2
16.png,38,"The player on the left is crouched low, suggesting that the ball is somewhere near the ground in front of him. His gaze would also suggest the location. A likely position for the ball is in front of him.",D3
16.png,39,The ball is likely between the two players as they are both facing each other. I will put the ball in cell D4.,D4
16.png,40,"The player on the left is diving, while the player in the middle is also reacting to something happening in front of her. Thus, the ball would be in front of them in the region of cells C3 or D3.",D3
16.png,41,"The player on the left is lunging, and his arm is extended in front of him. He is likely trying to catch a ball. The player on the right is also looking towards the left side of the image. Therefore, the ball is likely in front of the player on the left.",D2
16.png,42,"The player on the left (red uniform) appears to be diving for the ball or has just fallen trying to get the ball. Based on the position of that player, the ball is likely in the D2 or E2 area.",E2
16.png,43,The player on the left is diving towards the area of the right. The Thai player (SUPAVADEE KUNCHUAN) is reaching towards the left which indicates that the ball is close to her.,E3
16.png,44,"The player on the left is looking down and to the right, towards the player on the right. The player on the right seems to be reacting to something that has just happened. Given this information, the ball is likely to be in the space between the players, in cell D4.",D4
16.png,45,"The player on the left is in a position to be making a play on the ball, so it is likely somewhere in front of him. The player on the right is looking in that direction as well, meaning it is likely somewhere in the center area between them, and relatively low to the ground, in the D3/D4 range.",D3
16.png,46,"The player in grid squares C1-E3 is looking down, as if trying to pick up a ball. Additionally, the text in grid squares F3-F7 is visible, which implies that the ball isn't likely there.",D2
16.png,47,The player on the left is in a position that suggests they are reacting to a ball near them on the right side of the image. The player named 'SUPAVADEE KUNCHUAN' looks to be reacting to the player on the left.,D3
16.png,48,"Based on the positions of the two players and the context of basketball, it's likely the player on the left (in cells C1, D1, E2) is diving for the ball or attempting to pick it up. Given this, and the position of the other player, it's reasonable to assume the ball is located in front of the player on the left, in the general vicinity of D2.",D2
16.png,49,"The first player is lunging towards the left with his hands out ready to receive the ball. The second player is moving to their left, but is still looking at the first player. The ball is likely in the space between them.",D3
16.png,50,The player on the left is reaching towards the area of D2/E2. This is the most likely location of the ball.,D2
12.png,1,"The two main players are facing each other and appear to be contesting the ball. The ball is likely in the vicinity of their hands. Based on their positions, the ball is likely located near the intersection of cells E5 and E6, but perhaps slightly closer to the first player.",E6
12.png,2,"The two players in the foreground are facing each other in an athletic stance, suggesting they are actively involved in the game. Given their proximity and focus, the ball is most likely located between them, at around waist height.",E6
12.png,3,"Based on the positions and facing directions of the two basketball players in the foreground, the ball is most likely located between them at waist level.",E6
12.png,4,"The ball is likely to be between the two players who are facing each other. The player on the right in the red uniform looks like he is defending, and the player in blue has his arms out. The ball is likely in the vicinity of their hands.",E6
12.png,5,"The two players in the center are engaged in a face-off, presumably with the ball between them. Given their stances and proximity, the ball is likely low to the ground, near their hands.",E6
12.png,6,"The ball is most likely located between the two players, slightly closer to the player in red and at waist level. Based on this I would say the ball is located in cell F6.",F6
12.png,7,"The ball is likely to be in between the two players who are facing each other. Also, the ball is likely to be at a height that is close to their hands. The grid cell that best describes the location of the ball is F6.",F6
12.png,8,"The two players in the center of the frame are facing each other, engaged in what appears to be a dribbling motion or a closely guarded position. Given their stance and the focus of their gaze, the ball is likely between them, close to the ground.",E6
12.png,9,"The two players are facing each other and their stances suggest they are in the middle of a play. The player in red is likely dribbling or passing the ball. Therefore, the ball is likely somewhere between them.",E6
12.png,10,"Given the positions of the two players in the foreground, and the fact that they are likely facing each other while playing, it's reasonable to assume the ball is likely in their vicinity, most likely near their hands or in between them.",E6
12.png,11,"The two players are facing each other in a defensive position. The ball is likely being dribbled. Because of this, the ball would likely be near the ground and somewhere between the two players.",E6
12.png,12,"The ball is likely to be in the hands of the player with the red jersey, as he seems to be facing the other player in a defensive stance. Given the position of his hands and the space between the two players, it would be located in the area between the two players.",E6
12.png,13,"The ball is likely between the two players, probably closer to the player in red. The player in blue appears to be guarding him, so it would be around his waist.",E6
12.png,14,"The two players in the foreground are facing each other, likely in a defensive position. It is likely the ball is between them, closer to the ground.",E6
12.png,15,"Given the positions of the two players and their postures, it seems like they are facing each other in an offensive play. The ball is likely to be between them, closer to the red player, probably around waist or chest height.",E6
12.png,16,"The two players closest to the camera are facing each other. In a basketball game, this is usually where the ball is located. The position of the red player suggests that the ball is likely around his left hip.",E6
12.png,17,"The two players in the foreground are facing each other in a defensive/offensive posture. The player in the red jersey is looking slightly downward, as if following the ball. Also, the other player is in a defensive position. Given the positions of the players, and their focus, the ball is likely to be close to the ground in front of them, likely between cells E5 and E7. I would say E6 is most likely.",E6
12.png,18,"The ball is likely between the two players who are facing each other, near their hands.",E6
12.png,19,"The two players are facing each other, in what appears to be an offensive/defensive situation. Their positioning suggests that the ball is somewhere between them, closer to the player in red, since he has the ball in hand.",E6
12.png,20,"The two players in the center of the image are likely contesting the ball. The player on the right in the red jersey is looking down, and the player on the left in the blue jersey is also looking down in a similar direction.",E6
12.png,21,"The two players are in a face-off, suggesting the ball is between them at the height of their torsos. This places it in the range of E5-E6. The ball is more likely to be closer to the defender in red than the one in blue.",E6
12.png,22,"Given the players' position and focus, especially of the player in blue, the ball is likely around chest height between the two players.",E6
12.png,23,"The two players in the foreground appear to be engaged in a one-on-one dribbling situation. Based on their positions and likely body posture, the ball would be around waist height of the red team player.",E6
12.png,24,The two players in the foreground are facing each other in a defensive posture. Therefore the ball is likely between them.,E6
12.png,25,"The players are in a defensive stance facing each other, and the red team player looks like he is about to dribble the ball. Based on the players stance and movement, it would most likely be between the two players in cell F6.",F6
12.png,26,The ball is likely between the two players guarding each other in the center of the court around chest level.,E6
12.png,27,The two players in the foreground are facing each other and are in the middle of the basketball court. The ball is most likely between them at around waist height.,E6
12.png,28,"The two players are in a defensive posture. The likely position of the ball would be between them, and at a height within reach. The ball would most likely be in front of the player in blue.",E5
12.png,29,"Both players in the foreground are looking down, toward their feet. The player on the left is dribbling, as indicated by the position of his hand relative to his body. It is highly likely the ball is at this location.",E6
12.png,30,"The two players in blue and red are facing each other and look like they are about to pass the ball to each other. Also, the player in red has his arms out to probably receive the ball. Hence the location of the ball must be between them, which is around the D5 grid cell.",D5
12.png,31,"Both players are looking down and at each other, suggesting the ball is likely on the ground between them.",E6
12.png,32,"The two players in the middle of the image are close to each other and in a defensive stance. Typically this happens when one player is guarding the other, and the ball is likely between them. The position of their hands and legs suggests the ball is near their hands.",E6
12.png,33,"The two players in the center of the image are positioned to face each other. Based on their stance and focus, the ball is likely in the area between them, slightly toward the lower part of the image.",E6
12.png,34,"The two players in the center of the frame are facing each other, engaged in what appears to be a one-on-one basketball play. Given their postures and positioning, the ball is most likely located between them, at a height that allows for dribbling or passing.",E6
12.png,35,"The two players in the center of the image are facing each other in a defensive position. Given the defensive stance of the players, the ball is likely located between them, at roughly waist or chest level.",E6
12.png,36,"The two players are facing each other, indicating that the ball would likely be in between them. I believe the ball is located in grid cell F6, as there appears to be movement around there.",F6
12.png,37,"The two players closest to the center of the image are guarding each other closely, and they are both looking down. This suggests the ball is likely at or near the ground in front of them, probably around their feet.",F6
12.png,38,"The two players are facing each other, and their hands are in a position to guard each other. It is most likely that the ball is in between them.",E6
12.png,39,"Based on the position and posture of the two players engaged in a face-off, it's most likely that the ball is located on the ground near them. The ball is most likely in the space between them.",E6
12.png,40,"Given the positioning of the two main players in the foreground, and the angle of their bodies, it is likely the ball is between them, possibly being dribbled or passed. Considering the height of their hands, the ball is most likely located in the F5 grid.",F5
12.png,41,"The two players in the middle are engaged in a play, likely a dribble or pass. Given their positions, the ball is likely around their waist level. The location should be somewhere between the two players at grid cells E5-E6.",E6
12.png,42,"The two players in focus are guarding each other closely, indicating they are actively competing for possession of the ball. Given their positioning and stances, it is likely the ball is located somewhere between them at chest height or slightly lower.",E6
12.png,43,"The two main players are facing each other, therefore it is likely the ball is between them.",E6
12.png,44,"The two players are guarding each other intensely, suggesting the ball is between them. The lower torso positioning would suggest the ball is being dribbled.",E6
12.png,45,"The two players in focus are close together and in a basketball stance. The player with the red jersey seems to be looking slightly down and to the left, indicating the ball is probably somewhere near his left hand. The other player is positioned defensively, so the ball should be somewhere in between them. Considering this, the ball is probably located around cell F5 or F6. But given the red jersey player's line of sight, F6 is the most probable.",F6
12.png,46,"Given the position of the players, the ball is most likely located in between them. Both players seem to be looking in that direction.",E6
12.png,47,"Both players are looking towards each other and are in a defensive position. The ball is likely between them, at around waist height.",E6
12.png,48,"Based on the position of the two players who are facing each other, the ball is most likely to be located in between them at the level of their waist.",E6
12.png,49,Both players are looking at each other and the red player has both hands out in front of him.,E6
12.png,50,"Based on the positions of the players, it is most likely between the two players that are guarding each other. I infer that the ball is likely in Cell F6.",F6
13.png,1,"Given the position of the players, and the height of the players to the basket, the ball is most likely on its way to the basket. Thus, it is most likely between the player and the basket at around the height of the player jumping to the hoop.",E5
13.png,2,"There are two players near the hoop, contesting a shot. Based on their positions, one player in red is jumping up towards the hoop with the other player also contesting. The most likely location of the ball would be directly above the players and close to the hoop, so the ball is likely in cell E5.",E5
13.png,3,"Two players are near the basket in a rebounding position. Given their position in relation to the basketball hoop, the ball is most likely on its way to the hoop or just above the hoop.",C5
13.png,4,"Given the position of the players and their reach, the ball is most likely between the two players at the height of their extended arms.",E5
13.png,5,"Based on the position of the players and their proximity to the basket, the ball is most likely near the rim of the basket, potentially within the grasp of one of the players reaching for a shot or rebound.",E5
13.png,6,"The players in cells E5 and F5 are jumping up in a dunking motion toward the basket in cell C5. Therefore, the ball is most likely located between them and the basket at cell D5 or E5. Given the position of the players, I'm going to guess E5.",E5
13.png,7,"Based on the positions of the players and the fact that the ball would likely be involved in the action around the net, it's most probable the ball would be near the hands of the players or within the vicinity of the basket.",E5
13.png,8,"Given the positions of the players and the hoop, the ball is most likely right above the hands of the player who is about to shoot. This puts it in cell E5.",E5
13.png,9,"Given the proximity of the players to the basketball hoop, it is likely that the ball is in the air on its way toward the hoop, likely at the peak of its arc.",D5
13.png,10,"Based on the position of the players and the hoop, the ball is likely near the basket. The ball is most likely in front of the hoop, near where the player in red is reaching.",E5
13.png,11,"The players are reaching towards the net. The ball is likely close to the net, the players are likely jumping to catch or throw the ball.",E5
13.png,12,"Given the position of the two players in the air, it is likely that the ball is located in the vicinity of the net, perhaps a little above it, as both players are in a position to try and get the ball in the net.",C5
13.png,13,"Given the position of the players jumping near the net, it is likely that the ball is between them and the net.",E5
13.png,14,"The players are jumping near the hoop, attempting to make a basket. It is most likely that the ball is near the hoop.",E5
13.png,15,"Based on the position of the players in the image, they are either jumping for the ball or trying to block each other near the basket. The ball is likely to be at or near the level of the hoop.",D5
13.png,16,"Given the position of the basketball hoop and the two players jumping up for the ball, I believe the ball is most likely in the vicinity of the basketball hoop and the players hands.",E5
13.png,17,"Given the positioning of the players, specifically the one jumping to make a shot, the ball is most likely in the vicinity of the hoop.",E5
13.png,18,"Given the positions of the players, the ball is most likely between the players in cells E5 and F6. Because the red player is reaching up in cell E5 towards the net, the ball is likely above them in the area of the net.",E5
13.png,19,The basketball players are jumping near the net. So the ball will be somewhere near the net.,E5
13.png,20,"The players are positioned near the hoop with some jumping to reach the hoop. This leads me to believe that the ball is going into, or about to go into the hoop.",C5
13.png,21,"The two players in the foreground are actively involved in a play near the basket. Given their positions and likely trajectories, the ball is probably being contested at or near the basket.",E5
13.png,22,"The location of the players suggests that a shot is being taken. Given the proximity of the players to the basket, the ball is likely to be in the vicinity of the hoop.",E5
13.png,23,"Given the position of the player who is reaching for the basket, the ball would have to be located somewhere close to the basket, most likely slightly in front of and above the rim.",E5
13.png,24,"Based on the position of the players and the angle of their bodies, it looks like the basketball is in the air, close to the basket, as if a shot has just been taken.",E5
13.png,25,"Given the position of the players, and the fact that the basketball hoop is in the center, the ball is most likely near the hoop, probably in the vicinity of E5 or F5",E5
13.png,26,"Given the position of the players and the rim, it is very likely that the ball is just above the hands of the player jumping. The top of the hands is roughly at the E5, so the ball is likely around D5.",D5
13.png,27,"Given the position of the two basketball players, specifically the red player going in for the dunk, the ball should be just above the basketball hoop.",C5
13.png,28,"Given the location of the basket and the players, it is most likely that the ball is between the two players near the hoop.",E5
13.png,29,"Given the position of the basketball hoop, and the motion of the player on the right and the player on the left, it is most likely that they are in the middle of a block or a shot. Therefore the most likely position of the ball would be within the basket.",C5
13.png,30,"The player with the number 35 is attempting to score a layup or dunk. Given his upwards trajectory and arm position, the ball is likely in his hand or very close to it, in line with the basket. The rim is located in area C5.",E5
13.png,31,"Based on the positions of the players jumping towards the hoop and the angles they are facing, the ball is most likely near the rim or has already been thrown towards the rim. Given the height and position of the player in the red jersey, the ball's most probable location is just above the hoop.",C5
13.png,32,"The ball is likely in the air as the two players are jumping towards the hoop. Considering the location of the players, the ball is in the vicinity of E5.",E5
13.png,33,"The players in the middle (columns 4-6) are reaching for the ball near the net. Given their positions and the angle, the ball is most likely in cell E5, near their hands.",E5
13.png,34,"The player wearing number 3 is reaching towards the basket, suggesting that he is trying to shoot or dunk the ball. The other player is also reaching towards the basket, likely to defend or contest the shot. Given their body positions and where they are looking, the ball is most likely located between them and near the basket.",E5
13.png,35,The players are close to the hoop. They are attempting to score.,E5
13.png,36,"Given the position of the two players who are close to the basket, and the angle they are playing at, I believe the ball is likely to be between them, probably rising above their heads. Considering the height of the basket, I will estimate that the ball is near grid location E5.",E5
13.png,37,"Based on the position of the players and the hoop, the ball is likely in the air near the hoop, possibly heading towards the basket. Given the height of the players and the location of the net, the ball would be in the lower half of the C5 grid.",C5
13.png,38,"The ball is likely in the vicinity of the basket. The players are reaching towards the basket, indicating that the ball is close by. Given the players' positions and the angle of their arms, the ball is most likely in cell F5.",F5
13.png,39,"The two players are in the middle of the image and are contesting a shot. Considering their body positions, the ball is likely somewhere between them and above the hoop.",E5
13.png,40,The ball is most likely being shot into the basket. Two players are jumping up near the basket. The ball would be above their hands and closer to the basket.,D5
13.png,41,"The ball is most likely located near the basketball hoop and the players who are trying to score. Given their positions and the hoop location, the ball is probably in cell F5 or E5. F5 is more likely because the lower player appears to be shooting or passing.",F5
13.png,42,"Given the position of the two basketball players, and the location of the hoop, the ball is most likely located between them.",E5
13.png,43,"Given the positioning of the two players, one in red and one in white, along with their outstretched arms toward the hoop, it's likely the ball was located somewhere near the hoop but in front of both players.",E5
13.png,44,"Given the positions of the players attempting to block the shot and the location of the hoop, the ball is most likely in the vicinity of the rim as the shot is taking place.",E5
13.png,45,"Given the positions of the basketball players and the location of the hoop, it is likely the ball is right near the hoop.",E5
13.png,46,"The two players are very close to the basket and appear to be fighting for the ball in the air, the ball is most likely to be in this region and most likely on its way into the basket, it is difficult to know exact location but it is most likely in grid D5/E5/F5.",E5
13.png,47,"The ball is most likely located near the net, as the player is jumping towards the net to make a shot.",E5
13.png,48,"The players are very close to the net, and the player with the number 4 seems to be attempting to shoot the ball into the hoop. Therefore the ball is likely near the hoop or just leaving his hands.",E5
13.png,49,"Given the position of the players in cells E5 and F6, the ball is likely somewhere between them and possibly being dunked into the hoop.",E5
13.png,50,The players in the image are reaching up towards the basket. This suggests that the ball would be above them somewhere near the basket.,E5
11.png,1,"The player in the white jersey, located in cell D5, is likely shooting the ball towards the basket. The basket is directly above him in cell B5/B6. Given his position and trajectory, the ball is most likely located in cell D5/E5 near the player's hands.",D5
11.png,2,"The player in white is in the middle of a jump shot with his hands up. The likely location of the ball would be in front of him around D5/E5. The player in blue is looking at the basket and is in a position to defend, so the ball would be somewhere between him and the basket.",E5
11.png,3,"The player in the middle of the court (wearing number 11) is jumping and looking up towards the basket. This suggests that he is either shooting the ball or attempting to catch a pass close to the basket. The player on the right is running towards the basket too, suggesting that the ball is in play. Since the player on the left appears to be guarding, it's more likely that player 11 is shooting or about to shoot. The most likely location of the ball is therefore between the shooter and the basket, near the top of his reach, hence D5",D5
11.png,4,The ball is most likely near the player with the number 11 as he is in mid air and looks like he is about to shoot the ball.,E6
11.png,5,The player in the middle in the white jersey is in the air and appears to be shooting the basketball.,E6
11.png,6,"The ball is likely in the air between the player in cell D3 and the player jumping in cell E6. Given their body language, it's most likely somewhere in the D5 area.",D5
11.png,7,The player in the white jersey in cell D6 appears to be shooting the ball at the basketball hoop. The player in the blue jersey in cell D5 is also in a position to rebound the ball. I think that the basketball is likely located in cell D5.,D5
11.png,8,"The player in white is jumping towards the basket and extending his hands as if he is about to shoot, therefore it is likely that the ball is in his hands and will soon be released towards the basket.",E6
11.png,9,"The ball is likely near the player who is in the middle of the jump shot (in white #11). Given his upward pose, the ball is likely in front of his body.",E6
11.png,10,"The player in white is jumping to shoot, and the player in blue is guarding him. Therefore, the ball is most likely to be in the hands of the jumping player.",E6
11.png,11,"The player in the white jersey is in the middle of a jump shot, so the ball would be in front of him and at a high point.",D6
11.png,12,"The player in the white jersey is in the air with his hand raised as if he is about to shoot, therefore the ball is most likely in front of him and slightly above him, located in cell E5 or E6",E5
11.png,13,The player in white number 11 is in the act of shooting the ball. So the ball is most likely close to his hands in the middle of the court.,D5
11.png,14,"Given the players' positions and body language, particularly the player in the air near the center of the image who appears to be shooting a basketball, the ball is most likely located near the basket. The hands of the player shooting indicates the location of the ball. It is most likely near the middle of D and E at grid 5.",E5
11.png,15,"The player in the white jersey in cell D6 is in the middle of jumping and reaching his right hand to the top of the hoop. Given the direction of his body, the ball is likely in front of him in cell E5.",E5
11.png,16,"The player in white number 11 is in the middle of jumping, implying that he is shooting a basket. The player in blue is trying to defend. The ball would be located between the two players at the height of the jump.",D6
11.png,17,"The player in white is jumping towards the basket, suggesting he is either shooting or trying to pass the ball to another player. The ball is likely in his hands or right above his hands.",D6
11.png,18,The player in the air with the jersey #11 appears to be shooting or attempting a layup. The ball is likely in front of him moving towards the basket.,E6
11.png,19,The player in the white jersey is jumping up in cell D6 and seems to be shooting the basketball towards the hoop in B5.,D6
11.png,20,"The player in the white jersey is in the air, likely shooting the ball. The player in the blue jersey, with number 11, is also in the air, likely contesting the shot. The most likely location of the ball is directly in front of the player in the white jersey, near the basket.",D6
11.png,21,"The ball is most likely in the air between the player in white and the player in blue that is jumping. This places it in either cell D5 or E5. Based on the player's upward momentum in D5 and his arm position, it is more likely that the ball is in E5.",E5
11.png,22,The ball is most likely located in cell E6. The player in white is jumping as if to shoot or block a shot and is centered in cell E6.,E6
11.png,23,"Based on the position of the player in the white jersey who appears to be shooting, it is highly likely the ball is near his hands. I would estimate the ball to be in the center of the frame between D5 and E6.",E5
11.png,24,The player in the white jersey is jumping to make a shot towards the basket. The ball is most likely in his hands or close to it. This puts the ball likely in grid cell E5.,E5
11.png,25,"The player in the white jersey in cell D5 is jumping with his right arm extended toward the basket. The player in the blue jersey in cell D6 is jumping in front of the net, presumably to block the shot. The ball is most likely in between these two players, in the upper portion of cell D5.",D5
11.png,26,"Given the position of the jumping player in the white jersey and the other players looking towards him, and his position, the ball is most likely to be around his hands, so the cell D5/E5 is the correct place to look for.",E5
11.png,27,The player in the white jersey is jumping and appears to be shooting the ball toward the hoop. The player in the blue jersey is also near the basket. The ball is likely to be in the area near the player in the white jersey.,E6
11.png,28,"The player in the white jersey is in the middle of a jump shot. This is indicated by the position of his legs, the extension of his arms and the position of his hands. Given the position of the basket, which is in the center, and the position of the shooter, the ball is most likely in front of him, at the top of his shot.",D6
11.png,29,"The player in blue is jumping, likely shooting the ball, and his head is pointing slightly upward and forward. The player in white is also looking up at the hoop. Based on the position of these players and their gaze direction, the ball is most likely in grid cell E5 or D5, slightly above the shooter's head.",E5
11.png,30,"The player in the middle (wearing a white jersey) is in a shooting position. The ball is likely in his hands or very close to them as he's about to shoot towards the hoop. Considering his arm position and where players are looking, the ball is likely between D5 and D6.",D5
11.png,31,"The player in the white jersey is jumping up, and it appears he might be shooting the ball, this would put the ball either at the top of his jump in front of the hoop.",E5
11.png,32,"The player with number 11 is jumping, likely shooting the ball. The ball should be somewhere around the center of the hoop, which looks to be around cell E6.",E6
11.png,33,"The player in white (team 11) is in the middle of a jump shot. Thus, the ball should be near his hands and slightly above him as he releases the ball towards the basket.",D6
11.png,34,"The player in white, in grid cell D6, is in the middle of jumping towards the net, suggesting he is attempting to shoot. The player in blue to the right of him is also oriented towards the net, possibly preparing to rebound. Considering their positions and focus, it is most likely the ball is in front of the player in white, near the net, which places it near grid cell D5.",D5
11.png,35,"The player in white is jumping towards the basket, suggesting that he is attempting a shot. The ball would likely be located at his eye level, or slightly higher, placing the ball somewhere in cell D5.",D5
11.png,36,"The player with number 11 is jumping as if to shoot the ball. The player to the right is guarding him. The player on the left appears to be dribbling to pass it to him. Therefore the ball must have been located around him, in front of the basket.",E5
11.png,37,"The player in the white jersey (number 11) appears to be jumping for a shot, and the player in the blue jersey is guarding him. Given the relative positions of the players, the ball would most likely be between them, close to the hand of the jumping player.",D6
11.png,38,The player with the number 11 on his jersey is in mid-air about to make a shot. The ball is likely near his hands in the air.,E5
11.png,39,"The player in white is in the air, likely shooting the ball. The player in blue is jumping to block the shot. The ball is most likely between these two players.",D5
11.png,40,"The player in the white jersey (number 11) in grid cell D5 is jumping to shoot the ball, so it is likely in the air above him.",D5
11.png,41,"The player in the blue jersey in cell D3 is looking towards the basket, as is the player jumping in cell D6, so I suspect the ball is near them.",D5
11.png,42,"The player in white is jumping and has his hands outstretched. The player in blue is near him, also looking up toward the basket. The most likely location of the ball is in the space between them, close to the basket.",D6
11.png,43,"The player with the number 11 on his shirt is in the air, likely attempting a shot. The players around him are looking towards the basket, and it's likely the ball is somewhere between his hands and the basket. Therefore, the most likely location of the ball is around cell E5, near his hands.",E5
11.png,44,The ball is likely around the player jumping towards the basket to dunk. He's looking towards the basket and is in a good position to score.,E6
11.png,45,"The ball is likely in the air as the player in the white jersey is jumping to shoot. The ball is likely near his hands, which are raised above his head. This points to cell E5 or E6. Considering the position of the player in blue and the direction of his gaze, it's more likely to be in E6.",E6
11.png,46,"The player in the white jersey and shorts in grid cell D3 is likely dribbling the ball. He is looking down, so I'm guessing the ball would be in grid cell D3 as well.",D3
11.png,47,"The player in the white jersey with number 11 is jumping, most likely in the middle of shooting a basketball. The likely location of the ball is in front of him, near his hands.",D6
11.png,48,"The player in the white jersey is jumping towards the basket, likely to shoot. The player in the blue jersey near him is also looking upwards towards the basket. The most likely location of the ball would be in front of the jumping player, above his head and in the vicinity of the basket.",E6
11.png,49,"The player in the middle (wearing white) is in the air, presumably shooting or attempting to block a shot. His arms are raised, and his gaze is directed toward the basket. Based on this, it's likely that the ball is near the basket. Given the camera angle and the positions of the players, the ball's most likely location is near the basket, which would be in grid cell E5.",E5
11.png,50,"The player in the white jersey is jumping and appears to be shooting or dunking. The ball is likely in his hands, which would place the ball in the cell just above his hands.",E6
10.png,1,"The USA player #13 appears to be dribbling the ball or just passed it. His right hand is angled downwards as if he's dribbling. Given the angle of his hand, the ball would likely be between him and player #7, around the mid-shin or knee height.",E6
10.png,2,"The player wearing a USA jersey is likely dribbling or passing the ball, so it would be in his vicinity, in the general area of F6.",F6
10.png,3,The player wearing USA 13 looks like he is dribbling the ball and would have had it in his right hand.,E6
10.png,4,"The player wearing the USA jersey is likely dribbling the ball. Given the position of his hands, the ball would be in front of him and slightly below waist level. The player wearing the JAL jersey is trying to guard him, so we can infer the ball is likely in front of him as well.",E6
10.png,5,"The USA player is looking towards the Japanese player wearing number 7. Based on the position of the USA player, the ball is most likely in his right hand or just in front of him.",E6
10.png,6,"The player in the USA uniform looks like he is dribbling the ball, so the ball is likely in front of him, close to the ground.",E6
10.png,7,The player in the USA jersey #13 is likely dribbling the basketball. Therefore the basketball would be on the ground in front of him.,E6
10.png,8,"The player wearing ""USA 13"" appears to be dribbling. The most likely location of the ball is in front of him, close to his hands.",E6
10.png,9,"The player in the USA jersey is likely dribbling the ball. His hand is extended towards the ground, so the ball would be near his hand on the ground. The player with the number 7 is guarding him.",E6
10.png,10,"The USA player with the number 13 is dribbling. Based on his body position, the ball is likely to be close to his right hand, near the ground.",E6
10.png,11,"The player in the USA uniform (#13) is looking downwards and to the right, which is cell G6. His right hand is in the location of the ball.",E6
10.png,12,The player in the USA uniform is dribbling the ball. The ball is likely close to his hand at waist level.,E6
10.png,13,"The player in the USA jersey (13) seems to be dribbling the ball. Considering his arm position and the stance of the other players around him, the ball would be right in front of him, on the ground.",E6
10.png,14,"The player wearing the USA jersey is dribbling, and his left hand is extended towards the viewer. The ball is likely located in front of him, slightly above the ground.",E6
10.png,15,"The player wearing the USA jersey is looking down towards the area in front of him. He's dribbling the ball, so it would be near his hands. It is most likely in grid cell F6.",F6
10.png,16,"The ball is likely in the possession of the USA player in the blue jersey. Based on the direction he is facing, and the position of his arms, the ball would be in the area of cell E6.",E6
10.png,17,The player with the USA jersey is dribbling the ball. So the ball has to be in that vicinity. The player is in cell E6.,E6
10.png,18,The USA player is looking down at the ground as if he is dribbling. So the ball is likely near his hands on the ground.,E6
10.png,19,"The USA player is dribbling the ball. Looking at the position of his hands, we can infer the ball is close to his right hand, so somewhere around E6.",E6
10.png,20,"The player with the USA jersey (13) is looking towards the right and slightly downwards. It is likely he is in the middle of dribbling the ball or passing it. Thus, the ball would most likely be around the level of his waist/knees and between him and the player wearing 7.",E6
10.png,21,"The USA player with the number 13 on his jersey seems to be dribbling the ball. Based on the posture of his body and the location of his hands, the ball is likely near the ground in front of him to the right.",E6
10.png,22,"The player in the USA jersey (likely #13) is in the middle of a dribbling action. His left hand is raised, suggesting the ball would be near his hand, between the ground and his hand. Considering his running motion, the ball would be close to the ground around the grid cell E6.",E6
10.png,23,"The player in the USA jersey is likely dribbling the ball. Given the position of his hands and body, it's most likely the ball is at the right of his body on the ground.",E6
10.png,24,The ball is most likely between the two players near cell F6. Both players are facing each other in an athletic stance.,F6
10.png,25,"Based on the posture of the USA player in cell F6, the most probable location of the ball is close to his hands.",F6
10.png,26,"The player wearing the USA jersey seems to be dribbling the ball with his right hand. The player wearing ""7"" seems to be guarding him.",E6
10.png,27,"The player wearing the USA jersey #13 is most likely dribbling the ball, therefore the ball must be close to his right hand, in cell F6",F6
10.png,28,"The player in the blue USA uniform is likely dribbling the ball. Given the position of his body and his right hand, the ball is most likely near the ground in front of him.",E6
10.png,29,"The player in the USA jersey appears to be dribbling the ball. His right hand is close to the ground, suggesting the ball is nearby. I would estimate the ball to be in the cell where his hand is closest to the ground.",E6
10.png,30,"The USA player has his hands up and is likely dribbling the ball, or has just passed the ball. The ball is therefore likely in front of him.",E6
10.png,31,The player wearing the USA jersey number 13 is dribbling the ball. The position of the ball would be near his hand which is located in grid cell F6.,F6
10.png,32,The player in the USA jersey is dribbling the ball. The ball would most likely be between his hip and the ground. I would estimate it is around the lower right portion of cell E6.,E6
10.png,33,"The USA player 13 in cell C6 is looking toward the right and his right hand is near to be in front of the Japan player in cell E7, I believe the ball would be in D6.",D6
10.png,34,The player with the USA jersey is likely dribbling the ball. The ball is most likely located near his right hand around cell E6.,E6
10.png,35,"Based on the position of the player with the ""USA 13"" jersey, his stance and where he is looking, the ball would likely be in his hands, right in front of him. The two players with the Japan jerseys have their attention focused in his direction as well.",E6
10.png,36,"The USA player with jersey #13 appears to be dribbling the ball and is currently in the middle of a dribble. The player with jersey #7 is looking in this direction. Therefore, the ball is most likely located near the hands of the player with jersey #13.",E6
10.png,37,The USA player 13 seems to be dribbling the ball with his right hand. This leads me to believe that the ball would be somewhere in front of him in the grid square that he occupies.,E6
10.png,38,"The player with the USA jersey seems to be dribbling the ball, so the ball must be near his hand. I also consider the position of the players and where they are looking at.",E6
10.png,39,"The player in the USA uniform, specifically around the USA text on the jersey, would be the most likely location for the ball to be.",E6
10.png,40,The player with USA 13 is looking to his right (towards grid cell G7) and is likely passing the ball. So the ball is likely somewhere around G7.,
10.png,41,"The player wearing ""USA 13"" is looking slightly down and forward, suggesting the ball is likely in front of him and at a reachable height. Considering his body position and the fact he is likely dribbling, the ball is probably close to the ground near grid cell E6.",E6
10.png,42,"The player with the USA jersey on is looking to his right and appears to be preparing to pass. Therefore, the ball is likely in front of him, around the cell where his hands are.",F6
10.png,43,"The player wearing ""USA 13"" is in mid-motion dribbling the ball with his right hand. Therefore the ball should be on the right side of his body, on its way down towards the ground. The ball is likely between cells E6 and F6. I will select E6.",E6
10.png,44,The player in the blue USA jersey is looking down towards his right hand. It is likely the ball is at his hand.,E6
10.png,45,"The player with the USA jersey is looking towards the left (column 5). The ball is likely in that general area of the court in column 5, near the USA player.",E5
10.png,46,"The ball is likely located near the hands of the player wearing the USA jersey, as his arm is extended as if he is about to pass or shoot.",E6
10.png,47,"The ball is likely in the hands of the player wearing USA jersey number 13, which is in cell F6.",F6
10.png,48,"The American player is dribbling the ball. His hands are at the location I specify, therefore the ball must be there.",E6
10.png,49,The USA player is looking down towards the area between himself and the player with the #7 jersey. I'd guess the ball is located between these two players.,E6
10.png,50,"The USA player is dribbling the ball with his right hand, so the ball would be slightly to his right. Based on his position, the ball is likely located in the E6 cell.",E6
35.png,1,"Based on the body language of the player in grid cell D1/E2, it's likely that the ball is somewhere near them. Additionally, the player in D5 is dribbling the ball. Therefore, the ball would be between those two players.",D3
35.png,2,"The ball is most likely located between the two players in red, around the lower chest height of the taller player.",E5
35.png,3,"The player in D5 is facing the player in D2, so it is likely the ball is between these players. Given the position of the players, the ball is likely in cell D3.",D3
35.png,4,"The player in D2 appears to be dribbling or reaching for the ball with their right hand. Given their position and the direction of their arm movement, the ball is likely located near the ground, within the D2 or E2 grid cell.",E2
35.png,5,"Based on the position of the players, the ball is most likely between the player in cell D2 and the player in cell E5. I would estimate it to be in front of the player in cell E5.",E4
35.png,6,The player in grid cell E2 is reaching out with his left hand. The player in grid cell D5 is looking down and to the left. These visual cues suggest the ball is likely in that vicinity.,D3
35.png,7,"The ball is most likely in the vicinity of the two players in the center of the image. More specifically, between them, in cell E5 or E6. I will choose E6 since the player on the right is looking in that direction.",E6
35.png,8,"The player in the red jersey in D2 is reaching out his arm, most likely to catch or pass the ball. The player in D5 is dribbling or about to make a shot. Given the direction of the player in D2 and the distance between the two players, it is likely the ball is located in D3/E3/F3.",E3
35.png,9,"The player in D1 is reaching out to his left, as if to receive the ball. The player in C5 is looking towards D1. The player in D2 is looking towards D4. Considering the position of the players and their likely intentions, the ball is most likely located in D2.",D2
35.png,10,"Given the position of the players on the left, who are driving to the basket on the right, it is likely that the ball is being passed from the left side of the image towards the right side. Therefore, the ball is likely in the space between these players, slightly ahead of the driving player.",E4
35.png,11,"The two players in cells D4 and D6 are facing each other, suggesting that the ball is likely between them.",E5
35.png,12,The ball is likely being dribbled by the player in red in the middle of the frame.,E5
35.png,13,"Considering the players' positions and postures, as well as the direction of movement, the ball is most likely located between the two players facing each other, near the player on the left in the frame. This is around the D4-E5 grid.",D4
35.png,14,"Looking at the positions of the players, they seem to be in the middle of a play. The player in D5 seems to be dribbling the ball and the player in D2 is probably trying to receive the ball. The ball must be near D4 or E4.",E4
35.png,15,"The player in D1 is reaching forward with their left hand, indicating they are passing or dribbling the ball. Therefore, the ball is likely in that area.",D2
35.png,16,"Given the position of the two players in red, it is likely that the player on the left has either just passed the ball or is about to pass it. Based on their body language and position of the player on the right, the ball is likely in between them.",E5
35.png,17,The player in the red jersey in the left is looking towards the players in the middle. The ball is most likely between the player in black and the player in red.,E5
35.png,18,"The player in the black and red uniform in grid cell E5 looks to be dribbling the ball or attempting a shot. The other player in red in cell E6 is in a position to challenge for the ball. So, the ball is most likely somewhere between these two players.",E5
35.png,19,"The player in D1 is extending their arm outwards, suggesting the ball may have been in that general location. The player in D2 is facing in that direction too.",D2
35.png,20,"The player in red in D2 looks to be dribbling the ball in front of him and passing towards the player in C5. The player in C5 is reaching out as if to receive the ball. So the ball could be in D3, or E3. But since player in C5 is in a bent position, its likely the ball is lower than that. Therefore E3 seems like the most likely location.",E3
35.png,21,"The player in red is moving towards the left, and the player in black is defending him. The ball would likely be in the left hand of the red player, so it is most likely in cell D2.",D2
35.png,22,"The player in the black and red jersey is dribbling towards the basket. He is in the process of moving past the defender in the red jersey. Therefore the ball would be located low to the ground, likely near the location of his knee and dribbling hand.",E5
35.png,23,"The player in D2 appears to be passing to the player in C5. The player in C5 is reaching out to catch a pass. Based on their positioning and reach, the ball would most likely be somewhere between them.",D4
35.png,24,"The ball is likely in the vicinity of the two players in the red jerseys around squares D4-E6. Based on the positions of the players and how they are moving, I'd say the ball is most likely in square E4.",E4
35.png,25,"Based on the positions of the players, they seem to be in a rebounding situation. It looks as though the two players on the left (D2, E2) are attempting to block out a player (E5). The player furthest from the camera is positioned as if they are in a rebounding position. It would make sense to assume a shot had been attempted from the right side of the image.",D6
35.png,26,The player in red and black in D5 is looking downwards towards cell E5/F5. It's likely that the ball is somewhere around this region.,E5
35.png,27,"The player in the red jersey (likely dribbling), facing left towards grid cell 5. Thus, the ball is likely to be in front of him, in cell D5.",D5
35.png,28,"Given the position and movement of the player in E2, and the player in E5, it is likely that the first player in E2 is trying to pass the ball towards the player in E5. The ball is most likely between the two players.",D3
35.png,29,"The player in red and black in cell D5 seems to be dribbling the ball. Given his posture and the proximity of the other player, the ball is likely in cell E5, close to his right knee.",E5
35.png,30,"The player in D1 is reaching out for the ball and the player in D5 is guarding the player in E2. Considering the action and positions of the players, the ball is most likely located between them.",D3
35.png,31,The player in D1/E1/F1 is reaching out his arm as if he is passing the ball. The player in C5/D5 is in a defensive stance. The ball is likely between these two players.,D3
35.png,32,"Based on the positions of the players and their potential trajectories, the ball is likely located near grid cell D5 or E5. Specifically, the player in black is in the middle of a dribbling motion towards cell D5.",D5
35.png,33,"The player in the red uniform in column 2 is reaching to the left, and the player in the black uniform in column 5 has his hands up as if he might have just passed the ball. It's most likely that the ball would be between the two players, closer to the player in column 5 who may have just passed it.",D3
35.png,34,"The player in D2 is reaching out with his left arm, as if he's passing the ball. The player in D5 is trying to defend the player in D2. So, the ball must be between these players and at a reachable height.",D3
35.png,35,"The player in red in D2 is reaching out, likely passing the ball. The player in black in D5 is positioned to receive the ball. Given these positions, the ball is most likely in the space between them.",D3
35.png,36,"The player in D1-E2 is reaching forward as if passing the ball, and the player in D5 is facing the player in D1-E2. Therefore the ball is likely between the two players, around D3.",D3
35.png,37,"Based on the players' positions and the direction they are moving and possibly looking, the ball is most likely located between the two players running in cells D1 and D2. Given the angle of the camera, it is likely slightly in the 2nd players' D2 area.",D2
35.png,38,"The ball is most likely located near the player in grid C5/D5, since he seems to be dribbling it.",D5
35.png,39,"The player in D1 is reaching out with his left hand, presumably to receive the ball. The other player in D2 appears to be turning to face the player in D1. This suggests that the ball is likely being passed between these two players. Given their positions, the ball is most likely located in the D2 or E2 cell.",E2
35.png,40,"Based on the positioning of the players involved in the action, it is likely the player in red is dribbling the ball. Given his proximity to the other player, it is likely that he is dribbling the ball around the F5 location, which is around his feet.",F5
35.png,41,"The player in the bottom left is reaching out with his right arm, as if passing the ball. The player in C5 is reacting to this. Thus the ball is likely in between these two players.",D3
35.png,42,"The two players on the left are facing in the direction of the player in the center of the image, and the player in the center of the image is in motion, so it is likely the ball is slightly in front of him.",E5
35.png,43,The player in red on the left side is looking toward the basket and reaching towards it. The player in black on the left side is also going towards the basket. The player in the middle is looking down to dribble. So I believe it is closer to E4.,E4
35.png,44,"The player in D1 is reaching forward with his right hand, and the player in E2 is moving towards the basket, implying that the ball is between them.",D2
35.png,45,"The player in black is reaching forward with his left arm as if he is dribbling the ball. The player in red is guarding him. Therefore, the ball is likely located between them, in the lower part of their bodies.",E5
35.png,46,"The player in red and black in D5 is likely dribbling the ball. He is looking down and his hand is in position for dribbling. So, the ball is most likely to be on the ground in D5 or E5.",E5
35.png,47,"The player in D2 is reaching out for the ball, it is likely in that vicinity. The player in C5 is likely dribbling the ball, so it will be near his hands. It is more likely the ball is with the player in D2, as the other player is running.",D2
35.png,48,"The ball is most likely between the two players in the middle of the image. The player on the left in the black jersey appears to be dribbling or reaching for the ball in front of him. Therefore, the ball is most likely located at cell E5.",E5
35.png,49,The player in the red jersey at D1 appears to be dribbling. His arm is extended and his posture suggests that the ball is close to the ground and in front of him.,E2
35.png,50,"The player in E2 is dribbling the ball, so the ball is probably near his hands on the ground.",E2
22.png,1,"The player with number 17 on his jersey is moving towards the center of the court, and the player with number 13 on his jersey is moving forward as well. Based on their positions, it can be inferred that they are both going to be near the basket to try to shoot. The ball is likely in motion between them.",E5
22.png,2,"Given the positions and directions of the players, it looks like the player wearing jersey number 17 is about to pass the ball towards the right side of the image to a teammate moving towards the basket. Thus, the ball is likely located in cell F4.",F4
22.png,3,"Given the position and direction the players are looking, and the positions of the players on the court. The player wearing #17 is facing the basket, the player wearing #13 is coming towards the basket. I infer the ball is likely to be near cell F4.",F4
22.png,4,"Given the positions of the players and the direction the player with the number 17 is facing, it is likely that he has just passed the ball to a teammate to the right. The teammate, who is in cell D9, is running toward the basket. Therefore, the ball is most likely in the area between them, possibly in cell E8 or E9. Given the angle of the pass, E9 seems more likely.",E9
22.png,5,"The players in cells D3, D4 and D5 are facing downwards. The player in E9 is dribbling, which means the ball is on the ground, in front of him and touching his hands. The ball is likely located in the range F9:E9.",F9
22.png,6,"The player wearing number 17 is dribbling the ball, therefore the ball is likely to be located close to him, in front of him.",F4
22.png,7,"The player in the white jersey with the number 17 is looking towards the right, and appears to be about to pass. The player with the blue jersey and the number 13 is running towards the hoop. The ball would be between them, therefore it is likely around where the player in the number 17 jersey is, in grid area F4.",F4
22.png,8,"Based on the positions of the players and their gaze, the ball is most likely between the player in cell D4 and the player in cell D5. Considering the player in D4 is in motion to the right, the ball would be ahead of him slightly.",E4
22.png,9,The player with number 17 is dribbling or about to dribble the ball. So it is very likely the ball is around his feet.,F4
22.png,10,"The player wearing number 17 is dribbling the ball, as shown by the motion blur of his left hand. It is most likely in front of him, close to the ground.",F4
22.png,11,"Considering the positions of the players, specifically the player with the number 17, it's likely the ball would be near him, and potentially on the ground.",F4
22.png,12,"The player wearing number 17 in the white jersey is looking down, dribbling the ball. So the ball should be between his knees near the ground.",F4
22.png,13,"Based on the positions of the players on the court and their orientations, the most likely location of the ball is D4.",D4
22.png,14,"The ball is most likely near the player wearing number 17. The player is on the attack, likely passing the ball to another teammate near the basket. The other player near the basket is wearing number 13. I am placing the ball between the two.",E4
22.png,15,"Considering the position of the players numbered 13, 17 and 4. Also, the player on the right numbered 9 is looking in their direction to receive the pass. Thus, the ball is likely located in grid F4.",F4
22.png,16,The player with the number 17 is looking to pass to the player to the right of him near grid cell F6.,F6
22.png,17,"The player wearing number 17 on his jersey is likely dribbling the ball. His hands are close to the ground and he appears to be in a dribbling position. Therefore, the ball is most likely in front of him near the ground.",F4
22.png,18,"Based on the position of the players, and the general direction of the play, it's likely that the ball is near the player wearing number 17, somewhere in grid cell F4 or E4.",F4
22.png,19,"Considering the positions of the players, especially the player in the white jersey with the number 17, and the general flow of the game, the ball is likely in the vicinity of the player in the white jersey and close to the ground as he is dribbling or about to make a move. Therefore, the cell F4 seems the most likely location.",F4
22.png,20,"Given the positions of the players, particularly the one in grid cell E4, and the general direction of the players' movement, the ball is likely located on the ground somewhere near the intersection of grid cells E4 and F4.",F4
22.png,21,The ball is likely between the player with the number 17 and the player with the number 13. Both players are facing each other.,E4
22.png,22,"The player wearing number 17 is looking downwards towards the ground, and the player wearing number 13 is moving into the area on the court. Based on the angles of the players and the location of the basket, it can be inferred that the ball is likely on the ground in the area around D4.",D4
22.png,23,"Considering the positions of the players and the direction they are moving, the player wearing number 17 is most likely dribbling the ball. Therefore the ball would be located in front of him and on the ground.",F4
22.png,24,"Based on the position of the players on the court, it seems the player wearing number 17 may be attempting to pass to a teammate, or the ball is simply bouncing. I'm guessing the ball is located in grid cell F4.",F4
22.png,25,The ball is likely between player 17 and player 13. I am placing it in F4 as the most likely location.,F4
22.png,26,"Based on the position of the players, the one wearing 17 is moving forward while looking to pass. I infer the ball is likely on the ground near his hands.",F4
22.png,27,The player wearing jersey number 17 in cell D4 is likely dribbling the ball. His body position suggests he is looking forward.,E4
22.png,28,"Given the positions of the players and their likely trajectories, the ball is most likely located around the player wearing jersey number 17, specifically near their hands.",E4
22.png,29,"I believe the ball is most likely located in cell E4. The player wearing #17 is looking in that direction, and it appears he may have been dribbling the ball based on his posture. Also, the player wearing #4 seems to be guarding him with his body positioned towards that area.",E4
22.png,30,"The player wearing number 17 is looking down towards the court and his hands are positioned as if he's about to dribble or has just dribbled the ball. The location directly below him, where a ball would be if he's dribbling, is around F4.",F4
22.png,31,"Based on the position of the players and their focus, the ball is likely in the vicinity of the player in the white jersey with the number 17. Given his position, the ball is likely near the floor around the D4/E4 intersection. Since the ball is often near the ground when someone is dribbling or about to shoot, I will say F4.",F4
22.png,32,"Player with jersey number 17 is likely dribbling the ball, so it's likely located near his hand on the court.",F4
22.png,33,The player wearing jersey number 17 seems to be dribbling or about to pass the ball. His hands are positioned as if he had just handled the ball and the other player is looking in his direction. The ball is therefore likely to be in front of the player with jersey number 17 near the ground.,F4
22.png,34,The player in the white jersey with the number 17 on it is likely dribbling the ball. His position indicates the ball is most likely around grid cell F4.,F4
22.png,35,"Given the positions of the players and the direction their eyes are pointed, the ball is most likely between the player wearing number 17 and the player wearing number 13.",E4
22.png,36,"The player wearing number 17 is looking downwards, as is the player near grid location D8. The number 17 player is also in a stance as though they are about to dribble the ball.",F4
22.png,37,The player wearing number 17 is likely dribbling the ball with his right hand. Therefore the ball would be on his right near the floor.,F4
22.png,38,"The player with the number 17 on his jersey is facing towards grid cell E5. The player with the number 13 is also facing in that general direction. Based on the positioning and trajectory of the player running on the right side of the image, the ball is most likely between him and player 13.",E5
22.png,39,"The player wearing number 17 is looking down. The player on the right is facing away from the viewer, and is in a shooting position. Therefore, the ball is likely in cell F4.",F4
22.png,40,"Given the positions of the players in the foreground, and that they are likely competing for the ball, it's probably located in the space between players 17, 13 and the player to the right of 13. That location seems to be near cell F4.",F4
22.png,41,"Given the position of the players, and the direction they are looking, the ball is likely located in front of the player in the white jersey with the number 17, who appears to be dribbling or about to pass. This means the ball should be at the area close to the ground, between him and the player in the navy jersey with number 13.",F4
22.png,42,"Considering the position of the basketball hoop and the players, and the direction in which the players are running towards the hoop, the ball is most likely located around the center of the players.",E5
22.png,43,"The player with the number 17 is looking down as if he is dribbling the ball. I predict the location of the ball is next to him, on the floor.",F4
22.png,44,"The player with number 17 seems to be dribbling the ball. The player with number 13 is moving towards the player with number 17, likely to defend him. Based on the posture of the player with number 17, the ball is likely on the ground near his right hand.",F4
22.png,45,"Based on the players positioning, the ball is likely in cell E4 or F4 because Player 17 seems to dribble or pass the ball. Since there is no ball there, it must be near him.",F4
22.png,46,"Given the positions of the players, particularly the player in the white jersey with the number 17 who appears to be dribbling, the most probable location of the basketball is between his hands and the ground, which is near grid cell F4.",F4
22.png,47,"Given the position of the players, they are in the middle of a basketball game. The ball would likely be somewhere in the middle of the court, at a level of a player to dribble or pass the ball to a teammate. Based on the positioning of the basketball player with number 17, the ball is likely right in front of him or in his hands.",F4
22.png,48,"The player in the white jersey with the number 17 is dribbling the ball. Therefore, the ball is likely located close to his hand, near the ground.",F4
22.png,49,"Given the positions and postures of the players, particularly the player with number 17, it is highly probable that the ball is located in the area of grid cell F4, suggesting they are about to make a play towards the basket.",F4
22.png,50,"The player wearing number 17 is likely dribbling the ball. He is looking down, and his posture indicates that he is controlling the ball.",F4
36.png,1,"Given the positions of the players, it appears that the player with number 13 is about to attempt a shot. The most likely location for the ball would be between her hands and the basket. Therefore, the most likely location for the ball is D4.",D4
36.png,2,"Based on the positions and gaze directions of the players, the ball is most likely near the player numbered '2'. They are looking towards the rim.",E6
36.png,3,"The player in position 4 appears to be making a move towards the basket, and her arms are in a position that indicates that she may have just released a shot. The players at positions 6 and 7 appear to be playing defense against her. All of these actions are happening at the location under the basket.",D5
36.png,4,The ball is most likely between the player with number 2 and the player with number 1. This is because the player with number 13 is about to pass the ball to the player with number 2.,F6
36.png,5,"The woman in the foreground with the number 13 on her back appears to be in the process of shooting, or passing. All the other players on the court are looking towards her or towards the basket. I will assume that she is shooting and infer the location of the ball to be slightly above and in front of her.",D5
36.png,6,"Considering the positions of the players and the fact that it's a basketball game, the ball is likely to be in the vicinity of the players. The player with the number 13 is in a position as if she is about to shoot, it is likely that the ball is around that area.",D4
36.png,7,"The players with the ball are often looking directly at the hoop or a teammate. In this case, it looks like the player at D4 is trying to pass the ball to the player at D6/E6. The player at D6 is looking at the hoop, and the player at D7 is defending. All of this points to the ball being in the D5/E5 area.",E5
36.png,8,"The player with the number 13 is in a shooting motion, and based on the position of the other players and where they are looking it is most likely that she has just released the ball. Therefore the ball is most likely between her and the hoop.",D5
36.png,9,"Given the body language and positions of the players, the ball is most likely being passed or shot between the player wearing the number 13 and the player wearing the number 2. The most probable location of the ball is in the air between them.",E6
36.png,10,"Based on the positioning of the players and their gaze, the ball is likely in the vicinity of cell F6. The player wearing number 1 is looking in that direction, and the player wearing number 2 is in the same area.",F6
36.png,11,The player in red at location D4 seems ready to pass or shoot. The player in white at location C6 is likely defending. The position of their arms indicate the ball is in D5.,D5
36.png,12,"Based on the positions of the players, especially the player in cell D4 who is reaching forward, it's likely the ball is located in front of her, perhaps near the center of the frame, in the vicinity of the basket. Considering the angle and the positions of the other players, I would expect the ball to be in the area between D4 and E6.",E5
36.png,13,"The player with the number 13 seems to be passing the ball to the player with the number 2. Both players are looking at a point in-between them, which is where the ball likely is.",E5
36.png,14,"Looking at the player's positions, it is likely the player with number 13 is about to pass the ball to player number 2, therefore the ball is likely near the player with number 2.",E6
36.png,15,"Given the position of the players, the player in square 4 is likely passing/shooting towards the player in square 6/7 or towards the basket. The players at position 6 and 7 are looking toward the basket, and also positioning themselves for a possible rebound. I will assume the ball is in flight between the player in position 4 and the basket.",C5
36.png,16,"The player with number 13 looks like she is preparing to pass the ball. If she is passing to the player with number 2, then the ball will be between these two players.",E5
36.png,17,"Based on the positions of the players, they are actively engaged in a basketball game. Players 2 and 1 are closer to the basket, they would most likely be the closest to the ball. It's highly probable that the ball is either in the hands of the player numbered 2, or has just been passed to her by player 1. It could also be mid air between the two players. So the ball is probably located in the area around the players and not near the player numbered 13.",F6
36.png,18,"Given the positioning of the players, the direction they are facing, and the general nature of a basketball game, the ball is likely to be near the basket, between the players numbered 1 and 2.",F6
36.png,19,"Based on the player's focus of attention and their body language (arms outstretched towards the hoop), the ball is likely located somewhere in front of them, closer to the hoop. The female player with number 2 looks like she is preparing for a rebound which suggests the ball is in the air in cell E6.",E6
36.png,20,"Based on the positions and directions of the players, the ball is likely between the player with number 1 and the player with number 2. It would be located around the chest height of the players.",D6
36.png,21,The player wearing number 13 is in the process of shooting the ball towards the hoop. It is most likely that the ball is located around the basket hoop and is likely in flight.,B4
36.png,22,"Based on the positioning of the players, their gaze, and the motion implied by the images, the ball is likely located between player number 13 and player number 2.",E6
36.png,23,"The two players in cells 5 and 6 seem to be going for a layup/shot on the hoop. The player on the right side, cell 6, appears to have the momentum and is probably either about to release the ball or has released the ball. Therefore the ball is most likely in the D5 or E5 grid.",E5
36.png,24,The player with the number 13 on her jersey seems like she has just passed the ball to the player with number 2 on her jersey. That would put the ball at around cell F6.,F6
36.png,25,The player with number 13 seems to be passing the ball towards the basket. The other players are reacting and following the trajectory of the pass. The ball is likely between player 13 and the other players and above the ground.,D5
36.png,26,"The ball is likely between the two players numbered 2 and 1, as they are facing each other and possibly contesting for a rebound or pass.",D6
36.png,27,"Given the body language and gaze direction of the players, it is highly likely that the ball is located between player 1 (white jersey) and player 2 (red jersey). More specifically, judging from their postures it is in between them, above the ground.",F7
36.png,28,The player wearing the number 13 is looking towards the basket and is in the position to pass the ball to her teammate at 6D.,E6
36.png,29,"The ball is likely near the player wearing number 2, as she is in a typical ball-handling stance and facing the basket. Her hands are open and positioned as if she is about to pass or shoot.",E6
36.png,30,"Player 13 is likely shooting at the hoop so the ball is probably on an upward trajectory towards the hoop. Looking at the other players, their focus is also somewhere between player 13 and the hoop.",D5
36.png,31,"The most likely location of the ball is in front of the player wearing number 2, in the vicinity of the player wearing number 1. The player with number 13 is passing or shooting the ball, while players 1 and 2 are in a position to intercept or receive the ball.",F6
36.png,32,"Given the position of the players, and the hoop, a player from spain is about to receive the ball or make a shot. The location would most likely be between player 1 and player 2.",F6
36.png,33,"The player wearing number 13 is likely about to shoot the basketball. Given the player's posture and arm position, the ball would be slightly in front of her and slightly above her head. Therefore, it is most likely somewhere between the basket and her. Considering the player's position, and the position of other players, the most likely location is in the air between the player wearing number 13 and the net, within the square above her head and slightly to the right.",D5
36.png,34,The ball is most likely between the player in position 2 and 1 near the foul line. Players positions and direction of the gaze makes me think the ball is in G7.,
36.png,35,"Based on the players' positions and their gaze, the ball is likely near grid cell F6, where player in white is looking toward and the player in red is trying to block.",F6
36.png,36,"The player with number 13 is looking towards the basket. Therefore, the ball is most likely between her and the basket.",D5
36.png,37,"The players are facing toward grid C5/D5, where player 2 is. Player 1 is also facing toward the same direction. It is likely that player 2 has the ball or is trying to get the ball.",D5
36.png,38,Several players are looking at the hoop and it is likely that the person with number 13 on their back has just thrown the ball towards the hoop. The ball is therefore likely to be close to the hoop and directly above the player in cell D4.,D4
36.png,39,"The player with the number 13 is likely about to pass or shoot. Therefore, the ball would likely be in their immediate proximity.",E4
36.png,40,"Based on the positions and gazes of the players, as well as the general context of a basketball game, the ball is most likely located between players 2 and 1 in the region between grid cells E6 and F7. I would predict the ball to be in the center of the two grid cells",F6
36.png,41,"Based on the positions of the players and their focus, the ball is likely located between the players in cells 6 and 7. It is difficult to determine the exact location, but the position of player 2 indicates the ball is more likely in front of them, closer to the center of the frame.",F6
36.png,42,"The player wearing the number 13 is likely driving to the basket. All of the players are looking somewhere near the basket. Therefore, the ball is most likely near grid cell F4.",F4
36.png,43,"The player wearing the number 13 is in the middle of a jump shot. So the ball is likely in front of her and on its way to the hoop. Given her position, I'd estimate the ball is roughly in the middle of the line between her and the hoop.",C5
36.png,44,"Based on the position of the players and the general dynamics of a basketball game, the ball is likely located in the area between the players, probably being passed or dribbled. It looks like the player in cell D4 is preparing to pass the ball to a player in cell C6, therefore the ball is likely in D5.",D5
36.png,45,"The players are in a semi circle around the hoop. Given the position and the angles of the players in position 4,5,6,7, it is likely they are trying to make a shot. Given this information, the ball is likely located in the F5 grid.",F5
36.png,46,"Player number 13 is looking towards the basket. It is highly probable that she had the ball in her possession and attempted to shoot it into the basket. Given that the ball is in the air when it leaves the players hand, it would be in D4, close to her.",D4
36.png,47,"Given the players' positions and body orientations, it's likely the ball is being passed between players in the middle of the image. The most probable location is the area between the two players numbered '2' and '13'.",E5
36.png,48,"Given the positioning of the players, it's likely the ball is in the hands of either the player in the white jersey or the player with the back to us. Given the angle of the player in the white jersey, the ball is more likely to be around chest height, located in the lower middle of the image.",E6
36.png,49,Player 13 is looking towards the basket. Players 2 and 1 are in motion. They are all likely looking at the basketball. The ball is most likely located near the basket.,D5
36.png,50,"Looking at the position of the players in the image, they are focused on a point around the basket. Considering the direction the player with number 13 is facing and their stance suggests they are about to pass or shoot the ball towards the basket. The player next to them is looking in the same direction as well. The basket is located in grid square D5.",D5
37.png,1,"The player in position E5 is looking up and has her hands in a position that would indicate she is about to receive the ball. The woman in white jersey #1 in position E6 is also looking up in the direction of the basket. There is a woman with jersey #2 in position E3 looking at the basket as well, thus it is highly probable that the ball is in transit to the hoop/basket.",D5
37.png,2,"Given the position of the players and where they are looking, the ball is most likely between them, near the player in the white jersey.",E6
37.png,3,"Given the position and gaze of the player in cell 5 and the player in cell 6, it is likely the ball is between them, a little above the mid-point of both.",E5
37.png,4,"The player in the white jersey in grid cell 6 is looking upwards and slightly to the left. Additionally, the player in the yellow jersey in grid cell 5 is looking straight ahead. Therefore, it is highly likely that the ball is between grid cell 5 and grid cell 6 and somewhat above the players.",E6
37.png,5,"The player in the center of the image is likely about to shoot the ball. Given her position and where she is looking, the ball would be around D5/E5.",E5
37.png,6,The player in the red jersey in cell 5 is likely in the process of shooting the ball or passing it to someone near the basket. The other players are looking in that direction as well.,D5
37.png,7,The player in the middle is looking up towards the basket and is in a shooting motion. It is most likely that the ball is in the process of being shot towards the basket and therefore in the air slightly above her hands.,D5
37.png,8,"The player in the center is looking up as if they are tracking the ball. The player to the left is also looking up and appears to be positioned to possibly receive a pass. The player on the right is further away, but they are also looking toward the center. Based on their positions, the ball is most likely located above the head of the player in the center of the image.",D5
37.png,9,"The player in the orange jersey in cell 5 is looking upwards with her hands raised ready to catch a ball, she is the focal point. It is likely the ball is in grid cell E5.",E5
37.png,10,"Based on the position of the players and where they are looking, the ball is likely between the players in the middle of the frame. The ball is most likely near the player in position 6.",E6
37.png,11,The player in grid cell 5 is likely about to pass to the player in 3.,D5
37.png,12,"Based on the positions of the players, the location of their gaze and body language, it's likely that the ball is near the head of the player in white in cell E6.",E6
37.png,13,The player in the middle of the court in square 6 is looking up and has her hands up like she is about to catch a ball. Based on that I believe the ball is most likely above her.,D6
37.png,14,"The player in the center seems to be looking at the other player on her right, it is very likely she just passed the ball to that player.",E6
37.png,15,"The player in the middle (around column 6) is looking up, suggesting the ball is likely in the air near her. The player in column 5 also seems to have just released the ball and is looking up. Therefore, the ball is likely in cells D5, D6 or E5, E6. Since she appears to have already released the ball, the ball is likely in front of her, in area D6, E6. The player is not that tall so D6 is most likely.",D6
37.png,16,"The player in the center of the frame (at about grid cell 5E) seems to be either passing or shooting. The player in cell D3 is looking in that direction as well. Given this information, it's most likely that the ball is near the player in 5E, or headed towards the hoop. Looking at the players' poses and the hoop's position, the most likely location would be near grid cell E6.",E6
37.png,17,"Based on the position of the players, the ball is most likely located between the player on the right in the white shirt and the player in the orange shirt that is in the center of the image. The orange shirt player is looking up.",E6
37.png,18,"Based on the positioning of the player in the middle of the frame (wearing white uniform), it is most likely the ball is in her hands or slightly above her hand. The player appears to be in the process of making a shot at the basket.",E6
37.png,19,Based on the position of the players it looks like the ball is located between the player in the white jersey and the player in the orange jersey. They are both reaching for the ball.,E6
37.png,20,"Based on the position of the players, particularly the one in cell 5 who is likely shooting or passing, the ball is most likely around cell E5.",E5
37.png,21,"The player in cell 5 seems to be passing the ball to the player in cell 3, therefore it is likely that the ball is in the area in between the 2 players in cells 4 and 5.",E4
37.png,22,"The player in the middle is looking upwards, and appears to be near the top of her jump, indicating she is about to shoot or pass. I will assume the ball is on its way up to the basket.",D5
37.png,23,"Given the body language and positions of the players, the ball is most likely located near the player in the center, around grid cell E6.",E6
37.png,24,"The player in the center of the image, slightly to the right of center, is looking up. Considering the other players are looking to her, the ball is most likely in grid cell E6, just above her hands.",E6
37.png,25,"Given the position of the players, and how they are moving, the ball is most likely near the player in the middle. Also, the player in position 6, has her hands in position to grab the ball.",E6
37.png,26,"The player in the center of the image is facing towards the basket, which is in cell D5. She is likely shooting or passing the ball towards the basket. Therefore, the ball is most likely located somewhere between her and the basket. The player to her right, in cell E6, is also looking towards the basket. Considering both players' positions and lines of sight, the ball is most likely located in cell D5.",D5
37.png,27,The player in the middle of the image (grid cell E5/F5) looks like she's dribbling or just passed the ball. It's most likely somewhere near her hand at the moment the picture was taken.,E5
37.png,28,"The player in the center (Cell E5) is likely passing or shooting the ball. Based on the player's head position, the ball is likely above their head and a little in front of them.",E5
37.png,29,"Given the posture of the player in cell 5 and the player in cell 6, the ball is likely located between them, at around chest height.",E5
37.png,30,"The player in position 5 is looking up. The player in position 6 appears to have just released the ball. Based on those clues, the ball is most likely in the area just above and between those players.",D5
37.png,31,Looking at the player in grid cell 5 she appears to be throwing the ball towards the player in grid cell 6. The most likely location for the ball is in grid cell E6.,E6
37.png,32,"Based on the positioning of the players, the ball is likely between the two players in the center of the image. Both of those players are looking upwards, implying the ball is in the air. Considering their reach and jump, the ball should be around head height which puts the ball around D5.",D5
37.png,33,"Based on the position of the players, especially the player in the white jersey in grid 6, the ball is likely in the space between her hands and the player on the left. The fact that the player in grid 5 is also looking up and has her hands in a defensive position, makes D5 the most likely location.",D5
37.png,34,The player in cell 5 is most likely passing to the player in cell 3. This is inferred from her posture and line of sight. Therefore the ball will be between these 2 players.,E4
37.png,35,"Based on the positions of the players, especially the one in the middle who is looking upwards and has her hands up as if to catch a ball, it is likely that the ball is located in the space above her hands.",D6
37.png,36,"The player in the middle is looking upwards, indicating that the ball is somewhere above her. Because she is in cell 6, I would expect it to be somewhere near.",D6
37.png,37,"Based on the positions of the players, the player in square E5 is most likely dribbling the ball as they are in a lower position than the other players and their hands are near the ground.",E5
37.png,38,"Based on the position of the players, the likely location of the ball is in front of the player in the white jersey with the number 1 on it. This is based on her head and eye position.",E6
37.png,39,"The woman in cell 5 is looking upwards and appears to have just released the ball as she is extending her arms, so the ball is most likely in the upper part of the image, probably close to the hoop.",B5
37.png,40,"The player in the center seems to be in the process of passing the ball, so the ball is likely located somewhere between her and the other players. Based on her arm angle, she is most likely passing towards the basket.",D5
37.png,41,"Given the position of the player in cell 5, it looks like she has just released the ball or is about to, and it will be heading towards the basket.",D5
37.png,42,"The player in the red jersey in the middle of the image looks like she is about to pass the ball to the player on the right in the red jersey. Therefore, it is likely the ball would be in front of the central red jersey player's hands in the direction of the player on the right.",E6
37.png,43,"The woman in red in cell 5 is likely passing the ball to the woman in red in cell 10, so it would be travelling across cells 6,7,8 and 9.",
37.png,44,"The player in position E5 appears to be dribbling the ball. Therefore, the ball is likely located near her hand, probably at E5.",E5
37.png,45,The player in square D5 appears to be in the middle of a passing motion. Therefore the ball would likely be near her hands.,D5
37.png,46,The player in the middle is looking up in the air towards the basket. I would estimate that the ball is directly above the player in grid cell E6.,E6
37.png,47,The player in the middle is looking upwards and is in a position to catch a ball. She has her hands slightly raised in front of her and her eyes are fixed upwards. It is likely that the ball would be near the area she is looking in. The ball would most likely be above her head.,E6
37.png,48,"Given the player positions and their focus, the ball is likely located near the player in the white jersey who is reaching for the ball, between the player in the yellow jersey and the player in the white jersey.",E6
37.png,49,"The player in the center (cell E5) is likely dribbling the ball. Her right hand is in a position to be bouncing the ball. Also, the two players to her sides are looking towards the ground near her.",E5
37.png,50,The basketball player in grid cell 5 is looking upwards towards the hoop. This suggests that the ball is likely above her and moving towards the hoop.,C5
23.png,1,"The player in blue is looking in the direction of the other player. The other player seems to be releasing the ball towards the basket. Therefore, the ball is likely to be between them, in the air. Based on the position of the hands of the player in white, it is likely that the player has just thrown the ball.",
23.png,2,"The player in the blue jersey is looking at the player with jersey number 1, as well as pointing their hand towards the player. It is very likely that he just passed the ball to the player. Based on this, the ball would likely be near the shooting player's hands.",
23.png,3,"The player in blue is looking towards the other player's right hand (Partizan player). The other player is looking in front. The ball is most likely in the trajectory between them, where the eyes are looking.",E7
23.png,4,The player in blue is passing the ball to the player in white. I would estimate the ball location to be directly in the path between them.,E7
23.png,5,"The player in the blue jersey in cell D5 is looking to the right, towards the other player. The player in the white jersey in cell D8 is extending their arms as if they are passing or shooting a ball. It is most likely that the ball is located between them, around cell E7, because their heads are both pointing at that location.",E7
23.png,6,The player in blue is looking towards the player in white. The player in white is in the process of passing the ball. Therefore the ball is likely between them around chest height.,D6
23.png,7,"The player in the blue jersey appears to be passing the ball to his right, and the player in the white jersey is in a position to receive a pass, with his hands open to receive the ball. Therefore, it is most likely that the ball is in the space between them, closer to the passing player.",E6
23.png,8,"The player in the blue jersey is looking to pass the ball to his left. The player in the white jersey is looking to receive the ball. The most probable location is around them, probably a little bit to the left of the blue jersey player.",E5
23.png,9,"The player in blue is looking towards the other player in white. His hand is in a position ready to receive the ball. It is most likely that the other player is passing the ball to the player in blue. Considering the arm position and direction, the ball should be between the two players.",E6
23.png,10,"The player on the right is extending his hand as if he's passing the ball to the left. The player on the left is also looking in that direction, as if receiving a ball. Therefore the ball is likely somewhere between them.",E6
23.png,11,The player in blue is looking and reaching forward as if about to pass the ball. The other player has their hands out ready to catch the ball. This would suggest the ball is between them in the D6 or E6 region.,E6
23.png,12,"The player in blue is looking towards the player in white, with his hand extended as if he is passing the ball to him. The player in white is looking back at the other player with his hands out ready to receive the ball. Based on this, the ball is likely located between these two players.",F6
23.png,13,"Both players are looking in the region between them, specifically close to the hands of the player with the blue jersey. I would estimate the ball is located in that region.",E6
23.png,14,The player in the blue jersey is looking towards the player in the white jersey. The white jersey player has her hands in a position to receive or throw the ball. The ball is likely between them.,E6
23.png,15,"Both players are looking slightly to their left and towards the center, indicating the ball is likely between them. Given the angle of their gaze and arm positions, the ball is probably located in the vicinity of E6 or F6. Considering the height of the players and arm positions, the ball is most likely at waist height, placing it closer to E6.",E6
23.png,16,"The player in blue seems to be passing the ball to the player in white. The player in white has his hands up, ready to receive. Therefore, the ball is likely between the two players, around chest height.",D6
23.png,17,"The player on the left is looking towards the other player, who has his hand outstretched as if he just passed the ball or is about to receive it. Based on their positioning, the ball is most likely in between them, closer to the player on the right.",E6
23.png,18,"The player on the right seems to be throwing the ball toward the player on the left. The right player's hands are in a throwing position, and the left player is looking towards the right player. The ball is likely between them, closer to the right player because his arm is mid-throw.",
23.png,19,"The player on the left is looking towards the player on the right and extending his arm as if he is passing the ball. The player on the right is also looking towards the other player, and his arm is extended in anticipation of receiving the ball. Given their positions and gazes, the ball is likely in between them.",E6
23.png,20,"The player on the right is in the middle of passing the ball and is looking towards the left. The player on the left also has his arms outstretched as if he is expecting to receive the ball. Because of this, it is likely the ball is between them.",E6
23.png,21,"The player in blue is looking towards the player in white. The player in white has their hands out indicating that they are about to catch the ball. Therefore, the ball is likely between them, closer to the player in white because they are closer to the center of the court.",F7
23.png,22,Both players are looking towards the space between them. The blue team player is in a stance that suggests he is about to receive a pass.,F5
23.png,23,"The player in the blue jersey is looking towards his right, while the player in the white jersey has their hands extended as if they just passed or are about to receive the ball. Therefore, it's likely the ball is between them, near the 6/7 grid line in the E/F row.",E6
23.png,24,"The player in the blue jersey is looking to his right and extending his right hand. The player in the white jersey is also looking in the direction of the blue player and has his hand out in a position as if he's about to catch or receive the ball. Because of their positioning and the way they are looking, it is highly likely that the ball is located between them, closer to the player in the white jersey.",E7
23.png,25,"Both players are looking at the area near them in the D5-D6 area, indicating they are likely focused on where the ball is.",D5
23.png,26,"The player in blue is looking directly in front of him, and his arm is extended as if he has just passed the ball or is about to pass it. The player in white is also looking at the same area, and her hands are in position to receive a ball.",D6
23.png,27,"The player in the blue uniform is looking slightly downwards and extending his arm out as if he is trying to block/intercept the ball. The player in white is facing the player in blue, with their right arm positioned to either throw or catch the ball. It is likely that the ball is in between these two players, but closer to the player in white.",E6
23.png,28,"Based on the players' positioning and their gaze, it's likely the player in blue is passing the ball to the player in white. This indicates that the ball would be in the space between the two players, closer to the player in white's hands to be received. I estimate the ball location to be within grid cell G7.",
23.png,29,"The player on the right with the number 1 is likely passing the ball. The player in the blue jersey is looking towards him with hands raised, ready to catch. The ball is likely located between them, towards the right players passing hand.",
23.png,30,"The player in blue is reaching out with his right hand. The other player's hand is also in position to make a pass. It is likely between the two players, near where they are looking.",E6
23.png,31,"Given the players' positions and where they are looking, the ball is most likely between them, slightly in front of the player in blue, in the D6 cell.",D6
23.png,32,"The player on the right appears to be passing the ball to the left. The other player is looking to receive the ball. Given their hand positions, the ball is most likely located between them at a similar height to their hands.",E6
23.png,33,"The player in the blue jersey is likely passing the ball to the player in the white jersey. The white jersey player has both hands out ready to catch the ball. The other player also has their hands out as if he is throwing a ball to the player in the white jersey. Based on their lines of sight and the throwing motion, the ball is likely located between them.",F6
23.png,34,"The player in the blue jersey (left) is looking towards the right, in the general vicinity of the player with the white jersey. Because of the positions of the players and where they are looking the ball is most likely in grid cell F5.",F5
23.png,35,"Both players are looking at a point between them in the air, so the ball is likely in the air somewhere in the vicinity of grid cell F5/F6. Based on their eye direction, I'd estimate it being in the air in the area of E5.",E5
23.png,36,"The player in blue is reaching out, looking at, and is positioned to be passing to the player on the right. Therefore, the ball is likely located in between them, within the grasp of the player in blue. The hand of the player in blue appears to be in cell E6.",E6
23.png,37,"The player on the left in the blue jersey appears to be passing the ball to the player on the right in the white jersey. Given their positions and the direction their arms and hands are pointed, the ball is likely located in between them, towards the right player.",E7
23.png,38,"The player on the right (in white) is in a shooting/passing motion. The player on the left (in blue) is looking toward the player on the right, so the ball is likely between them. The ball is likely near the right player's hands.",
23.png,39,"The player on the left is extending his left hand out, as if reaching for the ball. The player on the right is extending his right hand out as if he just passed the ball, or is trying to receive the ball. Both players are looking in the direction of grid cell F6, making F6 the most probable grid cell for the ball to be located.",F6
23.png,40,"The player on the left is looking slightly downwards and has his arm outstretched as if he just passed the ball. The player on the right also seems to be reaching their hand out, as if they are about to catch a pass. Given the positioning of the players it is likely that the ball would be in between them, around grid cell E6.",E6
23.png,41,"The player in blue (left) is likely passing to the player in white (right). His hand is outstretched pointing toward the player. The other player's hands are outstretched, as if ready to receive a pass.",F6
23.png,42,"The player on the left is looking towards the player on the right. The player on the right has their hand in a position as if they just passed the ball. Therefore, the ball is likely in between the two players.",E6
23.png,43,The player in blue is looking slightly downwards with their arm outstretched towards the other player. The other player is looking at the blue player. I infer the ball to be near the blue player's outstretched hand.,E6
23.png,44,The player on the right is extending their hands to pass the ball. The player on the left is looking towards the other player's hands. The ball is likely located between them.,F6
23.png,45,"The player in blue is looking towards the other player, and extending their hand towards them. I expect the ball to be between them.",E6
23.png,46,"The player in the blue jersey (left) is looking at the other player (right) as if he is about to throw the ball to him. Therefore, the ball is most likely in his hand.",E5
23.png,47,"The player in the blue jersey appears to be passing the ball. He is looking towards the other player and has his arms extended, which would suggest he has just thrown the ball.",D7
23.png,48,"The player on the right is in a shooting motion with his right hand extended. The player on the left is looking towards the player on the right. Considering this, the ball would likely be near the hand of the player on the right, slightly ahead of him in the grid.",
23.png,49,"The blue team player in cell 5 is looking toward the player in cell 8. His arm is outstretched, suggesting he is passing the ball to the player in cell 8. Therefore the ball is most likely located in cell F6.",F6
23.png,50,Both players are looking at the area where the ball is most likely being passed from the player in blue to the player in white. The ball should be between both players.,E6
27.png,1,"Based on the position of the player attempting to dunk, and the location of the basket, the ball is most likely between the player's hand and the basket.",C5
27.png,2,"The player in the white jersey is in mid-air, likely attempting to shoot the ball into the basket. His arm is extended upwards towards the basket, suggesting the ball would be in that direction. The ball would most likely be near the hoop.",C5
27.png,3,"The player in white is reaching up towards the basket, indicating he's likely attempting to shoot the ball. It's unlikely the ball is directly in his hand since we are tasked with inferring its location. Therefore, it is most likely located just above his outstretched hand in cell C4.",C4
27.png,4,"The player in the white jersey is in the middle of a dunk. His right hand is outstretched towards the basket. Thus, the ball would likely be in his hand near the basket.",C4
27.png,5,"The player is in the middle of a dunk and his arm is extended upwards to the basketball hoop. Also, the basketball hoop is located between the cells C4-B5.",C4
27.png,6,"The player with the ball has jumped and is likely attempting a dunk. His arm is raised and angled toward the hoop, suggesting the ball would be near the basket.",C4
27.png,7,"The player is clearly jumping up to dunk or shoot the ball into the hoop. Therefore, the ball must be located either in the hoop or right above the jumping player's hands.",C4
27.png,8,"The player on the left is in the middle of a dunking motion and his hands are near the hoop. Therefore, the ball is likely near the basket.",C5
27.png,9,"The player in the foreground is in the act of dunking, the ball should be near the rim. It is most likely within the D5 cell.",D5
27.png,10,"The player in the white jersey (Worthy De Jong) is jumping and appears to be shooting or attempting to dunk the ball. His arm is extended towards the basket. Therefore, the ball is likely near the basket. The other player in the red jersey is looking toward the basket, which suggests the ball is in that area as well.",C5
27.png,11,"The player in the white jersey is in the middle of a dunk. Therefore, the ball would be in his hand or very close to the basket. I'd say the ball is between the hand of the player with the white shirt and the basket.",C5
27.png,12,"The player on the left is mid-jump and reaching towards the basket, suggesting he might be about to shoot or dunk. The player on the right is in a defensive position, possibly trying to block the shot. Given these positions, the ball is most likely in the vicinity of the player jumping, close to the basket.",C4
27.png,13,"The player is in the air presumably shooting the ball into the hoop. Therefore, the ball is likely located between the player's hand and the basket.",C5
27.png,14,"The player in the white uniform is reaching upwards towards the basket with his right hand. The ball would likely be positioned near his hand, slightly above and to the right, as if he's about to shoot or dunk. Based on his body position and the location of the basket, the ball should be in cell D5.",D5
27.png,15,"The player in the white jersey is reaching towards the hoop, in the act of either shooting or dunking the ball. Therefore, the ball is most likely between his hand and the hoop.",C5
27.png,16,The player in the middle is jumping and reaching towards the basket. The other player to the right is watching the player that is jumping. I would infer that the ball would be somewhere between them as the player is going to dunk.,D5
27.png,17,"The player on the left is in the middle of a dunk. He has already jumped and his arm is extended upwards towards the hoop. Therefore, the ball must have been near the hoop.",B5
27.png,18,The player on the left is in the middle of a dunk. His arms are extended upwards and he is likely about to put the ball in the basket.,C4
27.png,19,The player is in the middle of a dunk. Thus the ball is likely going through the hoop.,B5
27.png,20,"The player in the white jersey is in the middle of a jump shot, and his arm is extended towards the basket. I would expect the ball to be somewhere between the player's hand and the net.",C5
27.png,21,"The player in white is jumping to dunk the ball into the hoop. Therefore the ball would likely be in his hands, above his head.",C4
27.png,22,The player in the white jersey is in the middle of a dunk or layup. His hand is extended towards the basket. The ball should be between his hand and the basket.,C5
27.png,23,"The player in the white uniform (Worthy De Jong) is jumping and appears to be attempting to score at the basket. Therefore, the ball is likely to be in front of him, between his hands and the basket. Considering the player's position and the position of the basket, the ball is most likely in the area of D5.",D5
27.png,24,The player on the left (Worthy De Jong) is jumping towards the hoop. His arm is extended and it's likely he was about to dunk or attempt a layup. The opposing player in red (likely defending) is watching the play. It is most likely that the ball was right above Worthy De Jong's hand right before he releases it.,C4
27.png,25,The player on the left is in the process of shooting and is close to the net. Therefore the ball must be in the vicinity of his hand and close to the basket.,C4
27.png,26,"Given the motion of the player in white, the ball is most likely being dunked into the basket. Therefore, the ball is likely inside the net.",B5
27.png,27,"The player is in the middle of a jump shot and his body position suggests he is about to release the ball towards the basket. The ball should be located above his hand, close to the basket.",C5
27.png,28,"The player in white is jumping and reaching for the hoop, so the ball must be near the hoop and in front of him.",C5
27.png,29,"The player in white is in the process of dunking. Therefore, the ball would be either in his hands (just about to release) or already inside the hoop. Judging by his hand position, he is most likely releasing.",B5
27.png,30,The player is in the middle of a dunk. It is very likely that the ball is somewhere between the player's hand and the hoop.,C4
27.png,31,"The player with the ball is reaching up towards the hoop, indicating he is either shooting or dunking. Therefore, the ball is likely very close to the hoop, possibly inside it.",B5
27.png,32,"The player is in the middle of a dunking action, so it is most likely near the hoop in the D5 region.",D5
27.png,33,"The player is jumping towards the basket with one hand raised. The opposing player appears to be trying to block him. Given the trajectory of the player and the position of his hand, the ball is likely in the air heading towards the basket, likely at the peak of the player's jump.",C4
27.png,34,"The player is jumping towards the basket, indicating he is either shooting the ball or dunking. The location of his hands suggests that he is in the middle of his jump and therefore in the process of putting the ball into the net.",C5
27.png,35,"The player is jumping to dunk the ball into the basket. His hands are reaching up towards the hoop. Therefore, the ball is most likely located somewhere near the hoop. The location is likely within the C4-C5 area, but also could be closer to B4-B5.",C4
27.png,36,"The player in the white jersey is jumping for a dunk. Therefore, the ball is most likely between his hand and the hoop.",C4
27.png,37,"The player in the air is likely attempting to dunk the ball. Therefore, the ball should be around the basket.",B5
27.png,38,The player in white is jumping and reaching up towards the basket. The red player is looking towards the basket. It is likely the ball is around D5.,D5
27.png,39,"The player is clearly shooting the ball. Since he is right under the hoop, the most probable location is that the ball is going into the hoop.",B5
27.png,40,The player is jumping towards the hoop. So the ball is likely in the range of the hoop somewhere in the C4/C5 range.,C4
27.png,41,"The player in the white jersey is in the middle of a jump shot towards the basket, therefore the ball is likely in the vicinity of the basket and possibly in his hands.",C5
27.png,42,"The player is in the middle of a dunking motion with his hand near the hoop, so it is most likely that the ball is in or near the hoop.",B5
27.png,43,"The player is in mid-air near the basket, so the ball is likely near the basket, either in the hoop or near it.",B5
27.png,44,"The basketball player in the white uniform appears to be in the middle of a dunk. His arm is raised, and his eyes are fixed on the basketball hoop. Therefore, the ball would be right near the hoop.",B5
27.png,45,"The player in white is jumping up towards the basket, presumably to make a shot. His hand is extended. The ball is likely close to the basket. Given the angle of the shot, the ball is most likely above his hand, and near the center of the basket.",C5
27.png,46,"Based on the athlete's position and the direction he is facing, it can be inferred that he is attempting to score in the basket. Thus, the ball must be somewhere in his general vicinity, and in line with the basketball hoop. I am going to estimate that the ball is in cell D4.",D4
27.png,47,"The player in the Netherlands jersey is in the middle of a jump shot, presumably aiming for the basket. Therefore, the ball is most likely located near the hoop, which is visible in cell C4.",C4
27.png,48,The player is in the air near the hoop and is likely shooting the ball. He is in cell D4. The ball must be near his hands so it should be located in cell D4.,D4
27.png,49,"The player in the air is likely shooting for the basket. Given his position and trajectory, the ball is most likely near the basket.",B5
27.png,50,The basketball player in the image is in the process of attempting to score. So the ball would be near the hoop.,B5
33.png,1,"Given the position of the player on the left, the ball is likely near his hands and bouncing on the ground. The ball is likely located around the D4 grid.",D4
33.png,2,"The player in the white jersey is likely dribbling the ball. Given the position of his hands and body, the ball is likely located in front of him, close to the ground.",E4
33.png,3,"The player on the left is dribbling the ball. The ball would be in front of him near his hand. Therefore, the ball is likely in cell E4.",E4
33.png,4,"The player on the left is dribbling the ball. Considering the position of his right hand, the ball is most likely near the ground and around the middle of his body.",E4
33.png,5,"The player on the left is dribbling, so the ball is likely near his right hand.",E4
33.png,6,The player on the left appears to be dribbling the ball. The most likely location for the ball would be on the ground in front of him.,E4
33.png,7,"The player in the white uniform is in a dribbling motion. Therefore, it is likely that the ball is near their hand, close to the ground.",E4
33.png,8,The player in the white jersey is dribbling the ball so the ball would be located just below his hand. I am going to estimate the ball is located at D5.,D5
33.png,9,"Given the position of the player on the left who appears to be dribbling, the ball is likely to be at or below his waist on the ground. Based on his arm position and direction of movement, it's most likely in front of him and slightly to his right, which would place it around cell E4.",E4
33.png,10,"The player in the white jersey is dribbling the ball. Therefore, the ball is most likely near his hands and at ground level. Thus, the most probable location for the basketball is cell E4.",E4
33.png,11,"Based on the positioning of the player in the white uniform who seems to be dribbling the ball, the most likely location of the ball would be around D4.",D4
33.png,12,"The player on the left is dribbling, so the ball is likely to be near his hand, close to the ground.",E4
33.png,13,"The basketball player on the left seems to be dribbling the ball towards the right. So it will most likely be around the location of his hands, which would be around F4.",F4
33.png,14,"The player on the left seems to be dribbling the ball. Considering his position and posture, the ball is likely near his right hand, close to the ground.",E4
33.png,15,"Based on the positions of the players and the direction they are moving, the ball is likely located just ahead of the player dribbling the ball. It is likely near the center of the image, on the ground.",E5
33.png,16,"The player on the left seems to be dribbling the ball. I assume he is bouncing it as he moves. The ball would be somewhere around his right hand, in the lower part of the image.",E4
33.png,17,"Given that the player on the left is dribbling, the ball is most likely near his hands and closer to the ground. Therefore, it is most likely located near his right knee, which would put it in F4.",F4
33.png,18,"The player in the white jersey appears to be dribbling the ball. The ball would be located slightly in front of him, at about knee height.",E4
33.png,19,"Given the positions of the players, it is most likely that the player on the left is dribbling the ball. Thus, it would be in front of them on the ground.",E4
33.png,20,"The ball is likely between the two players, near the first players legs.",E4
33.png,21,"The ball is likely located in front of the player on the left, close to the ground, as he is in a dribbling stance. Considering his body position and leg movement, the ball is probably near his right hand.",E4
33.png,22,"The player in the light uniform is dribbling, it looks like the ball would be slightly ahead of him, bouncing off the ground. So, the location is likely to be cell E4",E4
33.png,23,"The ball is likely to be near the player in white's hands, who appears to be dribbling. Given his hand position, the ball is most likely near his right hand, close to the ground.",E4
33.png,24,"The player in the white jersey appears to be dribbling the ball with his right hand. Based on his arm angle and the position of his legs, the ball would most likely be near the ground.",E4
33.png,25,"The player on the left is dribbling the ball. Based on the position of his hands and legs, and basketball common sense, the ball is likely close to the ground near his hands and feet.",E4
33.png,26,"The player in white is dribbling the ball. Therefore, the ball would most likely be located near his hand and close to the ground.",E4
33.png,27,"The player on the left is dribbling. The most likely location of the ball is close to his right hand, near the ground.",E4
33.png,28,The player on the left is dribbling. It is most likely in front of him in the direction he is moving.,E4
33.png,29,"The player in the white jersey is dribbling the ball. Given his hand position and direction, the ball is most likely in front of him and close to the ground.",E4
33.png,30,"The player on the left is dribbling the ball as indicated by his running motion and his arm. The ball is likely in front of his body, so I would expect it to be near cell E4.",E4
33.png,31,"The player in the white uniform is dribbling the ball. The player is in motion moving towards the right (away from the left border). Therefore the basketball is likely near his hand, or slightly ahead of his leading hand.",E4
33.png,32,"Given that the player in the white jersey is dribbling the ball, it is most likely located somewhere between his hands and the ground. Looking at the position of his hands and the likely trajectory of the ball, the area around grid cell E4 is the most probable location.",E4
33.png,33,"Given the position of the player on the left, the ball is likely to be at the point where he is dribbling.",E4
33.png,34,"The player in white is dribbling the ball, which should be in front of him close to the ground. Considering his direction and position, the ball is most likely in grid cell E4.",E4
33.png,35,"The ball is likely located between the players, closer to the player in the lighter jersey, since this player is in a dribbling motion.",E4
33.png,36,"The basketball player on the left is dribbling and is in motion. The most likely location for the ball would be in front of him, near his hand and slightly above the ground.",E4
33.png,37,"Given the position and motion of the player on the left, it appears he is dribbling the ball. The most likely location for the ball, given his bent legs and arm motion, is near his right hand on the ground.",E4
33.png,38,"The player in white is dribbling. Thus, the ball would be somewhere between his hands and the ground. Given his position, the ball is most likely in cell E4.",E4
33.png,39,"The player on the left is dribbling, so the ball would be close to his hand and the ground.",E4
33.png,40,"The player in the white jersey is dribbling and his hand is in that area, so the ball would be located in cell E4.",E4
33.png,41,"The player in white appears to be dribbling the ball, so it is most likely near his right hand, close to the ground.",E4
33.png,42,"Given the positions of the players, their motion, and the usual gameplay of basketball, the ball is most likely between the two players. Considering the player on the left is dribbling, the ball would be closer to his hands and near the ground.",E4
33.png,43,The player in the light jersey is dribbling the ball. His right hand is extended downward and the ball would be near it.,E4
33.png,44,"The ball is likely in the vicinity of the player dribbling the ball, so between the player's body and the ground. This suggests the ball is most likely around cell E4.",E4
33.png,45,"Given the stance of the player on the left (with the white/blue jersey) he is dribbling the ball. Thus, the ball must be near his right hand close to the ground.",E4
33.png,46,"The ball is likely to be in the possession of the player on the left, close to his body. Considering the movement of the player, the ball would likely be near his hands which are located around waist height.",E4
33.png,47,"The player on the left is dribbling the ball. Judging from the position of his arm and hand relative to his body, the ball is likely near the ground just in front of him, near his leg.",E4
33.png,48,"The basketball player in the white and blue uniform is dribbling. Based on his hand position and the direction he is moving, the ball is likely in cell E4.",E4
33.png,49,"Based on the position of the player on the left, the ball is likely in front of him as he dribbles.",E4
33.png,50,"The player in the white uniform appears to be dribbling the ball. Given his hand position and direction of movement, it's likely the ball is near his right hand, close to the ground.",E4
32.png,1,"The player in the white jersey (cell 6) is driving towards the basket and the defender (cell 7) is reaching out to block or steal. The player in blue (cell 5) is in a position that would receive a pass. Therefore, the ball is most likely being held by the player in white and slightly in front of him.",F6
32.png,2,"The player in white uniform number 11 is looking down, and his hands are at about waist height, as if he is dribbling the ball. He is positioned at cell F6, so that is likely where the ball is.",F6
32.png,3,"The player in the white jersey with the number 11 seems to be guarding the player in the blue jersey. His eyes are focused towards the direction of the player on the left. Given that the player in the white jersey is in a guarding stance, the ball is most likely in his vicinity.",E6
32.png,4,The player in the white jersey (cell D2) is facing the basket. The player in the blue jersey is guarding him. The player with the number 11 jersey is likely to pass the ball. This player is likely facing the basket and in position to receive the pass. The basketball is most likely in the space between them.,E3
32.png,5,The player in the white jersey is likely passing the ball to the player in the blue jersey in cell 5.,E5
32.png,6,"The ball is most likely in the vicinity of where the two players are close to each other in cell D3, because it is likely one of the players is dribbling the ball at that spot.",D3
32.png,7,The player in the white uniform on the right side (grid 6 and 7) seems to be dribbling towards the basket. The player with the blue uniform is defending him. The ball is probably near the player with white uniform around grid 6.,E6
32.png,8,"The player in white in cell 6 is looking towards cell 3/4. The player in blue in cell 3 is looking towards the net, implying that they were being defended. Therefore, the ball is likely near cell D3/E3.",E3
32.png,9,"The player in the white jersey with the number 11 is looking towards the basket, while the player defending him is also looking in that direction. The player driving towards the basket in grid cell D2 is also looking towards the basket. Given their positions and gaze direction, the ball is most likely in the vicinity of grid cell E6, perhaps on its way to the hoop.",E6
32.png,10,"The player in the white uniform is facing the basket and looks as if he is about to shoot. The player in blue is defending him. The ball is likely in his hands, at chest level.",F6
32.png,11,"Based on the positions of the players and their lines of sight, the ball is most likely between the player in white at cell G6 and the player to his left at cell F5. So it would be near F6.",F6
32.png,12,The player in the white jersey in cell G6 is most likely passing the ball to the player in the white jersey near cell D3. The player in cell D3 is closely guarded by the player in the blue jersey. The pass is likely to be at the level the player in the white jersey (cell G6) is holding his hands. The player in the white jersey (cell D3) needs to jump to receive the ball.,D4
32.png,13,"The player in the white jersey (likely the one with the ball) is looking towards the basket, and the other players seem to be reacting to his position and potential drive. Therefore, the ball is likely in his hands or in front of him as he's moving towards the basket. Based on the angle of the player in white, the ball is most likely located in cell F4.",F4
32.png,14,"The player in white in cell 6 is looking towards the net. The player in white in cell 3 is looking towards cell 6. The player in blue in cell 7 is moving towards the net, which suggests the ball would be in that general direction. Thus, the ball is likely near the basket.",B6
32.png,15,"The player in the white jersey (#11) is dribbling towards the basket, and he is looking down. Based on his dribbling motion and where his eyes are looking, the ball is most likely at his feet in grid cell E6.",E6
32.png,16,"The player in the white jersey (cell D6) is looking toward the player in the blue jersey (cell D3). The player in the white jersey is likely passing the ball towards the player in the blue jersey. Therefore, the ball is most likely located between them in cell D4.",D4
32.png,17,"The player in the white jersey is looking towards the hoop, so the ball is most likely with him or on the way to the hoop. A teammate is positioned near the hoop.",F6
32.png,18,The ball is most likely with the player in the white jersey (#11). It is most likely in his hands near his waist.,E6
32.png,19,"The player in the white uniform is likely in possession of the ball. He is looking towards the hoop and is in a shooting position. The ball is likely in front of him, close to his hands.",E6
32.png,20,The player in the white jersey is in a shooting position. The player on the left is looking at the player who is shooting. The ball is most likely in the space between them.,F6
32.png,21,"Based on the positions of the players, they seem to be in an offensive play near the basket. The player in cell D3 is being guarded and may want to pass the ball. The player in cell D5 is open and is a potential target.",D5
32.png,22,"The player in white (presumably on offense) in cell D3 is driving to the basket, guarded by the player in blue. The player in white in cell F6 is in a position to receive a pass and is likely the target of the player driving to the basket. The ball is most likely in the air somewhere between these two players, or maybe being held by the driving player just before shooting, so it is very likely located between D3 and F6, slightly towards the basket.",E5
32.png,23,The ball is likely between the players in the center of the image (around cell F6). This is because of the stance of the players and where they are looking.,F6
32.png,24,"The player in white in cell 6 is looking towards the basket. Also, he is getting ready to shoot the ball as his arms are in shooting position. Therefore, the ball is likely located in the cell in which his hands are, which is E6.",E6
32.png,25,The player in the white jersey (11) is looking down towards the player guarding him. The player who has the ball is in grid cell D3.,D3
32.png,26,The ball is most likely between the player in white (#11) and the player in blue near the number 7.,F6
32.png,27,The ball is likely between the two players in cells D3 and D4. The player on the left is defending and it looks like the offensive player is trying to dribble the ball.,D3
32.png,28,"The player in white is looking towards the basket. The player in blue is defending him. Given their positions, it is likely the ball is in the hand of the player in white, who is attempting to pass towards his teammate near grid location G7.",F6
32.png,29,"The defender in D3 is directly facing the offensive player. The offensive player in D3 has his body in a position where he would likely be dribbling or passing the ball to the player near cell E6. The defensive player in D6 is also facing the player in D3. Therefore, the ball is most likely located between the players in cells D3 and D6.",E4
32.png,30,"The player in the white jersey in cell 6 appears to be looking towards the player in cell 7, with a gap between the two players it is likely the ball is between them.",E6
32.png,31,"The player in the white jersey (#11) is looking down at the floor, and it is likely the ball is somewhere in the area near his feet. The defender is facing him, and also most likely is looking at the ball.",E6
32.png,32,The ball is likely between the player in white and the player in blue on the right side of the image. The player in white is likely passing the ball or attempting a shot.,E6
32.png,33,"The player in the white uniform is likely passing the ball to the player near grid location E7. Given the other player's position, the most likely place for the ball is between them.",F6
32.png,34,"The player in the white uniform and the one in the blue uniform in grid D3 appear to be in a physical confrontation. Given that there is no clear direction indicated by their stances, the ball is likely close to them, most probably where they are grappling.",D3
32.png,35,"Based on the position of the players in cells D3, D5 and D6 and the direction they are facing, the ball is likely being passed between the players. It is probably in mid-air between the players D5 and D6 or close to the player in D3.",D4
32.png,36,"The player in the middle is looking towards the basket, and the player near him is moving in that direction. I'd guess the ball is being passed to him to shoot.",E6
32.png,37,"The ball is likely between the two players in cells D3 and E6, more specifically in cell E4. It's being contested.",E4
32.png,38,"The player in the white jersey with the number 11 is looking in the direction of cell E6 and the player in the blue jersey is running towards cell E6, so it is likely that the ball is in that location.",E6
32.png,39,"The player in the white jersey (cell D6) is looking towards the basket. The player in the blue jersey (cell D7) is also looking towards the basket. The player in the white jersey (cell D6) is in a shooting position, and it is likely he has just shot the ball. Therefore, the ball is likely in the air between the player in D6 and the basket.",B6
32.png,40,"The player in white is driving toward the basket. The defender in blue is trying to prevent him. Both players are looking down, so the ball must be somewhere near their feet. The most likely location is near the player in white's right hand.",D3
32.png,41,"Based on the player's body positions and gaze directions, the ball is likely between the two players in the middle near the free throw line.",E6
32.png,42,The player in the white jersey is most likely dribbling and is looking towards the basket. The player in the blue jersey on the left is guarding him. The player in the white jersey is about to pass the ball to the player with number 11.,F6
32.png,43,The ball is most likely between the player with the number 11 on the white jersey and the player to his right. He is most likely passing the ball to the right.,F6
32.png,44,The ball is likely in the possession of the player in cell D3 as he is being guarded closely by the player in D2. He might be dribbling low or trying to pass.,D3
32.png,45,"The player in white in cell 6 is most likely dribbling the ball. He's looking down towards the ground. Given the position of his hands, the ball is likely in grid cell F6.",F6
32.png,46,The player in white uniform number 11 is looking in direction 5E. The player in white in 3D is guarding the player and likely has the ball.,D3
32.png,47,The player in the middle of the image (wearing the white jersey) is likely controlling the ball. The player on the left in the blue jersey is guarding him. The player on the right is open and is a passing option. The ball would likely be in the general area where the two players in the middle are.,E6
32.png,48,The player in the white uniform and number 11 is facing the player in the blue uniform and looks like he is dribbling or about to pass. It is most likely that the ball is between them.,E6
32.png,49,The player in position D3 seems to be dribbling the ball. The position of the defender (D2) and the dribbler makes the ball likely to be in cell D3.,D3
32.png,50,The player in the white jersey (cell D6) is likely about to pass the ball to his teammate who is located in cell D3. The defender in cell D7 is trying to block a shot. So the ball is likely in the vicinity of cell D6.,D6
26.png,1,"The player in red number 3 is mid air near the basket. He is likely in the process of shooting the ball, therefore the ball is likely between him and the basket.",C5
26.png,2,"The player in the grey jersey is reaching up with his right hand, and the player in the red jersey is attempting to block him. It appears they are both trying to get the ball near the basket. Therefore, the ball is likely to be located between them in the air.",C5
26.png,3,"Based on the position of the players, especially the one with his hands up in cell 5, and the general play of basketball, the ball is most likely in the air near the basket. I would estimate it to be around cell D5, near the player who is jumping to shoot.",D5
26.png,4,"The player in the red jersey in cell 4 appears to be shooting for the hoop, so the ball is likely between him and the hoop, near the top of the frame.",B6
26.png,5,"The red player is in the process of shooting the ball into the basket. The grey player is defending. So the ball should be in the vicinity of the basket, but also not blocked by the defender's outstretched hand.",C5
26.png,6,The player in the red jersey in column 4 is in the process of jumping with the ball. The gray jersey is defending and appears to be contesting the shot. Both players are looking at the hoop. Thus it is likely the ball is located somewhere in column 5 above the head of the gray jersey defender.,C5
26.png,7,"The player in the red jersey in cell 4 is in the air attempting to make a shot at the basket in cell 6. The player is facing the basket. Therefore, the ball is most likely located in cell C5.",C5
26.png,8,"The player in the middle is in the process of shooting or attempting a layup. Therefore, the ball is probably in the middle between the player and the hoop.",C5
26.png,9,The player in red #2 is jumping to make a shot towards the basketball hoop. The player in grey near him is jumping to block the shot. The ball is likely to be located between the two players near the hoop at a height at the basketball hoop itself.,C5
26.png,10,"The player in grid cell 4 is jumping and reaching towards the basket, while the player in grid cell 5 is defending. Considering the trajectory of the jump and the position of the basket, the ball is most likely near the basket, in cell D5 or E5. The defender is close by, making a pass difficult, thus the person is probably shooting. The ball needs to be high enough to get over the defender's outstretched hand.",D5
26.png,11,"The ball is likely in the air between the two players who are jumping near the basket. Judging by their positions, it's most likely between cell D4 and D5, closer to the second player.",D5
26.png,12,"Based on the positions of the players and their gazes towards the hoop, it is highly likely that the ball is in the air above the player closest to the hoop who is jumping to potentially make a shot. The cell best suited is D5.",D5
26.png,13,"Based on the player positions and their focus looking towards the basket, the ball is likely in the air on its way towards the hoop. Thus, it is likely located in the upper part of the image, slightly toward the left side of the basket.",B5
26.png,14,"Given the positions of the players and the fact that they are playing basketball, the ball is most likely in the air between the two players contesting near the basket.",D5
26.png,15,"Given the players' positions, it seems that the player in cell D5 is attempting a shot at the basket. I would expect the ball to be somewhere between his hand and the basket. Thus the ball should be located around cell C6.",C6
26.png,16,"Based on the position and upward gaze of the player in cell E5, and the position of the player in cell C4, it appears the player in E5 is attempting to shoot the ball towards the basketball hoop. Therefore, the ball is most likely in cell C5.",C5
26.png,17,The player in the red jersey in grid cell 4 is jumping in the air as if to block the shot. The player in grey in grid cell 5 appears to be shooting toward the basket. So it is likely the ball would be somewhere between them and the hoop. This is roughly grid cell D5.,D5
26.png,18,"Given the position of the players, and that the player in the grey uniform at grid square 5 is about to make a shot, the most likely location for the ball is between that player's hand and the basketball net. This would place it in grid square D5.",D5
26.png,19,"The player in the red jersey in cell 4 appears to be attempting to make a shot. Additionally, the player in the gray jersey in cell 5 appears to be attempting to block the shot. Considering the positioning of these two players in relation to the basket, the ball is likely between them and heading towards the basket in cell B5.",B5
26.png,20,The ball is likely between the two players contesting the shot around the D4 or D5 area. It is probably near head-height.,D5
26.png,21,"The player in grid cell 4 is jumping and looks like he is shooting the ball into the hoop. The player in grid cell 5 is trying to block the ball. Based on this, the ball is likely in grid cell D5.",D5
26.png,22,"Both players in the center of the image are looking at the basket and one is in the air, implying they are about to shoot the ball. Thus the ball is likely between them and at or above their heads.",C5
26.png,23,Both players are looking toward the hoop and the player in grey is in the process of shooting so the ball is most likely between his hand and the hoop.,B6
26.png,24,The basketball player in the red uniform with the number 3 on the back is jumping to make a shot. He is looking at the basket. The ball is likely in front of him going towards the basket. The location of the basket is roughly in column 6.,C5
26.png,25,"The player in the red jersey is jumping to block a shot. Based on the position of the players, the player in grey is shooting at the net. Therefore, the ball is most likely in front of him, near the net.",C6
26.png,26,"The red player is in the act of shooting or attempting a layup. The grey player is contesting the shot. Based on this the ball will be somewhere between them and the net. My best guess is that it is still in the hand of the red player, close to the net.",C6
26.png,27,The player in the middle is shooting the ball. Therefore the ball is likely located between his hands and the basket.,C5
26.png,28,"The player in red (Player 3) is jumping and reaching his arm out towards the basket. The player in grey seems to be guarding him, also looking towards the basket. This suggests Player 3 is either shooting or attempting to pass near the basket. Given the jumping motion of the red player, it is more likely he is shooting, meaning the ball is near the basket, somewhere around C5/C6.",C5
26.png,29,"Given the position of the players, they are likely trying to score the basketball. The ball is most likely in the air towards the basketball hoop.",B6
26.png,30,"The player in red jersey with the number 3 is jumping towards the basket. The grey jersey player near him is reaching towards the hoop. Therefore, the ball is most likely in the air near the basket in cell D6.",D6
26.png,31,"The player in the red jersey in cell 4 is in the middle of shooting or trying to dunk. The player in the grey jersey in cell 5 is jumping to potentially block. Given their positions, the ball is most likely in the area between them and heading towards the basket.",C5
26.png,32,The ball is most likely between the two players in the air and on track to the basket. A player is also jumping to catch it.,D5
26.png,33,The player in the red jersey in grid cell 4 is in the middle of a jump shot. The ball would be in between his hands and on an upward trajectory to the hoop.,C5
26.png,34,"The player in the grey jersey in cell E5 is in the action of a jump shot, suggesting he's released the ball. Therefore, it is likely the ball is located around the hoop.",B6
26.png,35,"The player in the red jersey in cell 4 is in mid-air and looking at the basket, as is the player in the gray jersey in cell 5. It would be a reasonable assumption that the ball is located between them, near the basket in area B5 or C5.",C5
26.png,36,"The basketball player in the red uniform at position 4 looks to be leaping up and aiming for the basket, so I would estimate the ball is in the vicinity of that location.",C5
26.png,37,"The player in the grey jersey in square D5 is in the middle of shooting the ball. He is looking at the hoop, so it is most likely the ball is in the air in square C6 near the basket.",C6
26.png,38,"The ball is likely to be in between the player in red and the player in grey with pink shoes in grid cell E5 because that is where their hands are pointed, suggesting it has just been passed or shot.",E5
26.png,39,"Given the player positions and the context of basketball, it's likely the player in red is jumping to shoot the ball towards the basket. Therefore, the ball would be between the player in red (around cell C4) and the basket (around cell A6).",C5
26.png,40,"The ball is most likely above the player in grid cell 5, as that player is reaching up towards the basketball hoop.",D5
26.png,41,The ball is likely in the hands of the player at cell 5 as he is looking towards the hoop and is in a shooting motion.,D5
26.png,42,"The player in the grey jersey in grid 5 is extending their arm towards the hoop, while the red jerseyed player in grid 4 is leaping towards the hoop. The ball is likely in the air between the two, on its way towards the basket.",D5
26.png,43,The ball is likely between the two players at the top of the key as the player in red is attempting to shoot. It is probably close to the shooter.,D5
26.png,44,"The ball is most likely in the vicinity of the player who is jumping and reaching for the hoop, which is located in cell D5.",D5
26.png,45,The ball is likely near the player in the middle who is jumping as if to block a shot. It is likely somewhere above him and between him and the basket.,C5
26.png,46,The ball is most likely located near the rim of the basketball hoop since the player in red is jumping to make a shot.,B5
26.png,47,"Given the position of the player in cell D5, who is in the middle of a jump shot, the ball is likely to be in the air between his hands and the basket.",C5
26.png,48,"Given that two players are jumping near the basket, it is likely the ball is near the top of the basket.",B6
26.png,49,"The player in the red uniform is in the middle of a jump shot and the player in the grey uniform is defending the shot. Thus, the ball is most likely in the process of being shot toward the basket, somewhere between the shooter's hands and the rim.",C5
26.png,50,"The player in red is shooting, and the other player is trying to block. Therefore, the ball is most likely in the air, between them and towards the hoop.",C5
18.png,1,Based on the position of the arms of the players in cells B1 and B3 the ball is likely between them in cell C2 or C3.,C2
18.png,2,"Based on the position of the players with their arms up, and also looking at the player to the right with an awaiting position, the ball is likely in the air in the area directly in front of them, in the D3 area.",D3
18.png,3,"The ball is likely between the two players who are contesting a shot near the left of the image. Based on their arm positions and general basketball movement, it's probably in the upper area of where they are, likely above their heads.",B2
18.png,4,"The ball is likely somewhere near the player in red (Blaney), who is jumping. The player (Ben) with the ball is likely attempting to pass the ball over Blaney. So the ball is likely between those players.",C2
18.png,5,"The two players in the left of the image are jumping, as if they are contesting a shot. Both of them are looking upwards, so it is most likely that the ball is located above them. The player in the white jersey is slightly positioned to the left of the player in the red jersey, so it is likely that the ball is above the player in the white jersey. I'd guess the ball is located in grid cell B2 or C2. I'll choose C2 for now.",C2
18.png,6,"The players in grid cell 2 and 3 are attempting to block the ball. Based on the players arm position, the ball is likely located between their hands.",C3
18.png,7,"The two players in A1 are looking up and have their hands raised as if they are attempting to get a ball. They are located between grid cells B2 and C3, so I would assume the ball is somewhere in the vicinity in that region.",B2
18.png,8,"The two players in the left of the image are jumping up, it is likely that the ball is between them. The ball should be near the line D2.",D2
18.png,9,"The two players in the red jersey are jumping towards the basket in the area of C2-C3, as if going for a rebound.
The location of their hands are also suggesting that the ball is likely above them.",C3
18.png,10,"The players in grid cells B1-B3 are contesting a shot, the ball is likely in this area. Player number 7 is looking upwards towards cell C2, which further suggests the ball is in that vicinity.",C2
18.png,11,"Player 7 is jumping towards the basket with their hands up, and Player Blaney is defending. This is most likely an attempt to make a shot. The most likely place for the ball is in the top of their reach, which is located in square C2 or C3.",C2
18.png,12,"The ball is likely between the two players attempting a block. The player on the left (number 7) is looking slightly upwards, and the player on the right (number 1) has his arms extended upwards as if attempting to block a shot. This means the ball is somewhere around grid cell C2.",C2
18.png,13,"The two players on the left are in a rebounding position, suggesting a shot has been taken. Their arms are both raised, with the player on the right almost in a jumping position. The player in square 7 seems to be in the process of dribbling. Because the two players on the left are closest to the basket, I can assume the shot was taken close to where they are standing.",B3
18.png,14,"The players in grid square 2 and 3 are jumping towards the hoop. The ball would need to be at their height for them to catch and block. So, the ball is likely in grid D2/3. I will choose D3.",D3
18.png,15,The two players in the left are in the air contesting a shot. It's most likely the ball is in between their hands at the top of their jump.,C3
18.png,16,"The player wearing the white jersey and number 7 is in the process of shooting, based on his pose and the positioning of his hands. Given this, the ball is likely located at the top of his shooting motion. I'll assume that he is in the middle of the action.",C2
18.png,17,"The player with the number 7 has their hands up as if contesting a shot, while the player marked ""Blaney"" is going for a shot. Therefore it is likely the ball is above the hands of Blaney in grid C3.",C3
18.png,18,"Two players in the red shirts are likely trying to get the ball for a rebound, so it is likely to be above them.",C3
18.png,19,The players in cells B2 and B3 are jumping up. They both have their hands up as if reaching for a ball.,B2
18.png,20,"The two players on the left of the image are contesting a shot. Given their arm positions, the ball is most likely between them, near the top of their hands.",C3
18.png,21,"The two players on the left of the image are contesting for the ball in the air. Considering their positions and posture, it's likely that the ball is currently located between them, slightly higher than their heads.",C2
18.png,22,"Based on the position of the players in the image, specifically the two players on the left who are reaching up towards the basket, it is likely that they are trying to catch or block the ball. Therefore, the ball is most likely located in grid cell C2 or C3.",C2
18.png,23,"The two players on the left side of the image are both looking upwards, the ball is likely in the air between them. The player in grid cell G7 is looking down towards the ground, the player in grid cell D9 is looking forward. The ball is most likely in the air near the two players on the left side of the image.",C2
18.png,24,"The player in white labeled ""7"" and the player in red labeled ""1"" are both looking up and appear to be contesting a shot. It is likely the ball is above them, in the area where their hands are reaching.",C3
18.png,25,"The two players on the left are both reaching upwards, as if attempting to catch or block a ball. I predict the ball is between them somewhere, most likely above their hands.",C3
18.png,26,"The two players on the left are trying to block the shot of the player in red. He would be shooting in the basket to the right of him. The ball is most likely at the height of these players, in line with the basket.",C3
18.png,27,The two players on the left side of the image are jumping up to block/contest a shot. The player on the right is in a defensive stance with his hands out ready to play defense. The ball is most likely in the air between the 2 players.,C3
18.png,28,"The player on the left labelled ""Ben"" is looking upwards and has his hands in a shooting position. The player labelled ""Blaney"" is jumping to contest the shot. Therefore, the ball is most likely located in the air between these two players.",C3
18.png,29,The player in position 7 is in the 'ready to receive a pass' position. The player on the right side of the image also seems to be paying attention towards the centre left of the image. The player near grid cell 3 appears to be taking a shot.,C3
18.png,30,"The player in the red jersey (Blamey) and the player wearing number 7 are both focused and reaching their hands upwards, indicating that the ball is likely between them and above their heads. The player in the red jersey (Blamey) has jumped and reached his hands upward.",C3
18.png,31,"The players in cells A1-D3 are facing upwards as if going for a rebound or attempting to block a shot. Given their body positions, it is highly probable the ball is above them.",C2
18.png,32,"The players on the left are positioned to rebound, and the player in red is in the air shooting, so the ball must be somewhere near the basket.",C3
18.png,33,"The two players on the left are jumping for the ball. Given their positions and the height of their arms, it is likely that the ball is above their hands.",C2
18.png,34,"The two players in cells 2 and 3 are both reaching up with their hands as if to block or grab a basketball. Therefore, the ball is likely located in the space between the outstretched hands.",C2
18.png,35,"The players in cells A1, A2, A3 are all reaching up into the air, presumably to get a basketball. Also, judging by the position of their hands, the basketball must be somewhere in their general vicinity.",B2
18.png,36,The two players on the left are reaching up to block a shot. The player on the right is in a basketball stance to guard his opponent. All three players have their eyes focused on the area above their heads.,C2
18.png,37,"The player wearing number 7 appears to be attempting a shot, while the opposing player is trying to block it. Based on their positioning and where they're looking, it's likely the ball was just above their hands, near the basket.",C3
18.png,38,The two players in the center of the image are looking down and towards the center. The player in red on the right is also looking down. It is likely the ball is in that area.,E7
18.png,39,"The two players on the left are contesting a shot, so the ball is likely at the height of their hands. The player on the left is looking towards the basket which is slightly toward the right. Therefore, the ball is likely located at D3.",D3
18.png,40,"Based on the positions of the two players on the left (#7 and #1) who seem to be contesting a shot, it is highly likely that the ball would be around the height of their extended arms. That area is likely between cells B2 and C2. However, based on the direction the player #7 is looking, the location may be slightly offset to the right.",C2
18.png,41,The two players in the 2nd and 3rd column are in the middle of a jump ball. It is likely the ball is just above their hands.,C3
18.png,42,"The two players on the left are jumping near the basket, so it is likely that one of them shot the ball. Therefore the ball will be located above their heads in the area of C2/C3.",C3
18.png,43,The two players in the left of the image seem to be competing for the ball. Therefore the ball should be located between the two players and also higher than the head of the taller player.,B2
18.png,44,"The two players on the left are reaching upwards, likely contesting a shot. Considering their position, the ball would likely be in the space between them and above their heads.",B2
18.png,45,"The two players on the left are going up for a rebound/block so the ball would be in that area. Given the players' positions and upward reach, it's likely in the D2-D3 area.",D3
18.png,46,"The two players on the left are in a rebounding position, jumping with their hands up. It is likely the ball is near the hoop, which would be above their outstretched hands. The player on the right with number 7 is looking in that direction as well.",C3
18.png,47,"The two players in cells B2 and B3 are looking upwards with their arms raised, suggesting that they are trying to block or catch a ball. The ball is most likely located in the area above their heads.",C2
18.png,48,"The player in position 2 is jumping, presumably for a rebound or to block a shot. The other player in position 3 is also jumping, trying to score a basket. I would expect the ball to be at the highest point of their jump.",C3
18.png,49,"The two players on the left (one in white and one in red) appear to be contesting a shot, as both have their hands up high. I would therefore place the ball somewhere above their hands in the range of cells B2/B3.",B2
18.png,50,The two players in the left seem to be fighting for the ball in the air. Their hands are near each other in grid cell C2 and C3.,C2
30.png,1,The player on the left is in a position suggesting he is dribbling the ball. His eyes are looking downward. It is likely the ball is near his right hand on the ground.,E4
30.png,2,"Given the positions of the two players in the image, it is most likely that the ball is in the space between the two players at about knee height.",E6
30.png,3,"Both players are looking towards each other, and they are in a defensive stance. The ball would most likely be in the space between them.",E6
30.png,4,"The player on the left appears to be dribbling the ball, judging by his bent posture and position of his hands. The ball is therefore likely in front of him near the ground.",E4
30.png,5,"The player in the red jersey appears to be driving toward the basket, likely dribbling the ball with his right hand. His body positioning suggests that he is in the process of dribbling the ball. The player in the white jersey appears to be on defense.",E5
30.png,6,"The player in the red uniform is in a dribbling stance, meaning he would likely have the ball near his hands while dribbling, which is about a foot in front of his body. Given this information, the basketball is most likely located around E4.",E4
30.png,7,"The two players seem to be in a face-off, with the player on the left about to pass the ball. The ball is likely located somewhere between them.",E5
30.png,8,"Based on the body positions of the two players, they seem to be in a guarding situation. The player from España is likely trying to get past the player in white with the ball. Therefore the ball is likely to be around the location of D6.",D6
30.png,9,"The player on the left is likely dribbling the ball. His right hand is moving downwards, which suggests he's just bounced the ball. The ball is most likely just off his right hip.",E5
30.png,10,"Both players are facing each other in a dribbling position. I would expect the ball to be between their hands, closer to the player on the right (white jersey).",E6
30.png,11,"The two players are facing each other as if they are in a one-on-one situation. The player on the left is dribbling the ball, which is located between his legs near the ground.",E5
30.png,12,"Both players are looking down at the court. Given their stance, the ball is likely on the court between them.",E5
30.png,13,"Given the proximity of the two players and the orientation of their bodies, the ball is likely somewhere between them, lower to the ground near the player with the red shoes on the right. The player on the right is looking down as well, which suggests the ball is in that area.",E7
30.png,14,"The two players are facing each other in a defensive position, and the ball is likely to be between them, closer to the player on the right, Dusan Bulut, as he seems to be in a more active stance.",E6
30.png,15,"The basketball players are looking at each other with arms in a position of defense, it is likely the ball is in between them, closer to the player on the right.",F6
30.png,16,"The player in red is in a stance indicative of dribbling. The player in white is guarding him. The ball is therefore likely located between the two players, slightly closer to the red player and at the dribbling height.",E5
30.png,17,"The two players are facing each other in a defensive stance, so it is highly likely that the ball is somewhere between them. Given the positioning of the two players' arms, it is most likely between cells E5 and E6. Based on the angle and position, E5 seems slightly more likely.",E5
30.png,18,"The two players are facing each other in a defensive position. It would be logical that the ball would be between the two players in the D5/E5 grid. Considering the position of the players' hands and arms and also their gaze, the ball is likely to be closer to the player in the white jersey rather than the player in the red jersey.",E6
30.png,19,"The ball is likely located between the two players, closer to the ground, in the space where they are looking. The player on the left is facing the player on the right. Based on the position of their legs and hands, the ball is likely in the region near their feet.",E5
30.png,20,"The player on the left is in a dribbling stance, suggesting the ball is on the ground near him.",E4
30.png,21,"The player in the red jersey is likely dribbling with his right hand. The ball is most likely around his right knee, which is located in grid cell E4.",E4
30.png,22,"Both players are looking down near their feet, suggesting the ball is on the ground between them. The position of their hands also confirms this. Given their stances, the ball is likely to be slightly closer to the player in white.",E6
30.png,23,"The ball is likely between the two players, closer to the player in the red jersey. The players are looking at each other, so the ball is likely in their line of sight.",E5
30.png,24,"Based on the position of the players, it is most likely that the ball is between the two players but slightly towards the player in the red jersey.",E5
30.png,25,"The player on the left is looking downwards, as is the player on the right. Both are looking to the area close to their feet.",E6
30.png,26,"The two players are facing each other. The player from ""Espana"" is on the left, and the player from the other team is on the right. The players look like they're both in a stance, as if ready to receive a pass or dribble the ball. Given their positions, the ball is most likely near their hands, within a short reach.",E5
30.png,27,"Given the proximity of the two players, it is most likely near the feet of either player, but it is more likely that the player on the right has the ball because his body and head seem to be focused on what is in front of him and between the two players.",E6
30.png,28,"Given the positioning of the two players, with the player on the left in a dribbling stance and the defender on the right guarding him, the ball is most likely close to the player on the left. Based on this, the ball is likely near grid cell E4 or E5. Given the angle of the player's body, the ball is most likely directly in front of him, which is around cell E4.",E4
30.png,29,"Based on the positions and the look of the players, the ball is most likely between them, closer to the ground and between their legs. Therefore, the ball is most likely in cell E5.",E5
30.png,30,"Based on the position of the two players, the ball is likely to be in the space between them, a little closer to the player on the right.",E6
30.png,31,"The player in red is dribbling the ball, judging from the way he is looking down and his hand position. Therefore, the ball should be near his hand, which puts the location around D4 or E4.",E4
30.png,32,The player on the left is looking down and the angle of his hand suggests he is dribbling the ball.,E4
30.png,33,"The ball is most likely near the hand of the defender in white, Dusan Bulut, as he's positioned to guard and possibly dribble.",E6
30.png,34,Both players are looking down at the ground between them and are in a defensive or dribbling stance. This suggests the ball is most likely at their feet and central to them.,E6
30.png,35,"The two players are facing each other, with their arms in a position suggesting they are guarding each other. The location of ""DUSAN BULUT"" is a red herring. The ball is most likely between the two players.",E6
30.png,36,"Given that both players are looking toward each other and are in an active stance, it is most likely that the ball is located somewhere between them. Since the player on the left is driving the ball toward the right, the ball is most likely to be close to the ground and located on the right side of the player on the left. This would place the ball in location E5 or E6.",E5
30.png,37,"The two players are facing each other in a defensive stance. Based on their posture, the ball is most likely located in between the two players at a low level.",E6
30.png,38,"Based on the positions of the players, especially their hand positions and the way they are oriented towards each other, the ball is most likely located between them, closer to the ground. Specifically, the player in the white jersey is likely dribbling the ball.",E6
30.png,39,"Given the two players' positions and stances, the ball is likely being dribbled or passed between them. Therefore, the ball is most likely located on the court between the two players, closer to the ground. Considering the overall balance and spacing of the image, cell E5 is the most likely location.",E5
30.png,40,"The two players are facing each other in a one-on-one position. The player in red is dribbling the ball with his left hand, so it's most likely in that vicinity.",E4
30.png,41,"The two players are facing each other and in a defensive position, it is likely that the ball is located close to the ground between them.",E6
30.png,42,"The ball is likely being dribbled by the player on the right. Given the position of his hands and his stance, the ball is most likely on the ground in front of him.",E7
30.png,43,Both players are focused on the area between them. The defender has his hands positioned as though guarding an imminent dribble.,E6
30.png,44,"The two players are facing each other. The player on the left is dribbling the ball as he is about to make a move. Therefore, the ball must be close to him.",E4
30.png,45,"Given the proximity of both players and their body language, the ball is likely located between them, closer to the ground. The ""Dusan Bulut"" text on the screen can also serve as a reference point.",E6
30.png,46,"The ball is most likely located between the two players, near the Dusan Bulut text. The player from ""Espana"" is likely in the act of dribbling the ball or is guarding the other player.",E6
30.png,47,The player in red is looking towards the center of the court and is in a position to dribble or pass the ball. The player in white is guarding him. So the ball would be around the hand of the player in red.,E5
30.png,48,"The player in the red uniform is dribbling the ball. The ball is likely near his hands, close to the ground.",E4
30.png,49,"The two players are facing each other, the player on the left is dribbling, so the ball must be near his right hand, which is close to grid cell E5.",E5
30.png,50,Both players are in a defensive stance with knees bent and hands ready. The player in red is dribbling the ball so it must be on the ground in front of him.,E4
24.png,1,"The ball is most likely being contested between the player in the green jersey and the player in the red jersey. Considering their position and the height of their arms, the ball is most likely in cell C4.",C4
24.png,2,"The two players at the center of the image are reaching up for the ball, suggesting it's located between them. Given their positions and the angle of their arms, the ball is likely positioned somewhere between C3 and C4.",C3
24.png,3,The basketball is likely located in front of the basketball players that are going for the rebound. The player with the number 7 has already launched the ball to the basket.,C4
24.png,4,"The player on the green team appears to be reaching up to contest a shot, and the player on the red team closest to her is also reaching upward. Therefore, the ball is most likely located above them.",C4
24.png,5,"Given the position of the players and their line of sight, the ball is likely being passed to the player in grid cell 7-8, and is likely in the air between the player with number 7 and the basket.",C6
24.png,6,"The player in cell C6 is extending her arms upwards as if releasing the ball, so the ball is likely somewhere above her hands. Since she is angled toward the right, the ball is most likely somewhere in D7, above her hand.",D7
24.png,7,"Two players are reaching up to block a shot, so the ball is likely to be at the height of their outstretched arms. The player in the white uniform with the number 7 on their jersey is in a shooting position, so the ball is likely to be close to their arm.",C4
24.png,8,"The player in position 6 seems to be throwing the ball, so the ball is likely to be in her trajectory. It seems she is throwing it towards the person sitting on the bench.",C7
24.png,9,"The two players in the middle are contesting for the ball, jumping in the air with their hands up. It is likely the ball is in the space above them.",C4
24.png,10,"The player in the white uniform and number 7 on her back is in the motion of releasing a ball, so it is likely in front of her. Additionally, the woman in green number 34 is looking at the same location. I predict the ball is near D7.",D7
24.png,11,"The ball is likely located between the two players contesting it, somewhere near the top of their reach. Based on the pose of the player in the red uniform and the player in the green uniform, the ball is likely in cell C4.",C4
24.png,12,The ball is most likely located in the region of the two players in the center that are battling for position. The player in the white jersey is reaching up as if to grab the ball.,C4
24.png,13,"The player on the right with number 7 is looking towards the left and looks like she has just passed the ball. The player in the green/yellow jersey is also looking up, probably for the ball. The ball is most likely somewhere in the region where those two players are.",C5
24.png,14,"The two players in the center are reaching up toward each other, suggesting the ball is between them at a high level.",B4
24.png,15,"The woman in white is reaching upwards, so the ball must be above her reach, in the area between her, her teammate, and the defender. The ball is likely in the area of grid cell C4.",C4
24.png,16,"The player with the number 7 on her jersey seems to have just released the ball. Based on her arm position and the angle of her arm, it's likely the ball is in the C7 cell.",C7
24.png,17,"Based on the positioning of the players who are near the net and the trajectory of player 7's arm, the ball is most likely in the air around grid cell C4.",C4
24.png,18,"The ball is likely in the air between the two players contesting the ball in the area of grid cells C3, C4, B3 or B4. Given the position of the arms and hands I would assume it would be in C4.",C4
24.png,19,"The player in cell C6 is looking up and has her arm outstretched, as if releasing the ball. The two players in cells B3 and B4 are both looking upward and appear to be jumping for a rebound or to block the shot. The most likely location of the ball would be somewhere above them, probably in cell B4.",B4
24.png,20,"The woman in the green uniform is positioned near the basket. The woman in the white uniform is looking at her teammate, as well as has her arms outstretched in the direction of her teammate, presumably to make a pass. It is likely that the ball is on it's way to the woman in the green uniform.",D8
24.png,21,"The player with number 7 is looking and has her arms extended toward the basket, likely having just released the ball. The ball would therefore be in the vicinity of the hoop.",C7
24.png,22,"The player wearing #7 has just released the ball, so it would be near the end of their reach. The other players are also clustered around that area.",C6
24.png,23,"The woman on the right (wearing number 7) is looking upwards with her arm extended, suggesting that she has either just thrown the ball or is about to catch the ball. Considering she is throwing the ball, the ball is likely just above her hands.",C7
24.png,24,"Based on the body language of the players, specifically the player in the green jersey reaching up and the player in the red jersey near her, it's likely the ball was in the area between them at the top of their reach. Also, the arc motion by the other red jersey player suggests the ball could be in C6",C4
24.png,25,The basketball is most likely located at the top of the players who are trying to get the ball. The position and line of sight of the players makes C4 the most probable location of the ball.,C4
24.png,26,The ball is likely in the air above the two players near the middle of the frame. Given the position of the hands of the players it is likely above them.,C4
24.png,27,"The player in white with the number 7 is likely passing or shooting. The player in green in cell E2-E3 is looking up and to the right, in the direction of the player in white and the basket. The other players are also positioned around the basket, suggesting the ball is heading toward that area. The ball is likely located in the vicinity of C5-D5.",D4
24.png,28,"The two players on the left are reaching upward near cell C3 and C4, indicating they are trying to get the ball. The player on the right is throwing the ball so that is most likely NOT where the ball is currently.",C3
24.png,29,"The two players in the center are reaching up, battling for the ball. It is likely located in the space between them.",B4
24.png,30,"The player in cell C3 is actively contesting the ball, and the player in cell B4 is jumping to try to get the ball. The ball is likely in between them and a bit above their heads.",B4
24.png,31,"The player in the green jersey is contesting the player in the white jersey with number 7. The player with number 7 is extending her arms, probably indicating that the ball was just released. Judging from their positions and actions, it is likely that the ball was between the contesting players but higher up.",C4
24.png,32,"The player on the right with number 7 on her jersey is pointing/passing the ball to the player on the bottom right with number 34 on her jersey. I think that the ball is in between them, maybe in cell E7.",E7
24.png,33,"Based on the positions and the upward reaching arms of the players in the left-center of the image, the ball is likely located in the air above their heads.",C4
24.png,34,"The ball is most likely being contested between the two players in cells B3, B4, C3, and C4. It's difficult to tell exactly where in that area it would be, but based on the upward reach of the arms, it would be around the B3-C4 area.",C4
24.png,35,"Given the positions of the players that are close to the basket, and the player in the white jersey (#7) looks like they just released the ball, the ball would likely be somewhere in C4/C5 range.",C4
24.png,36,"The two players in the middle are reaching up, suggesting they are trying to catch a ball. Their arms are stretched towards the upper part of grid C4.",C4
24.png,37,"The ball is likely near the top of the players who are contesting the ball. The hand position of the woman in white suggests she is reaching up for the ball. Thus, the ball is likely located in cell C4.",C4
24.png,38,"The woman on the right with the number 7 on her jersey is throwing the ball towards the woman in the green jersey near cell E8. The woman with the number 7 on her jersey is also gesturing towards that direction. Therefore, it is most likely that the ball is located within the cell of the woman with the green jersey, which is near the bottom right corner.",E8
24.png,39,The player in the green uniform and the player in the white uniform are both jumping as if they are trying to catch a ball near the basket. Therefore it is likely that the ball is in the area in the middle of the two jumping players.,C4
24.png,40,"The basketball player with the number 7 on her jersey is reaching her arm out as if she just shot the basketball or is attempting a shot. The direction of her reach and the angle of her hand suggest the ball would be somewhere near the top of the basket, so around cell C6.",C6
24.png,41,"The player in the white jersey with number 7 on it is throwing the ball. Based on the angle of her arm and where she is looking, she is likely passing the ball to the player in the green jersey.",C7
24.png,42,"The ball is likely in the upper portion of the image, between the two players contesting possession. The player in the green uniform is jumping to block, and the player in white uniform appears to be reaching for the ball at the top of her jump. Based on their arm positions and body language, the ball should be in the cell where their hands almost meet.",B4
24.png,43,"The players in the green jerseys (3 and 4) appear to be contesting for a rebound against the player in the white jersey at grid cell 4. Given their positions and body language, the ball is likely around D4, near the player's hands.",D4
24.png,44,"The players in cells B3 and B4 are reaching upwards, as if to catch a ball. The ball would likely be slightly above their hands, so the ball would likely be located in A3 or A4. Since B4 is higher, the ball is more likely to be in A4.",A4
24.png,45,The player in the green jersey is reaching up and contesting the other player who has the ball close to their hands above their head.,C4
24.png,46,"The player in cell C6 is likely passing the ball to the player in cell F8, therefore the ball is likely in the area of cell D7.",D7
24.png,47,The player in the green jersey in cell C3 and the player in the white jersey in cell C4 are contesting for the ball. It's likely in that area.,C4
24.png,48,"The two players on the left are reaching up and contesting for the ball, so the ball is likely to be above them in the C3/B3 area.",C3
24.png,49,"The two players in cells C3, C4 are contesting for the ball. The player in C6 is raising his arms to receive the ball in C5 or C6.",C4
24.png,50,"The player in the green jersey appears to be contesting a shot from the player in the red jersey with number 7. The other players are positioned in such a way that the most likely spot for the ball is near the basket, above and between the contesting players. Thus, the ball is likely located in cell C4.",C4
25.png,1,The most probable location of the ball is between player 7 and 1 in the middle of the frame. It would be on the ground bouncing between them.,F6
25.png,2,"Based on the position of the players and the fact that the player in red looks to be dribbling, the ball is most likely located around F6.",F6
25.png,3,"The ball is most likely between the two players in the center of the image. The two players are moving towards each other, so the ball is likely between them. Based on the position of their hands and bodies, the most likely location is F6.",F6
25.png,4,"Based on the positions of the players, particularly the player in red about to dribble, the ball is likely near the floor, specifically around grid cell F6.",F6
25.png,5,"Considering the position of the players and the direction they are moving, as well as the general flow of a basketball game, the ball is most likely between the two players facing each other. Player 1 is dribbling the ball and Player 7 is guarding him.",E6
25.png,6,"The player in red (Singapore) is dribbling the ball. Based on his dribbling motion, the ball is likely on the ground right in front of him.",F6
25.png,7,"The ball is most likely located between the two players, closer to the player in red and near his hands/knees as he appears to be dribbling.",F6
25.png,8,"Based on the players' positions, especially the position of the player in red (number 1), the ball is most likely in the space directly in front of him and on the ground, in cell F6.",F6
25.png,9,"The player in red is dribbling. The ball is most likely to be near his hands and around knee height. This places the ball in the grid cell E6/F6. The ball must be closer to the player in red, and based on the angle it is most likely in E6.",E6
25.png,10,"Based on the positions of the players, it's most likely the ball is being dribbled by the player in the red jersey, numbered 1. Therefore the ball will be near that player's hand and at ground level.",F6
25.png,11,"Based on the positions of the two main players in the foreground, it is most likely that the ball is between them. The player on the right is looking towards the other player's direction so it is likely the ball is in front of him.",F6
25.png,12,"The player in the red jersey looks like he is dribbling the ball, and his right hand is at approximately his knee level, implying the ball would be between his hand and the court.",F6
25.png,13,"Considering the players' positions and the general flow of basketball gameplay, the ball is most likely in the possession of the player in the red jersey, dribbling the ball.",F6
25.png,14,"The player with the number 1 on his shirt is dribbling the ball, so it should be near him on the ground.",F6
25.png,15,The player in red (#1) appears to be dribbling the ball. The ball is most likely at their hand level.,F6
25.png,16,The ball is likely located between the two players in the center of the image. The player on the right is looking down and has their hand low as if dribbling the ball. The player on the left is in a defensive position which would imply they are guarding the ball.,F6
25.png,17,"The ball is likely in possession of the player wearing number 1, so the ball is probably near their feet in the area E6.",E6
25.png,18,"The player in the red jersey (number 1) appears to be dribbling the ball. The ball would be near his right hand, which is in grid cell F6.",F6
25.png,19,"The basketball player in the red jersey is dribbling the ball with his right hand, so the ball is likely in the F6 grid.",F6
25.png,20,"The player in red is likely dribbling the ball. It's probably between his legs, close to the ground.",F6
25.png,21,"Given the proximity of players 7 and 1, it's highly likely the ball is close to them, likely between or in front of them as the two players seem to be facing each other.",F6
25.png,22,The player in the red jersey (Singapore #5) is dribbling the ball. He is currently located in grid cell I5. Therefore the ball is most likely located in F6.,F6
25.png,23,"The player with number 1 on his jersey is likely dribbling the ball. Thus, the ball is probably located on the ground in front of him.",F6
25.png,24,"Given the positions of the players, it is likely that the ball is near the player on the left who is wearing the number 7.",E5
25.png,25,"The player in red number 1 seems to be dribbling the ball. Given the position of his hands, and his overall stance, the ball is likely at the level of his knees.",F6
25.png,26,"Given the position of the players and the angle of the player on the right dribbling the ball, it is most likely on the floor near his hands.",E6
25.png,27,"The basketball player in red is dribbling. It makes sense that the ball is near him, and the angle of his body is pointing near cell F7.",F7
25.png,28,"Based on the posture of the two players in the foreground, the ball is likely located around them. In particular, the player in red seems to be dribbling the ball and is looking down.",F6
25.png,29,"Based on the positions of the players, the ball is likely located between the two players in red and white. The player in red is likely dribbling the ball. Thus the location should be between the legs of both players.",F6
25.png,30,"The ball is likely near the player in red since he appears to be dribbling. More specifically, it is close to his right hand.",F6
25.png,31,"The two players in the front are facing each other, and their positions are such that they are likely contesting for the ball. The ball is likely near their hands, which are close to the ground. Therefore, the ball is most likely in the region between these players, near the ground.",F6
25.png,32,"The ball is likely near the player in red, who is positioned in cells F6-F7. This is because the opponent appears to be on defense.",F6
25.png,33,"Based on the positions of the players, it appears the ball is likely near the ground as the players are dribbling. The red player is dribbling the ball, so it's likely around his hand. Thus, the ball is most likely in cell F6.",F6
25.png,34,"The two players in the middle of the image, identified by their jersey numbers 7 and 1, are in close proximity. The player wearing jersey number 1 seems to be dribbling the ball or protecting it. Based on the player's posture and the position of their hands, it is likely that the ball is located near their feet.",F6
25.png,35,"Based on the players' positions and the nature of basketball games, the ball is most likely near the player with the red jersey (labeled 1 in the image). This player appears to be dribbling the ball, making F6 the most probable location.",F6
25.png,36,"The ball is likely in the possession of the player in red. He is dribbling with his right hand, so the ball should be in the D6/E6 area.",E6
25.png,37,"The player in red jersey #1 is looking down and towards his right hand, which is in position to dribble the ball.",F6
25.png,38,The ball is most likely in front of the player in red (number 1). He seems to be dribbling the ball at the moment the picture was taken.,F6
25.png,39,"The player in red is dribbling the ball. Based on his position and the placement of his hand, the ball is likely located near his feet in front of him.",F6
25.png,40,"The player in the red jersey is looking down in the direction of the ball. He appears to be guarding the player in the white jersey. Based on their positions, the ball is most likely in front of the player in red and low to the ground.",F6
25.png,41,"The ball is most likely located between the two players, closer to the player with the number 1 on his shirt. The player with the number 7 on his shirt is looking in that direction.",F6
25.png,42,"The player in red (labeled 1) is likely dribbling the ball in front of him, around cell F6.",F6
25.png,43,"The ball is most likely located between the two players in red and white jerseys. Given their stance and proximity, it's likely on the ground, near the player in the red jersey.",F6
25.png,44,"The player in red (presumably dribbling) in grid cell 6 is low to the ground, indicating the ball is likely near his hands. His right arm is bent, which suggests the ball is low and in front of him.",F6
25.png,45,"The players are in a basketball game and close to each other, implying a possible dribbling motion. I infer the ball is near the ground around cell E6.",E6
25.png,46,"The player in the red jersey, number 1, is likely dribbling the ball. His position and body language indicate he's close to the ball.",F6
25.png,47,"The player in red #1, appears to be dribbling the ball. Based on his posture and the angle of his body, the ball is likely between his legs and hand, bouncing on the ground.",F6
25.png,48,"The red player (with number 1) in grid square 6 seems to be dribbling the ball at that moment, so the ball is most likely between the legs near to the ground.",F6
25.png,49,"The ball is likely in the possession of the player in red uniform. It is likely on the ground near his right hand, which would put it close to his right foot.",F6
25.png,50,"The ball is most likely near the player in the red jersey dribbling the ball in grid cells F6. This is based on the assumption the game is in play and the red-jersey player is driving to the basket, the ball is likely being dribbled in front of the player.",F6
31.png,1,"Considering the position of the players, especially the player in orange, the ball is most likely in his possession or about to be passed/shot. Considering the height the ball is likely at, and that the man in orange has a slightly lower position than the man in grey to the left of him, the ball is likely between them and in a slightly lower position, so around D5.",D5
31.png,2,The general direction of movement of the players and their positioning relative to each other suggests the ball may have been in the middle of players in D4 and D6.,D5
31.png,3,"Looking at the position of the players, the most likely location for the ball is in the vicinity of the player in the light grey top (number 3).",E6
31.png,4,"Given the position of the players, the ball is likely located between the player with number 3 and the player with number 7.",E6
31.png,5,"The basketball player in orange is likely dribbling the ball. The basketball player in orange is in position 7E, therefore the ball is likely in cell 7E.",E7
31.png,6,"Based on the players' positions and movements, the ball is likely located around cell E4. The player in orange is positioned as if they are dribbling or about to take a shot.",E4
31.png,7,"The player in the red jersey (closest to cell 7) appears to be dribbling or in the process of making a move with the ball. It is probably located between his legs, in the space right ahead of him or a little to the side. This is mostly in squares E7 and D7, but seems slightly more likely to be D7.",D7
31.png,8,"Given the position of the players and the fact that they are looking at the ball, the ball is most likely between the two closest players who are running to the right. It looks like the ball will be above and slightly in front of the player with number 3 who is in grid 6.",E6
31.png,9,"The player in the orange jersey (located around grid cell 7) appears to be in motion, likely having just passed or shot the ball. The other players are also moving, suggesting that the ball is in play. Given their positions and momentum, it is likely the ball is either going towards the hoop (A2), or being passed towards the player in cell 4. Considering the player's posture in cell 6, the ball is more likely in cell 4.",D4
31.png,10,"Based on the player positions and their running trajectories, the ball is most likely located between the players in the middle of the court and closer to the ground.",E5
31.png,11,"The player in orange is in motion and looks like he's dribbling. Based on the position of his hand in relation to the ground, the ball is likely in front of him, on the ground.",E7
31.png,12,"Given the positions of the players, it is most likely that the ball is near the ground between the player with number 3 and the player in the orange shirt.",E6
31.png,13,"Given the positions and motion of the players, the ball is likely to be between the player in the light shirt (with number 3) and the player in the orange shirt, a little closer to the player in the orange shirt. Considering their motion, it's probably in the area around cell F6.",F6
31.png,14,"The orange player (7-8) is running towards the basket (A1-A2), the player in (4-5) is also running towards the basket. Therefore it makes sense that the ball might be in-between them.",E3
31.png,15,"The player in the foreground has his hands in front of him, likely dribbling or passing. Based on the players position, the ball is likely at chest height in front of him.",D5
31.png,16,"The player in the orange jersey is in the middle of dribbling or moving the ball forward towards the hoop. The player is in the motion of moving towards the upper left, so it is likely the ball is in front of him bouncing or in his hands.",E7
31.png,17,"The ball is likely between the players in the middle of the image, specifically near the player wearing the number 3 in cell E6 or the space in cell E5 between the player wearing number 3 and the player wearing the orange jersey. It seems that the player wearing number 3 might be dribbling.",E6
31.png,18,"Based on the position of the players and the direction of their movement, the ball is most likely between the player with number 3 and the player with number 4, slightly towards the left of player 3.",E5
31.png,19,The player in the orange jersey in cell 7 seems to be moving towards the basket. Given the position of the players and their movements the ball is likely near the ground between cell 6 and 7.,E6
31.png,20,"The player on the left of the grid is likely running to receive the ball. The player in the middle of the grid is running to the right, potentially passing the ball ahead of him. The player on the right is also running to the right and is probably going to receive the ball. Based on these observations, the ball is likely located in cell F4, between the players who are running.",F4
31.png,21,"Considering the positions of the players, it's likely that the ball is being passed or dribbled by one of them. The player in cell 4 seems to be in the middle of an action, and I'll assume that it is being passed to the player in cell 6.",E5
31.png,22,"Based on the positions of the players, they are running towards the hoop.
I would predict that the ball is in a place between where all of them are running.
So somewhere around the middle of the court near the ground.",E5
31.png,23,"Given the positions of the players and the direction they are running, it's likely that the ball is between the player in grid cell 6 and the player in grid cell 4, between them and the basket, the grid cell closest is D5.",D5
31.png,24,"Based on the positions and directions of the players, it seems likely that the ball is in the vicinity of the player in the gray jersey, possibly near his waist as he advances. The player in the red jersey appears to be moving toward that area as well, further suggesting that the ball might be in the region where they are converging.",E6
31.png,25,The player in orange is positioned as if he is dribbling the basketball. The position of his hands are in the D7 location.,D7
31.png,26,"The player in orange appears to be dribbling or passing. Given their position and orientation, the ball would likely be between them and the player with the number 3 on their jersey.",E6
31.png,27,"Given the positions of the players, the player with the number 4 is likely moving towards the hoop. It is possible they are either passing or attempting to score. Given this, the ball is likely near the hoop. Cell C2 is a good estimate for its position.",C2
31.png,28,"The player in the red jersey (cell 7) appears to be dribbling or passing the ball, so the most likely location of the ball is in front of him, close to his hands/waist.",E7
31.png,29,"Based on the players' positions, especially the guy in red (likely dribbling), the ball is most likely located around the center court, near the guy dribbling.",E6
31.png,30,"Given the position of the players, it is most likely that the ball is being passed between the players in positions 4 and 6. Therefore, the most likely location for the ball is in the cell between them.",E5
31.png,31,"The player in orange (at 7,D) is likely dribbling or passing the ball, it is highly likely the ball is on the right side of the player.",E7
31.png,32,"Considering the position of the players, the location of the basketball hoop, and the motion blur in the scene, the ball is most likely between the player with the number 3 and the player in orange. Given that they are in motion, the ball will be lower to the ground.",E6
31.png,33,"Given the position and implied running directions of the players, and their focus it is likely that the ball is located in the vicinity of grid cell E5, between players 4, 3 and the player in the orange jersey.",E5
31.png,34,"Based on the positioning of the players, the ball is most likely between the players in grid D4 or D5. However, considering the player with the number 3 on his shirt is slightly in front of the red shirted player, I believe the ball is closer to the player with the number 3 on his shirt, therefore I believe it is in D5.",D5
31.png,35,"Given the players' positions, the ball is most likely to be somewhere between the player with the number 3 and the player with the number 4. Specifically, it's likely somewhere between the player in grid 4 and the player in grid 6. The player with the number 4 is close enough to imply it should be close to the ground near him, so near column 3 or 4.",E4
31.png,36,"Based on the positions of the players, it looks like the basketball is located near the midcourt, which aligns with the space in front of the basketball player who is wearing a number 3 jersey.",E6
31.png,37,"Based on the player positions, it is likely that the player in the middle (player 3) has the ball as he is running in the middle of the court. Additionally, looking at where his hands are relative to his body, it would be in front of him.",E5
31.png,38,"The players are moving towards the right, and the player in cell 4 is looking towards the right. Therefore, the ball would likely be between him and the player in cell 6.",E5
31.png,39,"The player in orange is looking downwards, and his arms are in a position to be dribbling the ball. Given the grid layout, the ball is most likely located in cell F4.",F4
31.png,40,"Looking at the positions of the players, particularly the player with the number 3 on his jersey in cell 6, the ball is most likely between him and the player in cell 4. Given their running motion, it's probably near their feet, and slightly in front of them.",E5
31.png,41,"Based on the position of the players, the ball is likely located between the player in the orange jersey and the player in the gray jersey. It is probably near cell E6 since the two players appear to be passing the ball.",E6
31.png,42,"Given the position and trajectory of the players, the ball is likely between the player with number 3 and the one in orange.",E6
31.png,43,"Considering the positions of the players, especially the player with the number ""3"", it is likely the ball is located near him, around waist height.",E6
31.png,44,"The player in the red jersey in the right side of the image has his arm at hip level, this is a typical dribbling position, I would guess that the ball is next to his legs.",E8
31.png,45,The player in the orange jersey (grid 7) is looking up and running. Also the player in grey jersey (grid 6) is looking in the same direction. It's likely that ball is ahead of them and in the air.,D6
31.png,46,"Considering the positions and directions of the players, the ball is most likely between the players wearing numbers 3 and 6, within reach of both, and not too high above the ground. It's most likely in front of player number 3.",E6
31.png,47,"Given the position of the players, it is most likely that the ball is between the player in the gray jersey and the player in the red jersey, around waist height.",E5
31.png,48,"Given the positions and movements of the players, the ball is likely between the players in cells D4-D6.",D5
31.png,49,Based on the body language and direction the players are running it is likely the ball is around the player with number 3.,E6
31.png,50,"The player in orange is running towards the basket, and his arms are in a position to dribble. The ball is likely at the level of his waist while he is running. The ball is likely in D7.",D7
19.png,1,"Considering the position of the players, especially the player in grid cells E6 and F6, it is most likely the ball is in line with his outstretched arm, around chest height.",D6
19.png,2,"Several players are looking toward cell C5. Also, the player in cell D6 has his arms raised as if trying to grab the ball from the air. This would lead me to believe the ball is in cell C5.",C5
19.png,3,"Based on the position of the player in cell 6 and the upward direction of his arm, I think the ball is in cell C6.",C6
19.png,4,The player in cell 6 is looking up towards the basket and has his hand raised as if he has just shot the ball. The player in cell 4 is looking in the same direction. The ball is likely on its way to the basket in the location where both players are looking.,C5
19.png,5,"Given the position of the players, the ball is likely to be in the air near the basket. It seems that the player in cell 6 is shooting. Therefore, the ball is most likely in D5 or C5.",D5
19.png,6,The player in cell 6 is reaching up towards the basket and the player in cell 4 is looking up at the basket. The ball is likely above the player in cell 6.,D6
19.png,7,"Given the positions of the players, particularly the one in cell D6 who has his arm up as if he has just released a basketball, the ball is most likely near the basket, around cell C5.",C5
19.png,8,"The player in cell 6 is clearly shooting towards the hoop. Therefore, the ball is likely somewhere between him and the hoop. Cell C5 seems the most likely location.",C5
19.png,9,"The player in grid cell 6D is in the air, in a typical shooting position. All the players on the court appear to be focused on this particular location. It's therefore highly likely that the ball is directly above the player in grid cell 6D. This would place it in the grid cell directly above.",C6
19.png,10,"The player in grid cell 6 is likely shooting the ball, so the ball would have been in that area.",D6
19.png,11,"The player in cell F6 appears to be in the process of shooting the ball. His arms are extended and he is looking towards the basket which is in the top middle of the image. Therefore the ball must be somewhere between him and the basket, in the C5 or D5 range. Since his arms are extended, the ball is more likely near the hoop, but slightly in front of it due to him being further away from the basket.",C5
19.png,12,"Given the position of the players, especially the one in the cell D6 whose hands are reaching for the ball, the ball is most likely in that area.",D6
19.png,13,The player in cell F6 is clearly shooting the ball towards the hoop. The player in cell D6 is in the air. The ball would have been between the player in cell F6 and the basket at this instant.,D5
19.png,14,"The ball is most likely in the vicinity of the player in grid cell E6, and is likely to be in the D6 region. The player has his arm extended, and is attempting to make a shot into the basket.",D6
19.png,15,"The player in grid cell 6 is likely shooting the ball towards the hoop. Based on his hand position, it's probable the ball is in line with his arms and the hoop.",C5
19.png,16,"The player in cell G6 appears to be in the middle of shooting, while another player in cell E4 is trying to block the shot. The ball would be between them, and on the way to the hoop.",D5
19.png,17,"The player in grid cell 6 is reaching up with their right hand and looking toward the basket. I would infer the ball is near their hand, which would be in grid cell C6.",C6
19.png,18,"Based on the player in cell 6 jumping and reaching up with his hand, it is most likely the ball is slightly above his hand.",D6
19.png,19,"The player in cell E6 appears to be shooting the ball at the net. It is likely the ball is on its way to the net or just left his hands, so it would be between his hand and the net.",D5
19.png,20,There are a couple of players that are positioned near the basket. The player in column 6 is looking upwards towards the basket with hands above his head. It is likely the ball is somewhere close to him above his head.,D6
19.png,21,"Based on the players' positions and where they are looking, it appears the ball is in the area around the basketball hoop. Player 6 is reaching up, likely attempting to catch a ball near the hoop.",C6
19.png,22,"Given the position of the players, specifically the player in grid 6 who is jumping up near the basket, and the fact that most of the other players are looking in that general direction as well, it is likely the ball is somewhere above the player that is jumping in grid 6. Considering the trajectory that the ball would likely take, I predict the ball to be in cell D6.",D6
19.png,23,"The player in grid cell 6 is reaching upwards towards the basket, so it is likely that the ball is in that vicinity. It's most likely in the air near him.",D6
19.png,24,"The player in cell 6 appears to be shooting at the hoop, and the player in cell 4 is watching him and in a position where he could try to get the rebound. So it is likely the ball is in cells D5 or C5.",D5
19.png,25,"Based on the players' positions, the trajectory of their arms, and the general direction of the game, it's highly likely that the ball was recently near the player in grid cells E6 and/or the basket in the upper portion of the frame. It is probably in front of the player in E6 and near the basket.",D5
19.png,26,"The player in cell 6 is clearly shooting the ball towards the hoop. The player is looking up at the hoop. Therefore, the ball is likely located in cell C5, near the hoop.",C5
19.png,27,"The player in cell E6 is reaching up towards the basketball hoop, presumably to try to block a shot. Given his position and arm extension, the ball is likely above his hands, close to the hoop.",C5
19.png,28,"Given the position of the players and the direction that player 6 is looking and the location of the net, the ball is most likely between the player 6 and the net at chest height.",D6
19.png,29,The player in the black jersey in cell 7 is looking up at the player in the red jersey in cell 6 who is reaching up for the ball. It is most likely near their hands.,D6
19.png,30,"Given the positions of the players, especially the one jumping near the hoop, and the angle of the shot, the ball is likely near the basket.",C5
19.png,31,"Given the position of the players, and that one player in cell 6 is jumping, I believe the ball is likely located in cell C5 near the net.",C5
19.png,32,"Given that the players are looking upwards and the players are around cell D4, it is likely that one of the players is trying to shoot a hoop. The ball must be between cell D4 and the net (around cell B5). Therefore, I am concluding it is around cell C5.",C5
19.png,33,"The player in cell 6 has his arm extended, suggesting he either just shot the ball or is about to. The player in cell 4 is looking upwards in the direction of the hoop. Given that, the ball is most likely somewhere above the players' heads in cells 4-6 and in line with the basket.",D5
19.png,34,"Given that the player in the red jersey is jumping and reaching toward the basket, it's highly likely that the ball is near his hands, in the direction of the net. His arm is raised near the intersection of D6.",D6
19.png,35,"Based on the position of the players and the player in cell 6 with his arm reaching up, it is likely the ball is around the area of C6.",C6
19.png,36,The player in cell G6 is looking up and has one arm outstretched in an upwards shooting motion. Therefore the ball is likely near his hand.,C6
19.png,37,Based on the player's positions and movements (especially the player reaching for the basket) the ball is most likely above the player in cell E6.,C6
19.png,38,"The players in cells E4 and E6 are looking up towards the basket. Since one of them is about to shoot, it's highly likely the ball is in grid cell D5.",D5
19.png,39,"Based on the positions and gazes of the players, it is most probable that the ball would be between the player in position 6, who has both arms extended up, and the player in position 4 and 5 who is also looking up at the net.",D6
19.png,40,The player in cell 6 is looking up at the hoop and appears to be shooting or has just shot the ball. The ball is likely in the air above his head on its way to the hoop.,D6
19.png,41,"The player in cell 6 is clearly looking and reaching towards the basketball hoop, so the ball is likely in this area.",D6
19.png,42,"Given the positions of the players and the direction they are looking, the ball is most likely between the player in cell 6 and the basketball hoop.",C6
19.png,43,"The player in cell F4 is looking upwards, as is the player in cell E6. Given their positions relative to the basket, it's likely the ball is somewhere near or above the basket. Cell C5 looks like the most likely location in that space.",C5
19.png,44,"Given that the player in cell 6 has his arm raised in a shooting motion, and the players in cell 4 are looking towards the hoop, the ball is likely somewhere near the basket. Cell D5 is the most likely location.",D5
19.png,45,"The players in cells 4, 6, and 7 are all focused towards the hoop which is located in cell C5. Player in cell 6 looks like they are about to shoot the ball. Taking all these facts into consideration, the ball is most likely in cell C5.",C5
19.png,46,"Based on the positioning of the players and the basketball hoop, the ball is most likely located near the player in cell F6.",F6
19.png,47,"Given the positions of the players, the player in the cell 6D seems to be shooting the ball. It is most likely to be in the area directly above him or close to the basketball hoop. Thus the most likely location is D6.",D6
19.png,48,"Based on the position of the players and their eyelines, the ball is most likely located between them. Specifically, the player in grid location 4E is likely passing the ball to the player in grid location 6E. The ball would likely be somewhere between them, maybe a little higher than the hands of player in 4E.",E5
19.png,49,"Based on the positions of the players and the fact that a player in cell D6 is reaching for the ball to score, it is highly likely that the ball is currently above him, near the basket, which is located in cell C5.",C5
19.png,50,"The player in cell E6 is reaching up towards the basket. His eyes are also looking upwards. It's likely the ball is in his vicinity, near the basket. I think it's near the player's hands in cell C6.",C6
42.png,1,"The two players in the foreground are facing each other. The player on the left appears to be dribbling the ball. The most likely location of the ball is between them, close to the dribbling player.",E4
42.png,2,"The ball is likely located between the two players as they both appear to be focused on that location. The player on the left is reaching towards the right, and the player on the right is positioned as though they may be about to dribble or pass.",E5
42.png,3,"The player in the maroon jersey in grid cell D4 is in a dribbling position. The player in the white jersey in grid cell D6 is looking at the player with the ball, suggesting that the ball is nearby. Therefore the ball is likely located between the two players.",E5
42.png,4,"The two players in the center of the image are in a basketball stance, facing each other and are likely competing for the ball. I would guess that the player in maroon is dribbling the ball and that it is somewhere close to the ground near his right hand.",E4
42.png,5,The player on the left is looking down and towards the center and is likely dribbling the ball.,E4
42.png,6,"The player on the right of the image is looking at the ground to his left. The other player is dribbling to his left. Therefore, the ball is likely located between the two players, close to the ground.",E5
42.png,7,"Given the positions of the players in the image, the player in the maroon jersey is likely dribbling the ball, as suggested by his hand position. The player in the white jersey appears to be defending. Based on the proximity of these players, the ball is likely located around the D4 grid cell.",D4
42.png,8,"Both players are looking down and towards each other. The player on the left is in a dribbling stance. Therefore, the ball is likely located between them near the ground.",E5
42.png,9,"The basketball player in the white jersey is looking down and his hand is stretched out, so it's likely that the ball is around that hand.",E5
42.png,10,"The player on the left is likely dribbling the ball, and the player on the right is guarding him. The ball is likely in the vicinity of their hands at a low level.",E5
42.png,11,"Based on the stance of the player in the white jersey and the player to the left, the ball is likely between them, closer to the player in the white jersey who is dribbling, in cell E5.",E5
42.png,12,"The player on the left (wearing maroon) and the player in the middle (wearing white) seem to be guarding each other, with the player in white potentially about to make a move. Both of their eyes are focused on an area slightly in front of them and slightly to the right of the first player. Therefore, the ball would likely be in that area.",E5
42.png,13,"Based on the body position of the player with the white uniform (especially the extended arm) and also the slight lean of the player in the red uniform, the ball is most likely in the space between them, closer to the ground.",E5
42.png,14,"The two players near the center of the image, located in the grid between columns 4-7, are in a position where one is guarding the other. Therefore, the ball is likely located between these two players. The player on the right appears to be dribbling it.",E5
42.png,15,"The two players in the center are in a dribbling position. The player on the left is likely dribbling the ball in cell E4. The player on the right has the ball at around the same height in cell E6. It is likely between them, but closer to the player on the left.",E4
42.png,16,Both players are looking down and their arms are angled in towards the area between them on the floor.,E5
42.png,17,The player on the left is dribbling the ball and facing the other player. The ball is most likely to be near his right hand. The player on the right is anticipating the next move of the other player.,E4
42.png,18,The basketball player in cell 6 D has his hand extended in front of him. The basketball player in cell 4 D is looking down at the ground and towards the middle. The ball is likely at cell 5 D.,D5
42.png,19,The two players in the center of the image are both in a position to handle a ball. The position of the left player and the position of the right player indicate that the ball is between them.,E5
42.png,20,"Given the positions of the two players in the middle, the player on the left is in a dribbling position and the player on the right is guarding. The ball should be in the hands of the player on the left or near his dribbling hand. So the location of the ball is most likely to be in the vicinity of cell D4 or D5. Because the left player is moving towards the right, the ball is slightly ahead of the player.",D5
42.png,21,"Based on the position of the players, the ball is most likely to be in the space between them, slightly closer to the player in white. Given the dribbling motion of the white player, the ball would be somewhere near the player's hands on the floor. Thus, the ball is most likely in cell E5/E6.",E5
42.png,22,"Given the positions of the two players in the front, one is dribbling and the other is defending, the ball would be in the vicinity of their hands.",E5
42.png,23,"Based on the position of the two players in the center of the image who appear to be guarding each other, the ball is likely located between them at about waist height, somewhere around D4.",D4
42.png,24,"Based on the positioning of the two players in focus (one in a burgundy uniform and the other in a white uniform), it is highly probable that the ball is located somewhere between them, likely closer to the burgundy-uniformed player since he appears to be dribbling. Thus, the ball is most likely located somewhere between cells D4 and D6. I will go with the spot where the burgundy uniformed player is making contact with the ball, near D4.",D4
42.png,25,"Based on the players' positions and focus, the ball is likely between the two front players, in the area where the two players are close to each other.",E5
42.png,26,"Based on the posture and eye gaze of the player in the burgundy uniform, the ball is likely located around D4/D5 near his hands.",D4
42.png,27,The player in the maroon and white jersey in cell D4 seems to be in the middle of dribbling the ball. I'd estimate the ball is around knee height and slightly to the right of his torso.,E5
42.png,28,"The two players in the front appear to be contesting for the ball. Given the positioning of their hands, the ball is most likely located between them at around waist height.",E5
42.png,29,"The ball is likely between the two players who are facing each other, and most likely close to the hand of the player on the right.",E5
42.png,30,"The player in the white uniform is in a dribbling stance and the other player in the red uniform is in a defensive stance. They are both looking at a point on the floor in front of them. Therefore, the ball should be on the floor near them, somewhere between grid cell E4-E5.",E5
42.png,31,"Based on the positioning of the two players in the center of the image and their eye gaze, the ball is likely between them. Specifically, it looks like the ball would be between the player in the maroon uniform and the player in the white uniform.",E5
42.png,32,The player in the maroon jersey is dribbling. His dribbling motion suggests that the ball would be around his right hand at D4. The opposing player is in a position to defend the dribble.,D4
42.png,33,The player on the left side is in a dribbling position. He would be bouncing the ball off the ground. This means the ball should be near his right hand.,E4
42.png,34,"The ball is most likely between the two players in the middle of the image. The player on the left is in a dribbling position, so it is likely close to his hands near the ground.",E4
42.png,35,"The player in position 6 is looking down and has his hand in a position as if he is dribbling the ball. The player in position 4 is defending, therefore it is likely that the ball is in the possession of the player in position 6.",E6
42.png,36,The player in the white jersey is looking down and his hand is positioned as if he is dribbling or about to dribble the ball. The ball is probably at his feet.,E6
42.png,37,The ball is likely located between the two players at cell E5. The player in white is looking towards cell E5.,E5
42.png,38,"Given the position of the players and their focus of attention, the ball is likely located around the player in the burgundy shirt, around waist height.",E4
42.png,39,"The player in the maroon jersey is in a dribbling position. His eyes are looking towards the player guarding him, who is in a defensive stance. The ball is likely in between their feet, in line with the maroon jersey player's dribbling hand.",E5
42.png,40,"Both players are in a dribbling stance and seem to be looking down at about the same area between them. Therefore, it is most likely that the ball is between them near the ground.",E5
42.png,41,"The two players in the center are facing each other in a dribbling stance, with both hands down. Thus, the ball is likely on the ground between them in cell E5.",E5
42.png,42,"Given the stance of the player in the white uniform, the ball is most likely in his hands, and would be just above the ground. Looking at the players' stances, the ball is likely to be in cell E5 or F5. Based on the angle of the dribble and how the defender is in position, cell E5 seems more reasonable.",E5
42.png,43,"The two players in the center of the image are likely focused on the ball. Given their positions and proximity to each other, it's likely the ball is located in the area between them near the court.",E5
42.png,44,"Based on the positions of the two players in the center, it looks like the ball could be being dribbled. Given the stance of the player on the left, I think the ball is around him, around waist height or lower and to his right.",E5
42.png,45,"The player on the left is looking down and to his right, and the player on the right is also looking down at a similar area. Given their positions and postures, it's likely the ball is between them near the ground.",E5
42.png,46,The basketball player on the left side of the image is facing towards the basketball player on the right side of the image. The position of both players indicates that the ball should be between them near the ground.,E5
42.png,47,The two players closest to the middle are positioned as if one is dribbling. Thus the ball should be around D5.,D5
42.png,48,The ball is likely between the players dribbling the ball. The ball is likely in grid cell E5.,E5
42.png,49,"Both players in the foreground are positioned as though they are contesting for the ball and are likely dribbling. It is likely that the ball is close to the player on the left, close to the ground.",E4
42.png,50,The player in the maroon uniform is dribbling the ball. Based on the direction he's looking and the stance of both players it's likely the ball is in front of the dribbler's right hand on the ground.,E4
57.png,1,"The player in the middle of grid cell G7 is shooting the ball, so the ball is likely just above his hands.",D7
57.png,2,"The player in grid cell G7 is in the middle of taking a jump shot. His eyes are looking at the basket and the other players are looking up as well, therefore the ball is most likely in front of him in the D7 cell.",D7
57.png,3,"The player in cell G7 is in a shooting motion and is looking up towards the basket. There is also a player in cell E7 with his hands raised trying to rebound the ball. Based on the trajectory of the shot and the location of the players, it is likely that the ball is in the air between cell D7 and D8.",D7
57.png,4,"The player in grid cell G7 is shooting the ball, so the ball would be in the space directly above their hands.",D7
57.png,5,"The player in cell G7 is shooting, so the ball is coming out of his hands. The other player near him is looking up, as is the player in cell D10. Given the angle of the shooter and the upward gaze of the other players, the ball is likely in the air near his hands.",D7
57.png,6,The player in cell G7 is shooting the ball. Therefore the ball would be directly above their hands.,D7
57.png,7,The player in cell G7 is shooting the ball. It is in the air and will head towards the hoop.,D4
57.png,8,"The player in cell G7 is at the peak of his jump shot. Thus, the ball would be located either above his hands or just released. Therefore, the ball is likely located in cell D7.",D7
57.png,9,"The player in grid cell G7 is shooting the ball. Therefore, the ball is most likely in the air in that same grid cell.",
57.png,10,The player in D7 has just released the ball on a shot. It is likely located just above his hands.,D7
57.png,11,"The player in grid cell G7 is in the middle of shooting a basketball. Based on the typical shooting motion in basketball, the ball would be above the player's head as he shoots.",D7
57.png,12,"The player in cell G7 is shooting the ball, so the ball must be near his hands.",D7
57.png,13,"The player in grid 7 is shooting the ball. The height of the hand above the player's head indicates the ball is just above the head, still within reach. Therefore the ball is in the top of E7.",E7
57.png,14,"The player in grid cell G7 is shooting the ball. His hands are extended above his head, so the ball would be in the air directly above his hands.",D7
57.png,15,"The player in cell G7 is in the shooting motion. The other player is defending. Therefore, the ball is most likely in the air above the shooter, around D7 or E7. I will select E7 as the likely cell as the ball is still in motion.",E7
57.png,16,"The player in cell G7 is in the middle of a jump shot. From his arm position, we can infer that the ball has just been released. The ball is therefore likely to be in the space directly above his hands. This space is in cell D7.",D7
57.png,17,The player in cell G7 is in the middle of a shot. All other players are either looking toward him or positioning to rebound.,D7
57.png,18,"The player in cell G7 is clearly shooting a basketball. The ball would be directly above their hands as they shoot, so I infer the ball is in cell D7.",D7
57.png,19,The player in grid cell G7 is in the middle of shooting the ball. It's most likely just been released from his hands.,D7
57.png,20,"The player in cell G7 is in the middle of their jump shot release. The ball should be on the way to the basket above them. Thus, the ball is likely located in cell D7.",D7
57.png,21,"The player in cell G7 is at the top of his jump shot motion, and he is looking upwards. Thus, the ball must be directly above him and near the basket. The ball is most likely located in cell D7.",D7
57.png,22,The player in cell G7 is clearly shooting a basketball. His hands are extended in a shooting motion and his eyes are directed towards the basket.,D7
57.png,23,"The player in the cell D7 is shooting a ball. Based on the angle of his arms and hands, it would most likely be above his hands.",D7
57.png,24,"The player in cell G7 is shooting the basketball, and his hand is in the shooting position. The location of the ball is most likely in the vicinity of his hand in D7.",D7
57.png,25,The player in cell G7 is shooting a basketball. The position of his hands suggests that the ball is in front of his face. The player in cell E8 has his hands up defending the shot. The ball is most likely located in grid cell D7.,D7
57.png,26,"The player in column 7 is shooting the ball. The ball is most likely in the air, going towards the hoop. The player is jumping and has released the ball. Given the players position and arm extension, I would expect the ball to be in the E7 area.",E7
57.png,27,"The player in cell G7 is clearly shooting the ball, so the ball is likely on its way to the hoop. I will place the ball above his hands.",D7
57.png,28,"The player in cell G7 is shooting the ball. He is at the peak of his jump and releasing the ball. I would guess the ball to be somewhere between cell D7 and C7. But given the angle of his arms and the position of the hoop (B3), the most likely location for the ball is D6.",D6
57.png,29,The player in cell G7 is in the middle of taking a jump shot. This means the ball would have just left his hands and be between him and the hoop.,D5
57.png,30,"The player in cell G7 is shooting the ball. Given the angle of his shot, it's likely the ball is located somewhere on the line between him and the basket, and also likely relatively high up in the frame. Therefore, the ball is most likely in C4 or D4. The player in D4 is looking up.",D4
57.png,31,The player in cell G7 is shooting the ball so the ball would be between him and the basket.,D4
57.png,32,"The player in cell G7 is in the middle of his shot, therefore, the ball should be in line with his arm above his head. Cell D7 seems like the most likely place for it.",D7
57.png,33,The player in cell G7 is shooting the ball. It would have been just above his hands before being released.,D7
57.png,34,"The player in grid cell G7 is shooting the ball. So the ball is likely in the air between that player and the basket, above grid cell B3.",D7
57.png,35,"The player in cell G7 is shooting the ball, so the ball would be in the air between the shooter and the basket. The player in cell E8 seems to be watching the ball, as does the player in D3. The likely location of the ball is above cell D7.",D7
57.png,36,The player in grid cell G7 is shooting the ball and the player in grid cell D8 is contesting the shot. The most likely location of the ball is between them in grid cell D7.,D7
57.png,37,"The player in cell G7 is at the top of his jump and about to shoot the ball. Given the players stances, the ball is most likely in between the shooter and the hoop.",D7
57.png,38,The player in cell G7 is shooting the basketball. It is likely located just above his hands.,D7
57.png,39,"The player in cell G7 is at the top of his jump and looks to have just released the ball. The other players are either watching or reacting to the shot. Therefore, the ball is most likely in the air, heading towards the basket.",D7
57.png,40,"The player in grid 7 is shooting the ball, so the ball is in the air above his hands. Therefore, the ball is likely in grid D7.",D7
57.png,41,"The player in cell G7 is in the middle of shooting the ball. Based on his stance and the typical trajectory of a basketball shot, the ball is most likely located in cell B4, heading towards the basketball hoop.",B4
57.png,42,"The player in cell G7 is shooting the ball, so it must be somewhere between him and the basket, which is located in cell B3. The angle of his arm suggests the ball is high up in the air.",B4
57.png,43,The player in cell G7 is shooting the ball. The likely trajectory is up towards the basket in B3. The ball is probably in grid cell D7.,D7
57.png,44,"The player in cell G7 is shooting the ball, so it would be located somewhere above him in cells C7-D7 or D7-E7. Also, the trajectory of the ball is towards the basket, which is located around cell B3-B4. So, the ball is likely in D7-E7.",E7
57.png,45,The player in cell G7 is in the process of shooting the basketball. The ball would have to be in his hands as part of his shooting motion.,
57.png,46,"The player in cell G7 is shooting the ball, so it must be in line with the basket which is in cell B3. The ball must therefore be in cells C3 or C4. I would place the ball in cell D4.",D4
57.png,47,"The player in cell G7 is in the middle of a shooting motion, and all eyes in that area seem to be focused on the ball's trajectory towards the basket. Hence the ball must be in the air.",D7
57.png,48,"The player in cell G7 is in the middle of shooting the basketball. Therefore, the ball would be in the air near his hand.",D7
57.png,49,"The player in cell G7 is shooting the basketball. The angle of his arm suggests he has just released the basketball. Therefore, the ball would be around cell D7.",D7
57.png,50,"The player in grid 7 is at the top of his jump shot with his wrist bent, so the ball is very likely just above his hand.",D7
80.png,1,"The player in the white jersey with the number 2 is most likely dribbling the ball in the grid. The position of the ball would be closest to her right hand, so it would be in the intersection D6",D6
80.png,2,The player wearing jersey number 2 is in a shooting position. She is looking in the direction of the hoop. Also the position of her hands suggest she may have just released the ball.,E5
80.png,3,"Based on the positions of the players, specifically the players in white (Canada) who appears to be driving towards the basket, it is most likely that the ball is currently being dribbled near player number 7 or about to be passed/shot. The ball could be anywhere between C3-E4, however, closer to D3 or D4 is most likely.",D3
80.png,4,The player with number 2 looks as if she has just passed the ball towards the player with number 7. Therefore the ball is likely in front of the player 7.,D3
80.png,5,"The player with the number 2 has their hands up, which can mean they are ready to catch a pass. The player numbered 7 is also looking and running towards the top right. So the ball may be in the D5/E5/E6 area.",E5
80.png,6,"The player with the number 2 is in a shooting motion, so it is likely that the ball has just left her hands. I'd estimate the ball is at chest height and slightly to her left.",E6
80.png,7,"The player wearing jersey number 2 seems to be dribbling the ball, with her right hand. So the ball is most likely to be located close to her, on the lower right side.",F6
80.png,8,"The player in the white jersey and number 2 on it is facing forward, with her arms at her sides. Her hands are outstretched, as if she is about to catch the ball, indicating the ball is likely right in front of her in the D5-D6 range.",D6
80.png,9,"The player in the white jersey with number 2 has both hands near her waist, as if in the middle of dribbling. The ball is likely near the ground in front of her.",F6
80.png,10,The player in red and white jersey numbered 2 has her hands in a position that suggests she is holding a ball or has recently passed it. The player to her left in the green and gold jersey is also likely guarding her. The player in the red and white jersey numbered 7 is running forward so she likely has just received the ball. I think it is most likely that the ball is located near the player in the red and white jersey numbered 7.,D3
80.png,11,The player in position C6 is likely dribbling the ball with her right hand. The ball is likely on the ground since she is dribbling. So the ball is likely at E6.,E6
80.png,12,"The player on the left (wearing number 7) appears to be moving with the ball and is likely dribbling. Therefore, the ball is probably in front of her and close to the ground. Looking at the position of her feet and the direction she seems to be moving, the ball is likely in the area around F3 or E3. I will pick F3 as the best guess.",F3
80.png,13,"The player in the white uniform with number 2 is looking towards the right side of the image and has her arms in a position that indicates she may be holding/dribbling a ball in this location. Based on her posture and the positions of the other players, it is likely the ball is between her and the player in the green uniform, slightly in front.",F6
80.png,14,The player in the red jersey (21) is likely dribbling the ball. Given the players position it is likely in between D5 and E6,E6
80.png,15,"The player on the left, in red, appears to be dribbling the ball. Therefore, it is likely that the ball is in front of them and close to the ground in order to dribble.",E3
80.png,16,The player with number 2 is in the process of shooting. Her right arm is angled up as if she just released a ball.,D6
80.png,17,The player in the white jersey with the number 2 is likely attempting a shot or pass. Her posture and the direction she is facing suggest that the ball is either in her hands right now or was just released. The other players are looking in that direction.,D6
80.png,18,"The player wearing number 2 is in the process of shooting. This strongly suggests the ball is somewhere in front of her in the D5/E5/D6/E6 range. Considering her position and stance, the ball is most likely to be just in front of her and slightly lower.",E6
80.png,19,"The player on the right (wearing number 2) seems to be actively engaged in a play near the center of the image. Her positioning and focus suggest the ball would be in her immediate vicinity. Considering the context of basketball and the location of other players, it would be likely to be on the ground near her feet.",F6
80.png,20,"The player with number 2 looks like she is in the middle of shooting the ball, therefore the ball is most likely somewhere between her hand and the basket. The height can be inferred based on her hand position.",D6
80.png,21,"The player in the white uniform and number 2 seems to be in the middle of a shooting motion, or a pass, therefore the ball is likely in front of her. Judging from the look of the green uniform player in cell 5, the ball is likely to be near cell E5.",E5
80.png,22,The player wearing the number 2 jersey is positioned as if she is dribbling the ball. It is likely that she had the ball a moment ago. The most likely place is where her right hand is.,E6
80.png,23,"The player on the right, wearing the number 2, is likely dribbling the ball. Her arms are positioned as if she is about to dribble or has just dribbled the ball. Her hands are at approximately the location of E5/F5.",E5
80.png,24,"Based on the position of the player wearing number 23, she seems to be attempting a shot. The player is positioned in such a way that she is most likely shooting the ball towards the hoop. Therefore, the ball is most likely near her hands.",E6
80.png,25,"The player on the right, number 2, has her hands positioned as if she just shot a ball or is preparing to do so. It is likely that the ball is in front of her, slightly below. The player with number 7 seems to be running towards the basket, so the ball would probably be in front of her as well.",E6
80.png,26,"The player in the white jersey with the number 2 is likely in the process of shooting or passing, and the other players nearby are positioned to react to the ball's trajectory. The position of player number 2's arms as if they are shooting the ball.",E6
80.png,27,"The player in position 22 appears to be guarding the player in the green uniform. Given their proximity and body positions, the ball is most likely located near their hands at waist level.",F5
80.png,28,"The player in position C3 is likely dribbling the ball so the ball location will be near her hands and lower. So, the ball will be in the vicinity of D3 or E3. I think D3 is a better choice.",D3
80.png,29,"Player #2 is looking down and slightly to her left, indicating she either has just passed the ball or is about to pick it up. Her position in relation to the other players suggests the ball is near her feet or slightly in front. Thus the ball is most likely in cell F6.",F6
80.png,30,The player with the ball appears to be located at cell E3. It is likely that the ball is in motion towards the other player on the opposite team so the most probable location of the ball is D3.,D3
80.png,31,"The ball is likely being fought for between the two players numbered 7 and 2. Based on their positioning and where they're looking, the ball is likely in the space between them, near their hands.",E5
80.png,32,"The player wearing the number 2 has her hands positioned in front of her around her waist, as if she is holding a ball. The other player in white (Canada #7) is looking in that general direction.",E6
80.png,33,"The player on the right (wearing number 2) is likely about to pass the ball to the player on the left (wearing number 7). Based on their positioning, the ball is probably near the ground between them.",E5
80.png,34,"The player in red with number 2 is likely dribbling the ball since she is looking downwards, and the other two players seem to be focused on the player in red with number 2.",E6
80.png,35,"The player with number 2 is in a shooting motion, and the player with number 7 is looking towards her direction. It is therefore very likely that the ball has just left her hand and is on its way to the hoop.",D6
80.png,36,The player with the number 2 on their jersey seems to be dribbling the ball since she's looking down and her hand is low to the ground.,E6
80.png,37,The player on the right with the number 22 is in a position to have the ball. It would be in front of her.,E6
80.png,38,"The player in red with the number 2 is in a defensive position close to the player in green. She is also looking slightly down, suggesting that the ball is near her feet. The player in white is in a dribbling stance, so is also likely to be controlling the ball.",E5
80.png,39,"The player on the right wearing jersey number 2 is in a shooting motion, so the ball is most likely in front of her, around her shoulder height, and within reach of her right hand.",D6
80.png,40,"The player in the red uniform with the number 2 is likely holding the ball. She is looking down, and her hands are positioned as if she is about to pass or shoot.",E6
80.png,41,"The player in the white uniform with the number 2 is likely in the process of dribbling or shooting the ball, given her stance. She is looking downwards, suggesting the ball is near her hand, likely around the D6 cell.",D6
80.png,42,"Based on the players' positions and gaze, the ball is likely in the vicinity of the two players closely guarding each other near the center of the image. Player number 7 from CANADA is looking downwards.",E5
80.png,43,The player with number 2 on her jersey appears to be passing the ball to her teammate. Her body positioning and gaze suggest that she is directing the ball towards the area of D3/E3.,D3
80.png,44,The player on the right side of the image has her hands positioned as if she is defending the ball. Her body position suggests the ball is in front of her. The player to the left is likely trying to dribble around her so the ball is probably in front of the players on the right.,E5
80.png,45,"The player with number 2 has her hands positioned as if she is holding a basketball. The player to her left in the green uniform is also looking in the same direction, presumably at the ball. Based on their positions and the direction they are looking, the ball is likely in cell E6.",E6
80.png,46,"The player wearing number 2 has her hands in a position that suggests she is about to shoot or pass the ball. The other players are also looking in her general direction. Based on her hand position, the ball is likely in front of her, around D6.",D6
80.png,47,"Based on the players' positions and body language, specifically the player in the white jersey with the number 2 and the player in green, the ball is likely located between them, around their waist height.",E5
80.png,48,"The player on the right (wearing number 2) is likely handling the ball. Her hands are positioned as though she is dribbling or preparing to pass. Also, the two players (numbers 7 and 4) are close and probably guarding her. Based on these clues, the ball is likely located near her hands, close to the ground.",F6
80.png,49,"Given the positions of the two players in red, it's most likely the ball is being contested between them. Based on their stance and the angle, the ball is most likely on the ground near them.",F5
80.png,50,"The player wearing #2 is looking at her hand, and is in a shooting posture. This suggests that the ball is likely just above her hands.",D6
82.png,1,"The player in blue is looking down and moving towards the right. The player in white is looking in the same direction. The most likely place for the ball is between them, close to the ground.",E4
82.png,2,The player in the blue jersey on the left is dribbling toward the right of the image. He is in cell D3. The player in the white and red jersey on the right is guarding. The most likely location of the ball is between them around cell E4.,E4
82.png,3,"The player in blue is dribbling, and the opponent is facing him to defend. Therefore, the ball is likely between them, close to the ground near the dribbling player's hand. Looking at the position of the dribbling player's hand, the ball is most likely in the bottom left.",E3
82.png,4,"The player in the blue jersey in cell D3 is facing in the direction of cell E5 and is bent over in a dribbling position. The player in the white jersey in cell D6 is facing towards the left and has his hands up as if to defend or attempt to steal the ball. Given these player positions, it is likely that the ball is in the area between them, near cell E4 or E5. I'll pick E4.",E4
82.png,5,"The player in the blue jersey is dribbling towards the left. The ball is likely in front of him, near his left hand, on the ground. I can infer the position is likely in cell E3.",E3
82.png,6,"The player in the blue jersey in cell D3 is looking towards the player in the pink jersey in cell D6. It is likely that the ball is between them, near the center of the image in cell D5.",D5
82.png,7,"The player in blue appears to be dribbling the ball towards the right side of the image, the ball would likely be in front of him.",D4
82.png,8,"The player in blue is looking down, as if he is dribbling or has just dribbled the ball. The player in white is guarding him. Therefore, the ball is likely in front of the blue player, close to the ground.",E3
82.png,9,"Given the positions of the two players, and their implied direction of motion, the ball is likely located between them near where they may collide. Additionally, the player in blue is crouched down looking toward the middle of the two of them.",E4
82.png,10,"The player in the blue jersey is dribbling towards the player in the pink and white jersey, so the ball is probably near the player in the blue jersey. Given their position and the direction of their movements, the ball is likely in cell D3.",D3
82.png,11,The ball is likely to be in the vicinity of where the two players are engaging. The player on the left seems to be dribbling towards the right. The ball is likely to be near their hands on the ground.,E3
82.png,12,"The blue player is moving from left to right and looks like he is in the process of dribbling. The white and pink player appears to be defending him. Given their stances, the ball is most likely located between the players, likely around the D5 cell.",D5
82.png,13,"Given the body language of the players, especially the stance and arm position of the player in the grey and pink jersey, the ball is most likely being passed to him from the player in the blue jersey. The player in the blue jersey is looking up and ahead. The ball is most likely between the two players and at chest height of the pink jersey player.",E5
82.png,14,"The two players in the image appear to be guarding each other. The player on the left, wearing blue, is lunging forward as if to intercept a ball. The player on the right, wearing the patterned jersey, is reaching towards the left, in anticipation of the ball moving in that direction. This suggests the ball is located between them, slightly closer to the player in blue.",E3
82.png,15,"Based on the position of the two players and the direction they are facing, it's likely that the ball is located between them, closer to the player with the pink jersey.",E5
82.png,16,"The player in the blue jersey in cell D3 is dribbling the ball. Given their position and where they are looking, the ball is most likely near their right hand in cell E3 or D3.",E3
82.png,17,"The ball is likely between the two players. Given the positioning of the two players, it's likely in grid cell E4, maybe slightly to the left, D4. I'll pick E4.",E4
82.png,18,"Based on the posture of the two basketball players, it is likely that the ball is in the space between the two players.",E4
82.png,19,"The player in the blue jersey seems to be dribbling the ball, and his left hand is extended, so the ball is likely around grid D3/E3.",E3
82.png,20,"The player in the blue jersey in grid cells D3 and E3 is dribbling the ball towards the player in the pink jersey in D6 and E6. The ball would likely be in front of him, close to the ground, between the two players.",E4
82.png,21,"The player on the right seems to be dribbling the ball, which would place it slightly in front of him. The player on the left is looking at the player on the right.",E6
82.png,22,Both players are positioned as if in the middle of a face-off. Both players are looking at each other and have their hands low to the ground. Thus the ball is likely in the location of D4.,D4
82.png,23,"The player in the blue jersey is in a dribbling stance, suggesting the ball is likely near his hand at D3 or E3. The player in the red jersey is looking towards the ball and towards the other player as well. Considering the position of the blue jersey player, the ball should be at cell D3.",D3
82.png,24,"Given the position of the players and their body language, the ball is most likely between them, around waist height of the player in the pink jersey.",E5
82.png,25,"The player in the blue jersey is dribbling the ball towards the basket. Given his stance and direction of movement, the ball is most likely to be in front of him, close to the ground.",E3
82.png,26,The player on the left is dribbling the ball. The ball is likely somewhere near the ground by their hands.,E3
82.png,27,"The player in the blue jersey is guarding the player in the grey jersey. The position of the grey jersey player and the player in the blue jersey suggest that the ball is located near the grey jersey player, but slightly towards the blue jersey player.",E6
82.png,28,"The player on the left is driving towards the basket, the player on the right is guarding. Given their body positions and proximity, it is highly probable the ball is between them.",E4
82.png,29,"The player in the blue jersey is looking down and towards his left. The other player is facing that direction as well, both players are facing cell E3 and D3, so I will choose cell D3.",D3
82.png,30,"The player in the blue jersey is looking towards the player in the white jersey and is crouched down in a dribbling position. The other player is also looking in the direction of the other player. Therefore, it is likely that the ball is in front of the player in the blue jersey.",E3
82.png,31,"Both players are looking towards the area between them, suggesting the ball is likely in that location. Given their positions, it is most likely around D4/D5.",D4
82.png,32,"The player in blue is in a defensive stance and looking towards the other player, who appears to be dribbling or moving the ball. Given their positions and stances, it is likely the ball is located somewhere between them, around waist level.",E4
82.png,33,"The player on the left is guarding the player on the right. The player on the right is reaching forward with his right hand, as if attempting to dribble the ball. The most likely location of the ball would be in front of him on the floor.",E6
82.png,34,"The player in the blue jersey is looking toward the player in the pink jersey, so it's likely the ball is between them. The stance and position of the player in the pink jersey suggests he had the ball. So the location is most likely between cells D5 and E6.",E5
82.png,35,"The player in blue is dribbling the ball, so the ball would be around his waist level and in front of him. Based on this and his stance, the ball is likely in D3.",D3
82.png,36,"The two players are focused on each other. Based on their positions and direction of movement, the ball is likely located between them on the ground.",E4
82.png,37,"Based on the player positions, the ball is most likely between the two players. Given the angle of the player in the blue jersey and the position of the player in the white jersey, the ball is likely in the middle of them near the ground.",E4
82.png,38,"The player on the left is dribbling the ball. Given the angle of his body and arm, the ball is most likely located near his hand, which is in cell D2.",D2
82.png,39,The two players are facing each other. The player on the left is dribbling. It is likely the ball is in cell E3 or D3.,E3
82.png,40,"The blue player is dribbling the ball, so it would be in front of him, probably close to his right knee.",D3
82.png,41,"The player in blue is dribbling the ball, therefore the ball is likely to be near his right hand. Looking at his posture, it looks as though he's reaching toward the area in D3/D4.",D3
82.png,42,"The player in blue is dribbling towards the hoop, and the other player is defending. It is likely that the ball is near the player in blue, probably at waist height. The most likely grid cell is D3.",D3
82.png,43,"The player in the blue jersey in cell D3 appears to be dribbling the ball as he moves towards the right of the frame. The other player is guarding him, so the ball is likely somewhere around cell E3 or D3.",D3
82.png,44,"Given the positions of the two players, the player in blue appears to be driving towards the hoop, while the player in white is attempting to defend. The ball is likely somewhere between them, within their immediate reach. Considering that the player in blue is attempting to advance past the defender, the ball is likely in front of him.",E4
82.png,45,"The player in blue appears to be dribbling the ball. Based on his position and stance, he's likely dribbling with his right hand. The ball is probably close to the ground, so I'd expect it to be in cell E3. The other player is guarding him, and his hand is out, so he would be defending the ball in that location.",E3
82.png,46,"The player in blue is low to the ground and is likely dribbling the ball. Based on their posture and the direction they're facing, it's likely the ball is somewhere in front of them, likely in cell E3 or E4. I will choose E3 as the ball is closer to them.",E3
82.png,47,The blue player is looking towards the other player. The other player is extending his arm as if preparing to catch a ball.,E5
82.png,48,"Both players are looking at the area around the intersection of cells D4 and D5. Given the players' positions and stances, it is likely the ball is close to where they are facing.",D4
82.png,49,"Given the players' positions, the ball is likely between them. Considering their stances and focus, it's probably around knee height.",E4
82.png,50,Both players are looking towards the area around grid cell E5/E6. It is likely that one player is dribbling or is about to pass the ball.,E5
7.png,1,"The two players are in the middle of a play. The player on the right is jumping, likely to make a shot, pass or dribble. Given his position, it is likely that he is driving towards the basket, so the ball is likely around grid cell G6.",
7.png,2,The ball is most likely in between the two players who are facing each other in the air.,E6
7.png,3,"The player in white is looking towards the basketball hoop, and his arms are positioned as if he is about to receive a pass. The player in maroon is also looking in the same direction. Therefore, the ball is most likely between them on its way to the hoop.",
7.png,4,"The two players in the image appear to be focused on each other, indicating that the ball is likely between them. Furthermore, given their position close to the ground and action it is likely the ball is being dribbled or about to be passed. Therefore, the most plausible location is in grid E6.",E6
7.png,5,"The player on the right is jumping for a layup/ dunk. Therefore, the ball is in his hands or very close to them, and is likely at the height of his reach. The position of his arms helps us predict where the ball must have been located right before it was removed.",F6
7.png,6,"Given the positions of the two players, the ball is likely between them at chest level.",D6
7.png,7,"The two players are intensely facing each other, engaged in a dribbling or passing motion. Given the player's position and momentum, it is probable that the ball is between them. Considering the players' hand positions and the potential trajectory of a pass or dribble, the most plausible location for the ball is somewhere around cell F6.",F6
7.png,8,"The two players on the right are both facing each other with their hands positioned as though about to catch or dribble a ball. The player on the left is also looking in that area and is leaning back as though the ball is slightly behind him. Therefore, the ball is most likely between them in the air.",F6
7.png,9,"Given the positions of the two players in focus, one is likely driving or trying to get to the basket. The other player is defending. Given that the defender's right arm is extended and his body posture is leaning towards the other player, the ball is likely being dribbled by the driving player in cells F6 or E6.",F6
7.png,10,The two players are interacting around the D6/E6 grid area. The player facing the right direction looks like he's defending the player coming from the left. It is most likely that the ball is around that grid.,E6
7.png,11,The two players are facing each other with the player on the right reaching out with his right hand. The ball would be most likely be located between them in the middle of their reach.,F6
7.png,12,"The ball is likely in the hands of the player in white, located in the E6 or D6 area. The player is looking at the hoop, as he is about to make a shot.",E6
7.png,13,"The player on the right appears to be jumping as if trying to block a shot. This suggests that the other player is shooting. Thus, the ball is likely between the two players and heading toward the hoop. I will choose the location a little higher in the air since they are jumping.",C6
7.png,14,The player on the right in white is looking down towards the court in front of him. He is also positioned as though he has just shot the ball or is about to. The player on the left seems to be reacting in defense. This would suggest the ball is in front of the player on the right.,
7.png,15,"The player in the white jersey seems to be dribbling the ball while being defended by the player in the maroon jersey. Therefore, the ball is most likely in front of the player in the white jersey.",
7.png,16,"The player in white is looking up towards the basket, implying he is either shooting the ball or has just passed it in that direction. Given the angle of his body and arms, it's likely he's shooting toward the basket. So the ball should be around the basket in cells B8,B9,C8,C9, but closer to the player in white who just shot the ball.",C7
7.png,17,Both players are facing towards the basket in column 9 and are positioned in the area around cells E6/E7. The ball would likely be between them and heading to the basket.,
7.png,18,"Based on the body position of the player on the right and his reach, it appears he's just completed a shot attempt. Given that, the ball is most likely heading toward the hoop. So the ball should be located somewhere between G7 and G9.",
7.png,19,"Based on the players' positions and stances, they are most likely engaging near the basket so that the ball may be close to the basket or near their hand as the defensive player is trying to block him. The ball is likely in D6.",D6
7.png,20,"The player on the right is in the air and reaching forward, as if he's about to catch or shoot the ball. His eyes are also directed slightly above his extended hand. Therefore, the ball is most likely located near his hand, slightly above it.",
7.png,21,"The player in the white jersey is likely driving toward the basket to score. Therefore, the ball is probably located in his hands or close by as he is about to shoot. Given the location of the player and his outstretched arm, the ball would be likely in cell G6.",
7.png,22,"The player in white appears to be mid-air and is attempting to block or contest the shot. The other player is likely shooting. Based on their positions, the ball is most likely located between them, and roughly level with their heads.",C6
7.png,23,"The player on the right is in the middle of a jump and reaching his arm out. It's likely he is trying to either shoot the ball or block the shot. The ball is most likely in front of him in the air, just slightly to the left of his hand.",
7.png,24,"Both players are looking in the area near grid cell G5, and they are close to each other, as if one is trying to stop the other from getting the ball. Therefore, the ball is most likely in this area.",
7.png,25,"Given the players' positions and the action of the game, the ball is likely in the vicinity of the player jumping and trying to intercept/block. It could also be heading toward the basket. The location is likely around chest height and in front of the player in white who is jumping.",
7.png,26,"Both players are looking towards the basket (cell B9), therefore the ball must be in that area. The player on the right is reaching with his left hand.",
7.png,27,"Based on the players positions the player in white is in mid air, likely attempting a dunk or lay-up. The location of his hands suggest the ball would be around G7 or H7. However, based on the fact that he is likely going for a lay-up, his arm will be raised upwards. It's likely that the player is aiming for the net. Based on this, it is likely that the ball will be located in G8.",
7.png,28,"The two players closest to each other appear to be in the middle of some kind of interaction, most likely a pass or attempted steal. The player on the right is reaching toward the other player. Because of this, the ball is likely in between them in the D6 grid square.",D6
7.png,29,The ball is most likely between the two players who are in motion in the middle of the grid. Both the players' arms are outstretched so it is likely the ball is between them.,E6
7.png,30,"The player on the right is reaching out his right arm, likely dribbling the ball. His hand is about at chest height.",F6
7.png,31,"The player in white is facing the basketball net and reaching forward as though attempting a shot. The player in maroon is defending, so likely the ball is between them.",
7.png,32,"Based on the positions of the players and the direction of their movements, the ball is most likely located in the space between them. The player on the right is jumping up and the player on the left is reaching out. Therefore, the ball is likely in the air between them.",F6
7.png,33,"The player in white is reaching forward with his right hand, most likely trying to block or catch the ball. The other player is moving towards him, possibly to dribble the ball past. The ball is most likely somewhere between them.",F6
7.png,34,The player in the white jersey is reaching out in a manner that suggests he is handling the ball at this location.,F6
7.png,35,The player in the white jersey in grid cell F6 is most likely driving towards the basket with the ball in his right hand. The ball is likely located in grid cell G6.,
7.png,36,"The player in white appears to be dribbling the ball and driving towards the hoop. His hand is positioned as though he is dribbling. Therefore, the ball is likely near his hand, and close to the ground.",F6
7.png,37,The ball is likely between the two players who are in the middle of the image. The player in white has his hand up to block the player in maroon. The ball is probably between them near the chest area.,E6
7.png,38,"The ball is likely between the two players that are in the middle of the image. More specifically, the player on the right has his hand in front of him, which suggests he is reaching for something. Therefore, the ball is likely in front of him.",F6
7.png,39,The player wearing white appears to be dribbling or reaching for the ball to make a shot. Therefore the ball must be somewhere near his right hand.,
7.png,40,"Given the positions of the two players who are likely contesting the ball, and their body language (e.g., one is reaching out), the ball is most likely located in cell F6.",F6
7.png,41,"Considering the positions of the two players in focus, it is likely that the basketball is located somewhere between them, in the upper part of grid cells E5 and E6.",E6
7.png,42,"Based on the players' positions, it seems like they are contesting near the basket. The player on the right is reaching for the ball. Considering the position and action of the players, the ball is most likely located above their hands, but within reach. Thus, the most probable location is in the vicinity of D6.",D6
7.png,43,"Considering the positioning of the two players, the ball is likely being contested around them. The player on the right seems to be actively contesting the ball or attempting a block. Therefore, the ball is most likely somewhere in the space between them, above ground, perhaps closer to the right player.",
7.png,44,"The player on the right is reaching forward with his right hand, suggesting that he is attempting to catch the ball. Based on his motion, the ball is likely located between him and the player in the red jersey.",F6
7.png,45,"The player in the white jersey is reaching towards the hoop with his right hand, suggesting he is in the process of shooting or attempting a dunk. The ball would likely be in the air between his hand and the hoop, so I will estimate the location to be D7.",D7
7.png,46,"The player in white is reaching up to receive the ball. The player in maroon is looking towards the player in white, presumably because the ball is being passed. Therefore, the ball is likely in grid cell G6/G7.",
7.png,47,The two players in the middle are focused on each other. The player in white is likely in the process of shooting or trying to take the ball from the player in maroon. It's most likely near their hands so the location of the ball is around F6.,F6
7.png,48,"The ball is likely in the vicinity of the players who are contesting possession, i.e., the players in cells D5, D6, E5 and E6. Given their body positions, the ball is likely somewhere between them, so in E6.",E6
7.png,49,"The player in the white jersey appears to be reaching for the ball in the area to the right of him. Given the position of the defender and the angle of his arm, the ball would be between them.",
7.png,50,"Given the position of the player on the right, it is likely he is driving to the hoop. He likely has the ball in his right hand.",
81.png,1,"The player in the orange jersey is holding his hand up as if he just released a basketball. Thus, the ball is somewhere in the vicinity of the fingertips of his upward extended hand.",B4
81.png,2,"The player in the orange jersey is in the middle of a shot. His arm is extended upwards towards the basket. Given this position and that the ball has been removed, the ball is most likely located at the end of his hand.",B4
81.png,3,"The player in the orange jersey is extending his arm toward the basket, suggesting he is attempting a shot. Therefore the ball would have been at the end of his hand just before it was removed.",B4
81.png,4,"The player in the orange jersey has his arm extended toward the basket, indicating he is in the process of shooting. The ball would be at the end of his arm closest to the basket.",B4
81.png,5,The ball is most likely located near the hand of the player on the left who is in the process of shooting.,B4
81.png,6,"The player in the orange jersey is extending his arm to shoot the ball. Therefore, the ball would have been in his hand, which is around the location of cell B4.",B4
81.png,7,"The player in the orange jersey is extending his arm towards the basket, suggesting he is shooting the ball. Therefore, the ball is most likely at the end of his extended arm.",B4
81.png,8,"The player in the white jersey is in a shooting position, which indicates that the ball was likely in his hand at position B4.",B4
81.png,9,"The player in the orange jersey is holding his arm up with his hand extended, presumably about to release the ball towards the basket. Therefore, the ball would be in his hand at location B4.",B4
81.png,10,The player in the foreground is extending his arm upwards as if he is attempting to shoot the ball. This suggests that the ball would likely be at the tip of his fingers.,B4
81.png,11,The player on the left is extending their arm as if they are about to shoot.,B4
81.png,12,The player in the orange jersey has his hand outstretched and positioned as if releasing the basketball. The ball would be above his hand and below the basketball hoop.,B4
81.png,13,"The player in the orange jersey is reaching up with his hand extended. Based on this and his arm position, the ball is most likely located in the top of cell B4.",B4
81.png,14,"The player in the orange jersey is extending his arm toward the basket, indicating he is shooting the ball. The ball would be in his hand, near the top of his arm.",B4
81.png,15,"The player is shooting a layup, so the ball will be near the hoop. The hoop is in the B6 cell, and the player's hand is in the C4. So the ball is likely in the B4 cell.",B4
81.png,16,"The ball is being held by the player in the white jersey, who is in the process of attempting a shot. His arm is extended upwards towards the basket, implying that the ball would be near his hand, or slightly above.",B4
81.png,17,"The ball is most likely at the end of the arm of the player on the left. He is positioned to shoot the basketball, and the ball would be on his fingertips at that point.",B4
81.png,18,The ball is likely located at B4. The player is holding his hand up to shoot and the location of his hand is around B4.,B4
81.png,19,"The player in the orange jersey is holding his hand up in a shooting position. Based on his arm angle and the presence of the hoop in the frame, the ball is likely in cell B4.",B4
81.png,20,The player in orange is extending his arm towards the hoop with his fingers pointing upwards. This indicates that he was likely in the process of shooting the basketball toward the hoop. The removed ball was very likely in his hand near cell B4.,B4
81.png,21,"The player on the left is in the act of shooting the ball toward the basketball hoop, it would be directly above his shooting arm.",B4
81.png,22,"The player in the orange jersey is attempting to shoot the ball at the hoop. His arm is extended, and it appears he has just released the ball.",B4
81.png,23,"The player on the left has his arm extended upwards, as if he is about to shoot the ball into the hoop. The top of his arm is located in the upper part of cell B4.",B4
81.png,24,"The player in the orange jersey is shooting the basketball, so the basketball would be at the end of his hand.",B4
81.png,25,The player in cell C4 is in the motion of shooting the ball towards the hoop.,C4
81.png,26,"The player in white is shooting the ball towards the hoop. His arm is extended towards the hoop. The ball should be at the end of his hand, heading towards the hoop.",B4
81.png,27,The ball is most likely near the hand of the player on the left of the image in the area between the hoop and the player's hand.,B4
81.png,28,The ball is being held by the player in the white jersey. His hand is located at cell B4.,B4
81.png,29,"The player on the left has his arm extended upwards as if he's shooting a basketball. Therefore, it's most likely the ball was in his hand at location B4.",B4
81.png,30,"The player in the orange jersey has extended his arm upward, suggesting he's shooting the ball towards the basket. The position of his arm indicates that the ball was likely located at the tip of his hand, in the upper left portion of the image.",B4
81.png,31,"The player in the foreground with his arm fully extended towards the hoop, the ball is most likely to be on cell B4, as his hand is at the top of cell C4.",B4
81.png,32,The player in orange is shooting the ball towards the hoop. Thus the ball should be located at the tip of his hand.,B4
81.png,33,"The player in the orange jersey is extending his arm to make a shot. Therefore, the ball is most likely at the end of his hand, which is located in grid cell B4.",B4
81.png,34,"The player in the orange jersey is holding his arm up as if about to shoot or pass. His arm is extended upwards. Thus, the ball is located at the end of his hand above him. This would place it between B4 and C4. However, the ball isn't so high that it is in A4.",B4
81.png,35,"The player in the left of the image is holding his arm up in a shot motion. Thus, the ball must have been located at the end of his arm.",B4
81.png,36,"The player on the left is extending his arm as if releasing a ball, aiming towards the basket. Therefore, the ball was most likely in his hand at location B4.",B4
81.png,37,"The ball is missing, but the player in orange is looking at the basket and reaching for the ball. Therefore, the ball is likely in his hand near C4",C4
81.png,38,"The ball is in the hand of the player on the left, who is about to shoot the ball.",B4
81.png,39,"The player in orange is reaching up as if releasing the ball towards the hoop. The ball is likely at the top of his reach, which corresponds to cell B4.",B4
81.png,40,"The basketball player on the left of the image is holding his arm up as if releasing the ball to make a shot. His hand is located in cell B4, so the ball is located in that general area.",B4
81.png,41,The player in the orange jersey is holding his hand up as if releasing a basketball. It's reasonable to assume it's around grid cell B4.,B4
81.png,42,"The player in white is holding his arm straight out and up, suggesting he is in the middle of shooting the basketball. The ball is most likely at the end of his reach in B4.",B4
81.png,43,"The player is extending his arm to shoot the ball toward the basket. Based on the position of his hand, the ball was in cell B4.",B4
81.png,44,"The ball is most likely in the players hand who is shooting. Looking at the picture, it is clear the player in cell B4 is shooting the ball toward the basketball net in the top of the image.",B4
81.png,45,"The player in the orange jersey is shooting the ball towards the basketball hoop. His arm is fully extended and based on that and the crop, the ball would have been in cell B4.",B4
81.png,46,"The player in the white jersey has their arm extended upwards as if they are shooting a ball at the hoop. Therefore, the ball would likely be somewhere around the top of their hand in cell B4.",B4
81.png,47,The player on the left side of the image is holding his hand out as if releasing a ball toward the net.,B4
81.png,48,The player in the orange jersey is holding the ball and is about to shoot it at the hoop. The ball is likely in his hand.,B4
81.png,49,The player in orange is reaching up with his right arm towards the hoop in cell B5. The ball would have been in his hand.,B4
81.png,50,The basketball player in cell C4 is about to shoot the ball into the hoop. Therefore the ball is likely in cell B4.,B4
54.png,1,"The player in cell E5 is dunking. The ball has to be near his hands and the hoop which is in cell B5. Given the position of his hands, the ball is most likely inside the hoop already.",B5
54.png,2,"The ball is most likely in the net or just above it, as the player is in the process of dunking. Cell E5 to the left of the player dunking seems like a very reasonable location.",E5
54.png,3,The player is dunking the ball so the ball is likely inside the net.,B5
54.png,4,"The player in the air is in the act of dunking the ball. Therefore, the ball must be located in the basket or very close to it.",B5
54.png,5,The ball is likely to be either going into the hoop or just above the player who is dunking. I will infer that the ball is within the hoop.,B5
54.png,6,"The player in the center of the frame is dunking a basketball. The player is reaching up into the net, so the ball would have been above his hands and inside the hoop.",B5
54.png,7,"Given the player is clearly dunking the ball into the hoop, it is highly probable the ball is in or directly above the hoop.",B5
54.png,8,"The player in cell E2 and the player in cell E7 are looking towards the hoop. The player in cell C5 is dunking, so it is likely the ball just went through the hoop.",C5
54.png,9,"The player in the middle of the frame (5,6) is dunking the ball, so it is likely inside the hoop.",B5
54.png,10,"Given that the player in cell E5 is dunking the ball, the most likely location for the ball is inside the hoop. The hoop is primarily located in cell B5.",B5
54.png,11,"The player in cell 5 is slamming the ball in the net, and he looks to be at the peak of his jump. So the ball is likely above the net, so I think the ball is in cell E5.",E5
54.png,12,"The player in cell 5 is dunking, therefore, the ball has to be either in the net or directly above his hands in cell 5.",C5
54.png,13,"The player in cell E6 is dunking the basketball. Thus, the ball must be near the basket and coming down into the net. The most likely location is inside the net.",B5
54.png,14,"Given the player who is dunking, the ball is most likely above the hoop and slightly ahead of the player.",C5
54.png,15,"Given the player dunking the ball, it would be within the basket, at the height of the rim, and close to the hands of the dunking player.",B5
54.png,16,"The player in the center is dunking the ball. So, the ball must be in or just above the net. So, the ball is most likely in E5.",E5
54.png,17,The player in cell E2 is looking towards the hoop. The player in cell E6 is looking towards the hoop. The position of the player in cell C5 suggests he's in the middle of a dunk. The ball is most likely in or near the hoop.,C5
54.png,18,"The player in the center is dunking the ball, therefore the ball must be located in the rim.",B5
54.png,19,"Given that the player is dunking, the ball is very likely inside the net, thus located right above the player's head.",B5
54.png,20,The player in the middle is dunking the ball. The ball must be inside or directly near the hoop.,B5
54.png,21,"The player in cell E2 is looking at the hoop, it's likely the ball was passed to the player who's dunking. The ball would have been in cell E5 at the time of the pass/dunk.",E5
54.png,22,"Given that the player in the center is dunking and the net is rippling, the ball is likely inside the net.",B5
54.png,23,"Given the position of the player who is dunking and the net, the ball is likely already in the net or has just gone through it.",B5
54.png,24,"The player in the air is dunking the ball. Therefore, the ball is most likely in the basket or just about to go into the basket. The basket is in cell E5.",E5
54.png,25,"Given the dunking motion of the player and their hand position near the hoop, the ball is very likely inside the hoop or just above it. Therefore, it is within C5.",C5
54.png,26,"The player in cell E2 is looking towards the player who is dunking in cell C5/C6. It is likely that the ball was just dunked by the player in C5/C6. So, the ball is either just inside the net, or has just passed through the net. The ball would have been near or around C5 or C6.",C5
54.png,27,"Given the player is dunking, the ball would likely be in or around the basket. Also considering the angle of the player and their position relative to the basket, it would be very close to in the hoop.",B5
54.png,28,"Given the dunking player's body position and the hoop's location, the ball would be in the hoop or just released into the hoop. Therefore, the ball is most likely in cell E5.",E5
54.png,29,The player in the center of the image is in the act of dunking the ball. His hands are right near the basketball hoop so it is safe to assume that the ball is either in the basket or right next to it.,B5
54.png,30,"Given the position of the player jumping near the hoop, he is likely dunking the ball. The ball is most likely located at the hoop.",B5
54.png,31,"The player is dunking the ball. He is at the apex of his jump and reaching towards the hoop. Therefore, the ball is most likely right above the rim, inside of the hoop, and slightly to the left, given the angle of the picture.",B5
54.png,32,"The player in cell E2 seems to be looking up, as is the player in cell E7. The player in cell C5 is in the process of dunking the basketball. The ball would therefore need to be slightly above the basket, near cells B5 or C5, but given his trajectory towards the basket, and the other players watching him, I would infer C5 to be most likely.",C5
54.png,33,"Given the position of the player who is dunking, it is most likely that he has already released the ball. Therefore the ball is most likely in the net.",B5
54.png,34,The player is dunking the ball. The ball would likely be located at or near the basketball net. This corresponds to cell E5.,E5
54.png,35,"Given the action of the player in the image dunking, the location of the ball must be at the rim.",B5
54.png,36,The main player in the shot is mid-dunk and close to the net. It's most likely that the ball is either in the net or on its way in or very close to it.,B5
54.png,37,"Given the position of the player doing the dunk and his hands near the hoop, the ball is most likely inside the hoop, which corresponds to grid cell E5.",E5
54.png,38,"Given the position of the player making the dunk, and the position of the net, it is most likely that the ball would be inside the net.",B5
54.png,39,"Given the position of the player in the act of dunking, it is highly likely the ball would be located inside the hoop, or just above it.",B5
54.png,40,The player in the center is dunking the ball. The ball must be located somewhere around the hoop.,B5
54.png,41,"The player in cell E2 is looking up and reaching up, likely toward the basket. The player in cell C5 is dunking the ball. Therefore, the ball is most likely near the basket.",C5
54.png,42,"The player in the center (E5,E6) is dunking the ball. So it must be in the basket.",B5
54.png,43,"Based on the action of the player dunking, it is likely the ball is either in the net or right above the net.",B5
54.png,44,The player in the center is dunking. Therefore the ball would likely be near the basket.,B5
54.png,45,"The ball is likely located in the hoop, because the player is dunking the ball into the hoop, and the net of the hoop is in grid cell B5.",B5
54.png,46,"The player in the center is dunking, which means that the ball was just about to go through the net. Therefore, the ball is likely inside the basketball hoop, in the grid cell B5.",B5
54.png,47,"Given the position of the player dunking the ball, and his hand position, the ball is likely inside the hoop.",B5
54.png,48,"The player is dunking the ball, so the ball would likely be near his hands and the basket. Based on his hand position, the ball would likely be inside of the basket.",B5
54.png,49,"Given the player in cell E2 looking towards the net and the player in cell E6 dunking, the ball's location is likely either in the net or very close to it. Additionally, the player in cell E7 is looking towards the basket.",C5
54.png,50,The player is in the act of dunking the ball. Thus the ball is likely near his hands and headed towards the hoop.,B5
40.png,1,The player with number 6 seems to be dribbling the ball or is about to make a move. He is in cell E6 so it is likely the ball is in cell E6.,E6
40.png,2,The player with number 6 is likely dribbling the ball as his hands are oriented downwards towards the court.,E6
40.png,3,"The player with the number 6 on his jersey is likely dribbling the ball or has just passed it. Based on his position and the direction he is facing, the ball is likely located near his hands.",E6
40.png,4,"The player in the white jersey with the number 6 is looking directly at the basketball hoop. Also, his hands are in a position as if he is about to receive a pass or shoot the ball. Therefore, the ball is most likely located between him and the hoop.",D5
40.png,5,"Player 6 is in the middle of a layup. The ball is in his right hand, so it's most likely located between his right hand and the hoop.",D5
40.png,6,The players are generally oriented toward the center of the court and the player in the center is holding his hands as if ready to catch a ball.,E5
40.png,7,"The player in the white jersey is driving to the basket. His head is tilted slightly upwards. The player defending him has his hands up in the air. It is likely the ball is in their vicinity, somewhere between them and slightly closer to the basket.",E6
40.png,8,"Given the player in the center is going up for a jump shot, the ball is likely right above him and between him and the hoop.",E6
40.png,9,"Based on the position of the players and the direction they're looking, it's likely the ball is being handled by the player in cell E6, or being passed from the player in D4 to the player in E6.",E6
40.png,10,"Based on the positions of the players and their gaze, it is most likely that the ball is between player 6 and the player furthest to the left, slightly closer to player 6.",E5
40.png,11,"The player wearing number 6 is likely dribbling the ball. His left hand is close to the ground, suggesting that's where the ball is.",E6
40.png,12,"The ball is most likely in the hands of the player with number 6 as he appears to be dribbling or passing. Based on his hand position, the ball is most likely near him.",E6
40.png,13,"Given the positions of the players and their focus of attention, the ball is likely in the hands of player number 6, or close to them. This player is located in cell E6.",E6
40.png,14,The player with number 6 is likely dribbling the ball or has just passed it. The players are looking in that direction and are relatively close together in that area.,E6
40.png,15,"The player in the white jersey (number 6) is looking down towards the ground between his feet and slightly forward. Given his posture, it is likely that he is about to dribble or pass the ball.",E6
40.png,16,"The player with the number 6 on their back is looking up as if they just shot the ball. The player on the left is looking at the basket. This makes it likely the ball is near the top of the frame, perhaps near the hoop.",C5
40.png,17,"The player in the white jersey with the number 6 looks like he is dribbling the ball. Therefore, the ball is most likely located near him on the ground.",E6
40.png,18,"The player with the number 6 on his jersey is looking towards the hoop. The other players are also looking towards the hoop or positioning themselves for a potential rebound or pass around that area. Given the position of the player with the number 6, the ball is likely around him or slightly closer to the basket.",E6
40.png,19,The player wearing number 6 appears to be in a shooting motion. The other players in that area are also looking towards the basket.,E5
40.png,20,"Based on the positions of the players and their actions, the ball is most likely in the hands of the player in cell E6 who appears to be dribbling or passing.",E6
40.png,21,"The player in white #6 appears to be in the middle of a shooting motion. His eyes are focused forward. His left hand (from our perspective) is extended up near the hoop. It's likely the ball is just above the player's hand, near the hoop.",D5
40.png,22,The player wearing the white jersey with number 6 is looking down toward the ground. He is likely dribbling the ball or has just passed the ball.,E6
40.png,23,The player in white (numbered 6) appears to be dribbling or passing the ball towards the hoop. His stance and the way he is looking suggests the ball is either in his hands or slightly in front of him.,E6
40.png,24,The ball is most likely in the hands of the player with number 6 or just above him as the players are close to each other and interacting.,E6
40.png,25,"The player with number 6 is looking down as if he has the ball, and his hands are also positioned in a way that indicates he is dribbling the ball.",E6
40.png,26,"The ball is likely between players 6 and 7, close to where player 6 is looking down at. The ball is likely at their feet or just in front of them.",E6
40.png,27,"The player in the white uniform numbered 6 seems to be in a shooting motion or just finished shooting. He is looking up at the hoop. The player defending him is also looking up towards the hoop. Therefore, the ball is likely in the air on its way to the hoop.",D5
40.png,28,Player #6 is dribbling. The ball would be on the ground near his right hand.,E6
40.png,29,"The player in the middle, wearing number 6, seems to be in the middle of a shot or pass. The other players near him are likely looking at the ball or anticipating the next play. Based on his position and the direction he is facing, the ball is likely around cell E5 or E6.",E5
40.png,30,"Based on the positions and gaze of the players, the ball is most likely located between the player with number 6 and the player with number 7.",E6
40.png,31,The player with the number 6 on his jersey is in the middle of a shot. The other players are reacting to this shot.,E6
40.png,32,"The player with number 6 is looking down at the position E6. Based on his posture, it is most likely that the ball is at his feet.",E6
40.png,33,"The players in cells D4, D5, D6 and E4, E5, E6 are all looking towards the center of the frame, where they are engaged in the game. Based on their gaze and proximity, the ball is likely in that area. Additionally, the player in cell D6 appears to be dribbling, indicating that the ball should be located on the ground in the D5 or E5 area.",E5
40.png,34,"The player with number 6 on the white jersey is likely to be dribbling the ball or attempting a shot. Based on his arm motion and gaze, the ball is probably located in cell E6.",E6
40.png,35,"Based on the positions of the players, particularly the player in white (number 6) who appears to be in mid-shot, the ball is most likely in the area between him and the basket.",E6
40.png,36,The player wearing number 6 appears to be dribbling the ball or is about to pass. He is facing toward the basket.,E6
40.png,37,"The player in the white jersey, numbered 6, is likely in the act of shooting or passing, as he is looking towards the hoop and in a shooting-like stance. I predict the ball would be in his hands.",E6
40.png,38,"The player wearing the number 6 is looking down at a position right in front of him. Also another player in front of the number 6 is also likely to be looking down. Considering this, the ball is probably in front of him, near his feet.",E6
40.png,39,"The ball is likely in the hands of the player with the number 6 on his jersey, since he is in a position to drive the ball towards the basket and is the player closest to the hoop.",E6
40.png,40,"Given the player's postures, where they're looking and the typical flow of the game, the ball is most likely between players 6 and 7, so it is likely to be in the E6 cell.",E6
40.png,41,The ball is likely located between the player with the number 6 and the player defending him. Their gazes and body positions suggest an interaction point in that space.,E6
40.png,42,"The player in the white jersey (#6) is in a shooting motion, so the ball is likely in front of him.",E6
40.png,43,"The player in white #6 is looking towards the hoop, as is the player in blue/pink on the left side of the frame. The ball is probably close to player #6.",E6
40.png,44,"The player with number 6 appears to be dribbling the ball. Based on the stance and position of the players surrounding him, it is likely the ball is near his right hand, which places it around cell E6.",E6
40.png,45,"The player in the white jersey, with the number 6 on it, is in the middle of what looks like a jump shot. His eyes are also directed up. It's likely that the ball is in the air in front of him.",E6
40.png,46,Player 6 in the white uniform is looking downwards as if he is dribbling. It is likely that the ball is at his feet.,E6
40.png,47,"The ball is most likely in the hands of the player in the white uniform. This is based on the body language of the player, he is getting ready to shoot.",E6
40.png,48,"Given the position of the players in the image, particularly the player with number 6 who seems to be dribbling or about to pass, the ball is likely located near his hands.",E6
40.png,49,"Player 6 is looking downwards, and player 7 and player 4 are looking towards the hoop. This indicates that the ball is on the ground or lower, and most likely within the play. The direction of the other players also indicate that the ball is likely near player 6.",E6
40.png,50,"Based on the players positions and where they are looking, the ball is likely located in cell E6, near the player in white.",E6
83.png,1,"The player in grid 6 is clearly going for a shot. Therefore, it can be inferred that the ball is near the hoop, most likely in the area in front of her.",E6
83.png,2,The ball is likely in the hands of the player in cell E6. She is jumping and reaching towards the basket (A6) with her right arm extended.,E6
83.png,3,"Player with number 44 is right in front of the basket and has extended her arms to make a shot. So the ball should be in her hands, around F6.",F6
83.png,4,"The player in position 6 is attempting to score a basket. Given this context, the ball would most likely be between the player's hands and the hoop.",E6
83.png,5,"The player in cell 6 is in the process of making a shot. Based on her hand position and trajectory of where the ball needs to go (into the basket in cell 6), the ball is likely in cell E6 in her hands.",E6
83.png,6,"Given the player in square 6 appears to be shooting the ball, it is likely the ball would be either above or close to the hoop.",B6
83.png,7,The ball is most likely being shot towards the basket. The player in grid 6 is in the air with her arm extended towards the basket. It is likely that she just released the ball.,E6
83.png,8,The player in cell 6 is shooting the ball towards the hoop. The ball would be in between their hand and the hoop.,B6
83.png,9,"The player in square 6 is shooting the basketball and is at the peak of her jump. Therefore, the ball is likely just above her hands, likely towards the basket.",E6
83.png,10,"Given that the player in cell 6 is attempting to put the ball in the basketball net, the most likely location of the ball is near the basketball net. Based on the height that the player in cell 6 has jumped and the trajectory of the basketball, the ball is likely to be located at E6.",E6
83.png,11,The player in grid cell 6 is reaching upwards towards the basket and that's where the ball would most likely be.,D6
83.png,12,"The player in cell 6 is in the process of shooting, the ball would be in her hands.",E6
83.png,13,"The player in square 6 is shooting for the basketball hoop. Based on her hand position, the ball would have just left her hand and been traveling towards the basket. Therefore, the ball is most likely to be in grid cell F6.",F6
83.png,14,"The player in grid 6 is jumping and reaching towards the basket suggesting that they are shooting the ball. Therefore, the most likely location of the ball is near the hands of the player in grid 6.",E6
83.png,15,The player with the jersey #44 is in the process of shooting a layup or dunk. It is most likely that the ball is in her hands close to the rim.,E6
83.png,16,The player in cell 6 is in the process of shooting the ball in the basket. The ball will likely be between the player's hand and the basket.,B6
83.png,17,"The player at 6D is in mid-jump, near the basket. The ball has likely just left her hand on its trajectory to the hoop. I'd estimate the ball to be slightly above her head and to the right, placing it near F6.",F6
83.png,18,The woman in position 6 is in the process of shooting and the ball is likely to be close to the hoop.,B6
83.png,19,"The player in cell 6 is reaching for the net, likely attempting a dunk or lay-up. Given her position, the ball is likely just above her hands, headed towards the net.",E6
83.png,20,"The ball is most likely in cell F6, as the woman in red is clearly shooting the ball towards the basket. Therefore, the ball would be close to her hands in the air.",F6
83.png,21,"The player in grid cell 6 is shooting the ball towards the hoop, so the ball is most likely in that vicinity.",C6
83.png,22,"The player in cell 6 is in the middle of a shot, suggesting the ball is near the hoop. Based on the trajectory of a shot and the position of the basket, the ball is likely located in cell F6.",F6
83.png,23,The player in cell G6 is shooting a basketball. The ball would be between their hands and the net. The ball would most likely be in cell F6 or E6.,F6
83.png,24,"The ball is most likely near the player with number 44, since she is jumping towards the hoop trying to score. Her hand is up in the air, and the most probable location is where her hand is reaching, next to the hoop.",E6
83.png,25,The player in cell 6 is in the middle of shooting. The ball is most likely on its way to the hoop which is above cell 6.,D6
83.png,26,"The player in position 6 is attempting to score at the net, thus it is highly probable that the ball is located in that same general location.",E6
83.png,27,The player in square 6 is in the process of shooting the ball into the basket which is in square 6.,E6
83.png,28,Player number 44 is extending their hand to shoot a basketball in the basket located in E6.,E6
83.png,29,"The ball is most likely in the hands of the player reaching up towards the hoop to make a shot. Based on her arm extension and the position of the hoop, the ball would most likely be located around cell F6.",F6
83.png,30,"The player in cell 6 is in the middle of a jump shot towards the hoop. Considering the typical trajectory of a jump shot, and the position of the net, I think the ball would be in E6.",E6
83.png,31,"The player with number 44 is attempting a shot at the basket, so the ball is likely in the air between her hands and the hoop, around cell F6.",F6
83.png,32,The player in grid cell 6 is shooting towards the basket and has just released the ball or is about to release the ball. So the ball will be near grid cell 6 and going towards the hoop.,D6
83.png,33,The player at grid location 6 is in mid-air shooting the ball into the basket. It is likely that the ball is in mid air going towards the basket.,E6
83.png,34,"The player in cell 6 is in the air with her arm raised in a shooting motion towards the basket above cell 6. The player in cell 5 is looking up towards the basket as well. Based on this, it's very likely that the ball was in the vicinity of the basket and the player's hand who is shooting.",C6
83.png,35,"The ball is likely located in the hands of the player attempting to score (number 44), since she is reaching up towards the basket.",E6
83.png,36,"Given the player in cell D6 is at the top of her jump shot while facing the basket in cell A6/B6, it is highly likely the ball is in line with her shot and near the basket.",B6
83.png,37,"The player in grid cell 6 is in the action of shooting, jumping and putting the ball into the basket. So I think the ball should be near to the player's hand and the basket.",E6
83.png,38,The player in grid cell 6 is at the top of their jump and reaching towards the basket. The ball is most likely either in their hands or right above their hand.,E6
83.png,39,The ball is most likely located near the player who is shooting it. The player in grid cell 6 is clearly shooting the ball. I am estimating the ball to be between her hands and the rim.,E6
83.png,40,The player in grid 6 is in the middle of a shot. The player is right next to the hoop. The ball should be near her hands in the location that allows the player to shoot the ball into the basket.,E6
83.png,41,"The player in D6 is clearly shooting at the basket in A6. Therefore, the ball must be in line with her hand and the basket, so it would be in A6 or B6.",B6
83.png,42,The ball is most likely in the hands of the player in cell E6 who is jumping up near the hoop.,E6
83.png,43,"The ball is most likely near the hoop, above the player in cell E6. The player is reaching up for a shot, which implies the ball should be close to the hoop.",E6
83.png,44,"The woman in cell C6 is in the process of shooting the ball. Her hands are near the rim, and her body is angled toward the basket. Thus, the ball would likely be between her hands and the hoop, putting it in cell F6.",F6
83.png,45,"The player in grid cell 6 is in the action of shooting the basketball, and she is looking towards the hoop, it's likely that the ball would be on the way from her hand to the hoop, therefore the most likely location of the ball would be in cell F6.",F6
83.png,46,The ball is most likely in the hands of the player number 44 in cell D6 as it looks like she is about to shoot a basket.,D6
83.png,47,"The player in cell 6 is shooting the ball, which means the ball is likely between her hands and the hoop.",B6
83.png,48,"The player in cell 6 is in the middle of a shooting motion, she is at the highest point of her jump, and she is looking at the hoop. So the ball is likely in her hands and about to be released.",D6
83.png,49,"Given the height of the player attempting to put the ball in the net, the ball is likely located in cell F6, which is directly below the hoop.",F6
83.png,50,"The player in cell 6 is in the middle of a shot, attempting to put the ball through the hoop. It's likely that the ball is very near the hoop, and probably in the top left corner of cell 6.",C6
44.png,1,"The player in the blue jersey is attempting to score. He is positioned right under the net, so the ball should be somewhere in the net, or coming out of it. Judging by his upward motion, he has just shot the ball.",C5
44.png,2,"The player in blue appears to be shooting or dunking. His head and arm are moving towards the net. The other players are also looking up and towards the net. This makes it likely the ball would be in front of him, near the net.",C5
44.png,3,"The player in cell F6 is shooting a basket. The ball is likely on its way to the basket. Given the angle of the shot and the height of the player, the ball is likely in the vicinity of the hoop.",B5
44.png,4,"The player in cell E6 is clearly shooting at the basketball net in cell B5, thus we can assume that the ball is located around that area.",C5
44.png,5,"The basketball player on the right (in blue) is jumping up for a shot, likely in the direction of the basketball hoop. The other player is falling down, likely as a result of trying to block the shot. Given the position of the player on the right, the ball would most likely be above him and headed toward the net, so the ball would be somewhere around E6.",E6
44.png,6,"The player in grid cell F6 is jumping and looking up towards the basket (cell B5). The player in cell F4 is also looking up towards the basket. The most probable position for the ball is therefore around the basket. Since the player in cell F6 seems to be jumping to dunk or block, it is more likely that the ball is close to the rim of the basket.",B5
44.png,7,"The basketball player in cell E6 is jumping up, seemingly reaching for the ball near the net. Therefore the ball is most likely above his hands, near the hoop.",C6
44.png,8,"The player in E6 is leaping up towards the basket. It is likely he is shooting the ball. The most probable location for the ball is somewhere around the basket, specifically between the player and the basket. Thus the ball is most likely located in cell E5.",E5
44.png,9,"The player in cell E6 is reaching up towards the hoop, which is in cells B5 and C5. He is likely trying to catch the ball.",B5
44.png,10,"Given the position of the player near cell F6 and his upward movement to take the shot, and the location of the basketball ring, the ball is probably near the ring in the cell B5.",B5
44.png,11,"The player in cell F6 is in the middle of a jump shot. The player in F4 is in a defensive stance. Based on the standard movements of the sport and the location of the basket, the ball is likely just about to leave the players hand around the basket.",C6
44.png,12,The player in position E6 is jumping and looking at the hoop. This implies he is trying to score. Thus the ball must be somewhere between his hands and the hoop. So likely in Cell C6.,C6
44.png,13,The player in grid cell F6 is jumping up towards the basket and is in the best position to score. The player in grid cell F4 is attempting to block him. The basketball must be between them.,E5
44.png,14,"The player in the blue jersey is jumping towards the basket and his right hand is near the basket. The most likely location of the ball is around his hand and the basket, which would be around E6.",E6
44.png,15,"Given the player positions and the player in the blue jersey is going for a shot, it is most likely near the hoop and the player is jumping.",C5
44.png,16,"The basketball player in the blue jersey is jumping and reaching with his right hand in an upward motion towards the basket. It's reasonable to infer that he is shooting or attempting to dunk the ball. Therefore, the ball is likely located between his hand and the basket.",C6
44.png,17,"The player in the blue jersey is jumping towards the basket and his eyes are focused on the hoop. The player with number 13 is looking up. It is likely the ball is between the jumping player and the hoop, near the top of the hoop so it is in position for a dunk,",C5
44.png,18,"The player in cell E6 is jumping and is closest to the basket which is in B5, and is likely attempting to score. The ball is likely in his hands near the rim.",B5
44.png,19,"The player in the blue jersey at the right is jumping and likely shooting the ball into the basket. Given the player's position, it seems likely that the ball would be somewhere near the hoop. The ball is most likely at the top of the player's reach, near the basket, somewhere between cells C5 to B5.",C5
44.png,20,"The player in grid cell F6 is looking upwards toward the basketball hoop. He appears to be jumping to score. Based on the direction that the player is facing and the objective of putting the ball into the basketball hoop, the location of the ball is likely to be within grid cell C5.",C5
44.png,21,"Based on the position of the player in blue jersey near the basket, the ball is likely to be close to his hands and the basket rim. Considering the height he is at, the ball is most likely located at the top of cell E6.",E6
44.png,22,The player in the blue jersey (cell E6) is jumping towards the basket. It is likely he is either shooting the ball or trying to score. If he is shooting the ball it must be going towards the basket. Hence the most likely location of the ball is close to the hoop.,B5
44.png,23,"The player in the blue jersey is shooting. The position of the net suggests that if the player jumped at this angle, the ball will most likely be at E5.",E5
44.png,24,"The player in the blue jersey with number 5 is in the middle of a jump shot. His arm is extended towards the basket. Therefore, the ball is likely located somewhere between his hand and the basket. A plausible location is near the top of the hoop as he's trying to score.",C5
44.png,25,"The basketball player in grid cell E6 is jumping up towards the basket, implying he is shooting. Also, his eyes are looking toward the basket. Therefore, the ball is most likely going toward the basket.",C5
44.png,26,"The player in cell E6 is reaching up towards the basket, so it is likely he is shooting the ball. Therefore, the ball is likely on a trajectory towards the basket and just left his hand.",E6
44.png,27,"The basketball player in blue is likely attempting to score a basket. Given his position and the direction he is facing, the ball is most likely near the basketball hoop.",C5
44.png,28,The player in cell E6 is in the middle of a jump shot aiming towards the basket. The ball would most likely be near the top of his arc.,C6
44.png,29,"Given that the player on the right is in the middle of dunking, the ball is likely located close to the basket.",B5
44.png,30,The player in blue is in the middle of a jump shot. The ball is likely in front of him and slightly above his head near the basket.,C5
44.png,31,"The player in E6 is jumping and reaching for the hoop (which is in B5), it is likely he is shooting or attempting to dunk, which means the ball is on its way to the hoop.",D5
44.png,32,"Based on the players' positions and actions, the ball is likely in the vicinity of the basketball hoop, which is located around cell D5/E5. The player in cell F6 is likely shooting for the hoop, so the ball would have been between his hands and the basket, close to the net.",D5
44.png,33,"The player in the blue jersey is jumping and looks to be attempting a shot. Based on his position and the basket's location, the ball is likely just above his head, on its way to the basket.",E6
44.png,34,"Based on the position of the player in the blue jersey, the ball is likely near the basket, probably around cell C5. He looks like he is attempting a shot.",C5
44.png,35,"The player in E6 is jumping towards the hoop, it is likely he is shooting the ball. The most likely position of the ball would be between his hand and the hoop in C5.",C5
44.png,36,"Given the player in cell E6 is jumping and appears to be attempting to make a shot into the hoop, the ball is most likely between his hands and the net. I am placing it slightly above the center of his head in grid cell E5.",E5
44.png,37,"The player in blue at F6 is reaching for the basket with his right hand. Therefore the ball is likely in front of him, closer to the basket.",E6
44.png,38,"The player in position E6 is likely shooting or attempting to block a shot. The player in position F4 is also focused towards the net. Therefore, the ball is most likely located near the basket.",C5
44.png,39,"The player in E6 is jumping towards the net, so the ball is likely above him near the net in cell C5.",C5
44.png,40,"The player in cell E6 is jumping with his arm extended towards the hoop. It is likely he is trying to shoot the ball. Therefore, the ball is likely located above his hand close to the hoop.",C6
44.png,41,"The player in cell F6 is in the middle of a jump shot. He is looking up at the basket, so it is likely the ball is on its way to the basket.",C5
44.png,42,The player in the blue uniform is jumping towards the basket and looks like he is shooting the ball.,E6
44.png,43,The basketball player in the blue jersey in cell F6 is clearly attempting a shot. The location of the rim is in cell B5 and the player is jumping facing towards it. So the ball would be between them.,C5
44.png,44,The player in the blue jersey is jumping towards the hoop and is likely shooting or attempting to score. The player with the number 13 on his jersey seems to be defending. The ball is most likely between the hands of the player in blue and near the basket.,E6
44.png,45,"The player in cell E6 is jumping and appears to be attempting to score. The player is looking towards the basket. The ball is therefore likely to be in the area around the net, likely in cell C5 or B5.",C5
44.png,46,The basketball player in cell E6 is jumping to make a shot at the basket. The logical location of the ball is near the basket.,C5
44.png,47,"The player in the blue uniform is reaching up toward the basket, presumably to catch or shoot the ball. The other players appear to be watching or reacting to his movement. Based on his position and the position of the basket, the ball is most likely above his head.",E6
2.png,1,"Given the position of the players, their body language and where they are looking, the ball is most likely between the two players in the center, at a height that allows them to contest it. Considering their upward gaze and jump, the ball is likely in the air, between them.",D5
2.png,2,"Given the position of the players and the game context of basketball, it is likely the ball is located between the players at waist height. This puts the ball in the F4 or F5 area. I am opting for F4 because the player is leaning in that direction.",F4
2.png,3,"The ball is most likely located in the vicinity of the two players contesting for possession. Their bodies are positioned in cells D4, D5, E4 and E5. Therefore, the ball will be in that vicinity.",D5
2.png,4,"The player in the white jersey seems to be in the middle of a shooting motion. The ball is likely in the middle of the two players, a little above the head of the red jersey player.",D5
2.png,5,"The two players in the center of the image (one in a white jersey, the other in red) are close to each other, and jumping. This suggests that they are likely competing for a rebound or jump ball. Based on their positioning and the relative height of their jumps, the ball is likely located somewhere between them, slightly above their heads. Thus, the ball's most likely location is grid cell D4.",D4
2.png,6,"Given the position of the players in the middle, the ball is most likely between the players in front of the ""RYO OZAWA | JAPAN"" text.",F5
2.png,7,"The players are in an active stance, with one jumping. The most likely location of the ball is near the jumping player.",D4
2.png,8,The two players in red uniforms look like they are defending and facing towards grid cell F4. The player in the white uniform appears to be jumping to shoot the ball. Therefore the ball is most likely in F4.,F4
2.png,9,"The players in the center of the image are actively engaged in a play, with one player leaping. The ball is likely located between the leaping player and the player guarding him. Based on their positioning, the ball is most likely in the air, above the waist.",D4
2.png,10,"The player in the white jersey is jumping and reaching toward the basket, likely trying to score or pass the ball. Based on his body position and arm extension, the ball would be above him and slightly to the right. The player in red is also looking in that direction, further supporting this inference.",D4
2.png,11,"Based on the position of the players and their movements, the ball is most likely located around the upper body area of the players in grid cells D4 to D6. However, since both the players are up in the air, the ball might be above them in the C4-C6 range.",C5
2.png,12,"Given the position and action of the players in cells D4, D5 and E4, E5, I would infer the ball is around D4/D5.",D4
2.png,13,"Given the position of the two players jumping in the center and the position of the other players, it's likely that the ball is between them at a certain height that makes it visible for them. I'd place it between their hands.",D4
2.png,14,"Given the positions and orientation of the players, the ball is likely in front of the two players in red and white jerseys.",D4
2.png,15,"The two players in the center of the image are facing each other. The player on the left is jumping as if he is trying to catch a ball. Given their positions, the ball is likely between them and above the ground.",D4
2.png,16,"The two players in the middle are facing each other. The player in the white jersey is in the air, which means he likely jumped to either shoot or pass the ball. Given their positions, and the positioning of the other players, a pass seems more likely. The most logical place for the ball would be in front of the player on the right, where he would be catching a pass.",D5
2.png,17,"Given the players' positions and stances, they appear to be in a contested shot scenario. The player in white is leaping and extending his arm as if attempting a shot. The ball is likely positioned at the peak of his jump, probably within reach.",D4
2.png,18,"Given the position of the players, particularly the player in the red jersey in cell 4 and 5 and the jumping player in cell 4, and the direction they are facing, it is likely the ball is between them at chest height.",D5
2.png,19,"Based on the positioning of the players, particularly those in red, the ball is likely located between them in the air. Given that they are in cells 4,5,6 the ball should be around those cells and above them, maybe in row D.",D5
2.png,20,"The two players in the middle of the image appear to be competing for the ball. The player on the left (wearing white) is reaching up towards the basket, while the player on the right (wearing red) is jumping. Based on their positions and direction of movement, the ball is likely between them.",D4
2.png,21,"The player with 'JAPAN' on his jersey is jumping, suggesting he might be shooting or passing the ball. The other players are positioned nearby. Therefore, it is most likely to be between him and the other player in red.",D4
2.png,22,"The player on the left is leaping with his arm raised. Given the player's position and the general arc of a basketball shot, the ball would likely be between the player and the hoop.",D4
2.png,23,"Based on the positions and movements of the players in the image, the ball is likely between the two players in the center, around chest height.",D5
2.png,24,The ball is likely between the two players in the middle of the image. The two players are looking at each other and jumping as if fighting for the ball.,D4
2.png,25,"The player in the white jersey is jumping, likely shooting the ball. The other players are positioned to either defend or rebound. Therefore, the ball is likely in the air, above the players. Considering the player's jump and position, the ball would likely be in the D4/D5 region.",D4
2.png,26,Based on the positions and the body language of the players it looks like they are trying to block or get possession of the ball around the center of the image. More specifically I think it is probably in grid cell F5.,F5
2.png,27,"Given the positions and orientations of the players I infer the ball to be between them, likely in the upper area of the player's torsos.",D5
2.png,28,"Given the positioning of the players and their likely movements, it appears the ball may be between the player in the white jersey and the two red jersey players. I also considered the direction the first red jersey player is going; I think the ball may be to the right of this player. Therefore, the ball is most likely in cell F4, as it is between the players.",F4
2.png,29,"The ball is likely between the two players in red jerseys and the player in the white jersey jumping. Considering their positions and trajectories, it is likely around chest height, slightly to the right of the jumping player.",D4
2.png,30,"Considering the player's positions and the direction they are facing, the ball is likely located in the air between the two players in the middle, somewhere around E5.",E5
2.png,31,"Based on the positions and movements of the players, the ball is likely near the player in red at cell 5D.",D5
2.png,32,"The two players in cells D4 and D5 are positioned as if they are contesting for a ball. Looking at the direction they are jumping, it is likely the ball is in cell D4 or D5, but a little bit higher in the air in the D4/C4 range.",D4
2.png,33,"Based on the position and gaze of the players and the direction the action is heading, the ball is most likely located between the players in columns 4 and 5, at a height that corresponds with the jumping motion of the player on the left, so somewhere in the E4-E5 area.",E4
2.png,34,"The ball is likely in the vicinity of the players who are actively involved in the game. Given the positions of the players and their focus, the ball is likely in the space between the player in the white jersey and the player in the red jersey.",E4
2.png,35,"The player in the white jersey is jumping with his hand raised, suggesting he's about to grab/intercept the ball. The player in the red jersey is positioned as if to receive a pass, while another player is looking in that direction. The ball is therefore most likely between them, at about head height.",D4
2.png,36,"Given the position of the players, and the fact that one of them seems to be jumping to block, the ball is likely above the jumping player, in the space between the two players.",D5
2.png,37,"The two players in the center of the frame, around grid cell D4 and D5, appear to be in the middle of contesting a shot or pass. Given their proximity and action, it's most probable the ball is between them, at approximately chest/head level, thus placing the ball near cell D4 or E4. I'm choosing E4 given their feet are on the gridline between E and F.",E4
2.png,38,"Given the players' positions and the direction they're facing, along with the general context of a basketball game, the ball is likely to be located somewhere around the center of the players involved in the action, probably in the vicinity of cell E5.",E5
2.png,39,"Given the positions of the two players in red jerseys, and the player in the white jersey who is jumping, the ball is likely between them, near the ground.",E5
2.png,40,"The player in the white jersey seems to be jumping to make a play for the ball, while the player in the red jersey seems to be guarding him. Given the posture and relative position of the players, the ball would likely be in front of the player in the white jersey near cell D4.",D4
2.png,41,"The player in white is leaping and extending his right arm forward as if shooting or passing. The players in red are guarding him. Therefore, the ball is most likely between them.",D4
2.png,42,"Based on the positions of the players in cells D4, D5, E4 and E5, the ball is likely to be somewhere around there. Given their proximity and potential action, it seems most likely the ball is near their hands.",D5
2.png,43,"Based on the positioning of the players and the direction they are facing, the ball is most likely in the area between them at chest height.",D5
2.png,44,The ball is likely located between the two central players who seem to be contesting for it.,D4
2.png,45,"The players are in the middle of the court. The player in white and red is leaning back as if he may have just shot the ball or is trying to get around the defender. The other players are looking around where the player in white and red is shooting. Based on the direction of the shot and the other player's locations, the ball is likely between the defender and the player who is shooting.",D5
2.png,46,"The players are tightly grouped around grid cells 4, 5 and 6. A player in a white jersey is looking towards 5. The player in the red jersey is looking forward. This indicates that the ball is likely in that area.",E5
2.png,47,"Considering the positions of the players and the action taking place (jumping), the ball is likely in the space between players 4, 5, and 6, above the RYO OZAWA text.",E5
2.png,48,"The players in the center of the image appear to be contesting a shot. The player in the white jersey seems to be jumping to block the player in the red jersey. Given their positions and the typical action of a basketball game, the ball is likely in the air between them, a bit higher than their heads.",C4
2.png,49,"The position of the players indicates there is some action around cells D4, D5, E4 and E5. Considering the players are facing that direction, the ball must be somewhere near the middle of these cells.",E5
2.png,50,"The ball is likely in the vicinity of the players who are contesting for possession. Given the jumping motion of the player in the white jersey and the positioning of the other players, it's likely that the ball is around the upper body height of the player. Therefore, the most likely grid cell is D4.",D4
50.png,1,"The player in blue in square D4 is driving to the hoop. The player on the other team at D6 is in a defensive position. Based on the position and the direction the players are moving, the ball is likely to be in cell E5.",E5
50.png,2,"The player in the white jersey with the number 3 on his back is likely dribbling the ball, or has just passed the ball. The player in the blue jersey is looking toward the hoop. The ball is likely between them.",E5
50.png,3,"The player in the center has his arm in a position suggesting he is dribbling the ball, and his eyes are looking down. Therefore the ball is most likely located near his hand, on the ground.",E6
50.png,4,"The player in the blue jersey in cell C4 is facing the player in the white jersey in cell C5. Therefore, the ball is likely located between these two players, around cell D5.",D5
50.png,5,"The player on the left is looking slightly to his left, the other player seems to be trying to block or intercept a ball. Therefore the ball is likely in between them.",E5
50.png,6,"The player in the blue uniform on the left (in cell D4) appears to be dribbling the ball, or about to dribble the ball. It's most likely near his hand as he is looking down and slightly forward.",E4
50.png,7,"The player in the blue uniform on the left side is dribbling the ball forward while the player in white jersey is guarding. Thus, the ball is expected to be between these two players.",E5
50.png,8,"The player in the blue jersey is dribbling the ball. The other player is guarding him, so it will be in front of the player dribbling.",E4
50.png,9,"The player in the blue uniform at position D4 is likely dribbling the ball, so the ball would be in front of him, near his hands.",E4
50.png,10,Both players in the center of the image are looking toward the D5/E5 area. It is likely the ball is close to them.,E5
50.png,11,"Based on the position and gaze of the players, the ball is most likely located between the two players on the right side of the image. The player wearing number 3 appears to be looking slightly downward and towards the other player. Also, the general flow of movement suggests that the ball is being passed or dribbled in that general vicinity.",E5
50.png,12,"Based on the positions of the players and where they are looking, the ball is likely to be in the possession of the player in the white jersey labeled with the number 3. The ball would be between him and the player in the blue jersey.",E5
50.png,13,The player wearing number 3 seems to be dribbling/passing the ball. Since he is in the middle of a play I would estimate the ball to be around his waist.,E6
50.png,14,"The player in the blue jersey in cell 4 is dribbling. Given his position, it is likely that the ball is near his hands on the ground.",E4
50.png,15,The ball is likely located between the two players in cells 5 and 6 because they are looking in that direction. The player on the right is running towards the basket and the ball is likely in that direction.,E6
50.png,16,"The player in the white jersey with the number 3 is looking towards the player in the blue jersey. Therefore, the ball must be between them, closer to the player in the blue jersey because he is dribbling.",E5
50.png,17,"The ball is most likely located in the hands of the player with number 3 on his shirt who is located in the F6 cell. The blue player is guarding this man, and the other player is further away.",F6
50.png,18,"The player in blue is dribbling the ball, the player in the middle is looking where it would most likely be.",E5
50.png,19,"The two players on the right side of the image are looking towards the area of the court in the middle and on the right side of the image. It's not clear if the player with the number 3 on his jersey is looking in the same direction, but the general area of focus appears to be in front of him. The player on the left is in the process of dribbling the ball so it would be closer to the ground in front of him. Considering all the information, the ball is most likely to be located in cell E6.",E6
50.png,20,The ball is most likely between the two players in the center of the frame. The player on the left is dribbling. The other two players are looking in that general direction.,E5
50.png,21,Both the player in blue and pink on the right and the player in white and pink #3 are looking in a similar direction. They are both most likely looking at the ball. It is likely to be close to the ground since both players are close to the ground.,E6
50.png,22,"The player in the pink/white uniform is looking down, as well as the player to his left in the blue uniform. Therefore, the ball is likely between them.",E6
50.png,23,The player in the center is looking downward. The player on the right side is also looking towards the center of the image and slightly downward. I infer that the ball is in cell F5.,F5
50.png,24,"The player in the blue jersey in grid cell 4 is moving toward the basket with his head up, he is likely dribbling the ball or has just passed it. The other player in grid cell 6 in the white jersey is also moving toward the basket. Given their positions, the ball is most likely just ahead of them.",E5
50.png,25,"The player in the blue uniform on the left of the image in grid cell D4 is dribbling the ball forward. The player in the white uniform in cell C5 is looking down in the same direction as the dribbler. Given their stances and gaze, the ball is likely in front of them, close to the ground.",E5
50.png,26,"The player in the middle with the number 3 on his back is looking at the player to his right, which is the player dribbling the ball. So the ball is most likely in the hands of the player in cell D4.",D4
50.png,27,"The ball is most likely between the two players at the bottom of the image. Since the player on the left is moving to the right and the other player is following his move, the ball is probably between them.",E6
50.png,28,"The player in the blue uniform in grid cell 4 is looking in the direction of grid cell 5. Likewise, the player in the white uniform is also looking at the same direction. Hence, the ball is likely in that location.",E5
50.png,29,"The player in the blue uniform in cell 4 appears to be dribbling the ball as he is looking down and has his arm in a position as if the ball would be in that area. The player in the white uniform in cell 5 looks to be preparing to attempt to take the ball from him, so he is also looking down to where the ball would be. The other player in the blue uniform in cell 8 is looking toward the player in cell 4 and is probably expecting to receive a pass.",E4
50.png,30,"The player wearing number 3 is likely dribbling, therefore, the ball is most likely in grid cell F5 or E5.",F5
50.png,31,"Given the positioning of the players, the direction they are facing, and the typical flow of play in a basketball game, the ball is most likely being passed to the player in position E4.",E4
50.png,32,The player in position 3 is looking towards the player in position 5. The player in position 5 is focused on the player in position 8. So the ball is in the middle of those players.,E5
50.png,33,The player in the middle with the jersey number 3 is dribbling the ball. So the location of the ball is likely around his hand and close to the ground.,E6
50.png,34,"The ball is most likely between the two players, closest to the person with the #3 jersey. It's likely at waist level or slightly lower.",E5
50.png,35,"The two players in the middle of the image are looking at each other, but slightly downwards. Their positioning and gaze direction indicate that the ball is likely between them, near the ground.",E5
50.png,36,"The player in the white jersey is running towards the basket. The other players are reacting to his movement. The ball is most likely in front of him, so he can dribble or pass.",E6
50.png,37,"The player in the center is dribbling with his right hand. Therefore, the ball is likely to be located on the right of the player in the center.",E6
50.png,38,"The player in the white jersey with the number 3 is running towards the basket. The player in the blue jersey is dribbling the ball and seems to be driving towards the basket. The most likely location of the ball is between the two players, in cell E5.",E5
50.png,39,"The player wearing number 3 is looking down, and his body is positioned as if he's dribbling the ball. The blue team player is looking at him.",E6
50.png,40,"The player in the blue uniform is dribbling the ball up the court, so the ball is most likely right in front of him.",E4
50.png,41,The player in blue in cell 4 is looking towards the player in white in cell 6. The player in white looks to be running with the ball towards the basket. So the ball is likely in between the two.,E5
50.png,42,The player in the blue uniform in grid cell 4 seems to be dribbling the ball. It is probably at the height of his hands.,E4
50.png,43,"The player in the blue uniform in grid cell D4 is dribbling the ball. Based on his posture and the other players around him I'd say the ball is in front of him, but on the ground.",E4
50.png,44,"Based on the positions of the players, it's likely that the player with the number 3 on his jersey is dribbling the ball. Considering the positioning of his body and arms, it's probable that the ball would be in the D5 or E5 cell. But the other player from the blue team is facing towards D5/E5.",D5
50.png,45,"The ball is likely located between the two players in the middle of the image. The player in the pink uniform is dribbling the ball, so it is likely in front of him.",E5
50.png,46,"Based on the positions and directions of the players, the ball is likely located between the two players near grid cell F5.",F5
50.png,47,"Given the positions and directions of the players, the ball is most likely located between the players near cell E5.",E5
50.png,48,"The player wearing number 3 is looking towards the player in blue and is in dribbling position. The player in blue is also looking down towards his left hand. Therefore, the ball is most likely between them, slightly closer to the player in blue.",E5
50.png,49,The player on the left seems to be dribbling the ball since his arm is low. The player in the middle appears to be preparing to receive the ball. The ball is most likely between the two players.,E5
50.png,50,"The player in the center is dribbling the ball, so it's likely to be near his hands, which are at waist height.",E5
3.png,1,"The player with the number 22 on his jersey is in position to receive the ball, and his gaze is directed towards the player with the number 7 who is in the action of passing him the ball. The number 7 players arm is outstretched in the direction of the number 22 player.",E5
3.png,2,"Given the player positions and where they are looking, the ball is most likely being passed between the player with number 22 and the player with number 1. Therefore, the ball is probably located between them.",E6
3.png,3,"Based on the positions of the players, specifically the two near the center of the image in D5 and D6, and the fact that they're looking upward towards the basket, it can be inferred that the ball is likely in that general vicinity. It is also possible the player near D1 has shot the ball and it is headed towards the net. Taking this into account, the most likely position of the ball is around cell D5.",D5
3.png,4,"The player numbered 7 in red is looking towards the net. The player in white numbered 22 is also looking up in the direction of the net. This makes the location of the basketball likely to be in cell E5, since it is likely a pass happening to the player in white.",E5
3.png,5,"The player in white with number 22 is looking up at the hoop, it is likely he has either just shot the ball or is waiting to receive the ball. Therefore the ball will be near the hoop.",B5
3.png,6,"The player numbered 7 in cell C4 is looking up at the hoop with his arm raised. The player in cell D6 is also looking towards the hoop. Given that this is a basketball game, it is reasonable to assume that at least one of the players is about to shoot. Therefore, the ball is likely between them and the hoop.",D5
3.png,7,Based on the player's positions and where they are looking the ball is likely near the basket. The player with number 22 is likely to have passed the ball in cell E5 to either the player in cell D1 or is near the basket for a rebound.,B5
3.png,8,"Given the positioning of the player in white, his gaze, and the positions of the other players, the most likely location of the ball is near the player in white with number 22 on his jersey. This puts the ball at cell E5 or D5. I will choose E5.",E5
3.png,9,"The most likely location of the ball is near player 22 who is in a position to potentially pass or shoot. Given the positions of the other players, a pass to the player in grid cell 7 is a good possibility. It is very unlikely the player would shoot from where he is as he is facing away from the basket.",E6
3.png,10,The most likely location of the ball is near the player with jersey number 22 as he appears to be dribbling the ball.,E5
3.png,11,"Based on the positions of the players, the ball is likely being passed between the players in cells 4, 5, and 6, or is about to be shot at the hoop in cell 5. The player in the white jersey number 22 seems to be in position to shoot the ball. The player in the red jersey, number 1, seems to be guarding the player in the white jersey. Therefore, the ball is likely to be in the hands of the player in the white jersey.",E5
3.png,12,"The ball is likely between the player with number 22 and the player with number 1, as they both appear to be focused on that general area. Judging by the player positions and their line of sight, the ball is likely in the area of grid cell E6.",E6
3.png,13,"The ball is likely in the hands of the player wearing number 7, in position C4.",C4
3.png,14,"Several players are looking at the area near cell E5 and C5. Additionally, given the positions of the players it is likely that the ball is near the player wearing number 22.",E5
3.png,15,"The player numbered 22 is looking up toward the basketball net, and is also in a position to make a shot on the net. It is therefore most likely that the ball is somewhere near the basketball net in cell E5.",E5
3.png,16,"The player in the white jersey labeled 22 looks like he just passed the ball, and the player in red jersey labeled 7 is facing towards the player in white jersey, so the ball would have been between them.",E5
3.png,17,"The player wearing number 22 in the white jersey appears to be in a shooting stance. The player with the number 7 is looking towards the basket, as is the player with number 1. These cues suggest the ball is likely close to the hoop.",B5
3.png,18,"Based on the positions of the players, especially the player wearing number 22, it is likely that the ball is in their possession. The player is looking toward the basket, which is in cell E5.",E5
3.png,19,The player in the middle wearing the white jersey (Number 22) is looking up towards the basket. It is highly probable he is in the middle of attempting a shot towards the basket.,D5
3.png,20,The players are looking up and towards the basket. It is likely the player in cell D1 has just shot the ball or will be shortly. The ball is likely somewhere between D1 and the basket. It is possible the ball is in the basket as well. Based on the line of sight of the players it is likely the ball is above them.,C4
3.png,21,The ball is likely in the hands of the player in white number 22 who is located in Cell E5.,E5
3.png,22,The ball is most likely in the hands of the player in white number 22. His eyes are looking towards the basket.,E5
3.png,23,"Player 22 appears to be dribbling/driving to the basket. All of the players are looking toward the basket. Thus, the ball is likely located on his right-hand side.",E5
3.png,24,The ball is most likely being handled by the player with jersey number 22. His gaze and body language suggest he is preparing to either pass or shoot. The most likely location of the ball would therefore be around his hands.,E5
3.png,25,The player wearing the number 22 on his shirt is looking upwards towards the basket. This indicates the ball is most likely in the air around the hoop.,B5
3.png,26,"Given the position of the players, most of them are looking up and towards the basket, which is located around cell E5. The player with jersey number 22 seems to be in a shooting position, suggesting that the ball was around cell E5 before being removed.",E5
3.png,27,"The ball is likely in the hands of the player wearing jersey number 22, in cell E5. He's in a shooting stance, with a slight upward gaze, implying he's about to shoot the ball towards the hoop.",E5
3.png,28,"The ball is likely in the vicinity of player 22 (the player in the white jersey), as he is crouched down and looking downward.",E5
3.png,29,"Given the positions and gaze directions of the players, the ball is likely in the vicinity of the player with the number 22 on his back. He is positioned in grid cell E5, looking upwards.",E5
3.png,30,"Based on the player positions and their gaze, the ball is likely near the player with the number 22 in the white uniform, who seems to be the focus of attention for several other players. The player wearing number 22 is in E5.",E5
3.png,31,"Based on the positions of the players, their stances, and where they are looking, it appears the ball is most likely located near the player with the number 22 on his jersey. He is positioned in the middle of the court in cell E5, and appears to be preparing to make a pass or shot.",E5
3.png,32,"The ball is likely located near the basket. The player in white #22 is looking up towards the basket, and the player in red #7 is also looking at the basket. This suggests that the ball is in the air heading toward the basket. The area between these two players and up towards the basket (A5/B5) would be the most likely location.",B5
3.png,33,"Player number 7 and the player with number 22 are facing the hoop, which is in cell E5. It is likely that either of them had possession of the ball and was about to pass the ball to the other one or shoot. Thus, the ball is likely to be in cell E5.",E5
3.png,34,The player in white jersey number 22 is likely attempting to shoot the ball into the hoop. This means the ball is most likely located in front of the hoop in a position where he can shoot.,E5
3.png,35,"Given the position of the players, especially the player in the white jersey (number 22), who seems to be preparing to pass or shoot, and the player in the red jersey (number 7) guarding him, the ball is most likely located in the vicinity of these two players. This location can be narrowed down further due to the positioning of other players who are likely looking at these two players.",E5
3.png,36,"The player with the number 7 on his back in D4 is looking upwards at the hoop. The player with number 22 on his back in E5 is also looking at the hoop, the ball is most likely in the D5 cell.",D5
3.png,37,"The player in the white jersey (labeled with the number 22) in grid cell E5 is looking upwards at the basketball hoop. The player in the red jersey (labeled with the number 7) in cell D4 is also looking at the hoop. The player in the red jersey (labeled with the number 1) in cell D7 is also looking upward. Based on this information, the basketball is likely in the air near the hoop, which is in the grid cell B5.",B5
3.png,38,"Based on the positioning of the players and the direction they are facing, the ball is likely in the hands of the player with number 22 who is in a position to shoot or pass toward the basket.",E5
3.png,39,"Given the position of the players, most of them are looking at the hoop. It seems like one of the players is about to shoot and hence the ball should be either in his hands or at the top near the hoop. Therefore, the location of the ball is most likely to be D5.",D5
3.png,40,"Based on the positions of the players, they are positioned around the perimeter. The player wearing number 22 in the white uniform appears ready to shoot, suggesting the ball is in his hands or about to be passed to him. The ball is most likely to be around the player in the white uniform.",E5
3.png,41,"The player in the white uniform with the number 22 is looking towards the basket. The player in the red uniform with the number 7 is also looking towards the basket. It is highly likely that they are looking at the ball near the basket. Therefore, the most likely location of the ball is near the basket.",B5
3.png,42,"Based on the players' positions and where they are looking, the ball is most likely located near the player with number 7, who is preparing to pass or shoot. Since player 7 is looking towards the basket, it is likely the ball is in the vicinity of D4.",D4
3.png,43,"Player with number 22 is looking directly at the hoop, it is likely that they have the ball and are preparing to shoot or pass to the hoop.",E5
3.png,44,"The ball is most likely in the vicinity of the basket and the two players in the center of the frame. The player wearing jersey number 22 is likely about to shoot. Thus, the ball is likely somewhere in the vicinity of E5.",E5
3.png,45,The basketball hoop is located in cell E5. The player with jersey number 7 is looking up at the hoop and it looks like he is about to catch a ball or has just thrown the ball. I would expect the ball to be located near that hoop.,E5
3.png,46,The player in cell D1 is shooting the ball towards the basket in B5. Given this the ball is likely in the region between these two points. The player in E5 is looking upwards towards the basket. So the ball is most likely close to the basket and close to B5 and is likely in the air.,B5
3.png,47,"Based on the positions of the players and their focus, the ball is most likely between the player wearing number 22 and the player wearing number 1, near to number 22.",E5
3.png,48,"The player with number 7 seems to be looking upwards at the hoop. Since this is a basketball game it is highly likely he has just released the ball and is watching it travel towards the basket. It is likely the ball is traveling from cell D4 to the hoop in B5. Also, all of the players appear to be facing this same direction. The player with #22 appears to have the most likely trajectory for the ball.",D4
3.png,49,"The player in the white jersey (number 22) is looking directly towards the basket, and the player in the red jersey to his right is also looking towards the basket. The player in the red jersey on the left is also moving in the direction of the basket. Based on their positions and where they are looking, the ball is most likely in the area around the basket, or on the way to the basket. Cell E5 seems like a reasonable area for the ball to be.",E5
3.png,50,"The player in the white uniform with the number 22 seems to be setting up for a shot or pass, and the opposing player is guarding him closely. It is likely the ball is close to the player with number 22 at location D5.",D5
51.png,1,"The player with number 23 is shooting the basketball at the hoop. Given this, the ball is likely in the proximity of his hands, headed towards the hoop. Therefore, the ball is probably in cell B5.",B5
51.png,2,"The player in cell F6 is jumping to make a shot. His arms are extended up to cell C6. Based on his position, the ball is likely to be around C6 as he is attempting to shoot it towards the hoop.",C6
51.png,3,The player in cell C6 is shooting the ball towards the basket. The ball is most likely in that same cell because the player is at the highest point of his jump and is releasing the ball.,C6
51.png,4,"The player in the air in cell C6 is shooting, so the ball would be in line with his arms and trajectory towards the basket.",B5
51.png,5,"The player in the air (cell C6) is shooting towards the basket, so the ball should be just above his hands.",C6
51.png,6,"The player in the air is shooting the ball, so the ball is likely located between their hand and the basket.",B5
51.png,7,"The player in cell C6 is in the middle of a shot. Therefore, the ball must be just released from his hands or is already in the air heading towards the hoop.",C6
51.png,8,"The player in cell B6 is at the top of his jump, presumably shooting the ball towards the basket. Therefore the ball is most likely just above his outstretched hand, so B6.",B6
51.png,9,"The player in cell G6 is in the middle of shooting the ball. He has extended his arm and is looking directly at the basket. Therefore, the ball is most likely in the general area of his hands, on its way to the basket. This would place the ball in C6 or D6.",C6
51.png,10,"The player in cell C6 is jumping and has his hand extended as if he's shooting a basketball. Based on the direction of the shot, the ball would be above him, likely around the height of the rim.",B5
51.png,11,"The player in cell C6 is in the middle of a jump shot. Based on the player's shooting motion and position, the ball is most likely in the vicinity of the hoop, perhaps a little below it at this stage in the shot.",C5
51.png,12,"The player in cell C6 is shooting the ball towards the basket. The ball would be in line with the player's hand and the basket, slightly higher than the player's hand.",B5
51.png,13,"The player in position 6 is in the middle of shooting the ball into the net, so the ball should be in his shooting path or around the net at B5.",B5
51.png,14,"The player in cell C6 is shooting, and the other players in D5 and E5 are looking upwards toward the net.",C6
51.png,15,"The player in the air in cell C6 is about to shoot the ball. Therefore, the ball is likely in that cell, slightly above his hands, on its way to the basket in cell B4.",C6
51.png,16,The player in the blue jersey is about to shoot the ball. He's extended his arm and is looking towards the hoop. The ball should be near his hand.,C6
51.png,17,The player in grid cell F6 is in the middle of shooting the ball. So it is likely in the air somewhere close to his hands. This makes C6 a likely candidate.,C6
51.png,18,"Player number 23 in grid cell C6-D6 is in the shooting motion, looking towards the hoop. It is safe to assume the ball is in the vicinity of his hand, at that height. This means the ball is likely in B5.",B5
51.png,19,The player in cell C6 is shooting the ball at the basket. Therefore the ball would be somewhere between his hands and the basket. I think that the location of the ball is between C5 and B5.,B5
51.png,20,"The player in cell G6 is in the middle of a jump shot. The other players on the court are either looking at him or the basket. Based on the positioning of the player doing the jump shot, and the positioning of the basket, the ball should be coming off of his fingertips and should be roughly located in the cell above his head, right in line with the basket.",C6
51.png,21,"The player wearing number 23 is attempting to shoot the ball, it is in his right hand. The ball is located around C6.",C6
51.png,22,"The player in the blue jersey is jumping with his right arm fully extended above the basketball hoop. Based on his arm position, the ball is most likely just above the hoop.",B5
51.png,23,"The player in blue is shooting the ball towards the basket. The other players are looking up towards the hoop as well. The most likely location for the ball is near the hoop, around where the player is shooting.",C6
51.png,24,The player in cell C6 is in the process of shooting the ball at the basket. All the other players around him are looking toward him and the basket. Therefore the ball is most likely just above his hands near the hoop.,C6
51.png,25,"The player in cell C6 is in the middle of his shooting motion, having extended his arm upwards. This suggests that the ball would be near the top of his shooting motion, probably in the B5/B6 area.",B6
51.png,26,The player in cell C6 is shooting the basketball towards the basket. The ball is likely to be somewhere between the player's hands and the basket.,B5
51.png,27,The player in cell C6 is reaching to shoot the ball into the hoop. So the ball would be somewhere between his hands and the hoop.,C5
51.png,28,"The player in cell C6 is shooting the ball. His arm is extended as if he has just released the ball. Therefore, the ball is most likely slightly above and to the right of his hand.",B6
51.png,29,"The player in position 6 is in the middle of shooting the basketball. Therefore, the ball is most likely between his hands and the basket, so around the B6 area.",B6
51.png,30,"The player in the blue jersey is shooting the basketball. The ball would be close to his right hand, so it is most likely in cell C6.",C6
51.png,31,"The player in cell G6 is shooting the ball toward the basket located above cell B5. Therefore, the ball would be in the air between his hands and the basket.",C6
51.png,32,The player in cell F6 is in the middle of a jump shot. That suggests the ball would be above their head near the basket. The angle suggests the ball is in cell B5.,B5
51.png,33,The player in cell C6 is clearly shooting the basketball toward the hoop. The ball is likely right above his hands.,C6
51.png,34,"The player in cell B6 is shooting the ball towards the basket. Therefore the ball must be somewhere between his hand and the basket, in front of him. Considering the height of his hand, the ball should be in cell C5 or B5. I'll go with C5.",C5
51.png,35,"The player with jersey number 23 is in the middle of a jump shot. Based on the player's arm position and the direction of his gaze, the ball is likely at the top of his shooting motion, near the basket. Therefore, the ball is most likely somewhere around the basket and near his hands, around C5/C6.",C5
51.png,36,"The player in cell D6 is in the middle of a shot, with his arm extended toward the basket. Given the player's position, the ball is most likely located in grid cell B5, near the hoop.",B5
51.png,37,The player with number 23 is in the middle of shooting a basketball. I would assume the ball to be just above his hands and below the net.,C6
51.png,38,The player in cell G6 is in the process of shooting the ball. His arm is extended and his eyes are focused on the basket. The ball would most likely be near the tip of his fingers.,B6
51.png,39,The player in grid cell C6 is in the middle of a shot. I would expect the ball to be in that area.,C6
51.png,40,"The player in blue jersey number 23 is in the middle of a shot and the other players are looking in the direction of the player who is shooting the ball. Given that the shooter is in cell C6, the ball is likely to be in either cell B6 or C6 as the player is mid shot. It is unlikely to be outside of these zones.",B6
51.png,41,The player in the air is shooting the ball towards the hoop. So the ball will be in his hand or on its way to the hoop.,C6
51.png,42,The player in the air (cell C6) appears to be shooting or about to shoot the ball towards the basket.,B5
51.png,43,"The player in cell C6 is in the middle of a shooting motion. The ball would be above his head, on the way to the basket.",B6
51.png,44,"The player in the blue jersey with number 23 is shooting the ball. Therefore, the ball would be leaving their hand heading towards the basket.",C6
51.png,45,The player in the air with his arm extended is likely about to shoot the ball. Therefore the ball should be close to his hand. I am estimating the ball to be in cell F6.,F6
51.png,46,"The player in the blue uniform is shooting at the basket, and the ball is likely above his head on its way towards the basket. Given his upward arm movement, the ball would be positioned slightly above his hand.",C6
51.png,47,"The player in cell G6 is shooting the ball, so it should be on its way toward the basket in cell B4. The location of the ball will depend on the height of the player and the angle that they are shooting. The ball is likely somewhere around cell B5, C5, or C4. Given the angle of the player's arm, the most likely location is B5.",B5
51.png,48,The player in cell C6 is in the act of shooting the basketball. The ball would be somewhere near his hands.,C6
51.png,49,The player in cell G6 is clearly shooting and he is looking at the basket. The ball must be somewhere near his hands.,C6
51.png,50,"The player in cell G6 is at the peak of his jump and is about to shoot the ball at the hoop. All eyes on the court are locked on the player at G6 so the ball must be in his hands, ready to be thrown at the hoop.",
45.png,1,"The player in cell D6 is in the middle of a shooting motion, and it can be inferred that the ball is right above his hands.",D6
45.png,2,"The player in grid cell D6 is in the process of shooting the ball. Based on his arm position and the trajectory of a basketball shot, it is highly likely the ball is on its way to the basket in grid cell A5/B5.",A5
45.png,3,"The player in cell D6 is shooting the ball. Based on his position, the ball is in his hands or has just been released. The ball is most likely in cell D6.",D6
45.png,4,"The player in grid cell D6 is in a shooting motion, so the ball is likely near his hands at around head level.",D6
45.png,5,"The player in cell D6 is in the middle of a shooting motion, and the ball is likely directly in front of him and above his head. The most likely cell is D6.",D6
45.png,6,"The player in cell 6 is in the middle of shooting the basketball, so the ball must be coming off of their hands, which is in cell 6.",F6
45.png,7,"The player in grid cell D6 is shooting. Therefore, the ball is likely at the top of his shooting motion.",D6
45.png,8,"The player in cell D6 is shooting the ball, so the ball is most likely right above his hands.",E6
45.png,9,"The player in cell D6 is in the shooting motion and is likely releasing the ball. Therefore, the ball is most likely in cell D6.",D6
45.png,10,"The player in cell D6 is shooting. The ball is most likely near his hands, as he is in the middle of his shooting motion.",D6
45.png,11,"Player 2 is in a shooting motion, with the peak of his arc probably within or just above cell D6, where his arms extend to release the ball.",D6
45.png,12,"The player in cell D6 is shooting. Given his position and arm extension, the ball is likely directly above his hands in cell D6.",D6
45.png,13,"The player in cell D6 is shooting, so the ball is most likely above his hands.",D6
45.png,14,"The player in cell D6 is in the middle of shooting. It is likely the ball is in the air in front of them, probably near cell D5.",D5
45.png,15,"The player in grid cell D6 is clearly shooting the ball. Therefore, the ball is in the process of being shot toward the basket.",B5
45.png,16,"The player in cell D6 is shooting the ball. Therefore, the ball is likely in their hands or very close to them.",E6
45.png,17,The player in cell D6 is shooting the basketball. Therefore the basketball is most likely in line with his arm extension but not yet released.,D6
45.png,18,The player in cell D6 is shooting the ball towards the hoop. The ball would therefore be between him and the hoop.,D5
45.png,19,"The player in cell D6 is shooting the ball, so the ball would be in his hands or just released from them. The most likely location is in cell D6.",D6
45.png,20,"The player in cell D6 is in the process of shooting the basketball. The most likely location of the ball would be above the player's head and somewhere between the player and the basket in cell A5. Given that the player is releasing the ball, it should be in line with his hands.",D6
45.png,21,"The player in cell D6 is shooting the ball, thus the ball is likely directly above his hands, and also near the basket, so the cell B5 is a good candidate.",B5
45.png,22,The player in cell D6 is shooting the ball. The ball is most likely right above his head.,D6
45.png,23,"The player in cell D6 is in the middle of a shooting motion, therefore it is very likely that the ball is in his hands or just about to leave his hands.",D6
45.png,24,"Player in cell D6 is in the middle of a shooting motion. It's likely the ball is just released from his hands, so it's in cell D6.",D6
45.png,25,"The player in cell D6 is shooting the ball. Therefore, the ball is likely at the peak of its jump shot arc. Therefore, the ball is probably in cell D5.",D5
45.png,26,The player in grid cell D6 is shooting the ball. So it is most likely in D6 or close to it.,D6
45.png,27,"The player in grid cell 6 is shooting the ball, so the ball must be somewhere between his hands and the basket. The basket is in grid cell 5.",D5
45.png,28,The player in cell D6 is shooting the ball. It would therefore be above his head in the D5 cell and heading toward the basket in B4/5.,D6
45.png,29,The player in cell D6 is in the middle of shooting. His eyes are up and the ball should be in the air above his head. The height of the shot will place the ball somewhere in D5.,D6
45.png,30,"The player in cell D6 is in the process of shooting the ball. Therefore, the ball is likely located near the player's hands, just above their head, in cell D6.",D6
45.png,31,"The player in grid cell D6 is shooting the ball. Thus, the ball must be somewhere between his hands and the basketball hoop in grid cell B5.",C5
45.png,32,"The player in cell D6 is shooting a basketball. Therefore, the ball should be located between cell D6 and the basket (in A5). It could be in cell D5 or D6, but based on the shooting form, the ball is likely just above the player's head in D6.",D6
45.png,33,"The player in grid 6 is shooting. Therefore the ball is likely near his hands, which are above his head.",D6
45.png,34,"The player in cell D6 is shooting the ball. Based on his shooting motion and the position of the basket in cell A5, the ball is most likely located between the player and the basket, near the top of his release point.",D6
45.png,35,"The player in cell D6 is in the shooting motion with his arms extended upwards. I would assume the ball is directly above his hands, in the general vicinity of C6.",C6
45.png,36,"The player in cell D6 is shooting the ball, based on his arm position and the way he is looking, the ball is most likely in the air near him.",D6
45.png,37,"The player in cell D6 is shooting the ball. Therefore, the ball is most likely being held directly in front of his forehead at the peak of his jump.",D6
45.png,38,"The player in grid cell D6 is in the middle of shooting the ball. The most likely location of the ball is between his hands and the basket, which is in grid cell B5. However, since it is more likely to be in front of the shooter, I am going to place it in cell C5.",C5
45.png,39,"The player in cell D6 is in the shooting motion. The player in D5 is defending. Therefore, the ball is likely being shot toward the basket located in cell A5.",D6
45.png,40,The player in cell D6 is clearly shooting the ball and the ball is likely in line with the player. Therefore it is most likely that the ball is in E6.,E6
45.png,41,"The player in D6 is in the middle of shooting the ball. Therefore, the ball is in the air above him, likely in cell C6 or D6. Given the angle, and the upward trajectory of a shot, C6 is more likely.",C6
45.png,42,"The player in cell D6 is clearly shooting the ball. He is looking up and his arm is extended, indicating he has just released the ball. The ball is therefore likely directly above him.",D6
45.png,43,"The player in cell D6 is in the process of shooting the ball. Therefore, the ball is most likely in the air right above their hands.",D6
45.png,44,"The player in cell D6 is in the process of shooting the ball. Given his position and the trajectory of a basketball shot, the ball is likely located just above his hands, within cell D6.",D6
45.png,45,"The player in cell D6 is in the process of shooting the ball. Therefore, the ball is most likely in the air above his hands.",D6
45.png,46,The player in cell D6 is shooting the ball. Therefore the ball must be above their hands.,D6
45.png,47,"The player in cell D6 is shooting the ball, and the other player in cell D5 is reacting to this. The ball would have been in the hand of the player in D6, and is likely still in the air between the shooter and the hoop, which is in cell A4. Therefore the ball is likely in cell D6.",D6
45.png,48,"The player in cell D6 is in the act of shooting the basketball. Given his form and the trajectory of a jump shot, the ball is likely located in cell B5 above his hands near the basket.",B5
45.png,49,"The player in D6 is in the act of shooting. The most likely position for the ball is in his hands, or just released from his hands as he is shooting.",D6
45.png,50,"The player in cell D6 is in the shooting position, therefore the ball is most likely to be in front of him, between cell D6 and C5.",D6
87.png,1,"The basketball player on the right (in red) is in the process of dribbling the ball. His hand is positioned as if the ball is about to make contact with the ground. Based on the orientation of his arm and the location of his hand, the ball is most likely located in the vicinity of cell E8.",E8
87.png,2,"The player on the right is looking down as if he's dribbling or holding the ball. He has his hands near his waist. Given his position and gaze, the ball is likely in front of him near the ground.",E8
87.png,3,The player in the red jersey appears to be dribbling the ball. His right hand is down as if he is in the middle of dribbling. The ball would be in front of his right hand.,D8
87.png,4,"The red player is looking down towards the ground. Additionally, their arms are positioned as if dribbling a ball.",E8
87.png,5,"The player in the red uniform appears to be dribbling the ball. Based on his posture and arm position, the ball is likely located near his right hand.",D8
87.png,6,"The red player is looking down, and is in a dribbling position. The ball is most likely in front of him, around D8.",D8
87.png,7,"Based on the position of the player in red, his arm position, and the general action taking place, the ball is most likely between the players.",D8
87.png,8,"The red player is looking down towards his hands, and he is dribbling. The ball is most likely located by his right hand.",D8
87.png,9,The player in the red uniform is dribbling the ball. His right hand is facing downwards and is most likely touching the ball.,D8
87.png,10,"The player in the red uniform is in the middle of dribbling the ball. Based on the positioning of his hands, the ball should be right in front of him, around his waist.",D8
87.png,11,"The player in red appears to be dribbling, and his hand is positioned to control the ball. It is likely located near him.",D8
87.png,12,The red player has his arm around the area of D8. I believe this is where the ball is.,D8
87.png,13,The player in the red uniform is dribbling the ball with his right hand. I can see the ball right above his hand.,D8
87.png,14,The player in red is dribbling the ball. The ball is likely located in his hand near D8.,D8
87.png,15,"The player in red is holding the ball. Based on the positioning of his hands, the ball is in front of him.",D8
87.png,16,"Based on the positions of the two players, they are likely competing for the ball. The red player is guarding the blue player. I would expect the ball to be between them, likely near the red player's right hip.",D8
87.png,17,The player on the right is looking down and has his hands in a position that would suggest he's dribbling a ball.,E8
87.png,18,The ball is likely in grid cell D8. The position of the player in red suggests he is holding a ball in his right hand.,D8
87.png,19,The player on the right is looking down at his hands as if he were dribbling the ball.,D8
87.png,20,The player in the red uniform is facing towards the right with his hands in a position as if he is dribbling the ball. It can be inferred that the ball is located near his hands.,D8
87.png,21,The player in red is looking at the ball. His hands are positioned as if he is dribbling the ball.,D8
87.png,22,The red player is looking at the ball. He has his hand up and it looks like he is about to catch the ball.,D8
87.png,23,"The red player is looking down as if he's dribbling the ball in his right hand, so it's likely the ball is in the bottom right portion of cell D8.",D8
87.png,24,"Based on the position of the player in red in the image, who looks like he is dribbling the ball, the most likely location of the basketball would be in cell D8.",D8
87.png,25,"The player on the right in the red jersey has his hands positioned as if he is dribbling the ball. Also, many of the crowd members eyes are focused in this area.",D8
87.png,26,"The basketball player on the right is dribbling the ball. The player's hand position and the position of other players suggest that the ball is on the right of the image, around where his hand is positioned.",D8
87.png,27,"The red player is looking down at the ball, and his hands are positioned as if he is dribbling the ball.",D8
87.png,28,"The player in red is dribbling the ball with his right hand. Based on his position and hand placement, the ball is likely located near his right hand and near the ground.",E8
87.png,29,"The player in red seems to be dribbling, and the position of his arm along with the blurry movement suggests the ball is between him and the edge of the court.",E8
87.png,30,"The player in red is holding the ball in his right hand and looking at the player in blue, the ball is near the grid position D8.",D8
87.png,31,The red player is looking down to dribble the ball and he is located in the region of cell D8. The red player's hand is also near this location.,D8
87.png,32,The red player is holding the ball with his right hand so the ball is likely around the right side of his body.,D8
87.png,33,The player in red is focused on cell D8. Based on his hand positioning it is most likely that the ball is in that area.,D8
87.png,34,"Based on the position of the player in red, he appears to be dribbling the ball. The position of his hand in relation to his body implies the ball would be near his legs and near the center of the grid.",E8
87.png,35,"The red player appears to be dribbling a basketball, based on the position of his hands and the angle of his arms. Therefore, the ball would be around his hand.",D8
87.png,36,The player in red is in the process of dribbling. The ball is therefore located in front of him on the right side.,D8
87.png,37,"The player in the red jersey is looking down at his hands, so the ball would be in his hands or just below them.",D8
87.png,38,"The player on the right is dribbling the ball. The ball is most likely in the lower portion of cell D8 or the upper portion of cell E8, close to the player's hand.",E8
87.png,39,"The player in red is looking down toward the center. Additionally, his arm is positioned in front of him as if he's dribbling a ball.",E8
87.png,40,"The red player in grid 8 is in the act of dribbling the ball. His hand position and the position of the other player suggest the ball would be in front of him, on the court.",E8
87.png,41,"The player in the red jersey on the right side of the image is looking down towards the bottom right corner of the grid. His hands are also positioned as if he is dribbling or catching a ball. I will assume that the ball is close to his hands, as that is where it should be if he is playing basketball.",E8
87.png,42,"Based on the players' positions and proximity, the ball is most likely located near the player in the red jersey. In addition, the position of the players would suggest that the ball is in the lower right area.",E8
87.png,43,"The player in red is dribbling a ball, so the ball must be located near his right hand. It's located in the D8/E8 cell.",E8
87.png,44,"The player in red is looking down at a point in front of him. The image also shows a slight discoloration in that region, which is likely the ball.",D8
87.png,45,"The red player in the image is dribbling the ball. In the unedited version, the ball is in cell D8.",D8
87.png,46,"The player in red is looking at the ball, and his arms are in a position consistent with dribbling or handling the ball. Therefore, the ball is likely to be near his hands.",D8
87.png,47,The player in red has his hands in a position as if he is dribbling the ball. His eyes are looking downwards.,D8
87.png,48,"The player in red is looking down at his hands, the ball is likely in his hands at this moment.",D8
87.png,49,"The red-jersey player is dribbling the ball. Based on his posture and the position of his hands, the ball should be located right in front of him.",D8
87.png,50,"The player in red on the right of the image is holding the ball with both hands, presumably about to pass or shoot the ball. Therefore, the ball is most likely located near his hands.",D8
84.png,1,"The player in the center is in the motion of shooting, therefore the ball is likely in the air right above his hands.",C5
84.png,2,"The player in the middle is shooting the ball towards the basket. The ball is likely in the air, slightly above his hands.",C6
84.png,3,The player in the center is jumping and is very likely shooting the ball toward the basket.,B5
84.png,4,The player in the middle is clearly in the middle of shooting the ball towards the hoop. Therefore the ball should be in front of him in the D6 cell.,D6
84.png,5,The player in the white jersey is shooting the ball so it is most likely close to his hands in grid cell D5.,D5
84.png,6,"The player in the center is shooting the ball, so it is most likely located between his hands and the hoop.",C5
84.png,7,"The player in the center is shooting towards the hoop, so the ball is likely to be near his hands.",C6
84.png,8,"The player in the white jersey in column 5 is jumping to shoot the ball towards the basket. His hands are up. Also, there is a player in the blue jersey in cell E3 looking in that general direction, likely guarding him. The ball is likely in his hands.",E5
84.png,9,The player in the white jersey is in the middle of a jump shot. I am inferring the ball to be in the middle of his shot.,C6
84.png,10,"The player in the middle (cell E5) is shooting the basketball. Therefore, the ball is likely in line with the basket.",B5
84.png,11,"The player in the center is reaching up with his right hand near the basketball hoop. Therefore, it is likely that the ball is near him.",C5
84.png,12,"The player in cell 5 is shooting the ball. Therefore, the ball must be somewhere between his hands and the basket. Cell D5 seems like the best possibility.",D5
84.png,13,"Given the player near cell E5 is clearly shooting towards the basket, the ball is likely between him and the hoop.",B5
84.png,14,The ball is likely in the hands of the player who is in the air. The player in the white jersey is in the air ready to shoot.,C6
84.png,15,"The player in the center is in the act of shooting. Given his hand position and the location of the basket, it is likely the ball is directly above his head and on line with the basket.",C5
84.png,16,"The player in the middle (cell E5) is likely shooting the ball towards the basket. Therefore the ball should be in the air, above his head but below the rim. That is in the C5-C6 area.",C5
84.png,17,"The player in the center is shooting the ball. Thus, the ball is likely in the vicinity of his hands, above his head.",C5
84.png,18,"The player in the white jersey is in the middle of a shot attempt, with his arms raised. The ball would be close to his hands.",C5
84.png,19,"The white player at position E5 is in the middle of a jump shot. His hands are up, implying the ball is near the basket.",B5
84.png,20,"The player in the middle is in the process of shooting the basketball. Since his hands are high up, the ball is most likely near the top of his hands.",C5
84.png,21,"The player in the center of the frame (cell E5) is at the top of his jump, in the act of shooting. Based on his position relative to the basket (located at A5), the ball is likely located near his hand, just about to be released.",C5
84.png,22,"The ball is likely to be located near the player in white, as he appears to be shooting. The fact that the players are looking in that direction also suggests the ball is likely in that area. Given his stance and the position of the basket, it is likely the ball is slightly above his hands.",C6
84.png,23,"The player in the middle, in the white jersey is shooting the ball so the ball would be at the apex of the shot close to the hoop. The ball would be in cell B5",B5
84.png,24,"The player in the center of the image is in the process of shooting the ball. Therefore, the ball is likely located between his hands and the basketball hoop.",B5
84.png,25,"The player in cell E5 is reaching up as if about to shoot. Therefore, it is likely that the ball is in cell D5, near his hands.",D5
84.png,26,"The player in cell 5 is shooting at the hoop. Given the position of his hands and the arc of a typical shot, the ball is likely just above him.",C5
84.png,27,"The player in the middle of the image is looking upwards with his hand raised suggesting that he is either shooting or attempting to block a shot. Given that the player is directly below the basket, it is highly probable that he is taking a shot. Therefore the ball should be located above the player's head but below the basketball ring. Cell E5 is the most plausible location for the ball.",E5
84.png,28,"The player in the middle is at the top of his jump and looks like he is about to shoot or pass. Therefore, the ball should be above his head, in cell C5.",C5
84.png,29,"The player in the white jersey near cell 5 is in the middle of his shooting motion, so I will assume the ball is between his hands and above his head.",C5
84.png,30,"The player in the center is reaching up to shoot the ball. Given his position and the direction he is facing, the ball is most likely located above his outstretched hands near the basket.",B5
84.png,31,The player in the middle is in the process of shooting and his hands are outstretched. The ball is most likely directly above his head at the top of his shot.,C6
84.png,32,"The player in the center of the image, in grid cell E5, is in the middle of a shot. Given his position and arm extension, it is likely that the ball is located above his hands in the direction of the hoop.",B5
84.png,33,"The player in the middle (cell E5) is reaching his arm up, indicating he is shooting a basketball at the net. Therefore, the ball is likely directly above his hands between his hands and the hoop.",B5
84.png,34,"The player in cell 5 is in the process of shooting the ball into the net. Hence, the ball is most likely between his hand and the net. So the most probable location of the ball is in cell B5.",B5
84.png,35,The player in the middle is about to shoot. He's looking at the hoop so the ball is most likely at the top of his hands ready for the throw.,C6
84.png,36,"The ball is most likely in the hands of the player in grid cell E5, since they are in the middle of shooting.",E5
84.png,37,"The player in the middle is reaching up to shoot the ball. Therefore, the ball is likely near his hands and in the direction of the basket.",C5
84.png,38,The player in cell 5 is in the middle of taking a shot. That suggests the ball is above his hands near the hoop.,B5
84.png,39,"The player in the middle is shooting at the basket. Based on the position of the basket and the player shooting, the ball is likely in between them, going up towards the basket.",B5
84.png,40,"The player in the middle (cell E5) is in the process of shooting. The other players seem to be watching or reacting to the shot, thus the ball is likely to be somewhere between his hands and the basket.",B6
84.png,41,"The player in the middle is at the top of his jump and is about to release the ball for a shot. Based on his hand position, the ball is likely directly in front of him and near the basketball hoop.",B5
84.png,42,"The player in the middle (cell E5) is in the process of shooting, so the ball would be close to his hands. The player is looking up, so the ball is likely above his head. Given the player's position and the upward trajectory of a shot, the ball is likely in C6.",C6
84.png,43,"The player in the middle is shooting the ball, so the ball is probably somewhere between his hands and the basket.",B5
84.png,44,The player in the middle is shooting towards the basketball hoop. It is most likely that the ball is near the hoop.,B6
84.png,45,"The player in the middle (cell E5) is in the middle of a jump shot, indicating he has just released the ball or is about to. Therefore, the ball is likely just above his hands, heading towards the basket.",B6
84.png,46,"The white player in cell 5 is in the middle of a shot and is looking up at the basket, implying that the ball is likely near the basket.",B5
84.png,47,The player in cell 5 is reaching upwards to make a shot so it makes sense that the ball is in that area.,C5
84.png,48,"The ball is likely in the hands of the player in the white jersey who is shooting, around cell C6.",C6
84.png,49,"The ball is likely near the player in the middle (at grid cell 5) who is jumping and has his hands up, presumably about to shoot or having just shot the ball.",C5
84.png,50,"The player in the center (white jersey) is in the process of shooting the ball towards the hoop. The player is releasing the ball at the top of his jump. It's most likely that the ball would be near the top of his jump, which corresponds to cell D5.",D5
53.png,1,"The player in the red jersey is likely dribbling the ball. His hands are positioned as if he is about to dribble or has just dribbled the ball. Therefore, the ball would be located at his feet.",E6
53.png,2,"The player in the white jersey in grid cells C3 to D3 appears to be guarding the player in the red jersey in grid cells C5 to D5. Both players appear to be looking downwards, as basketball players tend to do when dribbling the ball, so I'm going to assume the ball is somewhere in between their positions.",D4
53.png,3,The player in red looks like he is dribbling the ball near grid location F6. He would be low with a bent knee so the ball would be near his leg.,F6
53.png,4,"The player in red seems to be moving towards the basket, and the player on the left is facing him, so the ball is probably somewhere in front of the red player so it would be D6.",D6
53.png,5,"The player in the red jersey is in the process of dribbling the ball. The position of his hands and the angle of his arms suggest that the ball is likely located near his right foot, close to the ground.",E6
53.png,6,"The player in position C3 appears to be looking to his right and slightly downwards. It is likely that he is trying to keep his eye on the ball. The player in position D5 also appears to be looking down. Given their positions, it is most likely that the ball is in D4, near the boundary line.",D4
53.png,7,The player on the left (in white) is looking towards his right in the direction of the player in the red jersey who is looking down. It's likely that he is dribbling and looking at the ball. Thus the ball is likely in the grid around cells D5 and E5.,E5
53.png,8,"The player in the red jersey (Stojacic) is in a dribbling stance, with his right hand extended down and forward, suggesting he was just dribbling or is about to dribble the ball. It is likely the ball would be near his right hand at about knee level, slightly ahead of him.",E5
53.png,9,"The player in the red jersey appears to be moving the ball up the court. Based on the position of the player in the white jersey, I'd infer that the ball is likely around D5.",D5
53.png,10,"The ball is likely somewhere between the two players in the foreground, possibly near the player on the left since his arms are extended as if he is dribbling or passing the ball. Also the player with number 3 appears to be moving towards that area. I'd estimate that the ball is at the level of his hips, roughly.",D4
53.png,11,"The player in the red jersey is in the process of passing or shooting. His hands are extended, indicating that he has just released the ball. Based on the position of his body and arms, the ball is likely located in front of him at about waist level.",E6
53.png,12,"The player on the left (in grid cell C3) is reaching out, suggesting he's dribbling or about to dribble. It's unlikely he's passing to the other player, so the ball is probably low to the ground near him.",E3
53.png,13,"Given the position of the player in the red jersey (3), it is most likely that he had the ball, since the text STOJACIC is near his feet. The player in the black jersey is also facing the area where the red jersey player is, suggesting that the ball is somewhere near their feet.",E6
53.png,14,"Based on the positioning and direction of movement of the players, the ball is most likely located in front of the player in the red jersey.",E5
53.png,15,"The player in the red jersey is looking down towards the ground, which suggests the ball would be near him at a lower level. Additionally, the player to his left is looking in his direction. I would assume the ball is around D5/E5",E5
53.png,16,"The player in the red jersey is likely passing the ball to the player on the left. Based on the position of the arms and the look of the players, it is most likely in the vicinity of D3.",D3
53.png,17,The player in the red jersey is looking down and his hands are positioned as if he is dribbling the ball. The ball is likely in front of him and close to the ground.,F6
53.png,18,The player in the red jersey (#3) seems to be directing his body towards the player at position C3. So the ball would be near C3,C3
53.png,19,The player in cell C3 is likely defending the player in cell C6. So the ball is likely between the two players around the D4/D5 area.,D4
53.png,20,"The player in the red jersey is the most likely person to have the ball. Based on his body position and where he is looking, the ball is most likely in front of him near his feet.",E5
53.png,21,"The player in the red jersey with the number 3 on his back is looking down, as if he is watching the ball. The ball is likely close to his feet.",E6
53.png,22,"The player in the middle (Strahinja Stojacic) seems to have just passed the ball. His hands are extended in a passing motion. I'd expect the ball to be either near the hands of the player on the left or the player on the right depending on the type of pass made. Given the passing motion of the central player, it's more likely that he passed to the player to his left.",D3
53.png,23,"The player in the middle is in a position to pass the ball to the player on the right. Also, the player on the right is looking at the player in the middle and is ready to receive the pass. The ball is likely to be between the two players.",D6
53.png,24,"The player in the red jersey seems to be positioned as if he is about to catch the ball or pass it. The player in the white jersey on the left is also looking toward the area near his waist. These observations, combined with the relative positions of the players, suggest that the ball is likely located between them, closer to the player in the red jersey.",D4
53.png,25,"Considering the players' positions and the context of a basketball game, the ball is likely being dribbled by the player on the left. Therefore, it would be close to the ground near his hand.",E3
53.png,26,"The player in the white jersey in grid cells C3/D3 is reaching forward with his right hand, suggesting he is attempting to dribble or pick up the ball.",D3
53.png,27,"The player in the red jersey has his back to the camera, but his arms are slightly outstretched and he is moving forward. The other player is dribbling towards him. The ball is most likely in the vicinity of the hands of these players.",E5
53.png,28,"The player in the red jersey is looking down and slightly to his left, as if dribbling a basketball. This suggests the ball is near his left foot.",E5
53.png,29,Player in the red is reaching for the ball and looking towards the position. The location of the ball is near the hand.,E6
53.png,30,The player in the white jersey at C3 is looking forward and has his hands in a position ready to receive the ball. I predict that the ball is in front of him so that he can dribble and run up the court.,C4
53.png,31,"The player on the left in the white jersey (near grid C3) is likely defending or trying to intercept the ball. The player in the middle in the red jersey (near grid C6) is facing towards the right. The player in the white jersey on the right (near grid D8) is in motion and looks to be anticipating a pass or a continuation of the play. Therefore, the ball is likely somewhere near where the red jersey player is facing, possibly a little ahead towards the right.",D7
53.png,32,"Based on the positions of the players and their lines of sight, the ball is likely located between the players in cells C3 and C6, most likely closer to C3 given the player on the left's arm and hand position.",C3
53.png,33,"The player in the white jersey near grid C3 appears to be dribbling or about to dribble. The player in the red jersey appears to be defending him. Therefore, it is most likely that the ball would be located between them near the dribbling players midsection.",D4
53.png,34,"The player in the red jersey is likely dribbling the ball or has just released the ball from a dribble. Given the position of his hands and body, it's likely the ball is near his right hand and close to the ground.",E6
53.png,35,"The player in the white jersey in D3 is reaching out his hand as if to dribble the ball. The player in the red jersey in C5 also appears to be positioned to dribble the ball. Therefore, the ball is likely somewhere between them, at a height where they could reach it. Based on this, the ball's most likely location is in the grid cell D4.",D4
53.png,36,"The player in the white jersey is in a defensive stance, facing the player in the red jersey. The player in red is looking at the viewer. Considering this, it's plausible the ball is in the space between the two players, likely around waist height for the player in red.",D5
53.png,37,"The player in the red jersey appears to have just passed or bounced the ball. His arms are extended forward, as if in the follow-through of a pass, and his gaze is also directed towards the player on the left. It is likely the ball would be close to his outstretched hands on the left side, roughly between cells D3 and E3.",D3
53.png,38,"Player in cell C3 is looking at the player in cell C6, suggesting the ball is in between. The player in cell C3 is likely dribbling to protect the ball from the player in cell C6.",D4
53.png,39,"The player in the red jersey is facing towards the basket. The other two players in white jerseys are likely defending or chasing after the player in the red jersey. Based on the positions of the players, the ball is likely in the vicinity of the player in the red jersey.",E5
53.png,40,"Based on the players' positions, the ball is most likely located around the lower part of the player in the red jersey who's number is 3. That position is around E5.",E5
53.png,41,"The player in the red jersey is likely dribbling the ball. His hands are in position as if he is about to dribble the ball. The location would be at his feet in front of him, so the ball is likely in cell E5.",E5
53.png,42,"The player in the center (#3) is looking down at the ground. His stance suggests he is about to dribble the ball. Also, the player on the left has his arm out, ready to defend.",E5
53.png,43,"The player in the red jersey seems to be dribbling the ball while going towards the basket. Also the other player seems to be running along side him so they can receive the ball or to block any defense. Based on these clues, the ball would be below the red jersey player who is in grid cell D5.",E5
53.png,44,"Based on the position of the players and their gaze direction, the ball is likely located around the player with number 3.",E6
53.png,45,"Considering the positions and movements of the players, the ball is most likely being passed between the players on the left side of the image. I would guess that the ball is in the D3/D4 area.",D3
53.png,46,Player with jersey #3 is most likely dribbling the ball based on position of his hands in the image.,E6
53.png,47,The player at C3 is looking downward and is in a stance that indicates he may be dribbling or about to dribble the ball. The ball is likely low to the ground.,D3
53.png,48,"The player in the red jersey is looking down towards the area between cells E5 and E6. The player in the white jersey in column 3 appears to be dribbling the ball or has just dribbled the ball. Based on their positions and direction of sight, I believe the ball is in column 4 or 5 between rows D and E.",D5
53.png,49,The ball is likely being passed or dribbled by the player on the left (in white jersey). He is looking towards the player in the middle (in red jersey). Therefore the ball is likely between them.,D4
53.png,50,The player in the red jersey with the number 3 is looking at the ground in the location of cell F6.,F6
1.png,1,"Given the position of the player in cell B6 and his stance, it is highly likely that he is dribbling the ball. Therefore, the ball would be between his legs and the ground.",E6
1.png,2,The Asian player is in a dribbling motion with his arm out indicating that he might have just bounced the ball near him.,E7
1.png,3,"The player on the right (in cell B6) is clearly dribbling the ball, so it would be in his vicinity. More specifically, he would be dribbling the ball around cell E6-F6.",F6
1.png,4,"The player in the middle is facing forward, and the two players on the left are facing towards each other. The player in the middle is dribbling towards the right. The ball should be somewhere near his right hand and near the ground.",E6
1.png,5,"The player in the middle is driving towards the basket with his right hand extended as if he's about to dribble the ball. Based on his position and the motion of his arm, the ball is most likely in front of him, near his right hand.",E6
1.png,6,The player in the center right is likely dribbling the ball. His hand is positioned downwards and looks like he is in motion.,E6
1.png,7,"The player in the middle is looking at the player with the ball as if ready to defend, hence the ball must be near them. It is likely between the 2 players at a dribbling height.",E5
1.png,8,"The player in the center appears to be driving or dribbling towards the right side of the frame, while the opposing player is guarding him. The ball is likely in front of the player, near the area where he's currently dribbling. Based on the position and angle of his body, and where he is looking, he is probably moving to cell G4 or F4, thus the ball would be most likely in that area.",F4
1.png,9,"The ball is likely in between the two players and close to the ground as the player on the right is dribbling. Based on the players' positions and stances, and their line of sight, the ball is most likely in cell F4.",F4
1.png,10,"The ball is most likely between the hands of the two players near the middle of the image. The player on the right is looking downwards and the player in the middle is looking to his left. Given the positions of their hands, the ball is likely in grid cell F4.",F4
1.png,11,The player in the middle (between grid cells B4 and C6) looks like he is dribbling the ball. So the ball is likely in that area.,E5
1.png,12,"The player in the middle is guarding the player dribbling towards the basket. The dribbling player is reaching forward with their right hand, indicating that they are in the middle of dribbling the ball. Therefore, the ball is most likely in front of the dribbling player, at about waist height.",D6
1.png,13,"Based on the position of the player in the middle, the ball is most likely in front of him and in his vicinity.",E5
1.png,14,"The player in the middle (cell B5) is looking towards the right. The player on the right (cell B7) is extending his hand towards the middle, likely dribbling or passing the ball. The player on the left (cell C2) appears to be guarding.",E6
1.png,15,"The player on the right (6-8) appears to be dribbling, and the player on the left (4-6) looks like he is about to dribble the ball. Given that, the ball is likely near the ground and being dribbled.",E5
1.png,16,The player in the middle is dribbling the ball. His left hand is near the grid cell E6 and he is looking down and moving in that direction. The other player on his team is looking at the same place. It is most likely that the ball is in this location.,E6
1.png,17,The player on the right is reaching towards the middle of the court. The player in the center is also looking in that general direction.,D6
1.png,18,"The player in the middle is looking to his right, and the player on the right has his hand outstretched as if he's dribbling. Therefore, the ball is probably in front of the player in the middle, on the right side of him.",E5
1.png,19,"The player in the center is reaching forward, suggesting he's dribbling or about to pass the ball. His eyes are focused towards the area near his right hand. The player facing him on the left is also looking down toward that general area.",E6
1.png,20,"The player in the middle with the ball driving to the right is in mid-action. His left leg is planted and his right arm extended, so the ball is likely in front of him in between himself and the player defending him.",D5
1.png,21,"The player in the middle is looking towards the player on the right. The player on the right is likely dribbling and about to pass to the player in the middle. Based on the position of the player's hand on the right, the ball is most likely in the cell around F4.",F4
1.png,22,"The ball is most likely located in front of the player in the dark blue uniform, close to his hands. Both players in the middle are looking towards it. The OCR of the image helps give context to their uniforms.",E5
1.png,23,"The player in the middle is looking down and to the left. It is likely that the ball is in his vicinity. Also, the player on the right is guarding and trying to block, so he is also looking at the possible ball location. I think the ball is in between those two players around D/E5/6",E5
1.png,24,The player in the middle is looking towards the right and the other player on the right has his arm outstretched. This suggests that the ball is likely in cell G4.,
1.png,25,"The ball is most likely in the hands of the player in cell C6. This is because he appears to be dribbling the ball. Also, the player in cell B4 is looking towards the player in cell C6.",D5
1.png,26,"The player in the middle on the right (closer to cell 6) has his right arm out stretched, indicating that he likely just passed or is dribbling the ball. The defender in cell 4 is focused on the player to his right and is also crouching. Given the defenders positioning and the arm movement of the other player, the ball is likely in cell E6.",E6
1.png,27,"The player on the right is dribbling, the ball is likely low to the ground in front of him. The opposing player is likely guarding him.",E6
1.png,28,"The player on the right in the image is reaching forward with his right hand in a dribbling motion, while the player in the middle is looking at him, so the ball is most likely in front of him.",D7
1.png,29,"The ball is likely being dribbled or passed between the player at C5 and the player at C7, so the ball would be below their hands and in between them.",D6
1.png,30,"The player in the center is looking towards the player on the right. The player on the right is reaching forward. It's likely that the ball is somewhere between the two of them at chest level, near the center.",C6
1.png,31,"The player on the right is in the middle of a layup motion, with their hand outstretched. Therefore, the ball is likely to be near that hand.",C7
1.png,32,"The point guard is looking toward the defender and is dribbling the ball. Also, the player on the right is looking at the point guard and anticipating a pass.",D5
1.png,33,The two players in the center of the image (located in cells B4-C6 and B5-C7) are likely contending for the ball. The player on the right is reaching forward and the ball is most likely in that vicinity.,C6
1.png,34,The player in the centre of the image is dribbling with his right hand and is looking forwards so it is most likely to be in that area.,E5
1.png,35,"The point guard is driving to the hoop. Based on his position and gaze, I would expect the ball to be in front of him.",D6
1.png,36,"The player in the center of the image seems to be looking down and to his left while in motion, as if he were dribbling the ball. There also appears to be some room in this area where he could be dribbling.",E5
1.png,37,The player in the center of the image (between grid cells 5-7) is looking down as if he has the ball and is about to make a move. The player facing him (between cells 3-5) is also looking at the same point. The ball is likely located at the lower point between these two players.,E5
1.png,38,The player in the middle is dribbling and looking down to the right. The other player looks like they're defending. It's most likely the ball is close to his right hand in that area.,E6
1.png,39,The player in the blue uniform with the tattoo on his arm is extended as if he is dribbling a ball. The ball is likely in the position where his right hand is extended down towards the ground.,D7
1.png,40,"The player in the middle is looking down, presumably at the ball he's dribbling. The player on the right is looking in the direction the ball is likely moving. The ball is likely in between the feet of the player in the middle.",E5
1.png,41,The man in the center of the image appears to be dribbling towards the right. Therefore the ball is likely on his right side in order for him to dribble it in that direction.,E6
1.png,42,"The player in the middle is reaching with his right hand, as if dribbling or getting ready to pass. The player closer to the center is looking in that direction and appears to be moving towards that direction.",D5
1.png,43,"The player in the middle is guarding and looking towards the right as the player on the right is driving towards the basket. The player on the left is also moving as if he is defending. Given the players position, their line of sights and their movements, the ball is most likely in cell F4.",F4
1.png,44,"The player in cell B6 looks like he is dribbling, the other player is right next to him.",E6
1.png,45,"The player in the middle is dribbling with his right hand, so the ball must be on the right side of his body. Looking at the position of his right hand and his eyes, it is likely that the ball is in his hands.",D6
1.png,46,"The player in the center, specifically the player closest to the viewer, is looking down and has a defensive stance. The player facing the other direction is looking at the defensive player. It is likely the ball is located between the two players, close to the defensive player.",E4
1.png,47,"The ball is most likely being dribbled by the player in the center. He is looking down towards the ground in front of him, suggesting that is where the ball is located.",E6
1.png,48,"The player in the middle and to the right is dribbling the ball, so the ball must be near his hand on the ground.",E6
1.png,49,"The player in the middle is reaching out with his right hand suggesting he is dribbling. The ball would be low to the ground, right in front of him.",E6
1.png,50,"Given the positions and directions that the players are looking, the most probable location of the ball is the space between the players in the center of the image.",E5
47.png,1,"The player in position 6 is reaching high, likely jumping to catch a ball or make a play. The player in position 4 and the running player in position 7 are looking up and towards position 6. Therefore, the ball is most likely located in the air above the player in position 6.",B6
47.png,2,The player in grid cell 6 is at the top of his jump and his arms are extended upwards. It is most likely that the ball is located just above his hands.,B6
47.png,3,The player in the middle of the image (in cell C6) appears to be shooting a jump shot. The ball should be in line with his hands and the basket which is slightly to the right of him.,B6
47.png,4,"The player in the centre (wearing grey), is jumping up with an outstretched arm, as if attempting to make a shot. Therefore, it's highly likely that the ball is around his outstretched hand.",C5
47.png,5,"The player in the middle is in the middle of making a shot, so the ball should be near his hands right above his head.",C6
47.png,6,"Given the player in the center of the image jumping to make a shot, the ball should be located somewhere in the C6 or B6 region.",C6
47.png,7,"The player in grid cell 6 is in the air with his right hand extended upwards in a shooting motion. Therefore, the ball is most likely at the peak of his jump.",C6
47.png,8,The player in the center of the image (cell C6) is at the top of his jump and has his hand extended as if shooting the ball. The other players in the image are looking up towards him and the hoop. This suggests that the ball is likely near his hand.,C6
47.png,9,"The player in cell C6 is jumping for the ball, with his hand outstretched toward the net. The players in the surrounding cells are looking up in the same direction. Therefore, the ball is likely in C6.",C6
47.png,10,"The player in the center of the image (in grid cell C6) is reaching for the ball with an extended arm. We can reasonably infer that the ball is near the hand of this player, above his head.",B6
47.png,11,The player in the middle is reaching up to catch the ball. He is located in the middle of the image around cell C6. The ball is most likely just above his hand.,C6
47.png,12,"The player in the centre of the image is clearly reaching for the ball in a jump shot motion. Therefore, the ball is most likely located above his outstretched hand.",B6
47.png,13,"The player in the center of the image, in square C6, appears to be shooting the ball. Thus the ball is most likely just above his hands, which would be in the area of B6.",B6
47.png,14,"The player in the middle (Cell C6) is jumping and reaching up with his right hand, as if he is trying to catch the ball. The player on the right (Cell D7) also seems to be looking up in the direction of the middle player. Therefore, the ball is likely located near the hands of the player jumping (C6). I believe the most likely location is somewhere around the top of Cell C6.",C6
47.png,15,The player in the middle is reaching for the ball so the ball should be near his hands.,C5
47.png,16,"The player in the center of the image in grid 6 is reaching up to catch the ball. The player on the left of the image in grid 4 is also looking upwards. Therefore, the ball is likely in the vicinity of these players.",C5
47.png,17,"The player in grid cell 6 is reaching up, seemingly attempting to catch or block a ball. This would put the ball in the upper third of the image, near grid cell 6, near his hands. I estimate it to be above his hands.",B6
47.png,18,"The player in the center of the image (grid cell C6) is reaching up with one hand, presumably for the ball. His gaze is directed upward, further indicating the ball's likely location.",B6
47.png,19,The player in position 6 appears to be at the top of his jump. The ball will be at the highest point of his reach above him.,B6
47.png,20,"The ball is likely above the player in the air reaching for it. He's in the center of the image, therefore the ball is most likely at B6.",B6
47.png,21,"The player in the middle (in grid cell C6) is at the apex of his jump, and reaching upwards. It's likely he was about to receive the ball for a shot. I would estimate the location of the ball to be just above his hand, in the region of B5.",B5
47.png,22,"The player in the center is reaching up with his right hand extended as if he is trying to get the ball, therefore the ball is likely located slightly above and close to him.",C6
47.png,23,"The player in the middle (cell C6) is at the top of his jump and reaching for the ball. The players in cell C4 and C8 are likely looking at the ball and reaching for it as well. Therefore, the ball is likely just above C6.",B6
47.png,24,The player in position 6 is reaching high with his hand towards the sky. I assume he is trying to catch the ball from above. So the ball must be at position C6.,C6
47.png,25,The player in grid cell 6 is reaching his hand up in a basketball shot formation.,B6
47.png,26,"The player in the middle is reaching high and the other players are also looking in his direction. Therefore, the ball is most likely above the players hand.",B5
47.png,27,"The player in the center of the image (grid cell C6) appears to be reaching up for the ball, therefore the ball is most likely located somewhere in grid cell C6.",C6
47.png,28,"The player in grid cell 6 is reaching up with his right arm, as if reaching for the ball. It is likely the ball is directly above his right hand.",B6
47.png,29,The player in the grey jersey in square 6 is at the top of his jump. The most likely location of the ball is above his hands.,B6
47.png,30,"The player in the middle (cell C6) is at the top of his jump, most likely shooting a basketball. Given the angle of the shot, it is likely that the ball is slightly to the right.",C7
47.png,31,The player in position 6 is reaching up with one hand suggesting he is about to try and catch the ball.,C6
47.png,32,"The player in the middle (cell C6) is at the apex of a jump, and is looking upward, so he is probably trying to catch or block a shot. We can assume, based on his hand position that the ball is right above him.",B6
47.png,33,"The player in the center of the image is reaching up high, likely trying to catch a ball. I would place the ball directly above his hands.",B6
47.png,34,"The player in the middle is jumping and his hands are reaching up as if trying to catch a basketball. The other two players next to him appear to be watching the player in the middle, so it is likely the ball is above his hands.",C6
47.png,35,"The player in position 6 is at the peak of his jump shot. Given the way the image is cropped, the most likely location of the ball is directly above his outstretched hands.",B6
47.png,36,"The player in the middle (grid cell C6) is at the apex of a jump, and is looking up with outstretched arms. Therefore the ball is most likely above his outstretched hand.",B6
47.png,37,"The player in the middle (column 6) is reaching for the ball. He is likely in the process of a shot attempt. So it makes sense that the ball is above him, around B5.",B5
47.png,38,"The player in the center of the image (cell C6) is reaching up with his right arm extended, indicating he is likely trying to catch or block a ball. This would put the ball in the immediate vicinity above his hand.",C6
47.png,39,"The player in the middle is reaching for the ball. It is likely the ball is above his hands and slightly to the left, since he is leaning in that direction.",C5
47.png,40,"The player in grid cell 6 is jumping and reaching his hand up, implying he's trying to catch a ball.",C6
47.png,41,"The player in grid 6 is reaching for a ball, as such the ball is likely to be in grid 6.",C6
47.png,42,The player in grid cell 6 is in the middle of the jump shot. The player is looking up to the basket which is probably on the right side of him. He is at the highest position so the ball might have been in the highest point of the jump shot.,B6
47.png,43,"The player in the center is reaching high in the air, presumably to catch the ball.",B6
47.png,44,"The player in the center is clearly jumping up to catch a ball, it's likely just above his outstretched hands.",C6
47.png,45,The player in the center of the image (cell C6) is reaching up to shoot the ball. It is most likely above his outstretched hand in cell B6.,B6
47.png,46,"The player in the middle is at the top of his jump with his hand outstretched as if trying to grab a ball, so the ball is likely above his hand, located in grid cell C6.",C6
47.png,47,"The player in the center of the image (in grid cell C6) appears to be in the process of shooting the ball. His arm is extended upwards and his gaze is directed slightly upwards and towards the basket. Thus, the most probable location of the ball is around his extended hand in cell C6.",C6
47.png,48,The player in the centre of the image is jumping up and reaching with his right arm. Given the positions of his arm it is most likely the ball is in line with his hand.,B6
47.png,49,"The player in grid cell 6 is reaching up with his right arm. Also the player in grid cell 4 is looking upwards. Therefore, the ball is most likely between these two players, in the air.",C5
47.png,50,"The player in cell C6 is at the apex of his jump and his hand is extended upwards, presumably to catch or shoot the ball. The player in C4 is looking upwards in the same direction. The player in cell C8 is also looking up and in that direction. Therefore, the ball is likely located near cell C6.",C6
46.png,1,"The woman in white is running forward with her arms moving. It's most likely that she is dribbling the ball near her, slightly in front of her.",E5
46.png,2,"The player in the white jersey is likely dribbling the ball. Based on her position, it is probably near her right hand.",E6
46.png,3,"The player in the foreground, ""Lisa Berkani"", appears to be dribbling the ball. Based on her position and trajectory, it is likely the ball is near her right hand and slightly forward.",F6
46.png,4,The player from France (Lisa Berkani) is moving forward and looks like she is dribbling the ball. The ball is likely located at the level of her hands and bouncing between the D and E rows.,E5
46.png,5,"Given the positions of the players, the ball is most likely located between the player in the blue jersey on the left, and the player in the white jersey in the middle. It is also unlikely to be on the ground. A position between D4 and D6 is most likely.",D5
46.png,6,"Based on the position of the players, the player in the France jersey seems to be dribbling the ball, so it should be near her right hand, close to the ground.",F6
46.png,7,The player in cell D4 is reaching out toward the player in cell D6. It is likely that the ball is in between these two players.,D5
46.png,8,"Given the position of the players, and the way they are moving. It is likely the ball is being dribbled by the player labelled Lisa Berkani.",F6
46.png,9,"Based on the positions of the two players near cell D4 and C5, they are in close proximity. I would assume the ball is located between them.",D4
46.png,10,"Given the positions of the two players in the center of the image, it is most likely that one player is attempting to dribble past the other. This would suggest that the ball is located between the legs of the player with the last name BERKANI.",F6
46.png,11,"The player in the France jersey is in motion towards the right of the image. The player to the left seems to be reacting to that movement with their arms outstretched. It is likely that the ball is near the France jersey player, at their waist level.",D5
46.png,12,The two players closest to the camera seem to be moving to intercept each other. Based on the movements and positions of the players I would estimate the ball being in the proximity of the player labelled LISA BERKANI.,F6
46.png,13,"The players in the image seem to be interacting around cell D5. Both of the players in the center are reacting to something. Given their positions, the ball is most likely to be at that position.",D5
46.png,14,"The player from France is dribbling the ball. Given her hand position, the ball is most likely located around D5.",D5
46.png,15,"The player labeled Lisa Berkani is likely dribbling the ball, so it would be near her legs and hands. The other player is also looking in that direction.",E6
46.png,16,"The ball is likely to be in the vicinity of the player ""LISA BERKANI."" Given her pose, it's likely near her hands as if she is dribbling or has recently dribbled the ball. Based on her body position, the ball is most likely near her lower body, in the region close to her right hand.",E6
46.png,17,"Looking at the players' positions, the ball is most likely being dribbled or passed between the player in cell D6 and the player in cell B4. Therefore, the ball is most likely located somewhere between them in the D4/D5/C4/C5 region. I'll choose D5 as the most likely cell.",D5
46.png,18,"The player in the white uniform looks like she's dribbling the ball, or about to pass. The player in the blue uniform on the left is guarding her, and the player on the right is running to get open. I predict the ball is between the guard in blue and the player in white.",D5
46.png,19,"The player in the white jersey is looking down as if dribbling the ball. Her right hand is down by her side, suggesting she is likely dribbling the ball.",F6
46.png,20,"Given the proximity of the two players in the foreground and their body positions, it is likely that the ball is between them, slightly closer to the player in the white jersey.",D5
46.png,21,"The French player in the white jersey is dribbling the ball as she is looking down. Also, the player in the yellow jersey is trying to defend.",E5
46.png,22,"The player in the center, Lisa Berkani, is likely dribbling or has just passed the ball. Given her stance and the positioning of the other players, the ball is most likely near her right hand and close to the ground.",E6
46.png,23,The French player is in a position to dribble or pass the ball. It's most likely in her possession and thus located around her hands near her lower torso. The other players are also focused in this area.,D5
46.png,24,"The player on the right side of the image in the white jersey is the main focus, so the ball is probably in her possession or in her immediate vicinity. Since she is moving towards the right, the ball is likely to be slightly ahead of her but still within her reach. Given her stride, it is reasonable to assume the ball is in front of her.",E6
46.png,25,"Given the position of the player wearing white, and the fact that she is running, it is likely that she is dribbling the ball. Thus, the ball would be near her legs and hands.",E6
46.png,26,"The player on the left (in blue) is reaching towards the other player (in white), indicating that the ball is likely between them.",D5
46.png,27,"Given the positions of the two players in the middle, the ball would most likely be between them on the ground.",E5
46.png,28,"The French player in the image, whose name is ""Lisa Berkani,"" is probably dribbling the ball. Therefore, it will likely be near her feet, a little to the front given that she is in motion. I would put it in cell F4.",E5
46.png,29,The player in the middle (Lisa) is looking down as if dribbling a ball. Thus the ball would be between D5 and E6 area.,E5
46.png,30,The player in the foreground (Lisa Berkani) is likely dribbling the ball as she is running forward. This would place the ball in front of her. The other player is guarding her so the ball is likely in the space between them.,E5
46.png,31,"The two players in the middle are facing each other and are relatively close. This suggests that the ball is likely between them or slightly closer to the player in the white jersey, as she appears to be moving forward.",D5
46.png,32,"The French player is dribbling the ball. The ball is likely in the area of the court that is closest to her body, which is around cell F5.",F5
46.png,33,"The player in the blue and yellow jersey is defending and has their arms outstretched. The player in the white jersey is dribbling, and looks like they are trying to get past the defender, the ball would be between the two, likely around D5.",D5
46.png,34,"The player in the blue and yellow jersey is reaching out her hand in a way that makes me think she is trying to receive a pass, so the ball is likely near her.",D4
46.png,35,"The player in the blue and yellow uniform in grid cell B4 looks as if she is about to make a pass or block the player in the white uniform, ""Lisa Berkani"". Therefore, the ball is likely in between them at around grid cell D4.",D4
46.png,36,"The player in the blue jersey is reaching for the ball, so it must be in her vicinity, likely near her hand.",D4
46.png,37,Looking at the position of the player in the white jersey and the player in the blue jersey it looks like the ball might be being passed from the player in the blue to the player in white. The position of their hands would mean the ball is most likely in cell D5,D5
46.png,38,"The ball is likely between the two players in the middle of the image. The player in blue is reaching for the ball, which suggests the ball is somewhere near her hand. The player in white seems to be guarding her.",D4
46.png,39,"Based on the players' positions and the direction they are facing, the ball is likely located somewhere between the two players closest to the center of the image. I will place the ball at D5.",D5
46.png,40,"Based on the position of the players and their actions, the ball is most likely being passed or dribbled between the player in blue on the left and the player in white in the center. Considering the arm position of the player in blue, the ball is likely being passed to the center player. Hence the ball is located in front of the player in white.",E5
46.png,41,"The player with ""FRANCE"" on their jersey is likely dribbling the ball as they are in motion. The ball would be close to her hands and the ground.",E6
46.png,42,The player in the blue jersey on the left is reaching out with her right hand as if she were trying to catch a ball. The ball is likely between her and the player in the white jersey.,D5
46.png,43,"The player in the blue uniform appears to be reacting or reaching for something. Since she is reaching towards the bottom right area of cell D4, it is plausible that the ball is located there. The opposing player is moving towards the same area, suggesting the same.",D4
46.png,44,"Given the body language of the player in the white jersey, who appears to be dribbling the ball, and the location of the other players, the ball is most likely in front of her.",F5
46.png,45,"The player in the blue jersey at C4 has her hands up in a position as though she is trying to catch the ball. The player at C6 is also looking in that general direction. Therefore, the ball is most likely between them at D5.",D5
46.png,46,"The player on the left is reaching out towards the right side of grid 4D. Also, the player wearing France is looking towards the left side of grid 5D. Therefore, it is likely that the ball is in the vicinity of the players' hands and vision in the middle of grids 4D and 5D.",D4
46.png,47,The French player is dribbling the ball. It is most likely to be low to the ground on the right side of her body.,F6
46.png,48,"The player in the France jersey (Lisa Berkani) seems to be dribbling or has just dribbled the ball. She is looking downward and her posture suggests she is about to move forward with the ball. Based on this, the ball is likely in front of her, near the ground, but just a bit forward of her.",F5
46.png,49,"Given the players' positions and the action in the image, it is most likely that the ball is being dribbled or passed. The French player in the white uniform labeled 'FRANCE' is likely handling the ball. Her arms are moving in a dribbling/passing motion. The most likely location for the ball is around her waist height.",D5
46.png,50,The ball is most likely located between the two players to the left. They are both looking at each other with outstretched arms in a position to receive the ball. I'd guess it is closest to the player in blue.,D4
