image,iteration,reasoning,cell
63.png,1,"The player in the dark uniform in cell E5 is in a shooting stance, with their hands positioned as if they have just released the ball. The ball is likely in the air, above this player, on its way to the basket. Given the player's position and the typical arc of a basketball shot, the ball would be located slightly above and in front of this player.",D5
63.png,2,"The player in the center of the image, wearing a dark uniform, is in a shooting stance with their hands raised and eyes focused upwards, indicating they are likely shooting the ball. The ball would be just above their hands, in the air, as they release it towards the basket.",D5
63.png,3,"The player in the dark uniform in the center of the image is in a shooting stance, with their hands raised and eyes focused upwards, indicating they are likely shooting the ball. The ball would be just above their hands, in the air, as they release it towards the basket.",D5
63.png,4,"The player in the dark uniform in the center of the image is in a shooting stance, with their hands raised and eyes focused upwards, indicating they are likely shooting the ball. The ball would be just above their hands, in the air, as they release it towards the basket.",D5
63.png,5,"The player in the dark uniform in cell E5 is in a shooting stance, with their hands positioned as if they have just released the ball. The ball is likely in the air, above this player, on its way to the basket. Given the trajectory of a typical basketball shot, the ball would be located slightly above and in front of this player, around the area where the basket is located.",D5
63.png,6,"The player in the center of the image, wearing a dark uniform, is in a shooting stance with their hands raised and eyes focused upwards, indicating they are likely shooting the ball. The ball would be just above their hands, in the air, as they release it towards the basket.",D5
63.png,7,"The player in the dark blue uniform in cell E5 is in a shooting stance, looking upwards with hands positioned as if they have just released the ball. This suggests the ball is likely in the air above this player, near the basket. The basket is located in the top right corner of the image, around cells A9 and B9. Given the trajectory of a typical basketball shot, the ball is most likely above the player and heading towards the basket.",B9
63.png,8,"The player in the center of the image, located in cell E5, is in a shooting stance with their hands raised and eyes focused upwards, indicating they have just released or are about to release the ball. The ball is most likely in the air above this player, near the top of the image. Given the trajectory and typical basketball shot arc, the ball would be located slightly above and in front of this player, around the area where the hoop would be. This corresponds to the area in the grid around C5 or C6.",C5
63.png,9,"The player in the center of the image, wearing a dark uniform, is in a shooting stance with their hands raised and eyes focused upwards, indicating they have just released or are about to release the ball. The ball is likely in the air above this player, near the basket. The basket is located near the top of the image, around columns 5 and 6, rows A and B. Given the player's position and posture, the ball is most likely in the air above them, close to the basket.",B5
63.png,10,"The player in the center of the image, wearing a dark uniform, is in a shooting stance with their hands raised and eyes focused upwards, indicating they are likely shooting the ball. The ball is most likely just above their hands, in the air, on its way to the basket.",D5
63.png,11,"The player in the center of the image, wearing a dark uniform, is in a shooting stance with their hands raised and eyes focused upwards, indicating they are likely shooting or about to shoot the ball. The ball is most likely just above their hands, in the air, as part of the shot.",D5
63.png,12,"The player in the center of the image, wearing a dark uniform, is in a shooting stance with their hands raised and eyes focused upwards, indicating they are likely shooting the ball. The ball would be just above their hands, in the air, as they release it towards the basket.",D5
63.png,13,"The player in the center of the image, wearing a dark uniform, is in a shooting stance with their hands raised and eyes focused upwards, indicating they are likely shooting the ball. The ball would be just above their hands, in the air, as it is not visible in the image. This position is near the top of the key, close to the free-throw line.",D5
63.png,14,"The player in the dark uniform in cell E5 is in a shooting stance with their hands raised and eyes focused upwards, indicating they are likely shooting the ball. The ball would be just above their hands, in the air, on its way to the basket. The most probable location of the ball is slightly above this player's hands in the grid.",D5
63.png,15,"The player in the center of the image, wearing a dark uniform, is in a shooting stance with their hands raised and eyes focused upwards, indicating they have just released or are about to release the ball. The ball is likely above their hands, in the air, on its way to the basket. The most probable location of the ball is just above this player's hands in the grid.",D5
63.png,16,"The player in the dark uniform in the center of the image is in a shooting stance, with their hands raised and eyes focused upwards, indicating they have just released or are about to release the ball. The ball is likely above their hands, in the air, on its way to the basket. Given the player's position and the typical arc of a basketball shot, the ball would be located slightly above and in front of the player.",D5
63.png,17,"The player in the center of the image, wearing a dark uniform, is in a shooting stance with their hands raised and eyes focused upwards, indicating they have just released or are about to release the ball. The ball is likely above this player's hands, in the air, on its way to the basket. Given the player's position and the typical arc of a basketball shot, the ball would be located slightly above and in front of this player.",D5
63.png,18,"The player in the center of the image (wearing a dark uniform) is in a shooting stance with their hands raised and eyes focused upwards, indicating they have just released or are about to release the ball. The ball is likely in the air above this player, near the basket. The basket is located near the top center of the image, so the ball is most likely in the grid cell directly above the player.",C5
63.png,19,"The player in the dark uniform in the center of the image is in a shooting stance, with their hands raised and eyes focused upwards, indicating they are likely shooting the ball. The ball would be just above their hands, in the air, as they release it towards the basket.",D5
63.png,20,"The player in the center of the image, wearing a dark uniform, is in a shooting stance with their hands raised and eyes focused upwards, indicating they have just released or are about to release the ball. The ball is likely in the air above this player, near the basket. The basket is located near the top center of the image, around the grid cells A5 and A6. Given the player's position and shooting motion, the ball is most likely in the air just above the player, closer to the basket.",B5
63.png,21,"The player in the center of the image, wearing a dark uniform, is in a shooting stance with their hands raised and eyes focused upwards, indicating they have just released or are about to release the ball. The ball is likely in the air above this player, near the basket. The basket is located near the top center of the image, around row B and columns 5-6. Given the player's position and stance, the ball is most likely in the air just above or near the basket.",B5
63.png,22,"The player in the center of the image, wearing a dark uniform, is in a shooting stance with their hands raised and eyes focused upwards, indicating they are likely shooting the ball. The ball would be just above their hands, in the air, as they release it towards the basket.",D5
63.png,23,"The player in the dark uniform in cell E5 is in a shooting stance, with their hands positioned as if they have just released the ball. The ball is likely in the air, above this player, on its way to the basket. Given the typical trajectory of a basketball shot, the ball would be slightly above and in front of the player.",D5
63.png,24,"The player in the center of the image, wearing a dark uniform, is in a shooting stance with their hands raised and eyes focused upwards, indicating they are likely shooting or about to shoot the ball. The ball is most likely just above their hands, in the air. This position corresponds to the grid cell directly above the player's hands.",C5
63.png,25,"The player in the center of the image, wearing a dark uniform, is in a shooting stance with their hands raised and eyes focused upwards, indicating they have just released or are about to release the ball. The ball is likely in the air above this player, near the basket. The basket is located near the top of the image, around the center. Therefore, the ball is most likely in the grid cell directly above the player, near the hoop.",C5
63.png,26,"The player in the center of the image, wearing a dark uniform, is in a shooting stance with their hands raised and eyes focused upwards, indicating they have just released or are about to release the ball. The ball is likely in the air above this player, near the basket. The basket is located near the top center of the image, around the grid cells A5 and A6. Given the player's position and shooting motion, the ball is most likely in the air just above or near the basket.",A5
63.png,27,"The player in the dark uniform in cell E5 is in a shooting stance, with their hands positioned as if they have just released the ball. The ball is likely in the air, above this player, on its way to the basket. Given the trajectory of a typical basketball shot, the ball would be slightly above and in front of the player.",D5
63.png,28,"The player in the center of the image, wearing a dark uniform, is in a shooting stance with their hands raised and eyes focused upwards, indicating they are likely shooting or about to shoot the ball. The ball is most likely just above their hands, in the air, as part of the shot.",D5
63.png,29,"The player in the center of the image, wearing a dark uniform, is in a shooting stance with their hands raised and eyes focused upwards, indicating they have just released or are about to release the ball. The ball is likely above this player's hands, in the air, on its way to the basket. The most probable location of the ball is just above the player's hands in the grid.",D5
63.png,30,"The player in the center of the image, wearing a dark uniform, is in a shooting stance with their hands raised and eyes focused upwards, indicating they have just released or are about to release the ball. The ball is likely in the air above this player, near the basket. The basket is located near the top center of the image, around row B and columns 5-6. Given the player's position and posture, the ball is most likely in the air above or near the basket.",B5
63.png,31,"The player in the center of the image, wearing a dark uniform, is in a shooting stance with their hands raised and eyes focused upwards, indicating they have just released or are about to release the ball. The ball is likely in the air above this player, near the basket. The basket is located near the top center of the image, around the grid cells B5 and B6. Given the player's position and shooting motion, the ball is most likely in the air above or near the basket.",B5
63.png,32,"The player in the center of the image, wearing a dark uniform, is in a shooting stance with their hands raised and eyes focused upwards, indicating they have just released or are about to release the ball. The ball is likely in the air above this player, near the basket. The basket is located near the top center of the image, around the grid cells A5 and A6. Given the player's position and shooting motion, the ball is most likely in the air just above the player, closer to the basket.",B5
63.png,33,"The player in the center of the image, wearing a dark uniform, is in a shooting stance with their hands raised and eyes focused upwards, indicating they are likely shooting or about to shoot the ball. The ball is most likely just above their hands, in the air, as they release it towards the basket.",D5
63.png,34,"The player in the center of the image, wearing a dark uniform, is in a shooting stance with their hands raised and eyes focused upwards, indicating they have just released or are about to release the ball. The ball is likely in the air above this player, near the basket. The basket is located near the top center of the image, around the grid cells B5 and B6. Given the player's position and the typical arc of a basketball shot, the ball is most likely located just above the player's hands, near the basket.",B5
63.png,35,"The player in the center of the image, wearing a dark uniform, is in a shooting stance with their hands raised and eyes focused upwards, indicating they are likely shooting the ball. The ball would be just above their hands, in the air, as they release it towards the basket.",D5
63.png,36,"The player in the center of the image, wearing a dark uniform, is in a shooting stance with their hands raised and eyes focused upwards, indicating they have just released or are about to release the ball. The ball is likely above this player's hands, in the air, on its way to the basket. The most probable location of the ball is just above the player's hands in the grid.",D5
63.png,37,"The player in the center of the image, wearing a dark uniform, is in a shooting stance with their hands raised and eyes focused upwards, indicating they have just released or are about to release the ball. The ball is likely in the air above this player, near the basket. The basket is located near the top center of the image, around the grid cells B5 and B6. Given the player's position and the typical arc of a basketball shot, the ball is most likely in the air just above the player's hands, closer to the basket.",B5
63.png,38,"The player in the dark blue uniform in the center of the image is in a shooting stance, with their hands raised and eyes focused upwards, indicating they have just released or are about to release the ball. The ball is likely above their hands, in the air, on its way to the basket. Given the player's position and posture, the ball is most likely located just above their hands in the grid.",D5
63.png,39,"The player in the center of the image (wearing a dark uniform) is in a shooting stance with their hands raised and eyes focused upwards, indicating they have just released or are about to release the ball. The ball is likely in the air above this player, near the basket. The basket is located near the top center of the image, so the ball would be in the area just above the player's hands and below the basket.",D5
63.png,40,"The player in the center of the image, wearing a dark uniform, is in a shooting stance with their hands raised and eyes focused upwards, indicating they have just released or are about to release the ball. The ball is likely above this player, near the basket. The basket is located near the top center of the image, around row B and columns 5-6. Given the player's position and posture, the ball is most likely in the air above them, close to the basket.",B5
63.png,41,"The player in the center of the image, wearing a dark uniform, is in a shooting stance with their hands raised and eyes focused upwards, indicating they have just released or are about to release the ball. The ball is likely above this player's hands, in the air, on its way to the basket. The most probable location of the ball is just above the player's hands in the grid.",D5
63.png,42,"The player in the center of the image, wearing a dark uniform, is in a shooting stance with their hands raised and eyes focused upwards, indicating they are likely shooting the ball. The ball would be just above their hands, in the air. This position corresponds to the area directly above the player's hands.",D5
63.png,43,"The player in the center of the image, wearing a dark uniform, is in a shooting stance with their hands raised and eyes focused upwards, indicating they have just released or are about to release the ball. The ball is likely above their hands, in the air, on its way to the basket. The most probable location of the ball is just above this player's hands in the grid.",D5
63.png,44,"The player in the center of the image, wearing a dark uniform, is in a shooting stance with their hands raised and eyes focused upwards, indicating they are likely shooting the ball. The ball would be just above their hands, in the air, as they release it towards the basket.",D5
63.png,45,"The player in the dark uniform in cell E5 is in a shooting stance, looking upwards with hands positioned as if they have just released the ball. The ball is likely in the air above this player, near the basket. The basket is located in the top center of the image, around cells B5 and B6. Given the player's shooting position and the trajectory, the ball is most likely in the air near the basket.",B5
63.png,46,"The player in the center of the image, wearing a dark uniform, is in a shooting stance with their hands raised and eyes focused upwards, indicating they are likely shooting the ball. The ball would be just above their hands, in the air, as they release it towards the basket.",D5
63.png,47,"The player in the center of the image, wearing a dark uniform, is in a shooting stance with their hands raised and eyes focused upwards, indicating they have just released or are about to release the ball. The ball is likely above this player's hands, in the air, on its way to the basket. The most probable location of the ball is just above the player's hands in the grid.",D5
63.png,48,"The player in the center of the image, wearing a dark uniform, is in a shooting stance with their hands raised and eyes focused upwards, indicating they are likely shooting the ball. The ball would be just above their hands, in the air, as they release it towards the basket.",D5
63.png,49,"The player in the center of the image, wearing a dark uniform, is in a shooting stance with their hands raised and eyes focused upwards, indicating they have just released or are about to release the ball. The ball is likely above their hands, in the air, on its way to the basket. The most probable location of the ball is just above this player's hands in the grid.",D5
63.png,50,"The player in the center of the image (wearing a dark uniform) is in a shooting stance with their hands raised and positioned as if they have just released the ball. The ball is likely in the air above this player, near the basket. The basket is located near the top of the image, around the middle columns. Given the player's position and stance, the ball is most likely just above or near the player's hands, in the air on its way to the basket.",D5
60.png,1,"The players are all looking and reaching upwards towards the basketball hoop, indicating the ball is likely near the basket. The player in the red jersey on the right appears to be jumping and extending their arm as if attempting a shot or rebound. The ball is most likely just above or near the rim of the basket.",B5
60.png,2,"The players are all looking and reaching upwards towards the basketball hoop, indicating the ball is likely near the basket. The player in the red jersey on the right appears to be jumping and extending their arm as if to shoot or catch the ball. The ball is most likely just above or near the rim of the hoop.",B5
60.png,3,"The player in the red jersey on the right side of the image is looking upwards and has her hands positioned as if she is about to catch or has just released the ball. The ball is likely near the basketball hoop, as the players are focused on that area and the game action typically centers around the hoop during a shot or rebound. The most probable location of the ball is just above or near the rim of the basketball hoop.",C5
60.png,4,"The player in the red jersey on the right side of the image is looking upwards and has her hands positioned as if she is about to catch or has just released the ball. The basketball hoop is located in the upper center of the image, and the ball is likely near the hoop, either on its way up or down. Given the player's focus and hand position, the ball is most likely just above or near the rim of the hoop.",C5
60.png,5,"The players are all looking and reaching upwards towards the basketball hoop, indicating the ball is likely near the basket. The player in the red jersey on the right is jumping and extending their arm as if attempting a shot or rebound. The ball is most likely just above or near the rim of the hoop.",B6
60.png,6,"The player in the red jersey on the right side of the image (around column 7) is reaching up with both hands, indicating they are likely attempting to catch or shoot the ball. The ball is most likely near their hands, just above their head. This places the ball near the basketball hoop, which is located in the upper center of the image. The ball would be just below the rim, in the area where the player is reaching.",B7
60.png,7,"The player in the red jersey on the right side of the image appears to be in a motion consistent with shooting or passing the ball. The basketball hoop is located near the top center of the image, and the ball is likely near the hoop or in the air above the player in red. Since the ball is missing, the most probable location is just above the player's hands, near the hoop, as if the ball is about to go through the basket.",B6
60.png,8,"The players are all looking and reaching upwards towards the basketball hoop, indicating the ball is near the basket. The ball is likely just above or near the rim, as the players are in a position to either rebound or attempt a shot. The most probable location is just above the hoop in the grid.",B5
60.png,9,"The player in the red jersey on the right side of the image is looking upwards and has her hands positioned as if she is about to catch or has just released the ball. The other players are also looking upwards, indicating the ball is likely above them near the basket. The most probable location for the ball is near the hoop, slightly above or in front of the backboard.",B5
60.png,10,"The player in the red jersey on the right side of the image is looking upwards and has their hands positioned as if they are about to catch or have just released the ball. The other players are also looking in the same direction, which is above the hoop. The ball is most likely near the basket, possibly just above or about to go through the hoop.",B5
60.png,11,"The ball is most likely near the basketball hoop, as the players are looking and reaching upwards in that direction. The player in the red jersey on the right appears to be jumping and extending their arm towards the hoop, indicating an attempt to shoot or catch the ball. The ball is typically close to the hoop during such moments in a basketball game.",D5
60.png,12,"The players are all looking and reaching upwards towards the basketball hoop, indicating the ball is likely near the basket. The player in the red jersey on the right is jumping and extending their arm as if attempting a shot or rebound. The ball is most likely just above or near the rim of the hoop.",B5
60.png,13,"The player in the red jersey on the right side of the image is reaching up with both hands, indicating she is likely attempting to catch or shoot the ball. The ball is most likely above her hands, near the basketball hoop. Given the position of the hoop and the player's hands, the ball would be just above the rim, near the backboard.",B6
60.png,14,"The players are all looking and reaching upwards towards the basketball hoop, indicating the ball is likely near the basket. The player in the red jersey on the right appears to be jumping and extending their arm as if attempting a shot or rebound. The ball is most likely just above or near the rim of the basket.",B5
60.png,15,"The players are all looking and reaching upwards towards the basketball hoop, indicating the ball is likely near the basket. The player in the red jersey on the right appears to be jumping and extending their arm as if attempting a shot or rebound. The ball is most likely just above or near the rim of the basket.",B5
60.png,16,"The players are all looking and reaching upwards towards the basketball hoop, indicating the ball is likely near the basket. The player in the red jersey on the right appears to be jumping and extending their arm as if attempting a shot or rebound. The ball is most likely just above or near the rim of the hoop.",B5
60.png,17,"The player in the red jersey at cell G7 is in a forward motion with their hands positioned as if they have just released or are about to catch the ball. The basketball hoop is located in the upper center of the image around B5-B6, and the ball is likely near the hoop or in the air above the player in red. Given the player's posture and the typical trajectory of a basketball shot, the ball is most likely just above or near the hoop.",B5
60.png,18,"The players are all looking and reaching upwards towards the basketball hoop, indicating the ball is likely near the basket. The player in the red jersey on the right appears to be jumping and extending their arm as if attempting a shot or a rebound. The ball is most likely just above or near the rim of the basket.",B6
60.png,19,"The player in the red jersey on the right side of the image is in a shooting posture, with their arms extended upwards as if they have just released the ball. The basketball hoop is located in the upper left part of the image, and the ball is likely near the hoop, either just above or about to go through the basket. Given the angle and the player's position, the ball is most likely just above the rim, near the backboard.",B4
60.png,20,"The players are all looking and reaching upwards towards the basketball hoop, indicating the ball is likely near the basket. The player in the red jersey on the right is jumping and extending his arm as if attempting a shot or a rebound. The ball is most likely just above or near the rim of the basket.",B5
60.png,21,"The player in the red jersey on the right side of the image is looking upwards and has her hands positioned as if she is about to catch or has just released the ball. The basketball hoop is located in the upper center of the image, and the ball is likely near the hoop, possibly just above or about to go through the rim. Given the players' focus and positioning, the ball is most likely in the air near the basket.",B5
60.png,22,"The player in the red jersey on the right side of the image is looking upwards and has her hands positioned as if she is about to catch or has just released the ball. The basketball hoop is located in the upper center of the image, and the ball is likely near the hoop, either on its way to the basket or just released by the player. Given the player's gaze and hand position, the ball is most likely just above or near the hoop.",B5
60.png,23,"The players are all looking and reaching upwards towards the basketball hoop, indicating the ball is likely near the basket. The player in the red jersey on the right is jumping and extending her arm as if attempting a shot or rebound. The ball is most likely just above or near the rim of the hoop.",B5
60.png,24,"The players are all looking and reaching upwards towards the basketball hoop, indicating the ball is likely near the basket. The ball is usually above the rim during a shot or rebound attempt. Since the ball is missing, it is most likely located just above or near the hoop, where the players' attention is focused.",B5
60.png,25,"The player in the red jersey at cell G7 is in a running stance and looking upwards, likely towards the basketball hoop. The other players are also looking in the same direction, suggesting the ball is near the hoop. Since the ball has been removed, it is most likely located just above or near the rim of the basketball hoop, which is in the upper center of the image.",B5
60.png,26,"The player in the red jersey on the right side of the image is looking upwards and has her hands positioned as if she is about to catch or has just released the ball. The ball is likely near the basketball hoop, as the players are focused on that area and the game action typically centers around the hoop. Given the trajectory and the players' focus, the ball is most likely just above or near the rim of the basket.",B5
60.png,27,"The player in the red jersey on the right side of the image is reaching up with both hands, indicating she is likely attempting to catch or shoot the ball. The ball is most likely near her hands, just above the rim of the basketball hoop. The hoop is located in the upper center-left part of the image, so the ball should be close to that area.",B5
60.png,28,"The player in the red jersey on the right side of the image appears to be in a shooting or passing motion, with their hands raised and eyes focused upwards. The basketball hoop is located near the top center of the image, and the ball is likely near the hoop or in the air above the player in red. Given the player's position and body language, the ball is most likely just above or near the hoop, possibly in the process of being shot or about to go through the hoop.",B5
60.png,29,"The player in the red jersey on the right side of the image is reaching up with both hands, indicating they are likely attempting to catch or shoot the ball. The ball is most likely near their hands, just above the rim of the basketball hoop. The ball would be in the air, close to the basket, as the players are looking upwards and preparing for a rebound or shot.",B7
60.png,30,"The player in the red jersey on the right side of the image (around column 7) is reaching up with both hands, indicating they are likely attempting to catch or shoot the ball. The ball is most likely near their hands, just above them and below the basketball hoop. This places the ball in the area just under the hoop, where the player is focused.",C7
60.png,31,"The player in the red jersey on the right side of the image is reaching up with both hands, indicating that they are likely attempting to catch or shoot the ball. The ball is most likely near their hands, just above the rim of the basketball hoop. The hoop is located in the upper center of the image, so the ball should be close to that area.",B5
60.png,32,"The players are all looking and reaching upwards towards the basketball hoop, indicating the ball is likely near the basket. The ball is usually above or near the rim during a shot or rebound attempt. Since the ball is missing, the most probable location is just above or near the rim of the hoop, where the players' attention is focused.",B5
60.png,33,"The player in the red jersey on the right side of the image is reaching up with both hands, indicating she is likely attempting to catch or shoot the ball. The ball is most likely near her hands, above her head, and close to the basketball hoop. The hoop is located in the upper center-left part of the image, so the ball should be just below or near the hoop.",B5
60.png,34,"The player in the orange jersey on the right side of the image is in a shooting posture, with their arms extended upwards as if they have just released the ball. The ball is likely near the basketball hoop, as the shot appears to be aimed at the basket. Given the trajectory and the player's position, the ball is most likely just above or near the rim of the hoop.",B5
60.png,35,"The player in the red jersey on the right side of the image is reaching up with both hands, indicating she is likely attempting to catch or shoot the ball. The ball is most likely near her hands, above her head, and close to the basketball hoop. Given the position of the hoop and the player's hands, the ball would be located just above the rim in the grid.",B6
60.png,36,"The players are all looking and reaching upwards towards the basketball hoop, indicating the ball is likely near the basket. The ball is usually above or near the rim during a shot or rebound attempt. Since the ball is missing, the most probable location is just above or near the rim of the hoop.",B5
60.png,37,"The player in the red jersey on the right side of the image is looking upwards and appears to be in a position to catch or shoot the ball. The other players are also looking in the same direction, which is near the basketball hoop. The ball is likely near the hoop, just above or slightly in front of the rim, as this is a common position for a basketball during a shot attempt.",B6
60.png,38,"The players are all looking and reaching upwards towards the basketball hoop, indicating the ball is near the basket. The ball is likely just above or near the rim, as the players are in a position to either rebound or attempt a shot. The most probable location is just above the rim in the grid cell that contains the hoop.",B5
60.png,39,"The player in the red jersey on the right side of the image is reaching up with both hands, indicating she is likely about to catch or shoot the ball. The ball is most likely near her hands, just above the rim of the basketball hoop. The hoop is located in the upper center of the image, so the ball should be close to that area.",B6
60.png,40,"The player in the red jersey at cell G7 is in a forward motion with their hands positioned as if they have just released or are about to catch the ball. The basketball hoop is located in the upper center of the image around B5-B6, and the ball is likely near the hoop or in the air above the player in red. Given the player's posture and the typical trajectory of a basketball shot, the ball is most likely just above or near the hoop.",B5
60.png,41,"The player in the red jersey on the right side of the image is looking upwards and appears to be in the motion of shooting or passing the ball. The basketball hoop is located near the top center of the image, and the ball is likely near the hoop, possibly just above or about to go through the hoop. The most probable location of the ball is near the rim of the basketball hoop.",B5
60.png,42,"The player in the red jersey on the right side of the image (around column 7) is reaching up with both hands, indicating they are likely attempting to catch or shoot the ball. The ball is most likely near their hands, just above their head. The ball hoop and backboard are also visible in the upper left part of the image, suggesting the ball is in the air near the player aiming for the basket.",B7
60.png,43,"The player in the red jersey on the right side of the image is looking upwards and appears to be in a position to catch or shoot the ball. The other players are also looking in the same direction, which is above the hoop. The ball is likely near the hoop, possibly just above or about to go through the basket.",B6
60.png,44,"The player in the red jersey at cell G7 is in a forward motion with their hands positioned as if they have just released or are about to catch the ball. The other players are looking upwards towards the basket, indicating the ball is likely near the hoop. The ball is most likely near the basket, above the rim, as the players are focused on that area and the player in red seems to be actively involved in the play.",B6
60.png,45,"The player in the red jersey on the right side of the image is looking upwards and appears to be in a position to catch or shoot the ball. The basketball hoop is located in the upper center-left part of the image, and the ball is likely near the hoop or just above the player's hands as they prepare to make a play. Given the player's focus and body posture, the ball is most likely near the hoop, slightly to the right of the center.",B6
60.png,46,"The player in the red jersey on the right side of the image is reaching up with both hands, indicating they are likely attempting to catch or shoot the ball. The ball is most likely near their hands, just above the rim of the basketball hoop. The hoop is located in the upper center of the image, so the ball should be close to that area.",C5
60.png,47,"The players are all looking and reaching upwards towards the basketball hoop, indicating the ball is likely near the basket. The player in the red jersey on the right is extending her arm upwards as if attempting a shot or rebound. The ball is most likely just above or near the rim of the hoop.",C6
60.png,48,"The players are all looking and reaching upwards towards the basketball hoop, indicating the ball is likely near the basket. The player in the red jersey on the right appears to be jumping and extending their arm as if attempting a shot or rebound. The ball is most likely just above or near the rim of the hoop.",B6
60.png,49,"The player in the red jersey on the right side of the image is looking upwards and has their hands positioned as if they are about to catch or shoot the ball. The basketball hoop is located in the upper middle part of the image, and the ball is likely near the hoop or in the air close to the player's hands. Given the player's focus and hand position, the ball is most likely just above or near the hoop.",B5
60.png,50,"The player in the red jersey on the right side of the image is looking upwards and has her hands positioned as if she is about to catch or has just released the ball. The basketball hoop is located near the top center of the image, and the ball is likely near the hoop, either on its way to the basket or just released by the player. Given the players' focus and positioning, the ball is most likely near the hoop, slightly to the left of the center.",B5
48.png,1,"The players in blue are looking upwards and reaching with their hands extended, indicating the ball is likely above them. The basketball hoop is visible in the top center of the image, and the players' focus suggests the ball is near the basket, possibly just above or about to go into the hoop. The most likely location of the ball is just below the hoop, where the players are concentrating their attention.",D6
48.png,2,"The players in blue jerseys, especially the one in cell F6, are looking upwards with their hands raised, indicating the ball is likely above them. The basketball hoop is located in cell B7, and the ball is typically near the hoop during a play like this. Given the players' focus and positioning, the ball is most likely just below or near the hoop, possibly in the space between cells C6 and B7.",C6
48.png,3,"The player in the blue jersey with number 5 is looking upwards with his hands raised, indicating he is likely about to catch or shoot the ball. The player in the white jersey to his right is also looking up and reaching out. The ball is most likely above their heads, near the basket. The basket is located in the top center of the image, so the ball is likely in the grid cell just below the basket where the players are focused.",C6
48.png,4,"The players in blue jerseys are looking upwards and reaching with their hands extended, indicating the ball is likely above them. The player in the white jersey on the right is also looking up and preparing to contest or catch the ball. The basketball hoop is visible in the top center of the image, and the players are positioned directly beneath it, suggesting the ball is near the hoop, likely in the air just above the players' hands.",D6
48.png,5,"The players in blue jerseys, especially the one in cell F6, are looking upwards with their hands raised, indicating the ball is likely above them. The basketball hoop is located in cell B7, and the ball is typically near the hoop during a play like this. Given the players' focus and positioning, the ball is most likely just below or near the hoop, in the area where the player in blue is reaching.",C7
48.png,6,"The players in blue jerseys, especially the one in cell F6, are looking upwards with their hands raised, indicating the ball is likely above them. The basketball hoop is located in cell B7, and the ball is probably near the hoop as the players are preparing to rebound or shoot. Given the players' focus and hand positions, the ball is most likely just below or near the hoop.",C7
48.png,7,"The players in blue jerseys, especially the one in cell E6, are looking upwards with their hands raised, indicating the ball is likely above them. The basketball hoop is located in cell B7, and the ball is typically near the hoop during a play like this. Given the players' focus and positioning, the ball is most likely just below or near the hoop, possibly in the space between cells C6 and B7.",C6
48.png,8,"The players in blue jerseys are looking upwards and reaching with their hands extended, indicating the ball is likely above them. The player in the white jersey on the right is also looking up and appears to be preparing to jump or contest the ball. The basketball hoop is located in the top center of the image, and the ball is most likely near the hoop, just above the players' hands as they attempt to score or rebound.",C6
48.png,9,"The players in blue, especially the one wearing number 5, are looking upwards and reaching towards the basket. The player in white on the right is also looking up and appears to be preparing to jump or contest the ball. The ball is most likely near the basket, just above the rim, as the players are focused on that area for a potential rebound or shot. The ball would be in the upper center part of the image, close to the hoop.",C6
48.png,10,"The players in blue are looking upwards and reaching with their hands extended, indicating the ball is likely above them. The player in white on the right is also looking up and preparing to jump or catch the ball. The basketball hoop is located in the top center of the image, and the players' focus is just below the hoop. Therefore, the ball is most likely near the basket, slightly below the hoop.",C6
48.png,11,"The players in blue are looking upwards and reaching with their hands extended, indicating the ball is likely above them. The player in white on the right is also looking up and preparing to jump or catch the ball. The basketball hoop is visible in the top center of the image, and the players' focus is just below the hoop. Therefore, the ball is most likely located near the basket, just above the players' hands.",C6
48.png,12,"The player in the blue jersey with the number 5 is looking upwards with his hands raised, indicating he is likely about to catch or rebound the ball. The ball is most likely near his hands, just above his head. The basketball hoop is visible in the top center of the image, and the ball is likely close to the hoop as well. The most probable location of the ball is just above the player's hands in the grid cell directly below the hoop.",C6
48.png,13,"The players in blue are looking upwards and reaching with their hands extended, indicating the ball is likely above them. The basketball hoop is visible in the top center of the image, and the players' focus is just below the hoop. The ball is most likely near the basket, just above the players' hands, in the area where a shot or rebound would occur.",C6
48.png,14,"The players in blue jerseys, especially the one in cell F6, are looking upwards with their hands raised, indicating they are likely trying to catch or rebound the ball. The basketball hoop is located in cell B7, and the ball is typically near the hoop during such a play. Given the players' focus and positioning, the ball is most likely just below the hoop, where the players are reaching.",C7
48.png,15,"The players in blue are looking upwards and reaching with their hands extended, indicating the ball is likely above them. The player in white on the right is also looking up and preparing to jump or catch the ball. The basketball hoop is visible in the top center of the image, and the ball is most likely near the hoop, just above the players' hands as they attempt to score or rebound.",D6
48.png,16,"The players in blue, especially the one in cell F6, are looking upwards with their hands raised, indicating they are likely attempting to catch or rebound the ball. The basketball hoop is located in cell B7, and the ball is typically near the hoop during such moments. Given the players' focus and positioning, the ball is most likely just above or near the hoop, around the top center of the image.",B7
48.png,17,"The players in blue are looking upwards and reaching with their hands, indicating the ball is likely above them. The player in blue in cell F6 is closest to the basket and has his hand raised, suggesting the ball is near the hoop. The ball is most likely just above the rim, where the players are focused.",B6
48.png,18,"The players in blue jerseys are looking upwards and reaching with their hands extended, indicating the ball is likely above them. The player in the white jersey on the right is also looking up and preparing to jump or catch the ball. The basketball hoop is visible in the top center of the image, and the ball is likely near the hoop, possibly about to go through the basket or being contested in the air. The most probable location of the ball is just below the hoop, where the players' hands are reaching.",C6
48.png,19,"The players in blue jerseys are looking upwards and reaching with their hands, indicating the ball is likely above them. The player in the white jersey on the right is also looking up and preparing to jump or catch the ball. The basketball hoop is visible in the top center of the image, and the players' focus is just below the hoop. This suggests the ball is near the basket, likely in the air just below or near the rim.",B6
48.png,20,"The players in blue jerseys are looking upwards and reaching with their hands extended, indicating the ball is likely above them. The player in the white jersey on the right is also looking up and preparing to jump or catch the ball. The basketball hoop is visible in the top center of the image, and the ball is likely near the hoop, possibly about to go through or rebound. The most probable location of the ball is just below the hoop, where the players' hands are reaching.",C6
48.png,21,"The player in the blue jersey with the number 5 is looking upwards with his hands raised, as if preparing to catch or rebound the ball. The player in the white jersey to his right is also looking up and reaching out. The ball is likely near the basket, just above the players' hands, as they are all focused on that area. The most probable location is just below the hoop, around the center of the image.",D6
48.png,22,"The players in blue and white are all looking upwards and reaching towards the basketball hoop, indicating the ball is likely near the basket. The player in blue in cell F6 has his hand raised as if attempting to catch or block the ball. The ball is most likely just above or near the rim of the basket.",B6
48.png,23,"The players in blue jerseys are looking upwards and reaching with their hands extended, indicating the ball is likely above them. The player in the white jersey on the right is also looking up and preparing to jump or catch the ball. The basketball hoop is visible in the top center of the image, and the ball is likely near the hoop, possibly just above or about to go into the basket.",B6
48.png,24,"The players in blue jerseys are looking upwards and reaching with their hands, indicating the ball is likely above them. The player in the white jersey on the right is also looking up and preparing to catch or block the ball. The basketball hoop is visible in the top center of the image, and the ball is likely near the hoop, possibly just above or about to go into the basket.",B6
48.png,25,"The players in blue jerseys, especially the one in cell F6, are looking upwards with their hands raised, indicating the ball is likely above them. The basketball hoop is located in cell B7, and the ball is probably near the hoop as the players are positioned for a rebound or shot attempt. The most likely location of the ball is just below the hoop, where the players are focused.",C7
48.png,26,"The players in blue are looking upwards and reaching with their hands extended, indicating the ball is likely above them near the basket. The player in white on the right is also looking up and preparing to react. The ball is most likely near the hoop, just above the rim, where a shot or rebound is about to happen.",B6
48.png,27,"The players in blue jerseys are looking upwards and reaching with their hands extended, indicating the ball is likely above them. The player in the white jersey on the right is also looking up and preparing to contest or catch the ball. The basketball hoop is visible in the top center of the image, and the players are positioned directly beneath it, suggesting the ball is near the hoop, likely in the air just above the players' hands.",F6
48.png,28,"The players in blue jerseys, especially the one in cell F6, are looking upwards with their hands raised, indicating the ball is likely above them. The basketball hoop is located in cell B7, and the ball is typically near the hoop during a play like this. Given the players' focus and positioning, the ball is most likely just below or near the hoop, possibly in the air as a shot or rebound attempt.",C7
48.png,29,"The players in blue jerseys are looking upwards and reaching with their hands, indicating the ball is likely above them. The player in the white jersey on the right is also looking up and preparing to catch or block the ball. The basketball hoop is visible in the top center of the image, and the ball is likely near the hoop, possibly just above or about to go through the basket.",B6
48.png,30,"The players in blue jerseys are looking upwards and reaching with their hands extended, indicating the ball is likely above them. The basketball hoop is visible in the top center of the image, and the players' focus suggests the ball is near the hoop, possibly just above or about to go through the basket.",B6
48.png,31,"The players in blue are looking upwards and reaching with their hands extended, indicating the ball is likely above them. The player in white on the right is also looking up and preparing to jump or catch the ball. The basketball hoop is located in the top center of the image, and the ball is most likely near the hoop, possibly just above or about to go through the basket.",C6
48.png,32,"The player in the blue jersey with number 5 is looking upwards with his hands raised, indicating he is likely about to catch or rebound the ball. The ball is most likely near the basketball hoop, slightly above or in front of the player’s hands. The hoop is located in the upper center of the image, so the ball should be just below or near the hoop.",B6
48.png,33,"The players in blue jerseys are looking and reaching upwards towards the basketball hoop, indicating the ball is likely near the basket. The player in the blue jersey with number 5 is closest to the hoop and has his hands raised as if ready to catch or block the ball. The ball is most likely just above or near the rim of the basket.",B6
48.png,34,"The players in blue jerseys are looking and reaching upwards towards the basketball hoop, indicating the ball is likely near the basket. The player in the blue jersey with number 5 is closest to the hoop and has his hand raised as if to catch or block the ball. The ball is most likely just above or near the rim of the basket.",B7
48.png,35,"The players in blue, especially the one wearing number 5, are looking upwards and reaching towards the basketball hoop. The player in white on the right side is also looking up and appears to be preparing to jump or contest the ball. The ball is most likely near the hoop, just above or slightly in front of it, as the players are focused on that area. The hoop is located in the upper middle part of the image, so the ball should be close to the hoop in the grid.",B6
48.png,36,"The players in blue, especially the one wearing number 5, are looking upwards and reaching with their hands, indicating the ball is likely above them. The basketball hoop is visible in the top center of the image, and the players' focus suggests the ball is near the hoop, possibly in the act of being shot or rebounded. The most probable location of the ball is just above the player in blue number 5, near the hoop.",B6
48.png,37,"The players in blue are looking upwards and reaching with their hands extended, indicating the ball is likely above them. The basketball hoop is visible in the top center of the image, and the players' focus suggests the ball is near the hoop, possibly just above or about to go through the basket.",B6
48.png,38,"The player in the blue jersey numbered 5 is looking upwards with his hands raised, as if preparing to catch or rebound the ball. The player in the white jersey to his right is also looking up and reaching out. The basketball hoop is visible in the top center of the image, and the ball is likely near the hoop, just above or near the rim, as the players are positioned for a rebound or shot attempt.",D6
48.png,39,"The player in the blue jersey with number 5 is looking upwards with his hands raised, indicating he is likely about to catch or rebound the ball. The player in the white jersey to his right is also looking up and reaching out. The ball is most likely near the basket, just above the players' heads, as they are preparing to make a play. The ball would be positioned close to the hoop, slightly to the right of the center of the image.",C7
48.png,40,"The players in blue jerseys are looking upwards and reaching with their hands extended, indicating the ball is likely above them. The player in the white jersey on the right is also looking up and preparing to jump or catch the ball. The basketball hoop is visible in the top center of the image, and the ball is likely near the hoop, possibly about to be dunked or shot. The most probable location of the ball is just below the hoop, where the players' hands are reaching.",C6
48.png,41,"The players in blue are looking upwards and reaching with their hands extended, indicating the ball is likely above them near the basket. The player in white on the right is also looking up and preparing to react. The ball is most likely near the hoop, just above the rim, where a shot or rebound is about to happen.",B6
48.png,42,"The players in blue are looking upwards and reaching with their hands extended, indicating the ball is likely above them. The player in white on the right is also looking up and preparing to jump or catch the ball. The basketball hoop is visible in the top center of the image, and the ball is most likely near the hoop, possibly just above or about to go through the basket.",C6
48.png,43,"The players in blue jerseys are looking upwards and reaching with their hands extended, indicating the ball is likely above them. The player in the white jersey on the right is also looking up and preparing to jump or catch the ball. The basketball hoop is located in the top center of the image, and the ball is likely near the hoop, possibly just above or about to go into the basket.",D6
48.png,44,"The player in the blue jersey with the number 5 is looking upwards with his hands raised, indicating he is likely about to catch or shoot the ball. The player in the white jersey to his right is also looking up and reaching out. The ball is most likely above the heads of these players, near the basket. The basket is located in the upper middle part of the image, so the ball should be just below or near the rim.",C6
48.png,45,"The player in the blue jersey with number 5 is looking upwards with his hands raised, as if preparing to catch or rebound the ball. The player in the white jersey to his right is also looking up and reaching out. The ball is likely near the basket, above the players' heads, where the action is focused.",B6
48.png,46,"The players in blue are looking upwards and reaching with their hands, indicating the ball is likely above them. The player in blue in cell F6 is closest to the basket and has his hand raised, suggesting the ball is near the hoop. The ball is most likely just above the rim, where the players are focused.",B6
48.png,47,"The players in blue are looking upwards and reaching with their hands extended, indicating the ball is likely above them. The player in white on the right is also looking up and preparing to jump or catch the ball. The basketball hoop is visible in the top center of the image, and the ball is most likely near the hoop, possibly just above or about to go through the basket.",B6
48.png,48,"The players in blue jerseys are looking upwards and reaching with their hands extended, indicating the ball is likely above them. The player in the white jersey on the right is also looking up and preparing to jump or catch the ball. The basketball hoop is located in the top center of the image, and the ball is likely near the hoop as the players are positioned for a rebound or shot attempt. The most probable location of the ball is just below the hoop, where the players' hands are reaching.",B6
48.png,49,"The players in blue, especially the one in cell F6, are looking upwards and reaching with their hands, indicating the ball is likely above them. The basketball hoop is located in cell A7, and the ball is typically near the hoop during a play like this. The player in white in cell E8 is also looking up and preparing to react. Given the players' focus and hand positions, the ball is most likely just below the hoop, in the area where the players are reaching.",C7
48.png,50,"The players in blue, especially the one wearing number 5, are looking upwards and reaching towards the basket, indicating the ball is likely near the hoop. The player in white on the right is also looking up and preparing to contest or rebound. The ball is most likely just above the rim, near the basket.",B7
61.png,1,"The player in the white jersey in cell F7 is in a position that suggests he is about to catch or dribble the ball, as his hands are positioned in front of him and his body is leaning forward. The other players are looking towards this area, indicating the ball is likely near him.",F7
61.png,2,"The player in white in cell F7 is in a position that suggests he is about to catch or dribble the ball, as his hands are extended forward and his body is angled towards the right. The player in blue in cell D4 appears to be defending or reaching out, indicating the ball is likely near the player in white. The ball is most likely near the hands of the player in white in F7.",F7
61.png,3,"The player in the white jersey in cell E7 is in a position that suggests he is about to dribble or pass the ball. His body posture and hand positioning indicate he is controlling the ball, which is likely just in front of or near his right hand. The other players are focused on him, reinforcing that he is the ball handler.",E7
61.png,4,"The player in the white jersey in cell F7 is in a position that suggests he is about to catch or dribble the ball, as his hands are positioned in front of him and his body is leaning forward. The player in the blue jersey in cell D4 appears to be defending or reaching out, indicating the ball is likely near the white jersey player. The other players are also focused on this area, supporting the idea that the ball is close to the white jersey player in F7.",F7
61.png,5,"The player in the white jersey in cell E7 is in a position that suggests he is dribbling or about to pass the ball. His body posture and hand position indicate he is controlling the ball near his right side. The other players are focused on him, which supports the idea that the ball is with this player.",E7
61.png,6,"The player in the white jersey in cell F7 is holding his hands in a position that suggests he is about to catch or has just caught the ball. The player in the blue jersey in cell F9 is also reaching out towards the same area, indicating the ball is likely between them. The ball is most likely in mid-air or just about to be caught around this location.",F7
61.png,7,"The player in white in cell F7 is in a position that suggests he is about to catch or dribble the ball, as his hands are positioned in front of him and his body is leaning forward. The other players are looking towards this area, indicating the ball is likely near him.",F7
61.png,8,"The player in the white jersey in cell F7 is in a position that suggests he is about to catch or dribble the ball, with his hands extended forward and eyes focused in that direction. The other players are either looking towards him or preparing to defend, indicating the ball is likely near his hands.",F7
61.png,9,"The player in the white jersey in cell F7 is in a position that suggests he is about to catch or dribble the ball. His hands are positioned as if ready to receive or control the ball, and the player in the blue jersey in cell F9 is closely guarding him, indicating the ball is likely near the player in white. The ball is most likely near the player's hands, which are around the F7 cell.",F7
61.png,10,"The player in white in cell F6 is in a forward motion with his hands positioned as if he is about to catch or dribble the ball. The player in blue in cell D4 is also looking towards that area, indicating the ball is likely near the white player's hands. The other players' focus and body orientation support this inference.",F6
61.png,11,"The player in the white jersey in cell E7 is in a position that suggests he is about to catch or dribble the ball, as his hands are positioned in front of him and his body is slightly bent forward. The other players are looking towards this area, indicating the ball is likely near him.",E7
61.png,12,"The player in the white jersey in cell F7 is in a stance that suggests he is about to catch or dribble the ball, with his hands positioned in front of him. The player in the blue jersey in cell D4 is looking towards this player, indicating the ball is likely near the white jersey player. The ball is most likely in front of the white jersey player, around the area where his hands are positioned.",F7
61.png,13,"The player in white in cell F7 is in a crouched, forward-leaning position with his hands extended as if he is about to catch or dribble the ball. The player in blue in cell D4 is also facing towards this area, suggesting the ball is near the player in white. The other players' attention and body orientation are directed towards the area around F7, indicating the ball is most likely there.",F7
61.png,14,"The player in the white jersey in cell F6 is in a bent position with his hands extended forward, which is a typical stance for holding or dribbling the ball. The other players are looking towards this player, indicating that he is likely in possession of the ball. The ball is most likely near his hands.",F6
61.png,15,"The player in the white jersey in cell E7 is bending forward and appears to be reaching out with his right hand, which is a typical posture for someone about to catch or dribble a basketball. The other players are looking towards this area, indicating the ball is likely near this player. The ball is most likely just in front of or near his right hand.",E7
61.png,16,"The player in white in cell F6 is bending forward and appears to be reaching out with his right hand, which is a common posture when dribbling or controlling the ball. The other players are positioned around him, suggesting he is the one currently handling the ball. Therefore, the ball is most likely near his right hand in this cell.",F6
61.png,17,"The player in the white jersey in cell F7 is in a position that suggests he is holding or about to pass the ball. His hands are positioned as if cradling or controlling the ball, and the other players are focused on him, indicating he is the ball handler. The ball is likely near his hands.",F7
61.png,18,"The player in white in cell F7 is in a stance that suggests he is about to catch or dribble the ball, with his hands positioned in front of him. The player in blue in cell F9 is also reaching out, likely trying to defend or steal the ball. Given these cues, the ball is most likely near the hands of the player in white in cell F7.",F7
61.png,19,"The player in white in cell F6 is in a forward motion with his hands positioned as if he is about to catch or dribble the ball. The player in blue in cell E4 is also looking towards that area, indicating the ball is likely near the player in white. The other players' focus and body orientation suggest the ball is in the vicinity of the player in white in F6.",F6
61.png,20,"The player in the white jersey in cell F7 is in a position that suggests he is holding or about to pass the ball. His hands are positioned as if cradling or controlling the ball, and the other players are focused on him, indicating he is the ball handler. The ball is likely near his hands.",F7
61.png,21,"The player in the white jersey in cell G4 is in a position that suggests he is about to catch or dribble the ball, with his hands extended forward and eyes focused downward. The player in the blue jersey in cell D4 appears to be defending him closely, indicating the ball is likely near the white jersey player's hands. The ball is most likely located just in front of or near the hands of the white jersey player in G4.",
61.png,22,"The player in white in cell F7 is in a forward-leaning stance with his hands positioned as if he is about to catch or dribble the ball. The player in blue in cell D4 is also looking towards that area, suggesting the ball is near the white player. The other players' focus and body orientation support the idea that the ball is near the white player in F7.",F7
61.png,23,"The player in white in cell F7 is in a position that suggests he is about to catch or dribble the ball, as his hands are positioned in front of him and his body is slightly bent forward. The player in blue in cell E4 appears to be reaching or moving towards the ball, but his hands are not in a position to hold it. The other players are either defending or preparing to react. Therefore, the ball is most likely near the player in white in cell F7.",F7
61.png,24,"The player in the white jersey in cell F7 is in a position that suggests he is about to catch or dribble the ball, with his hands extended forward and eyes focused on that area. The player in the blue jersey in cell F9 is also looking towards that spot, indicating the ball is likely near the white jersey player's hands. The other players' body language and gaze support this inference.",F7
61.png,25,"The player in white in cell F6 is in a forward motion with his hands positioned as if he is about to catch or dribble the ball. The player in blue in cell F4 is also facing him and appears to be defending closely, indicating the ball is likely near the player in white. The ball is most likely near the player's hands, which are around the F6 cell.",F6
61.png,26,"The player in white in cell F6 is in a forward-leaning stance with his hands positioned as if he is about to catch or dribble the ball. The player in blue in cell D4 is also looking towards this area, suggesting the ball is near the white player. The other players' focus and body orientation support the idea that the ball is close to the white player in F6.",F6
61.png,27,"The player in white in cell F7 is in a position that suggests he is about to catch or dribble the ball, as his hands are extended forward and his body is angled towards the space in front of him. The player in blue in cell D4 is looking towards this area, indicating the ball is likely near the player in white. The ball is most likely in front of the player in white, around the area where his hands are positioned.",F7
61.png,28,"The player in white in cell E7 is in a stance that suggests he is about to catch or dribble the ball, with his hands positioned as if ready to receive it. The player in blue in cell D4 is looking towards this player and appears to be defending him. Given the positioning and body language of the players, the ball is most likely near the hands of the player in white in cell E7.",E7
61.png,29,"The player in the white jersey in cell F7 is in a crouched position with his hands extended forward, which is a typical stance for someone about to catch or dribble a basketball. The player in the blue jersey in cell D4 is also reaching out with his right hand, suggesting he might be trying to intercept or steal the ball. Given these cues, the ball is most likely near the hands of the player in white in cell F7.",F7
61.png,30,"The player in the white jersey in cell G5 is in a forward-leaning position with his hands extended as if he is about to catch or dribble the ball. The player in the blue jersey in cell F4 is also looking towards that area, suggesting the ball is near the white jersey player's hands. The ball is likely in mid-air or just about to be caught or dribbled by the player in white.",
61.png,31,"The player in white in cell F6 is in a forward-leaning stance with his hands positioned as if he is about to catch or dribble the ball. The player in blue in cell D4 is also looking towards that area, suggesting the ball is near the white player. The ball is likely near the white player's hands, which are around the F6 cell.",F6
61.png,32,"The player in the white jersey in cell G4 is in a position that suggests he is about to catch or dribble the ball, with his hands extended forward and eyes focused downward. The other players are positioned around him, likely defending or preparing to react to his next move. This indicates the ball is most likely near his hands.",
61.png,33,"The player in the white jersey in cell F7 is in a position that suggests he is about to catch or dribble the ball, as his hands are extended forward and his body is angled towards the right side of the image. The other players are looking towards this area, indicating the ball is likely near him.",F7
61.png,34,"The player in white in cell F7 is in a forward motion with his hands positioned as if he is about to catch or dribble the ball. The player in blue in cell D4 is also looking towards that area, suggesting the ball is near the player in white. The ball is likely near the player's hands, which are around the F7 cell.",F7
61.png,35,"The player in the white jersey in cell F7 is in a position that suggests he is about to dribble or pass the ball, as his hand is extended downward and his body is leaning forward. The other players are looking towards this area, indicating the ball is likely near his hand.",F7
61.png,36,"The player in the white jersey in cell G5 is in a position that suggests he is holding or about to catch the ball, as his hands are positioned in front of him and his body is angled towards the player in blue in cell D4, who appears to be defending. The other players are looking towards this area, indicating the ball is likely near the player in white in G5.",
61.png,37,"The player in the white jersey in cell F7 is in a position that suggests he is about to catch or dribble the ball, as his hands are extended forward and his body is angled towards the right. The player in the blue jersey in cell F4 appears to be defending or reaching towards the ball, indicating the ball is likely near the white jersey player. The ball is most likely located near the hands of the white jersey player in F7.",F7
61.png,38,"The player in white in cell F6 is in a position that suggests he is about to dribble or pass the ball, as his body is leaning forward and his hand is extended downward, which is a typical posture for handling the basketball. The other players are positioned around him, indicating he is the focal point of the play. Therefore, the ball is most likely near his hand.",F6
61.png,39,"The player in white in cell F7 is in a forward-leaning stance with his hands positioned as if he is about to catch or dribble the ball. The player in blue in cell D4 is also looking towards that area, suggesting the ball is near the white player. The ball is most likely near the hands of the white player in F7, possibly slightly lower or in front of him.",F7
61.png,40,"The player in white in cell F7 is in a position that suggests he is about to catch or dribble the ball, with his hands extended forward and eyes focused in that direction. The player in blue in cell F9 is also reaching out, possibly trying to intercept or defend. The ball is likely near the hands of the player in white, slightly in front of him.",F7
61.png,41,"The player in the white jersey in cell F6 is in a bent position with his hands extended forward, which is a typical stance for someone about to catch or dribble a basketball. The other players are positioned around him, seemingly reacting to his movement. This suggests the ball is most likely near his hands.",F6
61.png,42,"The player in white in cell G7 is in a position that suggests he is about to catch or dribble the ball, with his hands extended forward and eyes focused in front of him. The player in blue in cell G9 is also reaching out, possibly trying to intercept or block the ball. Given the players' body language and positioning, the ball is most likely located near the hands of the player in white in cell G7.",
61.png,43,"The player in white in cell F6 is bending forward and appears to be reaching out with his right hand, which is a typical posture for someone dribbling or about to catch a basketball. The other players are positioned around him, suggesting he is in control of the ball. The ball is likely near his hand or just in front of him on the court.",F6
61.png,44,"The player in the white jersey in cell G4 is in a position that suggests he is about to catch or dribble the ball, with his hands extended forward and eyes focused in that direction. The player in the blue jersey in cell H4 is also reaching out, likely trying to defend or intercept the ball. Given the players' body language and positioning, the ball is most likely located near the hands of the player in white in cell G4.",
61.png,45,"The player in white in cell E7 is in a stance that suggests he is about to catch or dribble the ball, with his hands positioned as if ready to receive it. The player in blue in cell D4 is looking towards this player and appears to be defending him, indicating the ball is likely near the player in white. The other players' focus and body orientation also support this inference.",E7
61.png,46,"The player in the white jersey in cell E7 is in a position that suggests he is about to catch or dribble the ball, as his hands are extended forward and his body is angled towards the right. The player in the blue jersey in cell D4 is looking towards this player, indicating the ball is likely near the white jersey player. The other players are also focused on this area, supporting the idea that the ball is close to the white jersey player in E7.",E7
61.png,47,"The player in white in cell F7 is in a forward motion with his hands positioned as if he is about to catch or dribble the ball. The player in blue in cell D4 is also looking towards that area, suggesting the ball is near the player in white. The ball is most likely near the hands of the player in white in cell F7, as this is the typical position for ball control in basketball.",F7
61.png,48,"The player in white in cell F7 is in a forward-leaning stance with his hands positioned as if he is about to catch or dribble the ball. The player in blue in cell E4 is also facing him with a defensive posture, suggesting the ball is between them. Given the players' focus and hand positions, the ball is most likely near the white player's hands in F7.",F7
61.png,49,"The player in the white jersey in cell F6 is in a crouched position with his hands extended forward, which is a typical stance for someone about to catch or dribble a basketball. The player in the blue jersey in cell D4 is also reaching out with his right hand, suggesting he might be trying to intercept or steal the ball. Given these cues, the ball is most likely near the hands of the player in white in cell F6.",F6
61.png,50,"The player in white in cell F7 is in a position that suggests he is about to catch or dribble the ball, with his hands extended forward and eyes focused downward. The player in blue in cell F4 is also reaching out, possibly trying to intercept or defend. Given the body language and positioning, the ball is most likely near the hands of the player in white in F7.",F7
65.png,1,"The player in the maroon jersey on the right side of the image (in cell I5) is in a shooting posture, with his arms extended upwards as if he has just released the ball. The ball is likely in the air above him, near the basket. The basket is located near the top center of the image, around cells F6 and E6. Given the trajectory and typical basketball play, the ball is most likely above the player's hands and near the hoop.",E6
65.png,2,"The player in the maroon jersey on the right side of the image appears to be in a shooting or passing stance, with his hands positioned as if he just released or is about to release the ball. The other players are looking towards the right side of the image, indicating the ball is likely in that direction. Given the spacing and the players' focus, the ball is most likely in mid-air near the player in the maroon jersey on the right, around the height of his hands.",D9
65.png,3,"The player in the red jersey on the right side of the image appears to be in a shooting or passing stance, with his hands positioned as if he is holding or about to release the ball. The ball is likely near his hands, which are around the middle-right part of the image. Given the players' focus and body orientation, the ball is most likely in front of this player.",
65.png,4,"The player in the maroon jersey on the right side of the image (in cell I5) is in a shooting posture with his hands extended upwards, indicating he has just released or is about to release the ball. The ball is likely in the air above or near his hands. Given the trajectory and typical basketball play, the ball would be slightly above and in front of this player.",
65.png,5,"The player in the maroon jersey on the right side of the image (in cell I5) is in a shooting posture with his arms extended upwards, which suggests he has just released the ball or is about to release it. The ball is likely in the air above his hands, near the basket. The basket is located near the top center of the image, around cells F6 and E6. Given the trajectory and typical basketball play, the ball is most likely just above or near the hoop.",E6
65.png,6,"The player in the maroon jersey (number 1) in cell E5 appears to be in a position to either pass or shoot the ball. The players in white jerseys in cells E7 and E8 are in defensive stances, focusing on the player in maroon. Given the typical flow of basketball and the positioning of the players, the ball is most likely near the hands of the player in maroon, who is centrally located and appears to be the focal point of the play.",E5
65.png,7,"The player in the maroon jersey (number 1) in cell E5 appears to be in a position to either pass or shoot the ball. The players in white jerseys in cells E7 and E8 are in defensive stances, focusing on the player in maroon. Given the typical flow of basketball and the positioning of the players, the ball is most likely near the hands of the maroon player in E5, as he seems to be the one controlling the play.",E5
65.png,8,"The player in the maroon jersey with the number 1 on his back, located near the center of the image, appears to be in a position to either pass or shoot the ball. His hands are raised and positioned as if holding or about to release the ball. The other players are looking towards him, indicating that the ball is likely in his possession. Given his stance and the focus of the other players, the ball is most likely located near his hands.",E5
65.png,9,"The player in the red jersey on the right side of the image (in cell I5) is in a shooting posture, with his arms extended upwards as if he has just released the ball. The ball is likely in the air, above his hands, and moving towards the basket. Given the trajectory and the player's position, the ball is most likely located slightly above and to the right of this player, in the upper part of the image near the basket.",
65.png,10,"The player in the red jersey on the right side of the image appears to be in a shooting or passing stance, with his hands raised and focused forward. The other players are looking towards the right side of the image, indicating the ball is likely in that area. The most probable location for the ball is near the player's hands, which is around the middle right side of the image.",E9
65.png,11,"The player in the white jersey near the center-right of the image (around column 7) is in a crouched, ready-to-catch or dribble position, with his hands extended forward and eyes focused ahead. This suggests the ball is likely near his hands. The player in the red jersey near column 9 is also looking towards this area, indicating the ball is likely in the vicinity of the crouching player. Given the typical basketball play and the players' focus, the ball is most likely just in front of the crouching player.",
65.png,12,"The player in the maroon jersey on the right side of the image appears to be in a shooting or passing stance, with his hands positioned as if he is holding or about to release the ball. The ball is likely near his hands, as the other players are focused on him and the ball would logically be in play near the active player. The most probable location is just above his hands.",
65.png,13,"The player in the white jersey in cell G6 is in a crouched position with his hands extended forward, as if he is about to catch or dribble the ball. The player in the red jersey in cell H6 is also reaching out with his right hand, likely trying to intercept or contest the ball. Given their body language and focus, the ball is most likely located between these two players, slightly above the ground.",
65.png,14,"The player in the red jersey on the right side of the image appears to be in a shooting or passing stance, with his hands positioned as if he just released or is about to release the ball. The other players are looking towards the right side of the image, indicating the ball is likely in that area. The ball is most likely in mid-air near the player in red on the right, around the height of his hands.",
65.png,15,"The player in the red jersey on the right side of the image appears to be in a shooting or passing stance, with his hands positioned as if he just released or is about to release the ball. The ball is likely in the air near this player, possibly just above or slightly in front of him. Given the player's position and the direction of his gaze, the ball is most likely located in the grid cell directly above or near his hands.",
65.png,16,"The player in the red jersey on the right side of the image appears to be in a shooting or passing stance, with his hands positioned as if he is holding or about to release the ball. The ball is likely near his hands, which are around the height of his chest or head. This player is located in the right part of the image, around columns 9 and 10, and rows D and E.",D9
65.png,17,"The player in the maroon jersey on the right side of the image appears to be in a shooting or passing stance, with his hands positioned as if he just released or is about to release the ball. The other players are looking towards the right side of the image, indicating the ball is likely in that area. Given the trajectory and the players' focus, the ball is most likely in the air near the player in the maroon jersey on the right side, around the height of his hands.",E9
65.png,18,"The player in the red jersey on the right side of the image appears to be in a shooting or passing stance, with his hands positioned as if he just released or is about to release the ball. The other players are looking towards that area, indicating the ball is likely near him. Given the height and position of his hands, the ball is most likely just above or near his hands.",F9
65.png,19,"The player in the maroon jersey on the right side of the image (in cell I5) appears to be in a shooting or passing stance, with his hands positioned as if he just released or is about to release the ball. The other players are looking towards that area, indicating the ball is likely near him. Given the typical trajectory and positioning in basketball, the ball is most likely just above or near his hands.",
65.png,20,"The player in the red jersey on the right side of the image (in cell I5) is in a shooting posture with his hands extended upwards, which suggests he has just released the ball. The ball is likely in the air above him, near the basket. The basket is located around the top center of the image, near cells F6 and E6. Given the trajectory and typical basketball play, the ball is most likely above the hoop, around the area where the player is aiming.",E6
65.png,21,"The player in the maroon jersey with the number 1 on his back, located near the center of the image, appears to be in a position to either pass or shoot the ball. His hands are raised and positioned as if holding or about to release the ball. The other players are looking towards him, indicating that the ball is likely in his possession. Therefore, the ball is most likely located near this player.",E5
65.png,22,"The player in the red jersey on the right side of the image appears to be in a shooting or passing stance, with his hands positioned as if holding a basketball. The other players are looking towards him, indicating that the ball is likely in his possession. The ball would be near his hands, which are around the middle-right part of the image.",E9
65.png,23,"The player in the red jersey on the right side of the image appears to be in a shooting or passing stance, with his hands positioned as if he just released or is about to release the ball. The other players are looking towards the right side of the image, indicating the ball is likely in that direction. Given the trajectory and the players' focus, the ball is most likely in the air near the right side of the court, around the height of the players' hands.",E9
65.png,24,"The player in the white jersey near the center-right of the image (around column 7) is in a crouched, defensive stance and appears to be focused on something in front of him. The player in the red jersey near column 9 is also looking in that direction and seems to be preparing to receive or contest the ball. Given the typical flow of basketball play and the players' body language, the ball is most likely near the hands or just in front of the crouching player in white, around the middle of the court near the players actively engaged in the play.",E7
65.png,25,"The player in the red jersey on the right side of the image appears to be in a shooting or passing stance, with his hands positioned as if he just released or is about to release the ball. The other players are looking towards the right side of the image, indicating the ball is likely in that area. Given the player's position and the direction of attention, the ball is most likely in the air near the player in red on the right side of the court.",F9
65.png,26,"The player in the maroon jersey on the right side of the image appears to be in a shooting or passing stance, with his hands positioned as if he is holding or about to release the ball. The ball is likely near his hands, which are around the middle-right part of the image. This corresponds to the area where the ball would logically be during active play.",
65.png,27,"The player in the red jersey on the right side of the image (in cell I5) is in a shooting posture with his arms extended upwards, which suggests he has just released the ball. The ball is likely in the air above him, near the basket. The basket is located around cells G5 and G6, so the ball is most likely in the air between the shooter and the basket.",
65.png,28,"The player in the red jersey on the right side of the image appears to be in a shooting or passing stance, with his hands positioned as if he just released or is about to release the ball. The other players are looking towards that area, indicating the ball is likely near him. Given the height and position of his hands, the ball is most likely just above or near his hands.",F9
65.png,29,"The player in the red jersey (number 1) in cell E5 appears to be in a shooting or passing stance, with his arms raised and hands positioned as if holding or about to release the ball. The other players in white jerseys in cells E7 and E8 are looking towards him and seem to be preparing to react, indicating the ball is likely near the player in red. Given the typical basketball play and the player's posture, the ball is most likely located near his hands.",E5
65.png,30,"The player in the maroon jersey on the right side of the image (in cell I5) is in a shooting posture with his arms extended upwards, which suggests he has just released the ball. The ball is likely in the air above him, near the basket. The basket is located near the top center of the image, around columns 6 and 7, rows B and C. Therefore, the ball is most likely in the air near the hoop, around cell C7.",C7
65.png,31,"The player in the red jersey on the right side of the image appears to be in a shooting or passing stance, with his hands positioned as if he is holding or about to release the ball. The ball is likely near his hands, as the other players are focused on him and the ball would logically be in play. The most probable location is just above his hands.",
65.png,32,"The player in the maroon jersey on the right side of the image appears to be in a shooting or passing stance, with his hands positioned as if he just released or is about to release the ball. The other players are looking towards the right side of the image, indicating the ball is likely in that area. Given the player's position and the direction of attention, the ball is most likely in the air near the player in the maroon jersey on the right side of the image.",
65.png,33,"The player in the maroon jersey on the right side of the image (in cell I5) appears to be in a shooting or passing stance, with his hands positioned as if he just released or is about to release the ball. The other players are looking towards that area, indicating the ball is likely near him. Given the typical trajectory and positioning in basketball, the ball is most likely just above or near his hands.",
65.png,34,"The player in the red jersey on the right side of the image appears to be in a shooting or passing stance, with his hands positioned as if he just released or is about to release the ball. The ball is likely in the air near this player, possibly just above or slightly in front of him. Given the player's position and the direction of his gaze, the ball is most likely located in the space just above the court near his hands.",F9
65.png,35,"The player in the maroon jersey on the right side of the image appears to be in a shooting or passing stance, with his hands positioned as if he just released or is about to release the ball. The other players are looking towards the right side of the image, indicating the ball is likely in that area. Given the height and position of the player's hands, the ball is most likely in the air near him.",
65.png,36,"The player in the white jersey near the center-right of the image (around columns 7-8) is in a crouched, ready-to-catch or dribble position, with his hands extended forward and eyes focused. This suggests the ball is likely near his hands. The player in the red jersey near column 9 is also looking towards this area, indicating the ball is likely in the vicinity of the player in white. The ball is most likely just in front of or slightly above the hands of the crouching player.",
65.png,37,"The player in the red jersey on the right side of the image appears to be in a shooting or passing stance, with his hands positioned as if he is holding or about to release the ball. The ball is likely near his hands, as the other players are looking towards him, indicating he has possession or is about to make a play. The ball is most likely in the air or just released from his hands in front of him.",
65.png,38,"The player in the maroon jersey on the right side of the image (in cell I5) is in a shooting posture with his arms extended upwards, which suggests he has just released the ball. The ball is likely in the air above his hands, moving towards the basket. The basket is located near the top center of the image, around cells F6 and E6. Therefore, the ball is most likely in the air between the shooter and the basket, around the upper middle part of the image.",D6
65.png,39,"The player in the maroon jersey on the right side of the image appears to be in a shooting or passing stance, with his hands positioned as if he just released or is about to release the ball. The other players are looking towards the right side of the image, indicating the ball is likely in that direction. The ball is most likely in mid-air near the player in the maroon jersey on the right, around the height of his hands.",D9
65.png,40,"The player in the maroon jersey on the right side of the image appears to be in a shooting or passing stance, with his hands positioned as if he just released or is about to release the ball. The other players are looking towards the right side of the image, indicating the ball is likely in that area. Given the trajectory and positioning, the ball is most likely in the air near the player in the maroon jersey on the right side, around the height of his hands.",
65.png,41,"The player in the red jersey on the right side of the image (in cell F9) is in a shooting posture, with his arms extended upwards as if he has just released the ball. The ball is likely in the air above him, near the basket. The basket is located near the top center of the image, around cells B6 and B7. Given the trajectory of a typical basketball shot, the ball is most likely in the air between the shooter and the basket.",C6
65.png,42,"The player in the maroon jersey on the right side of the image (in cell I5) is in a shooting posture, with his arms extended upwards as if he has just released the ball. The ball is likely in the air above him, near the basket. The basket is located near the top center of the image, around cells F6 and E6. Given the trajectory and typical basketball play, the ball is most likely above the player's hands and heading towards the hoop.",E6
65.png,43,"The player in the red jersey on the right side of the image (in cell I5) is in a shooting posture with his hands extended upwards, which suggests he has just released the ball. The ball is likely in the air above him, near the basket. The basket is located around the top center of the image, near cells F6 and E6. Given the trajectory and typical basketball play, the ball is most likely above the hoop, around the area where the shot is aimed.",D6
65.png,44,"The player in the red jersey on the right side of the image appears to be in a shooting or passing stance, with his hands positioned as if he is holding or about to release the ball. The ball is likely near his hands, as the other players are focused on him and the ball would logically be in play. Given the positioning and body language, the ball is most likely just in front of or above his hands.",
65.png,45,"The player in the red jersey on the right side of the image (in cell I5) is in a shooting posture with his arms extended upwards, which suggests he has just released the ball. The ball is likely in the air above him, near the basket. The basket is located around cells G5 and G6, so the ball is most likely in the air between the shooter and the basket.",
65.png,46,"The player in the white jersey near the center-right of the image (around columns 7-8) is in a crouched, defensive stance and appears to be focused on something in front of him. The player in the red jersey on the far right (around column 9) is also looking towards the same area and seems ready to receive or contest the ball. Given the positions and body language of the players, the ball is most likely in mid-air or being dribbled near the player in white who is crouching and ready to make a move.",
65.png,47,"The player in the red jersey on the right side of the image appears to be in a shooting or passing stance, with his hands positioned as if he is holding or about to release the ball. The ball is likely near his hands, which are located around the middle right part of the image. This corresponds to the area just above the court and near the players in white jerseys who are preparing to defend or receive the ball.",
65.png,48,"The player in the red jersey on the right side of the image appears to be in a shooting or passing stance, with his hands positioned as if he is holding or about to release the ball. The other players are looking towards him, indicating that the ball is likely near him. Given his position and the typical flow of basketball play, the ball is most likely in front of him at about waist or chest height.",
65.png,49,"The player in the red jersey on the right side of the image appears to be in a shooting or passing stance, with his hands positioned as if he just released or is about to release the ball. The ball is likely in the air near this player, possibly just above or in front of him. Given the player's position and the direction of the other players' attention, the ball is most likely located in the area just above the player's hands.",E9
65.png,50,"The player in the red jersey on the right side of the image appears to be in a shooting or passing stance, with his hands positioned as if he just released or is about to release the ball. The ball is likely in the air near this player, above or slightly in front of him. Given the players' focus and body language, the ball is most likely located in the space just above the player's hands.",E9
64.png,1,"The player in white in cell E5 is reaching up with both hands as if to catch or block the ball, and the player in green in cell D5 is also reaching up with one hand, suggesting the ball is between them. The ball is likely in the air near their hands, slightly above the head of the player in white. This places the ball around the boundary of cells C5 and D5.",C5
64.png,2,"The player in white in cell E5 is reaching up with both hands as if to catch or block the ball, and the player in green in cell D5 is also reaching up with one hand, suggesting the ball is between them. The ball is likely in the air near their hands, slightly above their heads.",C5
64.png,3,"The player in white in cell E5 is holding her hands in a position that suggests she is about to catch or has just caught the ball. The ball is likely near her hands, which are positioned around the middle of the image. Given the players' focus and body orientation, the ball is most likely located just above or near her hands.",D5
64.png,4,"The player in white in cell E5 is reaching up with both hands as if attempting to catch or block the ball. The player in green in cell D5 is also reaching up with one hand, suggesting the ball is near their hands. The ball is likely in the air between these two players, slightly above their heads. This places the ball around the intersection of columns 5 and 6, and rows C and D.",D5
64.png,5,"The player in the white jersey in cell E5 is holding her hands in a position that suggests she is about to catch or has just released the ball. The player in the green jersey in cell D5 is reaching up towards the same area, indicating the ball is likely near their hands. The ball is most likely in the space between these two players, slightly above their hands.",D5
64.png,6,"The player in the white jersey at cell E5 is holding her hands in a position that suggests she is gripping or about to pass the ball. The other players are focused on her, indicating the ball is likely in her possession. The ball would be near her chest or hands.",E5
64.png,7,"The player in white in cell E5 is reaching up with both hands in a position that suggests she is about to catch or has just released the ball. The player in green in cell D5 is also reaching up, indicating the ball is likely near their hands. The ball is most likely in the air between these two players, slightly above their heads.",C5
64.png,8,"The player in the white jersey in cell E5 is holding her hands in a position that suggests she is about to catch or has just released the ball. The player in the green jersey in cell D5 is reaching up towards the same area, indicating the ball is likely in the air between them. Given the players' focus and hand positions, the ball is most likely located just above or around the space between cells C5 and D5.",C5
64.png,9,"The player in white in cell E5 is holding her hands in a position that suggests she is about to catch or has just released the ball. The player in green in cell D5 is reaching up towards that area, indicating the ball is likely near their hands. Given the players' focus and hand positions, the ball is most likely located just above or around the hands of the player in white in cell D5.",D5
64.png,10,"The player in white in cell E5 is holding her hands in a position that suggests she is about to catch or has just caught the ball. The ball is likely near her hands, which are positioned around the center of the image. Given the players' focus and body orientation, the ball is most likely located just above or near her hands.",D5
64.png,11,"The player in white in cell E5 is reaching up with both hands as if to catch or block the ball, and the player in green in cell D5 is also reaching up with one hand, suggesting the ball is near their hands. The ball is likely in the air between these two players, slightly above their heads.",C5
64.png,12,"The player in white in cell E5 is holding her hands in a position that suggests she is gripping or about to pass the ball. The ball is likely in front of her chest or slightly to the right, where her hands are positioned. There is no visible ball in the image, but the hand positioning and body posture strongly indicate the ball's location.",E5
64.png,13,"The player in the white jersey in cell E5 is reaching up with both hands as if holding or about to catch the ball. The player in the green jersey in cell D5 is also reaching up, likely contesting the ball. The ball is most likely located near their hands, which are around the boundary between cells D5 and E5. Since the ball is usually held slightly above the players' heads during a play like this, it is most likely in cell D5.",D5
64.png,14,"The player in white in cell E5 is holding her hands in a position that suggests she is about to catch or has just released the ball. The player in green in cell D5 is reaching up towards the same area, indicating the ball is likely in the air between them. Given the players' focus and hand positions, the ball is most likely located slightly above and between these two players.",D5
64.png,15,"The player in white in cell E5 is holding her hands in a position that suggests she is about to catch or has just caught the ball. The ball is likely near her hands, slightly above or in front of her. Given the players' focus and positioning, the ball is most likely in the space just above her hands.",D5
64.png,16,"The player in white in cell E5 is holding her hands in a position that suggests she is about to catch or has just released the ball. The player in green in cell D5 is reaching up towards the same area, indicating the ball is likely near their hands. The ball is most likely in the air between these two players, around the height of their heads and hands.",D5
64.png,17,"The player in white in cell E5 is holding her hands in a position that suggests she is about to catch or has just released the ball. The player in green in cell D5 is reaching up towards the same area, indicating the ball is likely in the air between them. Given the players' focus and hand positions, the ball is most likely located just above or near the hands of the player in white in cell D5.",D5
64.png,18,"The player in white in cell E5 is holding her hands in a position that suggests she is about to catch or already has the ball. The player in green in cell D5 is closely contesting, indicating the ball is likely in that area. The other players' focus and body orientation also point towards this location.",E5
64.png,19,"The player in the white jersey at cell E5 is reaching up with both hands, indicating she is likely holding or about to catch the ball. The other players are looking towards that area, supporting the idea that the ball is near her hands.",E5
64.png,20,"The player in the white jersey in cell E5 is holding her hands in a position that suggests she is about to catch or has just released the ball. The player in the green jersey in cell D5 is reaching towards this player, indicating the ball is likely near their hands. The ball is most likely located just above or near the hands of the player in white in cell E5.",D5
64.png,21,"The player in white in cell E6 is holding her hands in a position that suggests she is gripping or about to pass the ball. The ball is likely in front of her chest or slightly to her right, where her hands are positioned. No other player is reaching for the ball, and the focus of the players around her supports this inference.",E6
64.png,22,"The player in white in cell E6 is holding her hands in a position that suggests she is about to catch or has just released the ball. The player in green in cell D5 is reaching up towards the same area, indicating the ball is likely in that vicinity. Since the ball is missing, it is most likely located near the hands of the player in white in cell E6, as that is the focal point of the action.",E6
64.png,23,"The player in the white jersey in cell E5 is reaching up with both hands as if holding or about to catch the ball. The player in the green jersey in cell D5 is also reaching up, suggesting the ball is between them. The ball is likely in the air near their hands, slightly above the player in white's head.",D5
64.png,24,"The player in white in cell E5 is holding her hands in a position that suggests she is gripping or about to shoot the ball. The ball is likely in front of her chest or slightly above her hands. Given the players' focus and positioning, the ball is most likely located near the center of the image, around where her hands are.",E5
64.png,25,"The player in white in cell E5 is holding her hands in a position that suggests she is gripping or about to shoot the ball. The ball is likely in front of her chest or slightly above her hands. Given the players' focus and positioning, the ball is most likely located near the center of her body, which corresponds to the grid cell E5.",E5
64.png,26,"The player in the white jersey in cell E5 is holding her hands in a position that suggests she is gripping or about to pass the ball. The ball is likely in front of her chest or slightly to her right, as her arms are bent and close together. The ball is most likely located near the center of her body, which corresponds to the grid cell E5.",E5
64.png,27,"The player in white in cell E5 is reaching up with both hands as if to catch or block the ball, and the player in green in cell D5 is also reaching up with one hand, suggesting the ball is between them. The ball is likely in the air near their hands, slightly above their heads.",C5
64.png,28,"The player in the white jersey in cell E5 is reaching up with both hands as if to catch or block the ball, and the player in the green jersey in cell D5 is also reaching up with one hand. The ball is likely near their hands, above their heads. The most probable location is just above the player in white's hands, which is around cell C5.",C5
64.png,29,"The player in white in cell E5 is reaching up with both hands as if to catch or block the ball, and the player in green in cell D5 is also reaching up with one hand, suggesting the ball is between them. The ball is likely in the air near their hands, slightly above their heads.",C5
64.png,30,"The player in the white jersey at cell E5 is holding her hands in a position that suggests she is about to catch or has just caught the ball. The other players are looking towards this area, indicating the ball is likely near her hands. The ball is most likely located just above or near her hands.",E5
64.png,31,"The player in white in cell E5 is holding their hands in a position that suggests they are about to catch or have just released the ball. The player in green in cell D5 is reaching up towards the same area, indicating the ball is likely in the air near their hands. The ball is most likely located just above or near the hands of the player in white in E5.",D5
64.png,32,"The player in white in cell E5 is holding her hands in a position that suggests she is about to catch or has just caught the ball. The ball is likely near her hands, which are positioned around the center of the image. Given the players' focus and body orientation, the ball is most likely located just above or near her hands.",D5
64.png,33,"The player in white in cell E6 is holding her hands in a position that suggests she is about to catch or has just released the ball. The player in green in cell D5 is reaching up towards the same area, indicating the ball is likely in the space between them. Since the ball is missing, it is most likely located near the hands of the player in white, around the upper part of E6 or the lower part of D6.",D6
64.png,34,"The player in the white jersey at cell E5 is holding her hands in a position that suggests she is about to catch or has just caught the ball. The other players are looking towards that area, indicating the ball is likely near her hands. The ball is most likely located just above or near her hands.",D5
64.png,35,"The player in white in cell E5 is holding her hands in a position that suggests she is about to catch or has just caught the ball. The ball is likely near her hands, which are positioned around the center of the image. Given the players' focus and body orientation, the ball is most likely located just above or near her hands.",D5
64.png,36,"The player in white in cell E5 is holding her hands in a position that suggests she is gripping or about to shoot the ball. The ball is likely in front of her chest or slightly above her hands. Given the players' focus and positioning, the ball is most likely located near the center of the image, around the player's hands.",E5
64.png,37,"The player in the white jersey at cell E5 is holding her hands in a position that suggests she is about to catch or already has the ball. The other players are focused on her, indicating the ball is likely in her possession or very close to her. The ball is most likely near her chest or hands.",E5
64.png,38,"The player in white in cell E5 is holding her hands in a position that suggests she is about to shoot or pass the ball. The ball is likely in her hands or very close to them. There is no visible ball elsewhere in the image, and the players' focus and body language are directed towards that area.",E5
64.png,39,"The player in white in cell E5 is holding her hands in a position that suggests she is about to catch or has just released the ball. The player in green in cell D5 is reaching up, likely trying to block or intercept the ball. Given the players' focus and hand positions, the ball is most likely near the hands of the player in white in cell E5.",E5
64.png,40,"The player in the white jersey in cell E5 is reaching up with both hands as if attempting to catch or block the ball. The player in the green jersey in cell D5 is also reaching up with one hand, indicating the ball is likely between them at about head height. Given the players' focus and hand positions, the ball is most likely located just above or near their hands in the space between cells C5 and D5.",C5
64.png,41,"The player in the white jersey in cell E5 is reaching up with both hands, and her eyes are focused slightly above her head, suggesting she is either catching or shooting the ball. The player in the green jersey in cell D5 is also reaching up with one hand, likely trying to block or contest the ball. Given the positioning and body language, the ball is most likely just above the hands of the player in white in cell E5.",D5
64.png,42,"The player in white in cell E6 is holding her hands in a position that suggests she is about to catch or has just released the ball. The player in green in cell D5 is reaching up towards the same area, indicating the ball is likely in the space between them. Since the ball is missing, it is most likely located near the hands of the player in white in cell E6, slightly above or in front of her.",E6
64.png,43,"The player in white in cell E5 is holding her hands in a position that suggests she is gripping or about to shoot the ball. The ball is likely in front of her chest or slightly above her hands. Given the players' focus and positioning, the ball is most likely located near the center of the image, around the player's hands.",E5
64.png,44,"The player in white in cell E5 is reaching up with both hands as if to catch or block the ball, and the player in green in cell D5 is also reaching up with one hand. The ball is likely in the air near their hands. The most probable location is just above the hands of the player in white, which is around the intersection of row C and column 5.",C5
64.png,45,"The player in white in cell E5 is reaching up with both hands as if to catch or block the ball, and the player in green in cell D5 is also reaching up with one hand, suggesting the ball is between them. The ball is likely in the air near their hands, slightly above their heads.",C5
64.png,46,"The player in white in cell E6 is holding her hands in a position that suggests she is gripping or about to shoot the basketball. The ball is likely in front of her chest or slightly above it, as she appears to be in the middle of a play. No other player is in a position to be holding the ball, and the focus of the players' attention is around this area.",E6
64.png,47,"The player in white in cell E5 is holding her hands in a position that suggests she is about to catch or has just released the ball. The player in green in cell D5 is reaching up towards the same area, indicating the ball is likely in the air between them. Given the players' focus and hand positions, the ball is most likely located just above or near the hands of the player in white in cell D5.",D5
64.png,48,"The player in white in cell E6 is holding her hands in a position that suggests she is about to catch or has just released the ball. The player in green in cell D5 is reaching up towards the same area, indicating the ball is likely in the space between them. Since the ball is missing, it is most likely located near the hands of the player in white, around the upper part of E6 or slightly above in D6.",D6
64.png,49,"The player in the white jersey in cell E5 is reaching up with both hands as if holding or about to catch the ball. The player in the green jersey in cell D5 is also reaching up, suggesting the ball is between them. The ball is likely just above or near the hands of the player in white, around the upper part of cell D5 or E5.",D5
64.png,50,"The player in the white jersey at cell E5 is holding her hands in a position that suggests she is about to catch or has just caught the ball. The other players are looking towards her, indicating the ball is likely near her. The ball is most likely in front of her chest or hands.",E5
58.png,1,"The player in the red jersey in cell G7 is in the middle of a jump shot, with his arms extended upwards and hands positioned as if he has just released the ball. The ball is likely to be just above his hands, in the air, on its way to the basket. Therefore, the ball is most likely located in the cell directly above G7, which is F7.",F7
58.png,2,"The player in the red jersey in column 7 is in the motion of shooting the ball, with both hands extended upwards. The ball is most likely just above his hands, as he appears to be releasing it. The ball would be in the air, slightly above the player's fingertips.",C7
58.png,3,"The player in the red jersey in column 7 is in the middle of a jump shot, with both arms extended upwards and hands positioned as if releasing a basketball. The ball is most likely just above his hands, in the air, following the trajectory of the shot. This places the ball in the grid cell directly above his hands.",C7
58.png,4,"The player in the red jersey in column 7 is in the middle of a jump shot, with his hands extended upwards as if he has just released the ball. The ball is likely to be just above his hands, in the air, on its way to the basket. This places the ball in the grid cell directly above his hands.",C7
58.png,5,"The player in the red jersey on the right side of the image is in the middle of a jump shot, with both hands extended upwards as if releasing the ball. The ball is likely just above his hands, in the air, following the trajectory of the shot. This position corresponds to the area slightly above and in front of his hands.",C7
58.png,6,"The player in the red jersey in cell G7 is in the middle of a jump shot, with his arms fully extended upwards and hands positioned as if releasing the ball. The ball is likely just above his hands, in the air, on its way to the basket. This position is slightly above the player's hands, which places the ball in the cell directly above G7.",F7
58.png,7,"The player in the red jersey in cell G7 is in the middle of a jump shot, with his arms fully extended upwards. This suggests that the ball is likely just above his hands, in the air, as he releases it. The ball would be positioned slightly above and in front of his hands, which places it in the cell directly above G7.",F7
58.png,8,"The player in the red jersey in column 7 is in the middle of a jump shot, with his arms fully extended upwards and his hands positioned as if he has just released the ball. The ball is likely to be just above his hands, in the air, on its way to the basket. Given the trajectory and the player's position, the ball would be located slightly above and to the right of his hands.",C8
58.png,9,"The player in the red jersey in cell G7 is in the middle of a jump shot, with his hands extended upwards as if he has just released the ball. The ball is likely to be just above his hands, in the air, on its way to the basket. The most probable location of the ball is slightly above and to the right of this player's hands.",F7
58.png,10,"The player in the red jersey in cell G7 is in the middle of a jump shot with his arms fully extended upwards, indicating he has just released the ball. The ball is likely to be just above his hands, in the air, on its way to the basket. Therefore, the ball is most likely located in the cell directly above G7, which is F7.",F7
58.png,11,"The player in the red jersey in column 7 is in the middle of a jump shot, with his hands extended upwards as if he has just released the ball. The ball is likely to be just above his hands, in the air, on its way to the basket. The most probable location of the ball is slightly above and to the right of this player's hands, which corresponds to the area in row C, column 7.",C7
58.png,12,"The player in the red jersey in column 7 is in the middle of a jump shot, with his arms fully extended upwards and hands positioned as if releasing a basketball. This suggests the ball is just above his hands, likely in the air after being shot. The ball would be located slightly above and in front of this player's hands.",B7
58.png,13,"The player in the red jersey in column 7 is in the middle of a jump shot, with both arms extended upwards and hands positioned as if releasing a basketball. The ball is likely just above his hands, in the air, following the trajectory of the shot. This position corresponds to the space just above the player's hands in the grid.",C7
58.png,14,"The player in the red jersey in cell G7 is in the middle of a jump shot, with his arms fully extended upwards and hands positioned as if releasing a basketball. This suggests the ball is just above his hands, likely in the air after being shot. The ball would be located slightly above the player's hands in the same vertical column.",F7
58.png,15,"The player in the red jersey in column 7 is in the middle of a jump shot, with both arms extended upwards and hands positioned as if releasing a basketball. The ball is likely just above his hands, in the air, following the trajectory of the shot. This position corresponds to the space directly above his raised hands.",C7
58.png,16,"The player in the red jersey in column 7 is in the middle of a jump shot, with both arms extended upwards and hands positioned as if releasing a basketball. The ball is most likely just above his hands, in the air, following the trajectory of the shot.",C7
58.png,17,"The player in the red jersey in cell G7 is in the middle of a jump shot, with both hands extended upwards as if releasing the ball. The ball is likely just above his hands, in the trajectory of the shot. Given the position of his hands and the typical arc of a basketball shot, the ball would be slightly above and in front of his hands.",F7
58.png,18,"The player in the red jersey in column 7 is in the middle of a jump shot, with his arms fully extended upwards and hands positioned as if releasing the ball. The ball is likely just above his hands, in the air, on its way to the basket. This places the ball in the grid cell directly above his hands.",C7
58.png,19,"The player in the red jersey in cell G7 is in the middle of a jump shot, with both hands extended upwards as if releasing the ball. The ball is likely just above his hands, in the air, following the trajectory of the shot. Given the position of his hands and the typical arc of a basketball shot, the ball would be slightly above and in front of his hands.",F7
58.png,20,"The player in the red jersey in cell G7 is in the motion of shooting the basketball, with both arms extended upwards. The ball is likely just above his hands, as he is in the act of releasing it. The ball would be positioned slightly above and in front of his hands, which places it in the cell directly above G7.",F7
58.png,21,"The player in the red jersey in column 7 is in the middle of a jump shot, with both arms extended upwards and hands positioned as if releasing a basketball. The ball is likely just above his hands, in the air, following the trajectory of the shot. This places the ball in the grid cell directly above his hands.",C7
58.png,22,"The player in the red jersey in cell G7 is in the middle of a jump shot, with both arms extended upwards and hands positioned as if releasing a basketball. The ball is likely just above his hands, in the air, following the trajectory of the shot. The ball would be located slightly above the player's hands in the same vertical column.",F7
58.png,23,"The player in the red jersey in column 7 is in the middle of a jump shot, with both arms extended upwards and hands positioned as if releasing a basketball. The ball is most likely just above his hands, in the air, following the trajectory of the shot.",C7
58.png,24,"The player in the red jersey in column 7 is in the middle of a jump shot, with both arms extended upwards and hands positioned as if releasing a basketball. This suggests the ball is just above his hands. The ball is likely in the air, slightly above the player's fingertips in the same vertical column.",C7
58.png,25,"The player in the red jersey in column 7 is in the middle of a jump shot, with both arms extended upwards and hands positioned as if releasing a basketball. This suggests the ball is just above his hands, in the air, likely near the top of the grid in the same column. There is an empty space above his hands where the ball would logically be.",B7
58.png,26,"The player in the red jersey in cell G7 is in the middle of a jump shot, with both arms extended upwards and hands positioned as if releasing a basketball. The ball is likely just above his hands, in the air, following the trajectory of the shot. The ball would be slightly above the player's hands and centered in front of him.",F7
58.png,27,"The player in the red jersey in column 7 is in the middle of a jump shot, with his arms fully extended upwards and hands positioned as if releasing the ball. The ball is likely just above his hands, in the air, on its way to the basket. The most probable location of the ball is slightly above and in front of this player's hands.",C7
58.png,28,"The player in the red jersey in cell G7 is in the middle of a jump shot, with his arms fully extended upwards and hands positioned as if releasing a basketball. The ball is most likely just above his hands, in the trajectory of the shot. This places the ball in the grid cell directly above G7, which is F7.",F7
58.png,29,"The player in the red jersey in cell G7 is in the motion of shooting the basketball, with both hands extended upwards. The ball is likely just above his hands, as he is releasing it towards the basket. The ball would be in the air, slightly above the player's fingertips.",F7
58.png,30,"The player in the red jersey in column 7 is in the middle of a jump shot, with both arms extended upwards and hands positioned as if releasing a basketball. The ball is likely just above his hands, in the air, following the trajectory of the shot.",C7
58.png,31,"The player in the red jersey in cell G7 is in the middle of a jump shot, with his arms fully extended upwards. This suggests the ball is likely just above his hands, in the air, as he releases it. The ball would be positioned slightly above the player's hands and in front of him, which corresponds to the area around G7 or possibly G8.",
58.png,32,"The player in the red jersey on the right side of the image is in the middle of a jump shot, with both arms extended upwards and hands positioned as if releasing a basketball. The ball is likely just above his hands, in the air, following the trajectory of the shot. This position corresponds to the area slightly above and in front of his hands.",C7
58.png,33,"The player in the red jersey in cell G7 is in the middle of a jump shot, with his arms extended upwards and hands positioned as if releasing a basketball. This suggests the ball is just above his hands, in the air, following the trajectory of the shot. The ball is likely located slightly above and in front of this player.",F7
58.png,34,"The player in the red jersey in cell G7 is in the middle of a jump shot, with his arms extended upwards and hands positioned as if releasing the ball. The ball is likely just above his hands, in the air, on its way to the basket. Given the trajectory and typical basketball shooting form, the ball would be slightly above and in front of his hands.",F7
58.png,35,"The player in the red jersey in cell G7 is in the middle of a jump shot, with his arms extended upwards and hands positioned as if he has just released the ball. The ball is likely to be just above his hands, in the air, on its way to the basket. This would place the ball in the cell directly above G7, which is F7.",F7
58.png,36,"The player in the red jersey in column 7 is in the middle of a jump shot, with his arms fully extended upwards and hands positioned as if releasing a basketball. The ball is most likely just above his hands, in the air, following the trajectory of the shot. This places the ball slightly above the player's hands in the grid.",C7
58.png,37,"The player in the red jersey in cell G7 is in the motion of shooting the basketball, with both arms extended upwards. The ball is likely just above his hands, as he is in the act of releasing it. The ball would be positioned slightly above the player's hands in the same vertical line.",F7
58.png,38,"The player in the red jersey in column 7 is in the motion of shooting the basketball, with both arms extended upwards. The ball is most likely just above his hands, as he is in the act of releasing it. The ball would be in the air near the player's hands, which are located in the upper part of the image around row C.",C7
58.png,39,"The player in the red jersey in cell G7 is in the middle of a jump shot, with both arms extended upwards and hands positioned as if releasing a basketball. The ball is likely just above his hands, in the air, as he shoots towards the basket. The ball would be located slightly above the player's hands in the same vertical column.",F7
58.png,40,"The player in the red jersey in column 7 is in the middle of a jump shot, with both hands extended upwards as if releasing the ball. The ball is likely just above his hands, in the air, on its way to the basket. The most probable location of the ball is slightly above and to the right of this player's hands.",B7
58.png,41,"The player in the red jersey in column 7 is in the middle of a jump shot, with both arms extended upwards and hands positioned as if releasing a basketball. The ball is likely just above his hands, in the air, following the trajectory of the shot. This position corresponds to the space directly above his raised hands.",B7
58.png,42,"The player in the red jersey in column 7 is in the middle of a jump shot, with his arms fully extended upwards. This suggests the ball is just above his hands, likely in the air as he releases it. The ball would be positioned slightly above and in front of his hands, around the top of the grid cell where his hands are located.",C7
58.png,43,"The player in the red jersey in column 7 is in the middle of a jump shot, with his arms fully extended upwards and hands positioned as if releasing a basketball. The ball is most likely just above his hands, in the air, following the trajectory of the shot. This places the ball in the grid cell directly above his hands.",C7
58.png,44,"The player in the red jersey in cell G7 is in the middle of a jump shot, with both hands extended upwards as if releasing the ball. The ball is likely just above his hands, in the air, on its way to the basket. Therefore, the ball should be located slightly above the player's hands in the grid.",F7
58.png,45,"The player in the red jersey in column 7 is in the middle of a jump shot, with his hands extended upwards and fingers pointing as if releasing the ball. The ball is likely just above his hands, in the air, following the trajectory of the shot. The most probable location is slightly above and in front of this player's hands.",C7
58.png,46,"The player in the red jersey in cell G7 is in the middle of a jump shot, with his arms extended upwards and hands positioned as if releasing the ball. The ball is likely just above his hands, in the air, on its way to the basket. This position is slightly above the player's hands in the same vertical column.",F7
58.png,47,"The player in the red jersey in column 7 is in the middle of a jump shot, with his hands extended upwards as if he has just released the ball. The ball is likely to be just above his hands, in the air, on its way to the basket. The most probable location of the ball is slightly above and to the right of the player's hands.",C8
58.png,48,"The player in the red jersey in cell G7 is in the middle of a jump shot, with his hands extended upwards as if he has just released the ball. The ball is likely to be just above his hands, in the trajectory of the shot. Therefore, the ball is most likely located in the cell directly above G7, which is F7.",F7
58.png,49,"The player in the red jersey in column 7 is in the middle of a jump shot, with both arms extended upwards and hands positioned as if releasing a basketball. The ball is most likely just above his hands, in the air, following the trajectory of the shot. This places the ball in the grid cell directly above his hands.",C7
58.png,50,"The player in the red jersey in column 7 is in the middle of a jump shot, with his hands extended upwards and fingers pointing as if releasing the ball. The ball is likely just above his hands, in the air, on its way to the basket. This places the ball in the grid cell directly above his hands.",C7
67.png,1,"The player in white is reaching up with an outstretched arm and open hand, indicating he is about to shoot or dunk the ball. The player in blue is attempting to block the shot. The ball is likely just above the player's hand, near the basket rim, as this is the typical position for a shot attempt in basketball.",B6
67.png,2,"The player in white is reaching up with an outstretched arm and open hand, indicating an attempt to shoot or tip the ball into the basket. The player in blue is also reaching up, likely trying to block or contest the shot. The ball is most likely just above the player's hand in white, near the rim of the basket, as this is the typical position for a basketball during a shot attempt.",B6
67.png,3,"The player in white is reaching up with one hand extended towards the basketball hoop, indicating an attempt to shoot or dunk the ball. The ball is likely just above or near the player's hand, close to the rim. The most probable location is near the top center of the image, close to the hoop.",B6
67.png,4,"The player in white is reaching up with both hands near the basketball hoop, indicating an attempt to score or catch the ball. The ball is likely just above or near the player's hands, close to the rim of the basket.",C6
67.png,5,"The player in white is reaching up with an outstretched arm and open hand, indicating an attempt to shoot or dunk the ball. The player in blue is also reaching up, likely trying to block the shot. The ball is most likely just above the player's hand in white, near the basketball hoop, as this is the typical position during a shot attempt.",B6
67.png,6,"The player in white is reaching up with an outstretched arm and open hand, indicating an attempt to shoot or dunk the ball. The player in blue is also reaching up, likely trying to block the shot. The ball is most likely just above the player's hand in white, near the basketball hoop, as this is the typical position during a shot attempt.",B6
67.png,7,"The player in white is reaching up with an outstretched arm and open hand, indicating an attempt to shoot or tip the ball towards the basket. The player in blue is also reaching up, likely trying to block or contest the shot. The basketball hoop is located in the upper center of the image, and the ball is most likely just above or near the player's hand, close to the rim.",B6
67.png,8,"The player in white is reaching up with an outstretched arm and open hand, indicating an attempt to shoot or dunk the ball into the hoop. The ball is likely just above or near the player's hand, close to the basket rim. The basket rim is located in the upper center of the image, so the ball should be near that area.",B6
67.png,9,"The player in white is reaching up with both hands near the basketball hoop, indicating an attempt to score or catch the ball. The ball is likely just above or near the player's hands, close to the rim of the basket. The most probable location is near the top center of the image, close to the hoop.",B6
67.png,10,"The player in white is reaching up with an outstretched arm towards the basketball hoop, indicating an attempt to score or catch the ball. The player in blue is also reaching up, likely trying to block or contest the shot. The ball is most likely near the player's hand closest to the hoop, just above or near the rim.",C6
67.png,11,"The player in white is reaching up with an outstretched arm, and the player in blue is closely contesting the shot. The ball is likely just above the player's hand, near the basketball hoop, as the player appears to be attempting a shot or layup. The ball would be near the rim, slightly above the player's hand.",C6
67.png,12,"The player in white is reaching up with an outstretched arm and open hand, indicating an attempt to shoot or dunk the ball. The player in blue is also reaching up, likely trying to block the shot. The ball is most likely just above the player's hand in white, near the basketball hoop, as this is the typical position for a shot attempt in basketball.",B6
67.png,13,"The player in white is reaching up with one hand extended towards the basketball hoop, indicating an attempt to shoot or dunk the ball. The ball is likely just above or near the player's hand, close to the rim. Since the ball is missing, the most probable location is near the top center of the image, close to the hoop.",B6
67.png,14,"The player in white is reaching up with an outstretched arm, and the player in blue is also reaching up to contest the ball. The ball is likely just above the player's hand in white, near the basketball hoop, as this is a typical position for a shot or rebound attempt. The ball would be near the rim, slightly above the player's hand.",B6
67.png,15,"The player in white is reaching up with an outstretched arm and open hand, indicating an attempt to shoot or dunk the ball. The player in blue is also reaching up, likely trying to block the shot. The ball is most likely just above the player's hand in white, near the basketball hoop, as the action is centered around the basket.",B6
67.png,16,"The player in white is reaching up with an outstretched arm and open hand, indicating he is about to shoot or dunk the ball. The player in blue is also reaching up, likely trying to block the shot. The ball is most likely just above the player's hand in white, near the basketball hoop. This position corresponds to the area just below the rim of the hoop.",B6
67.png,17,"The player in white is reaching up with an outstretched arm and open hand, indicating an attempt to shoot or dunk the ball. The player in blue is also reaching up, likely trying to block the shot. The basketball hoop is directly above their hands, so the ball is most likely near the rim, just above or about to go through the hoop.",B6
67.png,18,"The player in white is reaching up with an outstretched arm and open hand, indicating an attempt to shoot or tip the ball into the basket. The player in blue is also reaching up, likely trying to block or contest the shot. The basketball hoop is located in the upper center of the image, and the ball would logically be near the player's hand closest to the hoop. Since the ball is missing, it is most likely located just above the player's hand in the cell where the hoop is visible.",B6
67.png,19,"The player in white is reaching up with one hand extended towards the basket, indicating an attempt to shoot or dunk the ball. The player in blue is also reaching up, likely trying to block the shot. The ball is most likely just above the player's hand in white, near the rim of the basket, as this is the typical position during a shot attempt.",B6
67.png,20,"The player in white is reaching up with an outstretched arm, and the player in blue is also reaching up to contest the ball. The ball is likely just above the player's hand in white, near the basketball hoop, as this is a typical position for a shot or a rebound attempt. The ball would be close to the rim, slightly above the hand of the player in white.",B6
67.png,21,"The player in white is reaching up with an outstretched arm and open hand, indicating an attempt to shoot or dunk the ball. The player in blue is also reaching up, likely trying to block the shot. The ball is most likely just above the player's hand in white, near the basketball hoop, as this is the typical position for a shot attempt in basketball.",B6
67.png,22,"The player in white is reaching up with an outstretched arm and open hand, indicating an attempt to shoot or tip the ball towards the basket. The player in blue is also reaching up, likely trying to block or contest the shot. The ball is most likely just above the player's hand in white, near the rim of the basket, as this is the typical position during a shot attempt or tip-in.",B6
67.png,23,"The player in white is reaching up with an outstretched arm and open hand, indicating an attempt to shoot or dunk the ball. The player in blue is also reaching up, likely trying to block the shot. The ball is most likely just above the player's hand in white, near the basketball hoop, as this is the typical position during a shot attempt.",B6
67.png,24,"The player in white is reaching up with one hand extended towards the basketball hoop, indicating an attempt to score or block a shot. The ball is likely near the player's hand and close to the hoop. The most probable location is just above the player's hand and near the rim of the basket.",B6
67.png,25,"The player in white is reaching up with both hands near the basketball hoop, indicating an attempt to score or catch the ball. The ball is likely just above or near the player's hands, close to the rim of the basket.",C6
67.png,26,"The player in white is reaching up with an outstretched arm and open hand, indicating an attempt to shoot or dunk the ball. The player in blue is also reaching up, likely trying to block the shot. The ball is most likely just above the player's hand in white, near the basketball hoop, as this is the typical position for a shot attempt. The ball would be close to the rim, slightly above the player's hand.",B6
67.png,27,"The player in white is reaching up with an outstretched arm and open hand, indicating an attempt to shoot or tip the ball into the basket. The player in blue is also reaching up, likely trying to block or contest the shot. The ball is most likely just above the player's hand in white, near the rim of the basket. This position corresponds to the area just below the hoop and slightly to the right of the center of the image.",B6
67.png,28,"The player in white is reaching up with an outstretched arm and open hand near the basketball hoop, indicating an attempt to score or catch the ball. The player in blue is also reaching up, likely trying to block or contest the shot. The ball is most likely just above or near the player's hand in white, close to the hoop. This position corresponds to the area near the top center of the image, just below the rim.",D6
67.png,29,"The player in white is reaching up with one hand extended towards the basketball hoop, indicating an attempt to shoot or dunk the ball. The ball is likely just above or near the player's hand, close to the rim. Since the ball is missing, the most probable location is near the top center of the image, close to the hoop.",B6
67.png,30,"The player in white is reaching up with one hand extended towards the basketball hoop, indicating an attempt to score or catch the ball. The player in blue is also reaching up, trying to block or contest the shot. The ball is most likely just above the player's hand in white, near the rim of the basketball hoop.",B6
67.png,31,"The player in white is reaching up with an outstretched arm and open hand, indicating an attempt to shoot or tip the ball into the basket. The player in blue is also reaching up, likely trying to block or contest the shot. The ball is most likely just above the player's hand in white, near the rim of the basket.",C6
67.png,32,"The player in white is reaching up with one hand extended towards the basketball hoop, indicating an attempt to score or block a shot. The player in blue is also reaching up, likely trying to defend or contest the shot. The ball is most likely near the player's hand in white, close to the hoop, as this is the typical position for a basketball during a shot attempt.",B6
67.png,33,"The player in white is reaching up with one hand extended towards the basketball hoop, indicating an attempt to score or block a shot. The player in blue is also reaching up, closely contesting the play. The ball is most likely near the player's hand in white, just below the rim, as this is the typical position for a shot or layup in basketball.",B6
67.png,34,"The player in white is reaching up with one hand extended towards the basketball hoop, indicating an attempt to shoot or dunk the ball. The ball is likely just above or near the player's hand, close to the rim. Since the ball is missing, it would be in the space above the player's hand and near the basket.",B6
67.png,35,"The player in white is reaching up with an outstretched arm and open hand, indicating an attempt to shoot or dunk the ball. The player in blue is also reaching up, likely trying to block the shot. The ball is most likely just above the player's hand in white, near the basketball hoop. This position corresponds to the area near the rim where the ball would be released or about to go through the hoop.",B6
67.png,36,"The player in white is reaching up with an outstretched arm and open hand, indicating an attempt to shoot or dunk the ball. The player in blue is also reaching up, likely trying to block the shot. The ball is most likely just above the player's hand in white, near the basketball hoop. This position corresponds to the area near the rim where the ball would be during a shot attempt.",B6
67.png,37,"The player in white is reaching up with an outstretched arm and open hand, indicating an attempt to shoot or tip the ball into the basket. The player in blue is also reaching up, likely trying to block or contest the shot. The ball is most likely just above the player's hand in white, near the rim of the basket, as this is the typical position during a shot attempt or tip-in.",C6
67.png,38,"The player in white is reaching up with an outstretched arm and open hand, indicating an attempt to shoot or tip the ball into the basket. The player in blue is also reaching up, likely trying to block or contest the shot. The ball is most likely just above the player's hand in white, near the rim of the basket, as this is the typical position during a shot attempt. The basket is located in the upper center of the image, so the ball should be near the top center grid cells.",B6
67.png,39,"The player in white is reaching up with both hands near the basketball hoop, indicating an attempt to score or catch the ball. The ball is likely just above or near the player's hands, close to the rim of the basket.",C6
67.png,40,"The player in white is reaching up with an outstretched arm and open hand, indicating an attempt to shoot or tip the ball into the basket. The player in blue is also reaching up, likely trying to block or contest the shot. The ball is most likely just above the player's hand and near the rim, as this is the typical position during a basketball shot attempt. The rim is located in the upper center of the image, around row B and columns 5-6.",B6
67.png,41,"The player in the white jersey is reaching up with one hand extended towards the basketball hoop, indicating an attempt to score or block a shot. The ball is likely near the player's hand, close to the rim. Since the ball is missing, it would most logically be located just above or near the player's outstretched hand, close to the basket.",B6
67.png,42,"The player in white is reaching up with an outstretched arm and open hand, indicating an attempt to shoot or dunk the ball. The player in blue is also reaching up, likely trying to block the shot. The ball is most likely just above the player's hand in white, near the basketball hoop. This position corresponds to the area near the rim where the ball would be during a shot attempt.",B6
67.png,43,"The player in white is reaching up with one hand extended towards the basketball hoop, indicating an attempt to score or block a shot. The player in blue is also reaching up, closely contesting the play. The ball is most likely near the player's hand in white, just below the rim, as this is the typical position for a shot or layup in basketball.",B6
67.png,44,"The player in the white jersey is reaching up with one hand extended towards the basketball hoop, indicating an attempt to score or catch the ball. The ball is likely near the player's hand, just below the rim of the hoop. The most probable location is near the top center of the image, close to the basket.",B6
67.png,45,"The player in white is reaching up with an outstretched arm and open hand, indicating an attempt to shoot or dunk the ball. The player in blue is also reaching up, likely trying to block the shot. The ball is most likely just above the player's hand in white, near the basketball hoop, as this is the typical position for a shot attempt in basketball.",B6
67.png,46,"The player in white is reaching up with both hands towards the basketball hoop, indicating an attempt to score or catch the ball. The ball is likely just above or near the player's hands, close to the rim of the basket. The most probable location is near the top center of the image, around the hoop.",B6
67.png,47,"The player in white is reaching up with one hand extended towards the basketball hoop, indicating an attempt to shoot or dunk the ball. The ball is likely just above or near the player's hand, close to the rim. The most probable location is near the top center of the image, just above the player's hand and near the hoop.",B6
67.png,48,"The player in white is reaching up with both hands near the basketball hoop, indicating an attempt to score or catch the ball. The ball is likely just above or near the player's hands, close to the rim of the basket. The most probable location is near the top center of the image, where the hoop is located.",B6
67.png,49,"The player in white is reaching up with one hand extended towards the basketball hoop, indicating an attempt to score or catch the ball. The player in blue is also reaching up, trying to block or contest the shot. The ball is most likely near the player's hand closest to the hoop, just above or near the rim.",B6
67.png,50,"The player in white is reaching up with both hands towards the basketball hoop, indicating an attempt to score or catch the ball. The ball is likely just above or near the player's hands, close to the rim. Since the ball is missing, it would be in the space where the player's hands are extended, near the basket.",B6
28.png,1,"The player in cell D3 is in a crouched position with his hands extended downward, as if he is about to catch or dribble the ball. The player in E4 is also facing him and appears ready to receive or interact with the ball. Given the body language and positioning of the players, the ball is most likely near the hands of the player in D3.",D3
28.png,2,"The player in cell D3 is in a crouched position with his hands extended downward, which is a typical stance for someone about to catch or dribble a basketball. The player in E4 is also facing him and appears ready to receive or interact with the ball. Given the positioning and body language, the ball is most likely near the hands of the player in D3, close to the floor.",D3
28.png,3,"The player in cell D3 is in a crouched position with his hands extended downward, which is a typical stance for someone about to catch or dribble a basketball. Additionally, the player in cell E4 is facing him and appears to be ready to receive or contest the ball. Given these cues, the ball is most likely located near the hands of the player in D3.",D3
28.png,4,"The player in cell D3 is in a crouched position with his hands extended downward, which is a typical stance for someone about to catch or dribble a basketball. The player in E4 is facing him and appears to be ready to receive or contest the ball. Given the positioning and body language of the players, the ball is most likely near the hands of the player in D3, just below the midpoint of the image.",D3
28.png,5,"The player in cell D3 is in a crouched position with his hands extended downward, which is a typical stance for someone holding or about to catch a basketball. Additionally, the player in cell E4 is facing him and appears to be ready to receive or interact with the ball. Given these cues, the ball is most likely located near the hands of the player in D3.",D3
28.png,6,"The player in cell D3 is in a crouched position with his hands extended downward, which is a typical stance for someone about to catch or dribble a basketball. Additionally, the player in cell E4 is facing him and appears to be ready to receive or contest the ball. Given these cues, the ball is most likely near the hands of the player in D3.",D3
28.png,7,"The player in cell D3 is in a crouched position with his hands extended downward, suggesting he is about to catch or dribble the ball. The other players are looking towards this player, indicating the ball is likely near him. The ball is most likely just below or near his hands.",E3
28.png,8,"The player in cell D3 is in a crouched position with his hands extended downward, which is a typical stance for someone about to catch or dribble a basketball. The player in E4 is also facing him and appears ready to receive or interact with the ball. Given the positioning and body language, the ball is most likely near the hands of the player in D3, close to the floor.",D3
28.png,9,"The player in cell D3 is in a crouched position with his hands extended downward, suggesting he is about to catch or dribble the ball. The player in cell E3 is also facing him and appears ready to receive or interact with the ball. Given the positioning and body language of the players, the ball is most likely near the hands of the player in D3, close to the floor.",D3
28.png,10,"The player in cell D3 is in a crouched position with his hands extended downward, which is a typical stance for someone dribbling or holding a basketball. The other players are looking towards this player, indicating that he likely has possession of the ball. Therefore, the ball is most likely near his hands in this cell.",D3
28.png,11,"The player in cell D3 is in a crouched position with his hands extended downward, suggesting he is about to catch or dribble the ball. The player in E4 is facing him and appears ready to receive or contest the ball. Given the positioning and body language, the ball is most likely near the hands of the player in D3, close to the floor.",D3
28.png,12,"The player in cell D3 is in a crouched position with his hands extended downward, as if he is about to catch or dribble the ball. The other players are looking towards this area, indicating the ball is likely near this player. The ball is most likely just below or near his hands.",E3
28.png,13,"The player in cell D3 is in a crouched position with his hands extended downward, which is a typical stance for someone about to catch or dribble a basketball. The other players are looking towards this player, indicating that the ball is likely near him. Given the positioning and body language, the ball is most likely just below or near his hands.",E3
28.png,14,"The player in cell D3 is in a crouched position with his hands extended downward, which is a typical stance for someone about to catch or dribble a basketball. The player in E4 is also facing him and appears ready to receive or interact with the ball. Given the positioning and body language, the ball is most likely near the hands of the player in D3, close to the floor.",D3
28.png,15,"The player in cell D3 is in a crouched position with his hands extended downward, which is a typical stance for someone about to catch or dribble a basketball. Additionally, the player in cell F3 is looking downwards towards the same area, suggesting the ball is near the lower part of the image around these players' hands. The ball is most likely located near the hands of the player in D3, close to the floor.",E3
28.png,16,"The player in cell D3 is in a crouched position with his hands extended downward, suggesting he is about to catch or dribble the ball. The other players are looking towards this area, indicating the ball is likely near this player's hands. Therefore, the ball is most likely located near the lower center-left part of the image.",D3
28.png,17,"The player in cell D3 is in a crouched position with his hands extended downward, suggesting he is about to catch or dribble the ball. The other players are looking towards this area, indicating the ball is likely near this player's hands. Therefore, the ball is most likely located near the lower center-left part of the image.",D3
28.png,18,"The player in cell D3 is in a crouched position with his hands extended downward, which is a typical stance for holding or preparing to catch a basketball. Additionally, the player in cell E4 is facing him and appears to be ready to receive or interact with the ball. Given these cues, the ball is most likely located near the hands of the player in D3.",D3
28.png,19,"The player in cell D3 is in a crouched position with his hands extended downward, as if he is about to catch or dribble the ball. The player in E4 is also facing him and appears ready to receive or interact with the ball. Given the body language and positioning, the ball is most likely near the hands of the player in D3, close to the floor.",D3
28.png,20,"The player in cell D3 is in a crouched position with his hands extended downward, which is a typical stance for someone holding or about to catch a basketball. The other players are looking towards this player, indicating that the ball is likely near him. Given the positioning and body language, the ball is most likely in the hands of the player in D3.",D3
28.png,21,"The player in cell D3 is in a crouched position with his hands extended downward, as if he is about to catch or dribble the ball. The player in cell E4 is also facing him and appears ready to receive or interact with the ball. Given the body language and positioning of these players, the ball is most likely near the hands of the player in D3.",D3
28.png,22,"The player in cell D3 is in a crouched position with his hands extended downward, suggesting he is about to catch or dribble the ball. The player in cell E4 is also facing him and appears ready to receive or interact with the ball. Given the positioning and body language of the players, the ball is most likely located near the hands of the player in D3, close to the ground.",D3
28.png,23,"The player in cell D3 is in a crouched position with his hands extended downward, which is a typical stance for someone holding or about to catch a basketball. Additionally, the player in cell E4 is looking towards D3, suggesting the ball is near that player. Given these observations, the ball is most likely located near the hands of the player in D3.",D3
28.png,24,"The player in cell D3 is in a crouched position with his hands extended downward, which is a typical stance for someone about to catch or dribble a basketball. The player in cell E4 is also facing him and appears ready to receive or interact with the ball. Given these cues, the ball is most likely near the hands of the player in D3, close to the lower center of the image.",D3
28.png,25,"The player in cell D3 is in a crouched position with his hands extended downward, which is a typical stance for someone holding or about to catch a basketball. The other players are looking towards this player, indicating that the ball is likely near him. Given the positioning and body language, the ball is most likely in the hands of the player in D3 or very close to that spot.",D3
28.png,26,"The player in cell D3 is in a crouched position with his hands extended downward, which is a typical stance for someone about to catch or dribble a basketball. The player in cell E4 is also facing him and appears ready to receive or interact with the ball. Given these cues, the ball is most likely near the hands of the player in D3, close to the lower part of the image.",D3
28.png,27,"The player in cell D3 is in a crouched position with his hands extended downward, which is a typical stance for someone holding or about to catch a basketball. Additionally, the player in cell E4 is facing him and appears to be ready to receive or interact with the ball. Given these cues, the ball is most likely located near the hands of the player in D3, around the lower center of the image.",D3
28.png,28,"The player in cell D3 is in a crouched position with his hands extended downward, which is a typical stance for someone about to catch or dribble a basketball. Additionally, the player in cell E3 is looking downward towards the same area, indicating the ball is likely near the hands of the player in D3. The ball is most likely just below or around the hands of the player in D3, possibly in the space between D3 and E3.",E3
28.png,29,"The player in cell D3 is in a crouched position with his hands extended downward, which is a typical stance for someone about to catch or dribble a basketball. Additionally, the player in cell E4 is facing him and appears to be ready to receive or contest the ball. Given these cues, the ball is most likely near the hands of the player in D3, close to the ground.",D3
28.png,30,"The player in cell D3 is in a crouched position with his hands extended downward, which is a typical stance for someone dribbling or holding a basketball. The other players are looking towards this player, indicating that the ball is likely with him. The ball is most likely near his hands, which are positioned around the lower part of cell F3.",F3
28.png,31,"The player in cell D3 is in a crouched position with his hands extended downward, which is a typical stance for someone holding or about to catch a basketball. Additionally, the player in cell E4 is facing him and appears ready to receive or interact with the ball. Given these cues, the ball is most likely located near the hands of the player in D3.",D3
28.png,32,"The player in cell C2 is in a crouched position with his hands extended downward, as if he is about to catch or dribble the ball. The player in E3 is also looking towards this area, indicating the ball is likely near the hands of the player in C2. Given the body language and positioning, the ball is most likely located just below the hands of the player in C2, around the lower part of the grid in D2 or E2.",D2
28.png,33,"The player in cell D3 is in a crouched position with his hands extended downward, which is a typical stance for someone dribbling or holding a basketball. The other players are looking towards this player, indicating that he likely has possession of the ball. Therefore, the ball is most likely near his hands in cell D3.",D3
28.png,34,"The player in cell D3 is in a crouched position with his hands extended downward, which is a typical stance for someone about to catch or dribble a basketball. Additionally, the player in cell E4 is facing him and appears to be ready to receive or contest the ball. Given these cues, the ball is most likely near the hands of the player in D3, close to the lower part of the image.",D3
28.png,35,"The player in cell D3 is in a crouched position with his hands extended downward, which is a typical stance for someone dribbling or holding a basketball. The other players are looking towards this player, indicating that he likely has possession of the ball. Therefore, the ball is most likely near his hands in cell D3.",D3
28.png,36,"The player in cell D3 is in a crouched position with his hands extended downward, which is a typical stance for someone about to catch or dribble a basketball. The player in E4 is also facing him and appears ready to receive or interact with the ball. Given the positioning and body language of these players, the ball is most likely near the hands of the player in D3.",D3
28.png,37,"The player in cell D3 is in a crouched position with his hands extended downward, which is a typical stance for someone about to catch or dribble a basketball. The player in E4 is also facing him and appears ready to receive or interact with the ball. Given the positioning and body language of these players, the ball is most likely located near the hands of the player in D3.",D3
28.png,38,"The player in cell D3 is in a crouched position with his hands extended downward, which is a typical stance for someone about to catch or dribble a basketball. Additionally, the player in cell E4 is facing him and appears ready to receive or interact with the ball. Given these cues, the ball is most likely near the hands of the player in D3.",D3
28.png,39,"The player in cell D3 is in a crouched position with his hands extended downward, as if he is about to catch or dribble the ball. The other players are looking towards this area, indicating the ball is likely near this player. The ball is most likely just below or near his hands.",E3
28.png,40,"The player in cell D3 is in a crouched position with his hands extended downward, which is a typical stance for someone dribbling or holding a basketball. The other players are looking towards this player, indicating that the ball is likely with him. The ball is most likely near his hands, which are positioned around the lower part of cell F3.",F3
28.png,41,"The player in cell D3 is in a crouched position with his hands extended downward, which is a typical stance for someone about to catch or dribble a basketball. The player in cell E4 is also facing him and appears ready to receive or interact with the ball. Given these cues, the ball is most likely located near the hands of the player in D3, around the lower center of the image.",D3
28.png,42,"The player in cell D3 is in a crouched position with his hands extended downward, suggesting he is about to catch or dribble the ball. The player in cell E4 is also facing him and appears ready to receive or interact with the ball. Given the positioning and body language, the ball is most likely near the hands of the player in D3, close to the ground.",D3
28.png,43,"The player in cell D3 is in a crouched position with his hands extended downward, which is a typical stance for someone about to catch or dribble a basketball. The other players are looking towards this player, indicating that the ball is likely near him. Given the positioning and body language, the ball is most likely near the hands of the player in D3.",D3
28.png,44,"The player in cell D3 is in a crouched position with his hands extended downward, which is a typical stance for someone about to catch or dribble a basketball. Additionally, the player in cell E4 is facing him and appears to be ready to receive or interact with the ball. Given these cues, the ball is most likely located near the hands of the player in D3, just below the midpoint of the image.",D3
28.png,45,"The player in cell D3 is in a crouched position with his hands extended downward, which is a typical stance for someone about to catch or dribble a basketball. Additionally, the player in cell E4 is facing him and appears to be ready to receive or contest the ball. Given these cues, the ball is most likely near the hands of the player in D3.",D3
28.png,46,"The player in cell C2 is in a crouched position with his hands extended downward, as if he is about to catch or dribble the ball. The player in E3 is also facing him and appears to be ready to receive or contest the ball. Given the body language and positioning of the players, the ball is most likely located near the hands of the player in C2, close to the floor.",C2
28.png,47,"The player in cell D3 is in a crouched position with his hands extended downward, suggesting he is about to catch or dribble the ball. The player in E4 is also facing him and appears ready to receive or interact with the ball. Given the positioning and body language, the ball is most likely near the hands of the player in D3, close to the floor.",D3
28.png,48,"The player in the red jersey at cell D4 is holding his hands in a position that suggests he is about to catch or has just caught the ball. The player in the black jersey at E2 is also looking towards that area and appears to be in a defensive stance, indicating the ball is likely near the red player. The ball is most likely located near the hands of the red player at D4.",D4
28.png,49,"The player in cell C2 is in a crouched position with his hands extended downward, which is a typical stance for someone about to catch or dribble a basketball. The player in E3 is also facing him and appears ready to receive or interact with the ball. Given the positioning and body language, the ball is most likely near the hands of the player in C2, close to the floor.",C2
28.png,50,"The player in cell D3 is in a crouched position with his hands extended downward, which is a typical stance for someone about to catch or dribble a basketball. The player in E4 is also facing him and appears ready to receive or interact with the ball. Given the positioning and body language, the ball is most likely near the hands of the player in D3, close to the floor.",D3
29.png,1,"The player in the white jersey near the right side of the image (around column 7) is looking upwards with his hands raised, as if preparing to catch or shoot the ball. The player in the blue jersey near column 8 is also looking upwards and appears to be defending. This suggests the ball is likely in the air above or near these players. The most probable location is just above the player in white's hands, which is around the intersection of row C and column 7.",C7
29.png,2,"The player in the white jersey in cell G5 is looking upwards with his hands raised, as if preparing to catch or shoot the ball. The player in the blue jersey in cell F2 has his arm extended upwards, possibly having just released or passed the ball. Given the trajectory and the players' focus, the ball is likely in the air above the player in white, near the basket area.",D6
29.png,3,"The player in the white jersey near the right side of the image (around column 7) is looking upwards with his hands raised, indicating he is likely about to catch or shoot the ball. The ball is most likely above his hands, in the air. Given the player's position and gaze, the ball is probably located just above him in the grid.",C7
29.png,4,"The player in the white jersey near the right side of the image (around column 7) is looking upwards with his hands raised, as if preparing to catch or shoot the ball. The player in the blue jersey near column 8 is also looking up and reaching out, indicating the ball is likely in the air between them. The most probable location of the ball is just above the player's hands in the white jersey, around the middle of the right side of the image.",D7
29.png,5,"The player in the white jersey near the right side of the image (around column 7) is reaching up with both hands, indicating he is likely about to catch or shoot the ball. The ball is most likely just above his hands, in the air. This places the ball near the top right area of the image, slightly above the player's hands.",B7
29.png,6,"The player in the white jersey near the right side of the image (around column 7) is reaching up with both hands, looking upwards, which suggests he is about to catch or is already catching the ball. The ball is likely just above his hands, in the air. The other players are also looking in that direction, reinforcing that the ball is above the player in white near the right side of the court.",D7
29.png,7,"The player in the white jersey near the right side of the image (around column 7) is looking upwards with his hands raised, as if preparing to catch or shoot the ball. The player in the blue jersey near column 8 is also looking in the same direction, suggesting the ball is in the air above them. Given the players' focus and hand positions, the ball is most likely located just above the player in white's hands, around the top right area of the image.",B7
29.png,8,"The player in the white jersey in cell G5 is reaching up with both hands, looking upwards, and appears to be in the act of catching or shooting the ball. The player in the blue jersey in cell H5 is also looking up and has his hands raised, indicating the ball is likely above them. Given the players' focus and hand positions, the ball is most likely in the air just above the player in white's hands.",F5
29.png,9,"The player in the white jersey in cell F7 is looking upwards with his hands raised, as if preparing to catch or shoot the ball. The player in the blue jersey in cell E8 is also looking in the same direction with his hands raised, indicating the ball is likely above them. The ball is most likely in the air above these players, near the basket.",D7
29.png,10,"The player in the white jersey near the right side of the image (around column 7) is looking upwards with his hands raised, which suggests he is about to catch or shoot the ball. The ball is likely above his hands, in the air. Given the positioning and the player's focus, the ball is most likely located just above his hands in the grid.",D7
29.png,11,"The player in the white jersey near the right side of the image (around column 7) is looking upwards with his hands raised, as if preparing to catch or shoot the ball. The player in the blue jersey near column 8 is also looking up and appears to be defending. This suggests the ball is likely in the air above or near these players. The most probable location is just above the player in white's hands, around the top right area of the image.",C7
29.png,12,"The player in the white jersey near the right side of the image (around column 7) is looking upwards with his hands raised, as if preparing to catch or shoot the ball. The player in the blue jersey near column 8 is also looking upwards and appears to be defending. This suggests the ball is likely in the air above or near these players. The most probable location is just above the player in white's hands, around the top right area of the image.",C7
29.png,13,"The player in the white jersey near the right side of the image (around column 7) is looking upwards with his hands raised, as if preparing to catch or shoot the ball. The player in the blue jersey near the right edge (around column 8) is also looking upwards and appears to be defending. This suggests the ball is likely in the air above or near these players. The most probable location is just above the player in white's hands, which is around the intersection of row C and column 7.",C7
29.png,14,"The player in the white jersey near the right side of the image (around column 7) is looking upwards with his hands raised, as if preparing to catch or shoot the ball. The player in the blue jersey near column 8 is also looking upwards and appears to be defending. This suggests the ball is likely in the air above or near these players. The most probable location is just above the player in white's hands, around the middle of the right side of the image.",D7
29.png,15,"The player in the white jersey near the right side of the image (around column 7) is reaching up with both hands, looking upwards, which suggests he is about to catch or shoot the ball. The ball is likely just above his hands, in the air. Given the positioning and the player's focus, the ball is most likely located slightly above and to the right of his hands.",D7
29.png,16,"The player in the white jersey near the right side of the image (around column 7) is looking upwards with his hands raised, as if preparing to catch or shoot the ball. The player in the blue jersey near column 8 is also looking upwards and appears to be defending. This suggests the ball is likely in the air above or near these players. The most probable location is just above the player in white's hands, around the top right area of the court.",C7
29.png,17,"The player in the white jersey in cell G5 is looking upwards with his hands raised, which is a typical posture for someone about to catch or shoot a basketball. Additionally, the player in the blue jersey in cell H5 is also looking upwards and appears to be preparing to contest or intercept the ball. This suggests the ball is likely in the air above or near these players.",
29.png,18,"The player in the white jersey near the right side of the image (around column 7) is looking upwards with his hands raised, as if preparing to catch or shoot the ball. The player in the blue jersey near column 8 is also looking upwards and appears to be defending. This suggests the ball is likely above or near these players' hands. The most probable location is just above the player in white's hands, around the top right area of the image.",C7
29.png,19,"The player in the white jersey in cell G5 is looking upwards with his hands raised, indicating he is likely about to catch or shoot the ball. The player in the blue jersey in cell F2 has his arm extended upwards, suggesting he has just passed or is reaching for the ball. The ball is most likely in the air between these two players, around the center of the court near the basket. The most probable location is slightly above the player in white's hands, which places it in cell F5.",F5
29.png,20,"The player in the white jersey near the right side of the image (around column 7) is looking upwards with his hands raised, as if preparing to catch or shoot the ball. The player in the blue jersey near column 8 is also looking upwards and appears to be defending. This suggests the ball is likely in the air above or near these players. The most probable location is just above the player in white's hands, around the top right area of the court.",C7
29.png,21,"The player in the white jersey near the right side of the image (around column 7) is reaching up with both hands, looking upwards, which suggests he is about to catch or is in the process of catching the ball. The ball is likely just above his hands. The other players are also looking in that direction, reinforcing that the ball is in the air near this player.",D7
29.png,22,"The player in the white jersey near the basket (in cell G5) is looking upwards with his hands raised, as if preparing to catch or shoot the ball. The ball is likely above his hands, near the basket. The most probable location of the ball is just above this player's hands, close to the hoop.",F5
29.png,23,"The player in the white jersey near the basket (in cell G5) is looking upwards with his hands raised, as if preparing to catch or shoot the ball. The player in the blue jersey in cell H6 is also looking upwards and reaching out, indicating the ball is likely in the air between them. Given the positioning and body language, the ball is most likely above or near the basket area, around the top center of the image.",F6
29.png,24,"The player in the white jersey in cell G5 is looking upwards with his hands raised, indicating he is likely about to catch or shoot the ball. The player in the blue jersey in cell F2 is also looking upwards with his arm extended, suggesting the ball is in the air between them. The most probable location of the ball is above the player in white, near the center of the court, around the area where their hands are reaching.",F5
29.png,25,"The player in the white jersey near the basket (in cell G5) is looking upwards with his hands raised, as if preparing to catch or shoot the ball. The player in the blue jersey near the right side of the basket (in cell G7) is also looking upwards and appears to be reaching for the ball. This suggests the ball is likely in the air above or near the basket. The most probable location is just above the basket, around the area where the players are focused.",F6
29.png,26,"The player in the white jersey near the basket (in cell F7) is looking upwards with his hands raised, as if preparing to catch or shoot the ball. The player in the blue jersey near the basket (in cell E8) is also looking upwards and appears to be ready to contest or rebound. This suggests the ball is likely above or near the basket area. Given the players' focus and positioning, the ball is most likely just above the rim or in the air near the basket.",D7
29.png,27,"The player in the white jersey near the basket (in cell G5) is looking upwards with his hands raised, as if preparing to catch or shoot the ball. The player in the blue jersey in cell G7 is also looking upwards and reaching out, indicating the ball is likely in the air between them. The most probable location of the ball is just above the player in white's hands, near the basket area.",F5
29.png,28,"The player in the white jersey in cell G5 is looking upwards with his hands raised, indicating he is likely about to catch or shoot the ball. The player in the blue jersey in cell F2 has his arm extended upwards, suggesting he has just passed or is about to receive the ball. Given the positioning and body language, the ball is most likely in the air near the player in white in cell G5, just above his hands.",
29.png,29,"The player in the white jersey near the right side of the image (around column 7) is looking upwards with his hands raised, as if preparing to catch or shoot the ball. The player in the blue jersey near column 8 is also looking upwards and appears to be defending. This suggests the ball is likely in the air above or near these players. The most probable location is just above the player in white's hands, around the top right area of the image.",C7
29.png,30,"The player in the white jersey near the right side of the image (around column 7) is looking upwards with his hands raised, as if preparing to catch or shoot the ball. The player in the blue jersey near column 8 is also looking upwards and appears to be defending. This suggests the ball is likely in the air above or near these players. The most probable location is just above the player in white's hands, around the top right area of the image.",C7
29.png,31,"The player in the white jersey near the right side of the image (around column 7) is looking upwards with his hands raised, as if preparing to catch or shoot the ball. The player in the blue jersey near column 8 is also looking upwards and appears to be defending. This suggests the ball is likely in the air above or near these players. The most probable location is just above the player in white's hands, around the top right area of the court.",C7
29.png,32,"The player in the white jersey near the basket (in cell F7) is looking upwards with his hands raised, as if preparing to catch or shoot the ball. The player in the blue jersey near the right side of the basket (in cell E8) is also looking upwards and appears to be reaching for the ball. This suggests the ball is likely in the air near the basket, above these players' heads.",D7
29.png,33,"The player in the white jersey near the right side of the image (in cell G5) is reaching up with both hands, looking upwards, and appears to be in the act of catching or shooting the ball. The other players are also looking in that direction, indicating the ball is likely above or near this player's hands.",
29.png,34,"The player in the white jersey near the right side of the image (around column 7) is looking upwards with his hands raised, indicating he is likely about to catch or shoot the ball. The ball is most likely above his hands, in the air. The player in the blue jersey near column 8 is also looking up, suggesting the ball is in that area. Given the players' focus and hand positions, the ball is likely in the air just above the player in white's hands.",F7
29.png,35,"The player in the white jersey near the right side of the image (around column 7) is reaching up with both hands, indicating he is likely catching or holding the ball. The ball is most likely just above his hands, in the air. This places the ball near the top right area of the image, slightly above the player's hands.",C7
29.png,36,"The player in the white jersey near the basket (in cell G5) is looking upwards with his hands raised, as if preparing to catch or shoot the ball. The player in the blue jersey in cell H6 is also looking upwards and appears to be reaching out. This suggests the ball is likely in the air above or near these players. Given the positioning and focus of the players, the ball is most likely located just above the player in white near the basket.",F5
29.png,37,"The player in the white jersey near the right side of the image (around column 7) is looking upwards with his hands raised, as if preparing to catch or shoot the ball. The player in the blue jersey near column 8 is also looking upwards and appears to be defending. This suggests the ball is likely in the air above or near these players. The most probable location is just above the player in white's hands, around the top right area of the image.",C7
29.png,38,"The player in the white jersey near the basket (in cell F7) is looking upwards with his hands raised, as if preparing to catch or shoot the ball. The player in the blue jersey near the right side of the basket (in cell E8) is also looking upwards and appears to be reaching for the ball. This suggests the ball is likely in the air near the basket, above these players' heads.",D7
29.png,39,"The player in the white jersey near the right side of the image (around column 7) is looking upwards with his hands raised, as if preparing to catch or shoot the ball. The player in the blue jersey near column 8 is also looking upwards and appears to be defending. This suggests the ball is likely in the air above or near these players. The most probable location is just above the player in white's hands, around the top right area of the image.",B7
29.png,40,"The player in the white jersey near the right side of the image (around column 7) is looking upwards with his hands raised, as if preparing to catch or shoot the ball. The player in the blue jersey near column 8 is also looking upwards and appears to be defending. This suggests the ball is likely in the air above or near these players. The most probable location is just above the player in white's hands, around the top right area of the image.",B7
29.png,41,"The player in the white jersey in cell G5 is looking upwards with his hands raised, indicating he is likely about to catch or shoot the ball. The player in the blue jersey in cell F2 has his arm extended upwards, suggesting he has just passed or is reaching for the ball. The ball is most likely in the air between these two players, closer to the player in white who is preparing to receive it.",F4
29.png,42,"The player in the white jersey near the basket (in cell F7) is looking upwards with his hands raised, as if preparing to catch or shoot the ball. The player in the blue jersey near the right side of the basket (in cell E8) is also looking upwards and appears to be reaching for the ball. This suggests the ball is likely in the air near the basket, above the players' heads.",D7
29.png,43,"The player in the white jersey near the basket (in cell G5) is looking upwards with his hands raised as if preparing to catch or shoot the ball. The player in the blue jersey near the basket (in cell G7) is also looking upwards and appears to be ready to contest or rebound. This suggests the ball is likely in the air above or near these players, close to the basket. The most probable location is just above the player in white near the basket, around the hoop area.",F5
29.png,44,"The player in the white jersey near the basket (in cell F7) is looking upwards with his hands raised, as if preparing to catch or shoot the ball. The player in the blue jersey in cell E8 is also looking upwards and appears to be reaching out. This suggests the ball is likely in the air near the basket, above the players' heads. The most probable location is just above the player in white near the basket, around the hoop area.",D7
29.png,45,"The player in the white jersey in cell F7 is reaching up with both hands, looking upwards, and appears to be in the act of shooting or catching the ball. The other players are also looking in that direction, indicating the ball is likely above or near this player's hands. The ball is most likely just above or near the player's hands in F7.",F7
29.png,46,"The player in the white jersey near the right side of the image (around column 7) is reaching up with both hands, looking upwards, which suggests he is about to catch or shoot the ball. The ball is likely just above his hands. The other players are also looking in that direction, reinforcing that the ball is in the air near this player.",D7
29.png,47,"The player in the white jersey near the right side of the image (around column 7) is looking upwards with his hands raised, indicating he is likely about to catch or shoot the ball. The player in the blue jersey near column 8 is also looking in the same direction, suggesting the ball is in the air above them. The ball is most likely above the player's hands, near the basket area.",C7
29.png,48,"The player in the white jersey near the basket (around E7) is looking upwards with his hands raised, indicating he is likely about to catch or shoot the ball. The player in the blue jersey near him (around E8) is also looking up and appears to be defending. This suggests the ball is in the air near the basket, likely above or near the player in white's hands. The most probable location is just above the player's hands, near the basket.",D7
29.png,49,"The player in the white jersey near the right side of the image (around column 7) is reaching up with both hands, looking upwards, which suggests he is about to catch or shoot the ball. The ball is likely just above his hands, in the air. The other players are also looking in that direction, supporting this inference.",D7
29.png,50,"The player in the white jersey near the right side of the image (around column 7) is looking upwards with his hands raised, as if preparing to catch or shoot the ball. The player in the blue jersey near column 8 is also looking upwards and appears to be defending. This suggests the ball is likely in the air above or near these players. The most probable location is just above the player in white near column 7, around row D or E.",D7
15.png,1,"The player in the white jersey in cell E5 is reaching down with his right hand, which suggests he is about to dribble or pick up the ball. The player in the red jersey in cell E7 is also in a defensive stance, closely guarding the player in white. Given the positioning and body language, the ball is most likely near the hand of the player in white, close to the ground.",E5
15.png,2,"The player in the white jersey in cell E5 is reaching down with his right hand, which suggests he is about to dribble or pick up the ball. The player in the red jersey in cell E7 is also in a defensive stance, focusing on the ball handler. Given the positioning and body language, the ball is most likely near the white jersey player's hand, close to the ground.",E5
15.png,3,"The player in white (center) is reaching down with his right hand, which suggests he is about to dribble or pick up the ball. The player in red (center-right) is also in a defensive stance, closely guarding the player in white. The ball is likely near the hand of the player in white, close to the ground. Given the positioning of the players and their focus, the ball is most likely located near the feet of the player in white, slightly to his right.",E5
15.png,4,"The player in the white jersey in cell E5 is reaching down with his right hand, which suggests he is about to dribble or pick up the ball. The player in the red jersey in cell E7 is also in a defensive stance, focusing on the ball. Given the positioning and body language, the ball is most likely near the white jersey player's hand, close to the ground.",E5
15.png,5,"The player in the white jersey is reaching down with his right hand, and the player in the red jersey is also bending down and looking towards the same area. This suggests the ball is near the ground between them. The most likely location is just in front of the white jersey player's right hand, near the center of the image but slightly to the right.",E6
15.png,6,"The player in the white jersey (center) is bending down and reaching with his right hand, indicating he is likely dribbling or about to pick up the ball. The ball is most likely near his hand, close to the ground. The position of his hand and body suggests the ball is in front of him and slightly to his right.",E5
15.png,7,"The player in the white jersey in cell E5 is reaching down with his right hand, which suggests he is about to dribble or pick up the ball. The player in the red jersey in cell E7 is also in a defensive stance, focusing on the ball handler. Given the positioning and body language, the ball is most likely near the white jersey player's hand, close to the ground.",E5
15.png,8,"The player in the white jersey is reaching down with his right hand, and the player in the red jersey is also focused on the same area. This suggests the ball is near the ground between them. The most likely location is just below the white jersey player's hand, around the middle of the court where the players are interacting.",E5
15.png,9,"The player in the white jersey in cell E5 is reaching down with his right hand, which suggests he is about to dribble or pick up the ball. The player in the red jersey in cell E7 is also in a defensive stance, focusing on the ball handler. Given the positioning and body language, the ball is most likely near the white jersey player's hand, close to the ground.",E5
15.png,10,"The player in the white jersey in cell E5 is reaching down with his right hand, which suggests he is about to dribble or pick up the ball. The player in the red jersey in cell E7 is also in a defensive stance, focusing on the ball handler. Given the positioning and body language, the ball is most likely near the white jersey player's hand, close to the ground.",E5
15.png,11,"The player in the white jersey in cell E5 is reaching down with his right hand, which suggests he is about to dribble or pick up the ball. The player in the red jersey in cell E7 is also in a defensive stance, focusing on the ball handler. Given the positioning and body language, the ball is most likely near the white jersey player's hand, close to the ground.",E5
15.png,12,"The player in the white jersey in cell E5 is reaching down with his right hand, which suggests he is about to dribble or pick up the ball. The player in the red jersey in cell E7 is also in a defensive stance, focusing on the ball. Given the positioning and body language, the ball is most likely near the white jersey player's hand, close to the ground.",E5
15.png,13,"The player in the white jersey in cell E5 is reaching down with his right hand, which suggests he is about to dribble or pick up the ball. The player in the red jersey in cell E7 is also in a defensive stance, focusing on the ball handler. Given the positioning and body language, the ball is most likely near the white jersey player's hand, close to the ground.",E5
15.png,14,"The player in the white jersey in cell E5 is reaching down with his right hand, which suggests he is about to dribble or pick up the ball. The player in the red jersey in cell E7 is also in a defensive stance, focusing on the ball handler. Given the positioning and body language, the ball is most likely near the white jersey player's hand, close to the ground.",E5
15.png,15,"The player in the white jersey in cell E5 is reaching down with his right hand, which suggests he is about to dribble or pick up the ball. The player in the red jersey in cell E7 is also in a defensive stance, focusing on the ball handler. Given the positioning and body language, the ball is most likely near the white jersey player's hand, close to the ground.",E5
15.png,16,"The player in the white jersey is bending down with his hand extended towards the ground, indicating he is likely dribbling or about to catch the ball. The ball is most likely near his hand, close to the court surface. The position of his hand is around the intersection of row F and column 5.",F5
15.png,17,"The player in the white jersey is reaching down with his right hand, and the player in the red jersey is also bending down as if to control or dribble the ball. The ball is likely near the ground between these two players, close to the white player's hand. This position corresponds to the area just in front of the white player's right foot and near the red player's left foot.",E6
15.png,18,"The player in the white jersey is reaching down with his right hand, and the player in the red jersey is also bending down as if trying to control or steal the ball. This suggests the ball is near their hands and close to the ground. The most likely location is between the two players, near the white player's right hand and the red player's left leg.",F6
15.png,19,"The player in the white jersey is bending down with his hand extended towards the ground, indicating he is likely reaching for or dribbling the ball. The ball is most likely near his hand, close to the court surface. The position of his hand is around the intersection of row E and column 5.",E5
15.png,20,"The player in the white jersey (center) is reaching down with his right hand, which suggests he is dribbling or about to pick up the ball. The ball is likely near his hand, close to the ground. The player in the red jersey (right center) is also in a defensive stance, focusing on the ball handler. Given the positioning and body language, the ball is most likely located near the white jersey player's right hand, around the lower center of the image.",F5
15.png,21,"The player in the white jersey is bending down with his hand extended towards the ground, indicating he is likely dribbling or about to catch the ball. The player in the red jersey is closely guarding him, focusing on the ball. The ball is most likely near the white player's hand, close to the court surface.",F5
15.png,22,"The player in the white jersey is reaching down with his right hand, and the player in the red jersey is also bending down as if trying to control or steal the ball. This suggests the ball is near their hands and close to the ground. The most likely location is between the two players, near the white player's right hand and the red player's left hand.",E6
15.png,23,"The player in the white jersey in cell E5 is reaching down with his right hand, which suggests he is about to dribble or pick up the ball. The player in the red jersey in cell E7 is also in a defensive stance, focusing on the ball handler. Given the positioning and body language, the ball is most likely near the white jersey player's hand, close to the ground.",E5
15.png,24,"The player in the white jersey is bending down with his hand extended towards the ground, indicating he is likely dribbling or about to catch the ball. The ball is most likely near his hand, close to the court surface. The position of his hand is around the intersection of row E and column 5.",E5
15.png,25,"The player in the white jersey is bending down and reaching towards the ground with his right hand, indicating that the ball is likely near his hand. The player in the red jersey is also focused on the same area, suggesting the ball is between them. The ball is most likely on the court near the feet of the player in white, around the center of the image horizontally and slightly above the bottom of the image vertically.",E5
15.png,26,"The player in the white jersey (center) is reaching down with his right hand, and the player in the red jersey (right center) is also focused on the same area. This suggests the ball is near the ground between them. The most likely location is just below the white jersey player's hand, around the middle of the court where the players are interacting.",E5
15.png,27,"The player in the white jersey in cell E5 is reaching down with his right hand, which suggests he is about to dribble or pick up the ball. The player in the red jersey in cell E7 is also in a defensive stance, focusing on the ball handler. Given the positioning and body language, the ball is most likely near the white jersey player's hand, close to the ground.",E5
15.png,28,"The player in the white jersey (center) is reaching down with his right hand, and the player in the red jersey (right) is also focused downward, suggesting the ball is near their hands. The ball is likely close to the ground between these two players, around the area where their hands are positioned. This places the ball near the lower center of the image.",E6
15.png,29,"The player in white (center) is reaching down with his right hand, which suggests he is about to dribble or pick up the ball. The player in red (center-right) is also focused on the same area, indicating the ball is likely near the ground between them. The most probable location of the ball is near the feet of the player in white, slightly to the right of his body.",E6
15.png,30,"The player in the white jersey is reaching down with his right hand, and the player in the red jersey is also bending down as if trying to control or steal the ball. This suggests the ball is near their hands and close to the ground. The most likely location is between the two players, near the white player's right hand and the red player's left foot.",E6
15.png,31,"The player in the white jersey is bending down with his hand extended towards the ground, which suggests he is either dribbling or about to pick up the ball. The player in the red jersey is closely guarding him, indicating the ball is likely near the white jersey player's hand. The most probable location of the ball is near the white player's right hand, close to the court surface.",E5
15.png,32,"The player in the white jersey (center) is reaching down with his right hand, which suggests he is either dribbling or about to pick up the ball. The player in the red jersey in front of him is also in a defensive stance, focusing on the ball. Given the players' positions and body language, the ball is most likely near the white jersey player's right hand, close to the ground.",E5
15.png,33,"The player in the white jersey in cell E5 is reaching down with his right hand, which suggests he is about to dribble or pick up the ball. The player in the red jersey in cell E7 is also in a defensive stance, focusing on the ball handler. The ball is most likely near the white jersey player's hand, close to the ground.",E5
15.png,34,"The player in the white jersey (center) is reaching down with his right hand, which suggests he is either dribbling or about to pick up the ball. The player in the red jersey in front of him is also in a defensive stance, focusing on the ball. Given the positioning of the players and their body language, the ball is most likely near the white jersey player's right hand, close to the ground.",E5
15.png,35,"The player in the white jersey is reaching down with his right hand, which suggests he is either dribbling or about to pick up the ball. The ball is likely near his hand, close to the ground. The most probable location is just in front of his right hand, near the court surface.",E5
15.png,36,"The player in the white jersey is bending down and reaching out with his right hand, which suggests he is about to dribble or pick up the ball. The player in the red jersey is also focused on the same area, indicating the ball is likely near the ground between them. The most probable location of the ball is near the white jersey player's right hand, close to the court surface.",E5
15.png,37,"The player in the white jersey is reaching down with his right hand, and the player in the red jersey is also bent forward as if trying to control or steal the ball. This suggests the ball is near their hands and close to the ground. The most likely location is between the two players, near the white player's right hand and the red player's left leg.",E6
15.png,38,"The player in the white jersey in cell E5 is reaching down with his right hand, which suggests he is about to dribble or pick up the ball. The ball is likely near his hand, close to the ground. The player in the red jersey in cell E7 is also in a defensive stance, focusing on the ball handler. Given the positioning and body language, the ball is most likely on the court near the white jersey player's hand in cell E5.",E5
15.png,39,"The player in the white jersey in cell E5 is reaching down with his right hand, which suggests he is about to dribble or pick up the ball. The player in the red jersey in cell E7 is also in a defensive stance, focusing on the ball. Given the positioning and body language, the ball is most likely near the white jersey player's hand, close to the ground.",E5
15.png,40,"The player in the white jersey is reaching down with his right hand, and the player in the red jersey is also bending down as if trying to control or steal the ball. This suggests the ball is near their hands and close to the ground. The most likely location is between the two players, near the white player's right hand and the red player's left hand.",E6
15.png,41,"The player in the white jersey in cell E5 is reaching down with his right hand, which suggests he is about to dribble or pick up the ball. The player in the red jersey in cell E7 is also in a defensive stance, focusing on the ball handler. Given the positioning and body language, the ball is most likely near the white jersey player's hand, close to the ground.",E5
15.png,42,"The player in the white jersey in cell E5 is reaching down with his right hand, which suggests he is about to dribble or pick up the ball. The player in the red jersey in cell E7 is also in a defensive stance, focusing on the ball handler. Given the positioning and body language, the ball is most likely near the white jersey player's hand, close to the ground.",E5
15.png,43,"The player in the white jersey in cell E5 is reaching down with his right hand, which suggests he is about to dribble or pick up the ball. The player in the red jersey in cell E7 is also in a defensive stance, focusing on the ball handler. Given the positioning and body language, the ball is most likely near the white jersey player's hand, close to the ground.",E5
15.png,44,"The player in the white jersey in cell E5 is reaching down with his right hand, and the player in the red jersey in cell E7 is also bending down and appears to be focused on something near the ground between them. This suggests the ball is likely near their hands, close to the floor. The most probable location is between these two players, slightly closer to the player in white who is actively reaching for it.",E6
15.png,45,"The player in the white jersey in cell E5 is reaching down with his right hand, which suggests he is about to dribble or pick up the ball. The player in the red jersey in cell E7 is also in a defensive stance, focusing on the ball handler. Given the positioning and body language, the ball is most likely near the white jersey player's hand, close to the ground.",E5
15.png,46,"The player in the white jersey in cell E5 is reaching down with his right hand, which suggests he is about to dribble or pick up the ball. The player in the red jersey in cell E7 is also in a defensive stance, focusing on the ball. Given the positioning and body language, the ball is most likely near the white jersey player's hand, close to the ground.",E5
15.png,47,"The player in the white jersey in cell E5 is reaching down with his right hand, which suggests he is about to dribble or pick up the ball. The player in the red jersey in cell E7 is also in a defensive stance, focusing on the ball handler. Given the positioning and body language, the ball is most likely near the white jersey player's hand, close to the ground.",E5
15.png,48,"The player in the white jersey in cell E5 is reaching down with his right hand, which suggests he is about to dribble or pick up the ball. The player in the red jersey in cell E7 is also in a defensive stance, focusing on the ball handler. Given the positioning and body language, the ball is most likely near the white jersey player's hand, close to the ground.",E5
15.png,49,"The player in the white jersey in cell E5 is reaching down with his right hand, suggesting he is about to dribble or pick up the ball. The player in the red jersey in cell E7 is also in a defensive stance, focusing on the ball. The ball is most likely near the hand of the player in white, close to the ground.",E5
15.png,50,"The player in the white jersey is reaching down with his right hand, and the player in the red jersey is also bending down as if trying to control or steal the ball. This suggests the ball is near their hands and close to the ground. The most likely location of the ball is near the white jersey player's right hand, which is positioned around the intersection of row E and column 5.",E5
16.png,1,"The player in white on the left side of the image is bent down with their hand extended towards the ground, suggesting they are reaching for or dribbling the ball. The player in blue is also in a defensive stance facing the player in white, indicating the ball is likely near the white player's hand. The ball is most likely on or near the ground close to the white player's hand.",E2
16.png,2,"The player in white on the left side of the image is bent down with their hand close to the ground, which is a typical position for reaching or dribbling a basketball. The player in blue on the right is also in a stance that suggests they are preparing to react to the ball. Given this, the ball is most likely near the hand of the player in white, close to the ground.",E2
16.png,3,"The player in white on the left side of the image is bent down with their hand close to the ground, suggesting they are about to pick up or dribble the ball. The player in blue is facing them and appears to be in a defensive stance, focusing on the ball. Given this, the ball is most likely near the white player's hand, close to the ground.",D2
16.png,4,"The player in white on the left side of the image is bent down with their hand extended towards the ground, which suggests they are reaching for or about to pick up the ball. The player in blue is also in a defensive stance facing the player in white, indicating the ball is likely near the player in white. Given the player's hand position and body posture, the ball is most likely on the ground near the player's hand.",D2
16.png,5,"The player in white on the left side of the image is bent down with their hand close to the ground, suggesting they are reaching for or about to pick up the ball. The player in blue is also in a defensive stance facing the player in white, indicating the ball is likely near the white player's hand. The most probable location of the ball is near the white player's hand on the ground.",E2
16.png,6,"The player in white on the left side of the image is bent down with their hand extended towards the ground, which suggests they are reaching for or about to pick up the ball. The player in blue is also in a defensive stance facing the player in white, indicating the ball is likely near the player in white's hand. Therefore, the ball is most likely located near the lower left part of the image, close to the player's hand.",E2
16.png,7,"The player in white on the left side of the image is bending down and reaching towards the ground with their right hand, indicating they are likely trying to pick up or control the ball. The ball is most likely on the ground near this player's hand. The player's hand is located around the intersection of row E and column 2.",E2
16.png,8,"The player in white on the left side of the image is bent down with their hand close to the ground, which is a typical position for reaching or dribbling a basketball. The player in blue on the right is also in a stance that suggests they are preparing to react to the ball. Given this, the ball is most likely near the hand of the player in white, close to the ground.",E2
16.png,9,"The player in white on the left side of the image is bent down with their hand close to the ground, suggesting they are reaching for or about to pick up the ball. The player in blue is also in a defensive stance facing the player in white, indicating the ball is near the player in white. The most likely location of the ball is near the player's hand on the ground.",E2
16.png,10,"The player in white (left side) is bent down with their hand close to the ground, suggesting they are reaching for or dribbling the ball. The player in blue (right side) is in a defensive stance facing the player in white. Given the position of the white player's hand and body, the ball is most likely near the white player's hand, close to the ground.",D2
16.png,11,"The player in white on the left side of the image is bent down with their hand close to the ground, suggesting they are reaching for or about to pick up the ball. The ball is likely near their hand on the court. The most probable location of the ball is near the player's hand in the lower left part of the image.",E2
16.png,12,"The player in white on the left side of the image is bent down with their hand close to the ground, suggesting they are reaching for or about to pick up the ball. The player in blue is also in a ready stance, facing the player in white, indicating the ball is likely near the white player's hand. The ball is most likely on the ground near the white player's hand.",E2
16.png,13,"The player in white on the left side of the image is bent down with their hand close to the ground, suggesting they are reaching for or dribbling the ball. The player in blue is also in a defensive stance facing the player in white, indicating the ball is near the player in white's hand. The ball is most likely near the player's hand on the ground in the lower left part of the image.",E2
16.png,14,"The player in white on the left is bent down with their hand close to the ground, suggesting they are reaching for or dribbling the ball. The ball is likely near their hand, close to the floor. The most probable location is near the player's left hand, which is in the lower left part of the image.",E2
16.png,15,"The player in white on the left is bent down with their hand close to the ground, suggesting they are about to pick up or dribble the ball. The ball is likely near their hand, close to the floor. The player in blue is facing the player in white and appears to be in a defensive stance, focusing on the ball's location. Therefore, the ball is most likely near the left player's hand, close to the ground in the lower left part of the image.",E2
16.png,16,"The player in white on the left side of the image is bent down with their hand close to the ground, suggesting they are reaching for or dribbling the ball. The player in blue is also in a defensive stance facing the player in white, indicating the ball is likely near the white player's hand. The most probable location of the ball is near the white player's hand, which is around the intersection of row D and column 2.",D2
16.png,17,"The player in white on the left side of the image is bent down with their hand close to the ground, suggesting they are reaching for or about to pick up the ball. The player in blue on the right is also in a ready stance, looking towards the same area. Given the players' focus and body positions, the ball is most likely near the white player's hand, close to the ground.",E2
16.png,18,"The player in white on the left side of the image is bent down with their hand extended towards the ground, which suggests they are reaching for or dribbling the ball. The player in blue is also in a defensive stance facing the player in white, indicating the ball is likely near the player in white's hand. The ball is most likely on or near the ground close to the player's hand.",E2
16.png,19,"The player in white on the left side of the image is bent down with their hand extended towards the ground, which suggests they are reaching for or about to pick up the ball. The player in blue on the right is also in a stance that indicates they are ready to react, likely to the ball being near the player in white. Given this, the ball is most likely on the ground near the white player's hand.",D2
16.png,20,"The player in white on the left side of the image is bent down with their hand extended towards the ground, which suggests they are reaching for or about to pick up the ball. The player in blue on the right is also in a stance that indicates readiness to react, likely to the ball being near the player in white. Given this, the ball is most likely on the ground near the white player's hand.",E2
16.png,21,"The player in white on the left side of the image is bent down with their hand close to the ground, suggesting they are reaching for or dribbling the ball. The player in blue is also in a defensive stance facing the player in white, indicating the ball is near the player in white. The ball is most likely near the player's hand on the ground, which is around the lower left part of the image.",E2
16.png,22,"The player in white on the left side of the image is bent down with their hand close to the ground, suggesting they are reaching for or dribbling the ball. The player in blue is facing this player and appears to be in a defensive stance, focusing on the ball. Given the positioning and body language, the ball is most likely near the white player's hand, close to the ground.",E2
16.png,23,"The player in white on the left side of the image is bent down with their hand extended towards the ground, which is a typical posture for reaching or dribbling a basketball. The player in blue on the right is also in a defensive stance facing the player in white, suggesting the ball is near the player in white. Given the positioning and body language, the ball is most likely near the player's hand on the ground.",E2
16.png,24,"The player in white on the left side of the image is bent down with their hand close to the ground, suggesting they are reaching for or about to pick up the ball. The player in blue is also focused in that direction, indicating the ball is likely near the white player's hand. The ball is most likely on the court near the white player's hand, which is positioned around the lower left area of the image.",E2
16.png,25,"The player in white on the left side of the image is bent down with their hand close to the ground, suggesting they are about to pick up or dribble the ball. The player in blue is also in a defensive stance facing the player in white, indicating the ball is near the player in white's hand. The most likely location of the ball is near the player's hand on the ground.",E2
16.png,26,"The player in white on the left side of the image is bent over and reaching down with their right hand, which suggests they are about to pick up or dribble the ball. The player in blue is also in a defensive stance facing the player in white, indicating the ball is likely near the player in white's hand. Therefore, the ball is most likely located near the player's right hand, close to the ground.",E2
16.png,27,"The player in white on the left side of the image is bent down with their hand extended towards the ground, which suggests they are reaching for or about to pick up the ball. The player in blue on the right is also in a defensive stance, facing the player in white. Given the positioning and body language, the ball is most likely near the hand of the player in white, close to the ground.",D2
16.png,28,"The player in white on the left side of the image is bent down with their hand extended towards the ground, which is a typical posture for reaching or dribbling a basketball. The player in blue on the right is also in a defensive stance, facing the player in white, suggesting the ball is near the player in white. Given these observations, the ball is most likely near the hand of the player in white, close to the ground.",E2
16.png,29,"The player in white on the left side of the image is bent down with their hand close to the ground, suggesting they are reaching for or about to pick up the ball. The player in blue is also in a defensive stance facing the player in white, indicating the ball is likely near the player in white's hand. The ball is most likely on or very close to the ground near the player's hand.",E2
16.png,30,"The player in white on the left side of the image is bent down with their hand extended towards the ground, suggesting they are reaching for or about to pick up the ball. The player in blue on the right is also in a ready stance, looking towards the same area. Given this, the ball is most likely on the ground near the white player's hand.",E2
16.png,31,"The player in white on the left side of the image is bent down with their hand close to the ground, suggesting they are about to pick up or dribble the ball. The player in blue is also focused in that direction, indicating the ball is near the white player's hand. Therefore, the ball is most likely located near the white player's hand on the ground.",E2
16.png,32,"The player in white on the left side of the image is bent down with their hand close to the ground, suggesting they are reaching for or about to pick up the ball. The player in blue is also focused in that direction, indicating the ball is likely near the white player's hand. Therefore, the ball is most likely located near the lower left part of the image, close to the player's hand.",E2
16.png,33,"The player in white on the left side of the image is bent down with their hand close to the ground, suggesting they are reaching for or dribbling the ball. The player in blue is also in a defensive stance facing the player in white, indicating the ball is likely near the white player's hand. The most probable location of the ball is near the white player's hand, which is in the lower left part of the image.",E2
16.png,34,"The player in white on the left side of the image is bent down with their hand close to the ground, suggesting they are reaching for or dribbling the ball. The ball is likely near their hand, close to the floor. This position is around the lower left part of the image.",E2
16.png,35,"The player in white on the left side of the image is bending down and reaching towards the ground with their right hand, indicating they are likely about to pick up or dribble the ball. The ball is most likely near their hand, close to the floor. The player in blue is also facing the player in white, suggesting the ball is between them. The most probable location of the ball is near the player's right hand, which is in the lower left part of the image.",E2
16.png,36,"The player in white on the left side of the image is bent over and reaching down with their right hand, which suggests they are about to pick up or dribble the ball. The player in blue is facing this player and appears to be in a defensive stance, focusing on the ball. Given the position of the player's hand and body, the ball is most likely on the ground near the player's right hand.",E2
16.png,37,"The player in white (on the left) is bent down with their hand close to the ground, suggesting they are reaching for or dribbling the ball. The player in blue (on the right) is in a defensive stance facing the player in white. Given the position of the white player's hand and body, the ball is most likely near their hand, close to the ground.",D2
16.png,38,"The player in white on the left side of the image is bent down with their hand close to the ground, which is a typical posture for reaching or dribbling a basketball. The player in blue is also in a defensive stance facing the player in white, suggesting the ball is near the player in white's hand. Therefore, the ball is most likely located near the player's hand on the left side of the image, around the lower left area.",E2
16.png,39,"The player in white on the left side of the image is bent down with their hand close to the ground, suggesting they are reaching for or dribbling the ball. The player in blue is also in a defensive stance facing the player in white, indicating the ball is near the player in white. The ball is most likely on or near the ground close to the player's hand in white.",E2
16.png,40,"The player in white on the left side of the image is bent down with their hand extended towards the ground, suggesting they are reaching for or dribbling the ball. The player in blue is also in a defensive stance facing the player in white, indicating the ball is likely near the white player's hand. The ball is most likely on or near the ground close to the white player's hand.",E2
16.png,41,"The player in white on the left side of the image is bending down and reaching towards the ground with their right hand, indicating they are likely about to pick up or dribble the ball. The ball is most likely near their hand, close to the floor. This places the ball near the lower left part of the image.",E2
16.png,42,"The player in white on the left side of the image is bent down with their hand close to the ground, suggesting they are about to pick up or have just released the ball. The player in blue on the right is also reaching forward, indicating the ball is likely between them. Given the positioning and body language, the ball is most likely near the left player's hand, close to the ground.",E2
16.png,43,"The player in white on the left side of the image is bent down with their hand close to the ground, suggesting they are reaching for or dribbling the ball. The ball is likely near their hand, close to the floor. The player in blue is also in a defensive stance facing the player in white, indicating the ball is near the player in white. The most likely location of the ball is near the player's hand in the lower left part of the image.",E2
16.png,44,"The player in white on the left side of the image is bent over and reaching down with their right hand, which suggests they are about to pick up or dribble the ball. The ball is likely near their hand, close to the ground. The most probable location is near the player's right hand, which is around the intersection of row D and column 2.",D2
16.png,45,"The player in white on the left side of the image is bent down with their hand close to the ground, suggesting they are reaching for or dribbling the ball. The player in blue is also in a defensive stance facing the player in white, indicating the ball is near the player in white's hand. Therefore, the ball is most likely located near the player's hand on the left side of the image, close to the ground.",E2
16.png,46,"The player in white on the left side of the image is bent over and reaching down with their right hand, which suggests they are about to pick up or dribble the ball. The ball is likely near their hand, close to the ground. The most probable location is near the player's right hand, which is around the intersection of row E and column 2.",E2
16.png,47,"The player in white (on the left) is bent down with their hand close to the ground, suggesting they are about to pick up or dribble the ball. The player in blue (on the right) is in a defensive stance facing the player in white. Given the positioning and body language, the ball is most likely near the white player's hand, close to the ground.",E2
16.png,48,"The player in white on the left side of the image is bent down with their hand close to the ground, suggesting they are reaching for or dribbling the ball. The player in blue is also in a defensive stance facing the player in white, indicating the ball is near the player in white. The ball is most likely near the player's hand on the ground.",E2
16.png,49,"The player in white (on the left) is bent down with their hand close to the ground, suggesting they are about to pick up or dribble the ball. The player in blue (on the right) is in a defensive stance facing the player in white, indicating the ball is near the player in white's hand. The ball is most likely on or very close to the ground near the white player's hand.",E2
16.png,50,"The player in white on the left side of the image is bent down with their hand close to the ground, suggesting they are reaching for or dribbling the ball. The ball is likely near their hand, which is positioned around the intersection of row D and column 2. The player in blue is also facing this area, indicating the ball is in that vicinity.",D2
12.png,1,"The player in blue in the center of the image (around column 6) has his right arm extended forward and his hand positioned as if he is holding or about to catch a basketball. The other players are looking towards this area, indicating the ball is likely near this player's hand. The ball is most likely in front of this player, around the middle of the image horizontally and slightly above the waist level vertically.",E6
12.png,2,"The player in blue in cell F6 is holding his hands in a position that suggests he is about to catch or has just released the ball. The player in black and red in cell E7 is looking towards that area, indicating the ball is likely near the hands of the player in blue. The ball is most likely in mid-air between these two players.",E6
12.png,3,"The player in the blue jersey in cell F6 is holding his hands in a position that suggests he is about to pass or catch the ball. The player in the black and red jersey in cell E7 is closely guarding him, indicating the ball is likely near the blue player. Given the typical basketball play and the positioning of the players, the ball is most likely in the space between these two players, around the area where the blue player's hands are.",E6
12.png,4,"The player in the blue jersey in cell F6 is holding his hands in a position that suggests he is about to catch or already has the ball. The other players are focused on him, indicating the ball is likely near his hands. The ball is most likely in front of or just above his hands.",F6
12.png,5,"The player in the blue jersey in cell F6 is holding his hands in a position that suggests he is about to pass or shoot the ball. The ball is likely near his hands, as the other players are focused on him and the ball. Given the positioning and the players' focus, the ball is most likely located just in front of or in his hands.",F6
12.png,6,"The player in blue in the center of the image appears to be holding or about to catch the ball, as his hands are positioned in front of him at chest height. The ball is likely near his hands, which are located around the middle of the image horizontally and slightly above the center vertically.",E6
12.png,7,"The player in the blue jersey in cell E6 appears to be holding his hands in a position that suggests he is about to catch or already has the ball. The other players are focused on this area, indicating the ball is likely near this player. The ball is most likely in front of or near his hands.",E6
12.png,8,"The player in blue in the center of the image appears to be holding or reaching for the ball, as his hands are positioned in front of him at about chest height. The ball is likely near his hands, which are located around the middle of the image horizontally and slightly above the center vertically. This corresponds to the area between columns 5 and 6 and rows D and E.",E5
12.png,9,"The player in blue in the center of the image appears to be holding or about to catch the ball, as his hands are positioned in front of him at about chest height. The ball is likely near his hands, slightly to the right of his body. This places the ball roughly in the middle of the image, around the area where the two players are closely interacting.",F6
12.png,10,"The player in the blue jersey closest to the camera (center-right) has his hands positioned as if he is holding or about to catch the ball. The other players are looking towards this player, indicating the ball is likely near him. The ball is most likely in front of this player, around chest or hand level.",F6
12.png,11,"The player in the blue jersey in cell F6 is holding his hands in a position that suggests he is about to catch or already has the ball. The other players are focused on him, indicating the ball is likely near his hands. The ball is most likely in front of or just above his hands.",F6
12.png,12,"The player in blue in the center of the image appears to be in a motion that suggests he is holding or about to pass the ball. His hands are positioned in front of his body at about chest height, which is a common position for holding a basketball. The ball is likely near his hands, slightly obscured by his body. Given the grid, this area corresponds to the intersection of row D and column 6.",D6
12.png,13,"The player in blue in the center of the image (around column 6) has his right arm extended forward and his hand positioned as if he is holding or about to catch a basketball. The other players are looking towards this area, indicating the ball is likely near this player's hand. The ball is most likely in front of this player, around the middle of the image horizontally and slightly above the waist level vertically.",E6
12.png,14,"The player in blue in cell F6 is holding his hands in a position that suggests he is about to catch or has just released the ball. The player in black and red in cell E7 is looking towards that area, indicating the ball is likely near the hands of the player in blue. The ball is most likely in the space between these two players, slightly above their hands.",E6
12.png,15,"The player in the blue jersey in cell F6 is holding his hands in a position that suggests he is about to catch or already has the ball. The ball is likely near his hands, which are centered in the grid cell F6. The other players are looking towards this area, indicating the ball's location.",F6
12.png,16,"The player in the blue jersey in cell F6 is holding his hands in a position that suggests he is about to catch or has just released the ball. The player in the red jersey in cell E7 is looking towards this area, indicating the ball is likely near the interaction between these two players. Given the typical basketball play and the positioning of the players, the ball is most likely located near the hands of the blue jersey player in F6.",F6
12.png,17,"The player in blue in the center of the image appears to be in a motion that suggests he is holding or about to pass the ball. His hands are positioned in front of him at about chest height, which is a common position for holding a basketball. The ball is likely near his hands, which are located around the intersection of column 6 and row D/E.",E6
12.png,18,"The player in the blue jersey in the center of the image appears to be holding or about to catch the ball, as his hands are positioned in front of him and his body is oriented towards the player in the red jersey. The ball is likely near his hands, which are located around the middle of the image horizontally and slightly above the center vertically.",E6
12.png,19,"The player in the blue jersey in cell F6 is holding his hands in a position that suggests he is about to catch or has just released the ball. The player in the red jersey in cell E7 is looking towards that area, indicating the ball is likely near the hands of the blue player. Given the typical basketball play and the positioning of the players, the ball is most likely located near the hands of the blue player in F6.",F6
12.png,20,"The player in blue in the center of the image appears to be in a motion that suggests he is holding or about to pass the ball. His hands are positioned in front of his body at about chest height, which is a common position for holding a basketball. The ball is likely near his hands, which are located around the intersection of columns 5 and 6 and rows D and E.",E5
12.png,21,"The player in the blue jersey closest to the camera (center-right) has his hands positioned as if he is holding or about to catch the ball. The ball is likely near his hands, which are around the middle of the image horizontally and slightly above the center vertically. This corresponds to the area between columns 5 and 6 and rows D and E.",D6
12.png,22,"The player in blue in cell F6 is holding his hands in a position that suggests he is about to catch or has just released the ball. The player in red in cell E7 is looking towards that area and appears to be defending or reaching for the ball. Given the players' focus and hand positions, the ball is most likely located near the hands of the blue player in F6, possibly slightly above or in front of him.",F6
12.png,23,"The player in blue in cell F6 is holding his hands in a position that suggests he is about to catch or already has the ball. The other players are focused on him, indicating the ball is likely near his hands.",F6
12.png,24,"The player in blue in cell F6 is holding his hands in a position that suggests he is about to catch or has just released the ball. The player in red in cell E7 is looking towards that area and appears to be defending or reaching for the ball. Given the players' focus and hand positions, the ball is most likely located near the hands of the blue player in F6.",F6
12.png,25,"The player in the blue jersey closest to the camera (center-right) has his right arm extended and appears to be holding or reaching for the ball. The ball is likely near his hand, which is positioned around the middle of the image horizontally and slightly above the center vertically. This places the ball near the intersection of columns 6 and 7 and rows D and E.",E6
12.png,26,"The player in the blue jersey closest to the camera (center-right) has his hands positioned as if he is holding or about to catch the ball. The other players are looking towards this player, indicating the ball is likely near him. Given the positioning of his hands and the focus of attention, the ball is most likely located just in front of him at about waist height.",F6
12.png,27,"The player in the blue jersey in cell F6 is holding his hands in a position that suggests he is about to catch or already has the ball. The other players are focused on him, indicating the ball is likely near his hands.",F6
12.png,28,"The player in blue in cell F6 is holding his hands in a position that suggests he is about to catch or has just released the ball. The player in red in cell E7 is looking towards that area, indicating the ball is likely near the hands of the blue player. The ball is most likely in mid-air between these two players, around the height of their hands.",E6
12.png,29,"The player in the blue jersey in cell F6 is holding his hands in a position that suggests he is about to catch or already has the ball. The other players are focused on him, indicating the ball is likely near his hands. The ball is most likely in front of or just above his hands.",F6
12.png,30,"The player in blue in cell F6 is holding his hands in a position that suggests he is about to catch or has just released the ball. The player in red in cell E7 is looking towards that area, indicating the ball is likely near the hands of the blue player. The ball is most likely in the space between these two players, slightly above their hands.",E6
12.png,31,"The player in blue in cell F6 is holding his hands in a position that suggests he is about to catch or has just released the ball. The player in black and red in cell D7 is looking towards that area, indicating the ball is likely near the hands of the player in blue. Given the positioning and focus of the players, the ball is most likely located just above or near the hands of the player in blue in cell E6 or F6.",E6
12.png,32,"The player in blue in cell E6 is holding his hands in a position that suggests he is about to catch or has just released the ball. The player in red in cell E7 is looking towards that area, indicating the ball is likely between them. Given the players' focus and hand positions, the ball is most likely in the space between these two players, slightly above their hands.",E6
12.png,33,"The player in the blue jersey in cell F6 is holding his hands in a position that suggests he is about to catch or has just released the ball. The ball is likely near his hands, slightly above or in front of him. Given the positioning and the typical height at which a basketball is held or passed, the ball is most likely located just above the player's hands in cell E6.",E6
12.png,34,"The player in the blue jersey in cell F6 is holding his hands in a position that suggests he is about to catch or already has the ball. The other players are focused on him, indicating the ball is likely near his hands.",F6
12.png,35,"The player in blue in cell F6 is holding his hands in a position that suggests he is about to catch or has just released the ball. The player in black and red in cell F7 is closely guarding him, indicating the ball is likely near their hands. Given the typical basketball play and the positioning of the players, the ball is most likely located between these two players, around the area where their hands would meet.",F6
12.png,36,"The player in blue in the center of the image appears to be in a motion that suggests he is holding or about to catch the ball. His hands are positioned in front of him at about chest height, which is a typical position for holding a basketball. The ball is likely near his hands, slightly obscured by his body. Given the positioning of the players and the focus of their attention, the ball is most likely located just in front of the player in blue.",F6
12.png,37,"The player in blue in the center of the image appears to be holding or reaching for the ball with both hands near his chest. The ball is likely located close to his hands, which are positioned around the middle of the image horizontally and slightly above the center vertically.",E6
12.png,38,"The player in the blue jersey in cell F6 is holding his hands in a position that suggests he is about to catch or already has the ball. The other players are focused on him, indicating the ball is likely near his hands. The ball is most likely in front of or just above his hands.",F6
12.png,39,"The player in blue in cell E6 is holding his hands in a position that suggests he is about to catch or has just released the ball. The player in red in cell E7 is looking towards that area, indicating the ball is likely between them. Given the players' focus and hand positions, the ball is most likely in the space between these two players, slightly above their hands.",E6
12.png,40,"The player in blue in the center of the image appears to be in a position to either pass or shoot the ball, with his hands raised and focused forward. The player in red is closely defending him, suggesting the ball is near the blue player's hands. The ball is likely just in front of or slightly above the blue player's hands.",E6
12.png,41,"The player in the blue jersey in cell F6 is holding his hands in a position that suggests he is about to catch or has just released the ball. The other players are focused on this area, indicating the ball is likely near this player. The ball is most likely in the air or just in front of this player.",F6
12.png,42,"The player in the blue jersey in cell E6 appears to be in a position to pass or shoot, with his hands extended forward. The player in the red jersey in cell E7 is closely guarding him, suggesting the ball is likely between them or just in front of the blue player. Given the typical basketball play and the positioning of the players, the ball is most likely near the hands of the blue player in E6.",E6
12.png,43,"The player in blue in the center of the image appears to be in a motion that suggests he is holding or about to catch the ball. His hands are positioned in front of him at about chest height, which is a typical position for holding or receiving a basketball. The ball is likely near his hands, slightly obscured by his body.",F6
12.png,44,"The player in blue in cell F6 is holding his hands in a position that suggests he is about to catch or has just released the ball. The player in black and red in cell E7 is looking towards that area, indicating the ball is likely near the hands of the player in blue. The ball is most likely in mid-air between these two players.",E6
12.png,45,"The player in blue in the center of the image appears to be holding or about to catch the ball, as his hands are positioned in front of him and his body is oriented towards the player in red. The ball is likely near his hands, which are located around the middle of the image horizontally and slightly above the center vertically.",E6
12.png,46,"The player in blue in cell F6 is holding his hands in a position that suggests he is about to catch or has just released the ball. The player in black and red in cell E7 is looking towards that area, indicating the ball is likely near the hands of the player in blue. The ball is most likely in mid-air between these two players.",E6
12.png,47,"The player in blue in the center of the image (around D6) has his hands positioned as if he is holding or about to catch the ball. The other players are looking towards this area, indicating the ball is likely near his hands. The ball is most likely in front of or just above his hands.",D6
12.png,48,"The player in the blue jersey in cell F6 is holding his hands in a position that suggests he is about to catch or already has the ball. The other players are focused on him, indicating the ball is likely near his hands.",F6
12.png,49,"The player in the blue jersey in cell F6 is holding his hands in a position that suggests he is about to catch or already has the ball. The other players are focused on him, indicating the ball is likely near his hands. The ball is most likely in front of or just above his hands.",F6
12.png,50,"The player in the blue jersey in cell F6 is holding his hands in a position that suggests he is about to catch or already has the ball. The ball is likely near his hands, which are centered in the image. The other players are looking towards this area, indicating the ball's location is around there.",F6
13.png,1,"The player in the white jersey is reaching up with both hands towards the basketball hoop, indicating an attempt to score or catch the ball. The player in the red jersey is also reaching out, likely trying to block or contest the shot. The ball is most likely near the hoop, just above or around the rim, as this is the focal point of their actions.",C6
13.png,2,"The player in the white jersey is reaching upwards with both hands, indicating an attempt to catch or shoot the ball. The player in the red jersey is also reaching towards the same area. The ball is likely near the hoop, just above or near the players' hands, as this is the typical position for a basketball during a shot or rebound.",D6
13.png,3,"The player in the white jersey is reaching up with both hands towards the basketball hoop, indicating an attempt to shoot or dunk the ball. The ball is likely near the player's hands and close to the rim, as the action suggests a scoring attempt. The most probable location of the ball is just above or near the rim in the center of the image.",E6
13.png,4,"The player in the white jersey is reaching up with both hands towards the basket, indicating an attempt to shoot or dunk the ball. The player in the red jersey is also reaching up, likely trying to block or contest the shot. The ball is most likely near the player's hands and close to the basket rim, as this is the focal point of the action.",E6
13.png,5,"The player in the white jersey is reaching upwards with both hands, indicating an attempt to catch or shoot the ball. The player in the red jersey is also reaching towards the same area. The ball is likely near the hoop, above the players' hands, as they are both focused on that spot. The most probable location is just above the rim of the basketball hoop.",C6
13.png,6,"The player in the white jersey is reaching upwards with both hands, indicating an attempt to catch or shoot the ball. The player in the red jersey is also reaching towards the same area. The ball is likely near the players' hands, just above or around the rim of the basketball hoop. Since the hoop is located in the middle of the image, the ball should be close to the top center of the hoop.",D6
13.png,7,"The player in the white jersey is reaching up towards the basketball hoop with both hands, indicating an attempt to shoot or dunk the ball. The player in the red jersey is also reaching up, likely trying to block or contest the shot. Given the positioning of their hands and the focus of their gaze, the ball is most likely just above or near the rim of the hoop.",E6
13.png,8,"The player in the white jersey is reaching upwards with both hands near the basketball hoop, indicating an attempt to shoot or dunk the ball. The ball is likely just above or near his hands, close to the rim. The most probable location is near the center of the hoop, slightly above the player's hands.",D6
13.png,9,"The player in the white jersey is reaching up with both hands towards the basketball hoop, indicating an attempt to score or catch the ball. The player in the red jersey is also reaching out, likely trying to block or contest the shot. The ball is most likely near the hoop, just above or around the rim, as this is the focal point of their actions.",C6
13.png,10,"The player in the white jersey is reaching upwards with both hands, indicating an attempt to shoot or dunk the ball. The player's focus and hand position suggest the ball is near the basket. The ball is likely just above or near the player's hands, close to the hoop.",E6
13.png,11,"The player in the white jersey is reaching upwards with both hands near the basket, indicating an attempt to catch or shoot the ball. The player in the red jersey is also reaching towards the same area, suggesting the ball is close to the hoop. The ball is most likely just above or near the rim of the basket.",C6
13.png,12,"The player in the white jersey is reaching upwards with both hands near the basketball hoop, indicating an attempt to shoot or dunk the ball. The ball is likely just above or near his hands, close to the rim. The most probable location is near the center of the hoop, slightly above the rim.",C6
13.png,13,"The player in the white jersey is reaching up with both hands towards the basket, indicating an attempt to shoot or dunk the ball. The player in the red jersey is also reaching up, likely trying to block or contest the shot. The ball is most likely near the player's hands and close to the basket rim, as this is the focal point of the action.",E6
13.png,14,"The player in the white jersey is reaching upwards with both hands, indicating an attempt to catch or shoot the ball. The player in the red jersey is also reaching towards the same area, suggesting the ball is in the air near the basket. The most likely location of the ball is just above or near the rim of the basketball hoop.",C6
13.png,15,"The player in the white jersey is reaching upwards with both hands near the basket, indicating an attempt to shoot or dunk the ball. The ball is likely just above or near his hands, close to the rim. The player in the red jersey is also reaching out, possibly trying to block or contest the shot. Given the positioning and action, the ball is most likely near the basket in the upper center part of the image.",C6
13.png,16,"The player in the white jersey is reaching up with both hands towards the basket, indicating he is likely attempting a shot or layup. The player in the red jersey is also reaching out, possibly trying to block or contest the shot. The ball is most likely near the player's hands and close to the basket rim, as this is the typical position during a shot attempt.",E6
13.png,17,"The player in the white jersey is reaching upwards with both hands, indicating an attempt to catch or block the ball. The player in the red jersey is also reaching out, suggesting the ball is between them. The most likely location of the ball is near the basketball hoop, just above the players' hands, as they are both focused on that area.",D6
13.png,18,"The player in the white jersey is reaching up with both hands towards the basket, indicating an attempt to shoot or dunk the ball. The player in the red jersey is also reaching out, likely trying to block or contest the shot. The ball is most likely near the player's hands and close to the basket rim, as this is the focal point of the action.",E6
13.png,19,"The player in the white jersey is reaching upwards with both hands, indicating an attempt to catch or shoot the ball. The player in the red jersey is also reaching towards the same area, suggesting the ball is near the basket. The ball is most likely just above or near the rim of the basket, where both players are focused.",C6
13.png,20,"The player in the white jersey is reaching up with both hands towards the basketball hoop, indicating an attempt to shoot or dunk the ball. The ball is likely just above or near his hands, close to the rim. The most probable location is near the center of the hoop, slightly above the player's hands.",C6
13.png,21,"The player in the white jersey is reaching upwards with both hands, indicating an attempt to catch or shoot the ball. The player's gaze is directed slightly above and in front of him, near the basketball hoop. The player in the red jersey is also reaching out, but the white jersey player's position and hand placement suggest he is closer to the ball. The ball is likely near the hoop, just above or around the rim, as this is a common position for a basketball during a shot or rebound.",C6
13.png,22,"The player in the white jersey is reaching upwards with both hands, indicating an attempt to catch or shoot the ball. The player in the red jersey is also reaching towards the same area. The ball is likely near the players' hands, close to the basket, as this is a typical position for a basketball during a shot or rebound. The most probable location is just above the players' hands and near the rim.",E6
13.png,23,"The player in the white jersey is reaching up with both hands towards the basket, indicating an attempt to shoot or dunk the ball. The player in the red jersey is also reaching out, likely trying to block or contest the shot. Given the positioning and the focus of both players' hands, the ball is most likely near the basket rim, just above or around the hoop.",D6
13.png,24,"The player in the white jersey is reaching up with both hands towards the basketball hoop, indicating an attempt to score or catch the ball. The player in the red jersey is also reaching out, suggesting a contest for the ball. The ball is most likely near the hoop, just above or near the player's hands in white, as this is the typical position during a shot or rebound.",D6
13.png,25,"The player in the white jersey is reaching upwards with both hands, indicating an attempt to catch or block the ball. The player in the red jersey is also reaching out, suggesting the ball is near their hands. The ball is likely near the basketball hoop, just above or around the rim, as the players are focused on that area for a shot or rebound.",E6
13.png,26,"The player in the white jersey is reaching upwards with both hands, indicating an attempt to catch or shoot the ball. The player in the red jersey is also reaching towards the same area. The ball is likely near the hoop, above the players' hands, as this is a common position for a basketball during a shot or rebound attempt.",D6
13.png,27,"The player in the white jersey is reaching upwards with both hands, indicating an attempt to catch or shoot the ball. The ball is likely near his hands, just above or around the rim of the basketball hoop. The hoop is located in the middle of the image, slightly to the right, so the ball should be close to that area.",C6
13.png,28,"The player in the white jersey is reaching upwards with both hands, indicating an attempt to shoot or dunk the ball. The player's eyes are focused above the rim, and the other player in the red jersey is also reaching towards the same area, likely trying to block or contest the shot. Given the positioning and body language of the players, the ball is most likely near the basketball hoop, just above or around the rim.",C6
13.png,29,"The player in the white jersey is reaching up with both hands towards the basketball hoop, indicating an attempt to score or catch the ball. The ball is likely near the player's hands and close to the rim. The most probable location is just above the player's hands and near the hoop.",E6
13.png,30,"The player in the white jersey is reaching up with both hands towards the basketball hoop, indicating that the ball is likely near his hands and close to the basket. The player in the red jersey is also reaching out, suggesting a contest for the ball. The ball is most likely just above or near the player's hands, close to the rim.",E6
13.png,31,"The player in the white jersey is reaching upwards with both hands near the basketball hoop, indicating an attempt to shoot or grab the ball. The player in the red jersey is also reaching towards the same area, suggesting the ball is close to the hoop. Since the ball is missing, it is most likely located near the rim or just above it, where both players are focused.",C6
13.png,32,"The player in white is reaching upwards with both hands near the basket, indicating an attempt to catch or shoot the ball. The ball is likely just above or near his hands, close to the rim. The most probable location is near the center of the hoop area, slightly above the rim.",C6
13.png,33,"The player in the white jersey is reaching upwards with both hands near the basketball hoop, indicating an attempt to shoot or dunk the ball. The ball is likely just above or near his hands, close to the rim. The most probable location is near the center of the hoop, slightly above the player's hands.",D6
13.png,34,"The player in the white jersey is reaching up with both hands towards the basket, indicating an attempt to shoot or dunk the ball. The ball is likely just above or near his hands, close to the rim. The player in the red jersey is also reaching up, possibly trying to block or contest the shot. Given the positioning and the focus of both players, the ball is most likely near the basket, slightly above the rim.",D6
13.png,35,"The player in the white jersey is reaching upwards with both hands, indicating an attempt to catch or block the ball. The player in the red jersey is also reaching out, suggesting the ball is near their hands. The ball is likely near the basket, just above or near the rim, as the players are focused on that area for a shot or rebound.",E6
13.png,36,"The player in the white jersey is reaching up with both hands towards the basket, indicating an attempt to shoot or dunk the ball. The player in the red jersey is also reaching out, likely trying to block or contest the shot. Given the positioning of the players and their focus, the ball is most likely near the basket, just above or near the rim.",C6
13.png,37,"The player in the white jersey is reaching up with both hands towards the basketball hoop, indicating an attempt to score or catch the ball. The player in the red jersey is also reaching out, likely trying to block or contest the shot. Given the positioning and the focus of both players, the ball is most likely near the hoop, just above or around the rim.",C6
13.png,38,"The player in the white jersey is reaching upwards with both hands, indicating he is likely attempting to catch or shoot the ball. The player in the red jersey is also reaching towards the same area. The ball is most likely near the player's hands, just above or around the rim of the basketball hoop. Since the hoop is located in the middle of the image, the ball should be close to the center top of the grid.",C6
13.png,39,"The player in the white jersey is reaching up with both hands towards the basketball hoop, indicating that the ball is likely just above or near his hands as he attempts a shot or a layup. The ball would be close to the rim, slightly above the player's hands, which are extended upwards. The most probable location is near the center of the hoop area.",C6
13.png,40,"The player in the white jersey is reaching upwards with both hands, indicating an attempt to catch or shoot the ball. The player in the red jersey is also reaching towards the same area. The ball is likely near the hoop, above the players' hands, as this is a common position for a basketball during a shot or rebound. The most probable location is just above the rim, near the center of the hoop.",C6
13.png,41,"The player in the white jersey is reaching upwards with both hands, indicating an attempt to catch or shoot the ball. The player in the red jersey is also reaching towards the same area. The ball is likely near the hoop, just above or near the player's hands. The most probable location is slightly above the player's hands near the basket rim.",D6
13.png,42,"The player in the white jersey is reaching upwards with both hands near the basket, indicating an attempt to catch or shoot the ball. The ball is likely near his hands, just above or around the rim. The most probable location is slightly above the rim in the center of the image.",C6
13.png,43,"The player in the white jersey is reaching upwards with both hands near the basketball hoop, indicating an attempt to score or catch the ball. The player in the red jersey is also reaching towards the same area, suggesting the ball is close to the hoop. The ball is likely just above or near the rim, where the players' hands are focused.",D6
13.png,44,"The player in the white jersey is reaching upwards with both hands, indicating an attempt to catch or shoot the ball. The player in the red jersey is also reaching towards the same area. The ball is likely near the players' hands, close to the basket. Since the players' hands are around the middle of the image horizontally and just below the basket vertically, the ball is most likely located near the rim.",E6
13.png,45,"The player in the white jersey is reaching upwards with both hands, indicating an attempt to catch or shoot the ball. The player in the red jersey is also reaching towards the same area. The ball is likely near the players' hands, close to the basketball hoop. Since the players' hands are around the middle of the image and near the hoop, the ball is most likely located just above or near their hands, close to the rim.",E6
13.png,46,"The player in the white jersey is reaching upwards with both hands near the basket, indicating an attempt to shoot or grab the ball. The player in the red jersey is also reaching towards the same area, suggesting the ball is close to the hoop. Since the ball is missing, it is most likely located near the rim where the players' hands are focused.",D6
13.png,47,"The player in the white jersey is reaching up with both hands towards the basketball hoop, indicating an attempt to shoot or dunk the ball. The ball is likely just above or near the player's hands, close to the rim. The most probable location is near the center of the hoop, slightly above the player's hands.",C6
13.png,48,"The player in the white jersey is reaching upwards with both hands, indicating an attempt to catch or shoot the ball. The ball is likely near the player's hands, just above the rim of the basketball hoop. The most probable location is slightly above and to the right of the player's hands, near the basket.",E6
13.png,49,"The player in the white jersey is reaching up with both hands towards the basket, indicating an attempt to shoot or dunk the ball. The ball is likely just above or near his hands, close to the hoop. The player in the red jersey is also reaching up, possibly trying to block or contest the shot. Given the positioning and the focus of both players, the ball is most likely near the rim, slightly above the player's hands.",E6
13.png,50,"The player in the white jersey is reaching upwards with both hands, indicating he is likely attempting to catch or shoot the ball. The player in the red jersey is also reaching towards the same area. The ball is most likely near the player's hands, just above or around the rim of the basketball hoop.",E6
11.png,1,"The player in white in cell E6 is jumping with both hands extended upwards, which is a typical position for shooting or catching the ball. The player in blue in cell E6 is also reaching up, likely trying to block or contest the shot. Given this action, the ball is most likely just above or near the hands of the player in white in cell E6.",E6
11.png,2,"The player in white in the center of the image is jumping with both hands raised, appearing to be in the act of shooting or passing the ball. The ball is likely just above his hands, as this is the typical position for a basketball during a shot or pass. The ball would be near the hoop, which is located in the upper center of the image.",E6
11.png,3,"The player in white in cell E6 is jumping with his arm extended upwards, which is a typical motion for shooting or passing the ball. The player in blue in cell D6 is also reaching up, likely trying to block or contest the shot. Given the positioning and body language of these players, the ball is most likely located near the outstretched hand of the player in white.",D6
11.png,4,"The player in white in cell E6 is jumping with both hands raised, appearing to be in the act of shooting or passing the ball. The player in blue in cell D6 is also reaching up, likely trying to block or contest the ball. Given the positioning and body language of these players, the ball is most likely located just above the hands of the player in white, around the area where the two players' hands are close together.",D6
11.png,5,"The player in white in cell E6 is jumping with his arm extended upwards, as if attempting a shot or pass. The player in blue in cell D6 is also reaching up, likely trying to block or contest the ball. Given the positions and gestures of these players, the ball is most likely located just above or near the outstretched hand of the player in white.",D6
11.png,6,"The player in white in cell E6 is jumping with his arm extended upwards, as if attempting a shot or pass. The player in blue in cell D6 is also reaching up, likely trying to block or contest the ball. Given the positions and gestures of these players, the ball is most likely located just above the outstretched hand of the player in white in cell E6.",D6
11.png,7,"The player in white in cell E6 is jumping with his arm extended upwards, which is a typical motion for shooting or passing the ball. The player in blue in cell D6 is also reaching up, likely trying to block or contest the shot. Given the positioning and body language, the ball is most likely just above the hand of the player in white in cell E6.",D6
11.png,8,"The player in white in the center of the image is jumping with both hands raised, appearing to be in the act of shooting or passing the ball. The ball is likely just above his hands, as this is the typical position for a basketball during a shot or pass. The ball would be near the hoop, which is located in the upper center of the image.",C6
11.png,9,"The player in white in cell E6 is jumping with both hands raised, appearing to be in the act of shooting or passing the ball. The player in blue in cell D6 is also reaching up, likely trying to block or contest the ball. Given the typical basketball play and the positioning of the players, the ball is most likely located just above the hands of the player in white in cell E6.",D6
11.png,10,"The player in white in cell E6 is jumping with both hands raised, appearing to be in the act of shooting or passing the ball. The player in blue in cell D6 is also reaching up, likely trying to block or contest the ball. Given the typical basketball play and the positioning of the players, the ball is most likely just above or near the hands of the player in white in cell E6.",D6
11.png,11,"The player in white in cell E6 is jumping with both hands raised, appearing to be in the act of shooting or passing the ball. The player in blue in cell D6 is also reaching up, likely trying to block or contest the ball. Given the positioning and body language of these players, the ball is most likely located just above the hands of the player in white, around the area where the two players' hands are close together.",D6
11.png,12,"The player in white in cell E6 is jumping with both hands raised, appearing to be in the act of shooting or passing the ball. The player in blue in cell D6 is also reaching up, likely trying to block or contest the ball. Given the typical basketball play and the positioning of the players, the ball is most likely just above the hands of the player in white in cell E6.",D6
11.png,13,"The player in white in cell E5 is jumping with both hands raised, appearing to be in the act of shooting or passing the ball. The player in blue in cell D5 is also reaching up, likely trying to block or contest the shot. Given the positioning and body language, the ball is most likely just above the hands of the player in white, around the area where the two players' hands are close together.",D5
11.png,14,"The player in white in cell E6 is jumping with both hands extended upwards, which is a typical motion for shooting or catching the ball. The player in blue in the same cell is also reaching up, likely trying to block or contest the shot. Given this interaction, the ball is most likely located near their hands in mid-air.",E6
11.png,15,"The player in white in cell E6 is jumping with both hands raised, appearing to be in the act of shooting or passing the ball. The player in blue in cell D6 is also reaching up, likely trying to block or contest the ball. Given the typical basketball play and the positioning of the players, the ball is most likely located just above the hands of the player in white in cell E6.",D6
11.png,16,"The player in white in cell E6 is jumping with his arm extended upwards, which is a typical motion for shooting or passing the ball. The player in blue in cell D6 is also reaching up, likely trying to block or contest the shot. Given the positioning and body language of these players, the ball is most likely just above or near the hand of the player in white in cell E6.",D6
11.png,17,"The player in white in cell E6 is jumping with both hands extended upwards, which is a typical shooting or passing motion in basketball. The player in blue in cell E6 is also reaching up, likely trying to block or contest the shot. Given this action, the ball is most likely located near the hands of the player in white who is jumping.",E6
11.png,18,"The player in white in cell E6 is jumping with his arm extended upwards, which is a typical motion for shooting or passing the ball. The player in blue in cell D6 is also reaching up, likely trying to block or contest the shot. Given this action, the ball is most likely located near the hand of the player in white who is jumping.",E6
11.png,19,"The player in white in cell E6 is jumping with both hands raised, appearing to be in the act of shooting or passing the ball. The player in blue in cell D6 is also reaching up, likely trying to block or contest the ball. Given the positioning and body language, the ball is most likely just above or near the hands of the player in white in cell E6.",E6
11.png,20,"The player in white in the center of the image (around column 6, row D) is jumping with both hands raised, which is a typical position for shooting or catching the ball. The player in blue directly in front of him is also reaching up, likely trying to block or contest the shot. Given this action, the ball is most likely just above or near the hands of the player in white who is jumping.",D6
11.png,21,"The player in white in cell E6 is jumping with both hands extended upwards, which is a typical position for attempting a shot or catching the ball. The player in blue in the same cell is also reaching up, likely trying to block or contest the ball. Given this interaction and the focus of both players' attention, the ball is most likely located just above or near their hands in this area.",E6
11.png,22,"The player in white in cell E6 is jumping with both hands extended upwards, which is a typical position for shooting or catching the ball. The player in blue in cell E6 is also reaching up, likely trying to block or contest the shot. Given this action, the ball is most likely just above or near the hands of the player in white in cell E6.",E6
11.png,23,"The player in white in cell E6 is jumping with both hands extended upwards, which is a typical shooting or passing motion in basketball. The player in blue in cell D6 is also reaching up, likely trying to block or contest the shot. Given this action, the ball is most likely located near the hands of the player in white who is jumping.",E6
11.png,24,"The player in white in the center of the image (around column 6, row D) is jumping with both hands raised, which is a typical position for shooting or catching the ball. The player in blue directly in front of him is also reaching up, likely trying to block or contest the shot. Given this action, the ball is most likely just above or near the hands of the player in white.",D6
11.png,25,"The player in white in cell E6 is jumping with his arm extended upwards, as if attempting a shot or a pass. The player in blue in cell E5 is also reaching up, likely trying to block or contest the ball. Given the typical basketball play and the positioning of the players' hands, the ball is most likely just above or near the outstretched hand of the player in white. This places the ball around the upper part of cell D6 or E6.",D6
11.png,26,"The player in white in cell E6 is jumping with both hands raised, appearing to be in the act of shooting or passing the ball. The player in blue in cell D6 is also reaching up, likely trying to block or contest the ball. Given the positioning and body language of these players, the ball is most likely located just above the hands of the player in white, around the area where the two players' hands are close together.",D6
11.png,27,"The player in white in cell E6 is jumping with both hands raised, appearing to be in the act of shooting or passing the ball. The player in blue in cell D6 is also reaching up, likely trying to block or contest the ball. Given the positioning and body language, the ball is most likely just above or near the hands of the player in white in cell E6.",E6
11.png,28,"The player in white in cell E6 is jumping with both hands raised, appearing to be in the act of shooting or passing the ball. The player in blue in cell D6 is also reaching up, likely trying to block or contest the ball. Given the typical basketball play and the positioning of the players, the ball is most likely located just above the hands of the player in white in cell E6.",D6
11.png,29,"The player in white in cell E6 is jumping with both hands raised, appearing to be in the act of shooting or passing the ball. The player in blue in cell D6 is also reaching up, likely trying to block or contest the ball. Given the typical basketball play and the players' hand positions, the ball is most likely just above or near the hands of the player in white in cell E6.",E6
11.png,30,"The player in white in cell E6 is jumping with both hands raised, appearing to be in the act of shooting or passing the ball. The player in blue in cell D6 is also reaching up, likely trying to block or contest the ball. Given the typical basketball play and the positioning of the players, the ball is most likely just above the hands of the player in white in cell E6.",D6
11.png,31,"The player in white in cell E6 is jumping with both hands raised, appearing to be in the act of shooting or passing the ball. The player in blue in cell D6 is also reaching up, likely trying to block or intercept the ball. Given the positioning and body language, the ball is most likely just above the hands of the player in white in cell E6.",D6
11.png,32,"The player in white in cell E6 is jumping with his arm extended upwards, as if attempting a shot or a pass. The player in blue in cell E5 is also reaching up, likely trying to block or intercept the ball. Given the positions and gestures of these players, the ball is most likely just above or near the hand of the player in white in cell E6.",D6
11.png,33,"The player in white in cell E6 is jumping with his arm extended upwards, as if attempting a shot or a pass. The player in blue in cell D6 is also reaching up, likely trying to block or contest the ball. Given the typical basketball play and the positioning of the players' hands, the ball is most likely just above the hands of the player in white, around the height of the basketball hoop. The hoop is located in cell B6, so the ball is likely near the top of the jump, close to the hoop.",C6
11.png,34,"The player in white in cell E6 is jumping with both hands raised, appearing to be in the act of shooting or passing the ball. The ball is likely just above or near his hands. There is no visible ball in the image, but based on the player's posture and the direction of his gaze, the ball is most likely located slightly above his hands in the same area.",D6
11.png,35,"The player in white in cell E6 is jumping with his arm extended upwards, as if attempting a shot or a pass. The player in blue in cell D6 is also reaching up, likely trying to block or intercept the ball. Given the positions and gestures of these players, the ball is most likely just above or near the outstretched hand of the player in white.",D6
11.png,36,"The player in white in the center of the image is jumping with both hands raised, appearing to be in the act of shooting or passing the ball. The player in blue directly in front of him is also reaching up, likely trying to block or intercept the ball. Given the positioning and body language, the ball is most likely just above the hands of the player in white, near the top center of the image.",E6
11.png,37,"The player in white in cell E6 is jumping with both hands raised, appearing to be in the act of shooting or passing the ball. The player in blue in cell D6 is also reaching up, likely trying to block or contest the ball. Given the positioning and body language, the ball is most likely just above the hands of the player in white, around the height of the basketball hoop, which is located near the center of the image in cells B5 to C6.",C6
11.png,38,"The player in white in cell E6 is jumping with both hands raised, appearing to be in the act of shooting or passing the ball. The player in blue directly in front of him is also reaching up, likely trying to block or contest the ball. Given the typical basketball play and the positioning of the players, the ball is most likely located near the hands of the player in white who is jumping.",E6
11.png,39,"The player in white in cell E6 is jumping with his arm extended upwards, appearing to be in the act of shooting or passing the ball. The player in blue in cell D6 is also reaching up, likely trying to block or contest the ball. Given the positioning and body language of these players, the ball is most likely located near the outstretched hand of the player in white.",D6
11.png,40,"The player in white in cell E6 is jumping with both hands raised, appearing to be in the act of shooting or passing the ball. The player in blue in cell D6 is also reaching up, likely trying to block or contest the ball. Given the positioning and body language, the ball is most likely just above or near the hands of the player in white in cell E6.",E6
11.png,41,"The player in white in cell E6 is jumping with both hands raised, appearing to be in the act of shooting or passing the ball. The player in blue in cell D6 is also reaching up, likely trying to block or contest the ball. Given the positioning and body language, the ball is most likely just above or near the hands of the player in white in E6.",D6
11.png,42,"The player in white in cell E6 is jumping with his arm extended upwards, as if attempting a shot or pass. The player in blue in cell D6 is also reaching up, likely trying to block or contest the ball. Given the positions and gestures of these players, the ball is most likely just above or near the outstretched hand of the player in white in cell E6.",D6
11.png,43,"The player in white in cell E6 is jumping with both hands raised, appearing to be in the act of shooting or passing the ball. The player in blue in cell D6 is also reaching up, likely trying to block or contest the ball. Given the positioning and body language, the ball is most likely just above or near the hands of the player in white in E6.",D6
11.png,44,"The player in white in cell E6 is jumping with both hands raised, appearing to be in the act of shooting or passing the ball. The player in blue in cell D6 is also reaching up, likely trying to block or contest the ball. Given the typical basketball play and the players' focus and hand positions, the ball is most likely just above the hands of the player in white in cell E6.",D6
11.png,45,"The player in white in the center of the image (around column 6, row D) is jumping with both hands raised, which is a typical posture for shooting or catching the ball. The player in blue directly in front of him is also reaching up, likely trying to block or contest the shot. Given this action, the ball is most likely just above or near the hands of the player in white.",D6
11.png,46,"The player in white in cell E6 is jumping with his arm extended upwards, which is a typical motion for shooting or passing the ball. The player in blue in cell D6 is also reaching up, likely trying to block or contest the shot. Given this interaction, the ball is most likely located near the hands of the player in white who is jumping.",D6
11.png,47,"The player in white in cell E6 is jumping with both hands raised, appearing to be in the act of shooting or passing the ball. The player in blue in cell D6 is also reaching up, likely trying to block or contest the shot. Given the typical basketball play and the positioning of the players, the ball is most likely just above or near the hands of the player in white in E6.",D6
11.png,48,"The player in white in the center of the image is jumping with both hands raised, appearing to be in the act of shooting or passing the ball. The ball is likely just above his hands, as this is the typical position for a basketball during a shot or pass. The other players are looking towards this player, further indicating that the ball is near him.",F6
11.png,49,"The player in white in cell E6 is jumping with his arm extended upwards, which is a typical shooting or passing motion in basketball. The player in blue in cell D6 is also reaching up, likely attempting to block or contest the shot. Given this action, the ball is most likely just above or near the hand of the player in white who is jumping.",D6
11.png,50,"The player in white in cell E6 is jumping with both hands extended upwards, which is a typical motion for shooting or catching the ball. The player in blue in cell E6 is also reaching up towards the same area, indicating the ball is likely in the air between them. Given the positioning and the action, the ball is most likely just above their hands in the air.",D6
10.png,1,"The player in the dark blue jersey (USA) in cell E6 is in a motion that suggests he is about to catch or dribble the ball. His hands are positioned in front of him at about waist height, which is a typical position for holding or receiving a basketball. The other players are looking towards this area, indicating the ball is likely near this player.",E6
10.png,2,"The player in the dark blue jersey (USA) in cell F6 is in a position that suggests he is about to catch or dribble the ball. His hands are positioned as if ready to receive or control the ball, and the player in white (cell F8) is facing him, likely defending. The ball is most likely near the hands of the player in the dark blue jersey.",F6
10.png,3,"The player in the dark blue jersey (USA) in cell E6 is in a position that suggests he is about to catch or dribble the ball. His hands are extended forward and his eyes are focused in front of him. The player in white jersey number 7 in cell F8 is facing him and appears to be defending, indicating the ball is likely between them. The ball is most likely in the air or just about to be caught near the hands of the player in blue.",E6
10.png,4,"The player in the dark blue jersey (USA) in cell E6 is in a position that suggests he is about to catch or dribble the ball. His hands are positioned as if ready to receive or control the ball, and the player in white (Japan) in cell E8 is facing him, likely defending. The ball is most likely near the hands of the player in the dark blue jersey.",E6
10.png,5,"The player in the dark blue jersey (USA) in cell E6 is in a position that suggests he is about to catch or dribble the ball, with his hands extended forward and eyes focused. The player in white jersey number 7 in cell F8 is facing him and appears to be defending. Given the typical basketball play and the players' body language, the ball is most likely near the hands of the player in the dark blue jersey.",E6
10.png,6,"The player in the dark blue jersey (USA) in cell E6 is in a position that suggests he is about to catch or dribble the ball, with his hands extended forward and eyes focused. The player in white jersey number 7 in cell E8 is facing him and appears to be defending, indicating the ball is likely near the USA player. The ball is most likely in the space just in front of the USA player’s hands.",E6
10.png,7,"The player in the dark blue jersey (USA) in cell E6 is in a position that suggests he is about to catch or dribble the ball. His hands are positioned as if ready to receive or control the ball, and the player in white in cell E8 is facing him, likely defending. The ball is most likely near the hands of the player in the dark blue jersey.",E6
10.png,8,"The player in the dark blue jersey (USA) in cell E6 is in a position that suggests he is about to catch or dribble the ball, with his hands extended forward and eyes focused. The player in white in cell E8 is facing him and appears to be defending. Given the typical basketball play and the body language of the players, the ball is most likely near the hands of the player in the dark blue jersey in cell E6.",E6
10.png,9,"The player in the dark blue jersey (USA) in cell E6 is in a motion that suggests he is about to catch or dribble the ball. His hands are positioned in front of him, and his eyes are focused downward, which is typical when handling the ball. The other players are looking towards this area, indicating the ball is likely near him.",E6
10.png,10,"The player in the dark blue jersey (USA) in cell F6 is in a position that suggests he is about to catch or dribble the ball, with his hands extended forward and eyes focused downward. The other players are looking towards this area, indicating the ball is likely near him. The ball is most likely in front of or just above his hands.",F6
10.png,11,"The player in the dark blue jersey (USA) in cell E6 is in a position that suggests he is about to catch or dribble the ball, with his hands extended forward and eyes focused. The player in white jersey number 7 in cell E8 is facing him and appears to be defending. Given the body language and positioning, the ball is most likely near the hands of the player in the dark blue jersey in cell E6.",E6
10.png,12,"The player in the dark blue jersey (USA) in cell E6 is in a position that suggests he is about to catch or dribble the ball. His hands are positioned as if ready to receive or control the ball, and the player in white in cell E8 is facing him, likely defending. The ball is most likely near the hands of the player in the dark blue jersey.",E6
10.png,13,"The player in the dark blue jersey (USA) in cell E6 is in a position that suggests he is about to catch or dribble the ball. His hands are positioned as if ready to receive or control the ball, and the player in white (cell E8) is facing him, likely defending. The ball is most likely near the hands of the player in the dark blue jersey.",E6
10.png,14,"The player in the dark blue jersey (USA) in cell E6 is in a position that suggests he is about to catch or dribble the ball. His hands are extended forward and his eyes are focused downward, which is typical when a player is handling the ball. The other players are looking towards this area, indicating the ball is likely there.",E6
10.png,15,"The player in the dark blue jersey (USA) in cell E6 is in a position that suggests he is about to catch or dribble the ball, with his hands extended forward and eyes focused. The player in white jersey number 7 in cell E8 is facing him and appears to be defending, indicating the ball is likely near the USA player. The ball is most likely in the space just in front of the USA player’s hands.",E6
10.png,16,"The player in the dark blue jersey (USA) in cell E6 is in a position that suggests he is about to catch or dribble the ball. His hands are positioned as if ready to receive or control the ball, and the player in white in cell E8 is facing him, likely defending. The ball is most likely near the hands of the player in dark blue.",E6
10.png,17,"The player in the dark blue jersey (USA) in cell E6 is in a position that suggests he is about to catch or dribble the ball. His hands are extended forward and his eyes are focused downward, which is typical when a player is handling the ball. The other players are looking towards this area, indicating the ball is likely there.",E6
10.png,18,"The player in the dark blue jersey (USA) in cell E6 is in a position that suggests he is about to catch or dribble the ball, with his hands extended forward and eyes focused. The player in white jersey number 7 in cell E8 is facing him and appears to be defending. The ball is likely near the hands of the player in blue, as this is the typical position for ball control during play.",E6
10.png,19,"The player in the dark blue jersey (USA) in cell E6 is in a position that suggests he is about to catch or dribble the ball, with his hands extended forward and eyes focused. The player in white jersey number 7 in cell E8 is facing him and appears to be defending. The ball is most likely near the hands of the player in the dark blue jersey, as this is the typical position for ball control during play.",E6
10.png,20,"The player in the dark blue jersey (USA) in cell F6 is in a motion that suggests he is about to catch or dribble the ball. His hands are positioned in front of him, and his eyes are focused downward, indicating the ball is likely near his hands. The other players are looking towards him, reinforcing that the ball is likely in his possession or very close to him.",F6
10.png,21,"The player in the dark blue jersey (USA) in cell E6 is in a position that suggests he is about to catch or dribble the ball, with his hands extended forward and eyes focused on that area. The player in white jersey number 7 in cell E8 is facing him and appears to be defending, indicating the ball is likely between them. The ball is most likely near the player's hands in E6, slightly to the right.",E6
10.png,22,"The player in the dark blue jersey (USA) in cell E6 is in a position that suggests he is about to catch or dribble the ball. His hands are positioned as if ready to receive or control the ball, and the player in white in cell E8 is facing him, likely defending. The ball is most likely near the hands of the player in the dark blue jersey.",E6
10.png,23,"The player in the dark blue jersey (USA) in cell E6 is in a position that suggests he is about to catch or dribble the ball. His hands are extended forward and his eyes are focused downward, which is typical when handling a basketball. The other players are looking towards this area, indicating the ball is likely near him.",E6
10.png,24,"The player in the dark blue jersey (USA) in cell E6 appears to be in a motion that suggests he is about to catch or dribble the ball. His hands are positioned in front of him, and his eyes are focused downward, which is typical when handling the ball. The other players are looking towards this area, indicating the ball is likely near him.",E6
10.png,25,"The player in the dark blue jersey (USA) in cell E6 is in a position that suggests he is about to catch or dribble the ball. His hands are extended forward and his eyes are focused downward, which is typical when handling a basketball. The other players are looking towards this area, indicating the ball is likely near him.",E6
10.png,26,"The player in the dark blue jersey (USA) in cell E6 is in a motion that suggests he is about to pass or shoot the ball. His hands are positioned as if holding or controlling the ball. The other players are looking towards him, indicating the ball is likely near him. The ball is most likely in front of or near his hands.",E6
10.png,27,"The player in the dark blue jersey (USA) in cell E6 is in a position that suggests he is about to catch or dribble the ball. His hands are extended forward and his eyes are focused in front of him. The ball is likely near his hands, slightly in front of him, as he is actively engaged in the play. The other players are looking towards this area, indicating the ball is there.",E6
10.png,28,"The player in the dark blue jersey (USA) in cell E6 is in a motion that suggests he is about to catch or dribble the ball, with his hands positioned in front of him. The other players are looking towards this area, indicating the ball is likely near him. The ball is most likely in front of this player, around waist to chest height.",E6
10.png,29,"The player in the dark blue jersey (USA) in cell E6 is in a motion that suggests he is about to pass or shoot the ball. His hands are positioned as if holding or controlling the ball. The other players are looking towards him, indicating the ball is likely near him.",E6
10.png,30,"The player in the dark blue jersey (USA) in cell F6 is in a position that suggests he is about to catch or dribble the ball, with his hands extended forward and eyes focused ahead. The ball is likely near his hands, slightly in front of him. The other players are looking towards this player, indicating the ball is in his possession or close to him.",F6
10.png,31,"The player in the dark blue jersey (USA) in cell E6 is in a position that suggests he is about to catch or dribble the ball. His hands are positioned as if ready to receive or control the ball, and the player in white (cell E8) is facing him, likely defending. The ball is most likely near the hands of the player in the dark blue jersey.",E6
10.png,32,"The player in the dark blue jersey (USA) in cell E6 is in a position that suggests he is about to catch or dribble the ball. His hands are extended forward and his eyes are focused in front of him, indicating the ball is likely near his hands. The other players are looking towards this area, reinforcing that the ball is likely close to this player.",E6
10.png,33,"The player in the dark blue jersey (USA) in cell E6 is in a motion that suggests he is about to dribble or pass the ball. His hands are positioned as if holding or controlling the ball. The other players are looking towards him, indicating he is the focal point of the play. Therefore, the ball is most likely located near his hands.",E6
10.png,34,"The player in the dark blue jersey (USA) in cell E6 is in a position that suggests he is about to catch or dribble the ball, with his hands extended forward and eyes focused. The player in white jersey number 7 in cell F8 is in a defensive stance facing the player in blue, indicating the ball is likely near the blue player. The ball is most likely in the air or just about to be caught near the hands of the player in blue.",E6
10.png,35,"The player in the dark blue jersey (USA) in cell E6 is in a position that suggests he is about to catch or dribble the ball. His hands are extended forward and his eyes are focused downward, which is typical when handling a basketball. The other players are looking towards this area, indicating the ball is likely near him.",E6
10.png,36,"The player in the dark blue jersey (USA) in cell E6 is in a position that suggests he is about to catch or dribble the ball, with his hands extended forward and eyes focused. The player in white jersey number 7 in cell F8 is facing him and appears to be defending. The ball is likely near the hands of the player in the dark blue jersey, as this is the typical position for ball control during play.",E6
10.png,37,"The player in the dark blue jersey (USA) in cell E6 is in a position that suggests he is about to catch or dribble the ball. His hands are positioned as if ready to receive or control the ball, and the player in white in cell E8 is facing him, likely defending. The ball is most likely near the hands of the player in the dark blue jersey.",E6
10.png,38,"The player in the dark blue jersey (USA) in cell E6 is in a position that suggests he is about to catch or dribble the ball. His hands are extended forward and his eyes are focused in front of him, indicating the ball is likely near his hands. The other players are looking towards this area, reinforcing that the ball is likely there.",E6
10.png,39,"The player in the dark blue jersey (USA) in cell E6 is in a position that suggests he is about to catch or dribble the ball. His hands are extended forward and his eyes are focused downward, which is typical when handling a basketball. The ball is likely near his hands, slightly in front of him.",E6
10.png,40,"The player in the dark blue jersey (USA) in cell E6 is in a position that suggests he is about to catch or dribble the ball, with his hands extended forward and eyes focused. The player in white jersey number 7 in cell F8 is facing him and appears to be defending. Given the body language and positioning, the ball is most likely near the hands of the player in the dark blue jersey in cell E6.",E6
10.png,41,"The player in the dark blue jersey (USA) in cell E6 is in a position that suggests he is about to catch or dribble the ball. His hands are positioned as if ready to receive or control the ball, and the player in white (cell E8) is facing him, likely defending. The ball is most likely near the hands of the player in the dark blue jersey.",E6
10.png,42,"The player in the dark blue jersey (USA) in cell E6 is in a position that suggests he is about to catch or dribble the ball. His hands are extended forward and slightly upward, which is a typical posture for receiving or controlling a basketball. The other players are looking towards this area, indicating the ball is likely near him.",E6
10.png,43,"The player in the dark blue jersey (USA) in cell E6 is in a position that suggests he is about to catch or dribble the ball, with his hands extended forward and eyes focused. The player in white jersey number 7 in cell E8 is facing him and appears to be defending, indicating the ball is likely near the USA player. The ball is most likely in front of the USA player’s hands, around the middle of the court in the same row.",E6
10.png,44,"The player in the dark blue jersey (USA) in cell E6 is in a position that suggests he is about to catch or dribble the ball. His hands are extended forward and his eyes are focused in front of him. The player in white in cell E8 is facing him and appears to be defending, indicating the ball is likely between them. The ball is most likely near the player's hands in E6.",E6
10.png,45,"The player in the dark blue jersey (USA) in cell E6 is in a position that suggests he is about to catch or dribble the ball, with his hands extended forward and eyes focused. The player in white in cell E8 is also looking towards this area, indicating the ball is likely near the USA player. The ball is most likely in front of the USA player, around the height of his hands.",E6
10.png,46,"The player in the dark blue jersey (USA) in cell F6 is in a position that suggests he is about to catch or dribble the ball, with his hands extended forward and eyes focused. The player in white jersey number 7 in cell F8 is facing him and appears to be defending. Given the typical basketball play and the players' body language, the ball is most likely near the hands of the player in the dark blue jersey.",F6
10.png,47,"The player in the dark blue jersey (USA) in cell E6 is in a position that suggests he is about to catch or dribble the ball, with his hands extended forward and eyes focused. The player in white in cell E8 is facing him and appears to be defending. Given the typical basketball play and body language, the ball is most likely near the hands of the player in the dark blue jersey in cell E6.",E6
10.png,48,"The player in the dark blue jersey (USA) in cell E6 is in a position that suggests he is about to catch or dribble the ball. His hands are extended forward and his body is oriented towards the player in white in cell E8, indicating he is likely controlling the ball. The ball is most likely near his hands, slightly in front of him.",E6
10.png,49,"The player in the dark blue jersey (USA) in cell E6 is in a position that suggests he is about to catch or dribble the ball. His hands are extended forward and his eyes are focused in front of him, indicating the ball is likely near his hands. The other players are looking towards him, reinforcing that the ball is in his vicinity.",E6
10.png,50,"The player in the dark blue jersey (USA) in cell F6 is in a position that suggests he is about to catch or dribble the ball, with his hands extended forward and eyes focused ahead. The player in white jersey number 7 in cell F8 is in a defensive stance facing the player in blue, indicating the ball is likely near the blue player. The ball is most likely in front of the blue player, around the area where his hands are positioned.",F6
35.png,1,"The player in the red jersey in cell E6 is holding his hands in a position that suggests he is about to catch or has just caught the ball. The other players are looking towards this area, indicating the ball is likely near this player. The ball is most likely in the air or just about to be caught around this location.",E6
35.png,2,"The player in cell E5 is holding his hands in a position that suggests he is about to catch or already has the ball. The other players around him are looking towards that area, indicating the ball is likely near him. Given the typical basketball play and the player's stance, the ball is most likely in front of or just above his hands.",E5
35.png,3,"The player in the red jersey in cell E6 is holding his hands in a position that suggests he is about to catch or already has the ball. The other players around him are looking towards that area, indicating the ball is likely near him.",E6
35.png,4,"The player in cell E5 is holding his hands in a position that suggests he is about to catch or has just released the ball. The player in cell D5 is looking towards that area and appears to be ready to receive or contest the ball. Given the players' focus and hand positions, the ball is most likely located near the hands of the player in E5.",E5
35.png,5,"The player in cell E5 is holding his hands in a position that suggests he is about to catch or has just caught the ball. Additionally, the player in cell D5 is looking towards that same area, indicating the ball is likely there. The other players' focus and body orientation also support this inference.",E5
35.png,6,"The player in the red jersey in cell E6 is holding his hands in a position that suggests he is about to catch or has just caught the ball. The other players are looking towards this area, indicating the ball is likely near him.",E6
35.png,7,"The player in the red jersey in cell E6 is holding his hands in a position that suggests he is about to catch or already has the ball. His eyes are focused on his hands, and the other players around him are also looking in that direction, indicating the ball is likely there.",E6
35.png,8,"The player in cell E5 is in a position that suggests he is about to catch or has just released the ball, as his hands are raised and focused forward. The player in cell D6 is also looking towards that area, indicating the ball is likely in the space between them. Given the typical basketball play and the players' body language, the ball is most likely in mid-air between these two players.",D6
35.png,9,"The player in cell E5 is holding his hands in a position that suggests he is about to catch or has just released the ball. The player in cell D6 is also looking towards this area and appears ready to receive or contest the ball. Given the players' focus and hand positions, the ball is most likely located near the hands of the player in E5.",E5
35.png,10,"The player in the red jersey in cell E6 is holding his hands in a position that suggests he is about to catch or already has the ball. The other players around him are looking towards that area, indicating the ball is likely there.",E6
35.png,11,"The player in cell E2 is in a position that suggests he is holding or about to catch the ball, as his hands are raised and focused forward. The other players around him are looking in his direction, indicating that the ball is likely near him. The ball is most likely in the space just above or near his hands.",D2
35.png,12,"The player in cell E5 is holding his hands in a position that suggests he is about to catch or already has the ball. The other players around him are looking towards that area, indicating the ball is likely near him.",E5
35.png,13,"The player in the red jersey in cell E6 is holding his hands in a position that suggests he is about to catch or already has the ball. His eyes are focused downward and his body posture indicates he is controlling the ball. The other players around him are either looking at him or moving in response to his position, which supports the idea that the ball is near him.",E6
35.png,14,"The player in the red jersey in cell E6 is holding his hands in a position that suggests he is about to catch or already has the ball. The other players around him are looking towards that area, indicating the ball is likely near him.",E6
35.png,15,"The player in the red jersey in cell E6 is holding his hands in a position that suggests he is about to catch or already has the ball. The other players around him are looking towards that area, indicating the ball is likely there.",E6
35.png,16,"The player in the red jersey in cell E6 is holding his hands in a position that suggests he is about to catch or already has the ball. The player in black in cell D5 is also reaching towards this player, indicating the ball is likely in this area. The ball is most likely near the hands of the player in red in E6.",E6
35.png,17,"The player in the red jersey in cell E6 is holding his hands in a position that suggests he is about to catch or already has the ball. His eyes are focused downward and his body posture indicates he is ready to receive or control the ball. The other players around him are also oriented towards this area, indicating the ball is likely near him.",E6
35.png,18,"The player in cell E2 is in a position that suggests he is about to catch or dribble the ball, as his hands are extended forward and his body is oriented towards the center of the court. The other players are either looking towards him or moving in a way that indicates the ball is near him. Therefore, the ball is most likely located near this player.",E2
35.png,19,"The player in the red jersey in cell E6 is in a position that suggests he is about to catch or already has caught the ball, as his hands are raised and focused forward. The other players around him are looking in his direction, indicating the ball is likely near him.",E6
35.png,20,"The player in the red jersey in cell E6 is holding his hands in a position that suggests he is about to catch or already has the ball. The player in black in cell D5 is reaching towards him, indicating the ball is likely near the red player. The ball is most likely in the air or just above the hands of the red player in E6.",E6
35.png,21,"The player in cell E5 is in a position that suggests he is about to catch or has just caught the ball, as his hands are raised and focused forward. The other players around him are also oriented towards this area, indicating the ball is likely near him.",E5
35.png,22,"The player in cell E5 is holding his hands in a position that suggests he is about to catch or has just caught the ball. Additionally, the player in cell D6 is looking towards E5, indicating that the ball is likely in that area. The other players' focus and body orientation also support this inference.",E5
35.png,23,"The player in the red jersey in cell E6 is holding his hands in a position that suggests he is about to catch or already has the ball. His eyes are focused downward and his body posture indicates he is engaged with the ball. Additionally, the player in black in cell D5 is reaching out towards this player, likely trying to defend or intercept the ball. This makes it most likely that the ball is located near the hands of the player in E6.",E6
35.png,24,"The player in cell E6 is holding his hands in a position that suggests he is about to catch or already has the ball. His eyes are focused forward, and the other players around him are looking in his direction, indicating that the ball is likely near him. The ball is most likely in front of or very close to this player.",E6
35.png,25,"The player in the red jersey in cell E6 is holding his hands in a position that suggests he is about to catch or already has the ball. His eyes are focused downward and his body posture indicates he is ready to receive or control the ball. Additionally, the player in black in cell D5 is reaching out towards the same area, indicating the ball is likely in that vicinity.",E6
35.png,26,"The player in the red jersey in cell E6 is holding his hands in a position that suggests he is about to catch or already has the ball. His eyes are focused downward and his body posture indicates he is ready to receive or control the ball. The other players around him are also oriented towards this area, indicating the ball is likely there.",E6
35.png,27,"The player in the black and orange uniform in cell E5 is reaching out with both hands and looking upwards, which is a typical posture for catching or holding a basketball. The other players around him are also focused on that area, indicating the ball is likely near his hands.",E5
35.png,28,"The player in the red jersey in cell E6 is holding his hands in a position that suggests he is about to catch or already has the ball. The other players around him are looking towards that area, indicating the ball is likely there.",E6
35.png,29,"The player in the red jersey in cell E6 is holding his hands in a position that suggests he is about to catch or already has the ball. The other players around him are looking towards that area, indicating the ball is likely near him. The ball is most likely in the air or just about to be caught by this player.",E6
35.png,30,The player in the red jersey in cell E6 is holding his hands in a position that suggests he is about to catch or already has the ball. His eyes are focused downward and his body posture indicates he is ready to receive or control the ball. The other players around him are either looking at him or moving in a way that supports this inference.,E6
35.png,31,"The player in the red jersey in cell E6 is holding his hands in a position that suggests he is about to catch or already has the ball. The other players are looking towards him, indicating that the ball is likely in his possession or very close to him.",E6
35.png,32,"The player in cell E2 is in a position that suggests he is about to catch or dribble the ball, as his hands are extended forward and his body is oriented towards the center of the court. The other players are either looking towards him or moving in a way that indicates the ball is near him. Therefore, the ball is most likely located near this player.",E2
35.png,33,"The player in the red jersey in cell E6 is holding his hands in a position that suggests he is about to catch or already has the ball. The other players around him are looking towards that area, indicating the ball is likely there.",E6
35.png,34,"The player in the red jersey in cell E6 is reaching out with both hands and looking upwards, which suggests he is about to catch or already has the ball. The other players around him are also focused on this area, indicating the ball is likely near him.",E6
35.png,35,"The player in cell E2 is in a position that suggests he is about to catch or dribble the ball, as his hands are extended forward and his body is oriented towards the center of the court. The other players are either looking towards him or moving in a way that indicates the ball is near him. Therefore, the ball is most likely located near this player.",E2
35.png,36,"The player in cell E5 is in a position that suggests he is about to catch or already has the ball, as his hands are raised and positioned in front of him. The player in D5 is also looking towards this area, indicating the ball is likely near E5. The other players' attention and body orientation support this inference.",E5
35.png,37,"The player in cell E2 is in a position that suggests he is about to catch or dribble the ball, as his hands are extended forward and his eyes are focused in that direction. The other players are either looking towards him or moving in a way that indicates the ball is near him. Therefore, the ball is most likely located near the hands of the player in E2.",E2
35.png,38,"The player in the red jersey in cell E6 is holding his hands in a position that suggests he is about to catch or already has the ball. The other players around him are looking towards that area, indicating the ball is likely near him.",E6
35.png,39,"The player in the red jersey in cell E6 is holding his hands in a position that suggests he is about to catch or already has the ball. The other players around him are looking towards that area, indicating the ball is likely near him. The ball is most likely in the air or just about to be caught in front of this player.",E6
35.png,40,"The player in the red jersey in cell E6 is holding his hands in a position that suggests he is about to catch or already has the ball. The other players around him are looking towards that area, indicating the ball is likely there.",E6
35.png,41,"The player in cell E2 is in a position that suggests he is about to catch or dribble the ball, as his hands are extended forward and his body is angled towards the right. The other players are either looking towards him or moving in a way that indicates the ball is near him. Therefore, the ball is most likely near this player.",E2
35.png,42,"The player in cell E5 is holding his hands in a position that suggests he is about to catch or has just caught the ball. The other players are looking towards this player, indicating that the ball is likely near him. The ball is most likely in the air close to his hands.",E5
35.png,43,"The player in the red jersey in cell E6 is holding his hands in a position that suggests he is about to catch or already has the ball. The other players around him are looking towards that area, indicating the ball is likely near him.",E6
35.png,44,"The player in the red jersey in cell E6 is holding his hands in a position that suggests he is about to catch or already has the ball. The other players are looking towards this area, indicating the ball is likely near this player.",E6
35.png,45,"The player in the red jersey in cell E6 is holding his hands in a position that suggests he is about to catch or already has the ball. The other players around him are looking towards that area, indicating the ball is likely there. The ball is most likely near his hands, which are positioned around the middle of the court.",E6
35.png,46,"The player in cell E5 is holding his hands up and appears to be in the motion of catching or dribbling the ball. The player in D5 is also looking towards this area, indicating the ball is likely near them. The other players' attention is focused around this spot as well. Therefore, the ball is most likely located near the player in E5.",E5
35.png,47,"The player in cell E5 is holding his hands in a position that suggests he is about to catch or has just released the ball. Additionally, the player in cell D5 is looking towards that area and appears to be ready to receive or contest the ball. The ball is likely in mid-air between these two players.",D5
35.png,48,"The player in the red jersey in cell E6 is holding his hands in a position that suggests he is about to catch or already has the ball. The other players around him are looking towards that area, indicating the ball is likely near him.",E6
35.png,49,"The player in cell E2 is in a position that suggests he is about to catch or dribble the ball, as his hands are extended forward and his eyes are focused in front of him. The other players are either looking towards him or moving in a way that indicates the ball is near him. Therefore, the ball is most likely located near this player.",E2
35.png,50,"The player in the red jersey in cell E6 is holding his hands in a position that suggests he is about to catch or already has the ball. His eyes are focused on his hands, and the player in black in cell D5 is reaching towards him, likely trying to defend or steal the ball. This indicates the ball is most likely in the possession of the player in E6.",E6
22.png,1,"The player in the dark blue jersey in cell D3 is jumping with his right arm extended upwards, which is a typical motion for attempting a shot or a pass. The player in the white jersey in cell E4 is looking up towards the same area, indicating the ball is likely above or near the outstretched hand of the jumping player. The ball is most likely in the air near the basket, around the top center of the image.",C4
22.png,2,"The player in the dark blue jersey in cell D3 is jumping with his right arm extended upwards, which is a typical position for attempting a shot or a pass. The player in the white jersey in cell E4 is looking up towards the same area, indicating the ball is likely above or near the outstretched hand of the jumping player. The ball is most likely in the air just above the player's hand in D3.",C3
22.png,3,"The player in the dark blue jersey in cell D3 is jumping with his right arm extended upwards, which is a typical motion for shooting or attempting to catch the ball. The player in the white jersey in cell E4 is also looking upwards and appears to be preparing to react to the ball. Given the positioning and body language of the players, the ball is most likely near the outstretched hand of the jumping player in D3, slightly above him.",C3
22.png,4,"The player in the dark blue jersey in cell D3 is jumping with his right arm extended upward, as if attempting to shoot or pass the ball. The player in the white jersey in cell E4 is also looking up and reaching with his left hand, likely trying to block or intercept the ball. Given the positioning and body language of the players, the ball is most likely located just above the outstretched hand of the player in D3, near the basketball hoop in the upper center of the image.",C4
22.png,5,"The player in the dark blue jersey in cell D3 is jumping with his arm extended upwards, as if attempting to shoot or catch the ball. The player in the white jersey in cell E4 is also reaching upwards, likely trying to block or intercept the ball. Given the positioning and body language of these players, the ball is most likely located near the outstretched hand of the player in D3, just above or around that area.",D3
22.png,6,"The player in the dark blue jersey with the number 4 on it is jumping with his right arm extended upwards, as if attempting to shoot or catch the ball. The player in the white jersey with the number 17 is looking up towards the same area. The ball is most likely above the player's outstretched hand, near the basketball hoop. This area corresponds to the grid cells around the hoop, which is located near the top center of the image.",C5
22.png,7,"The player in the dark blue jersey in cell D3 is jumping with his right arm extended upwards, as if attempting a shot or a rebound. The player in the white jersey in cell E4 is also looking upwards and appears to be preparing to catch or block the ball. Given the typical basketball play and the positioning of the players, the ball is most likely above the player in D3's outstretched hand, near the basket.",C3
22.png,8,"The player in the dark blue jersey in cell D3 is jumping with his right arm extended upward, which is a typical motion for attempting a shot or a pass. The player in the white jersey in cell E4 is looking up and reaching out with his left hand, likely trying to block or catch the ball. Given the positions and body language of the players, the ball is most likely located just above the outstretched hand of the player in D3, near the basket.",C3
22.png,9,"The player in the dark blue jersey near cell D3 is jumping with his arm extended upwards, which is a typical motion for attempting a shot or a rebound. The player in the white jersey near D4 is also looking upwards and appears to be preparing to contest or catch the ball. Given the positioning and body language of the players, the ball is most likely near the basket, above the rim, where the player in blue is reaching.",C3
22.png,10,"The player in the dark blue jersey in cell D3 is jumping with his arm extended upwards, which is a typical motion for shooting or passing the ball. The player in the white jersey in cell E4 is also looking upwards and appears to be preparing to catch or block the ball. Given the positioning and body language of the players, the ball is most likely near the player's hand in D3, just above or around that area.",C3
22.png,11,"The player in the dark blue jersey with the number 4 on it is jumping and has his right arm extended upwards, which is a typical position for someone attempting a shot or a pass. The ball is likely near his hand. The ball would be above the players and near the basket, which is located in the upper middle part of the image. The most likely location of the ball is just above the player's hand, near the basket.",C3
22.png,12,"The player in the dark blue jersey in cell D3 is jumping with his right arm extended upwards, which is a typical motion for attempting a shot or a pass. The other players are looking towards the area above him, and the basketball hoop is located in cells B5 and C5. Given the player's position and the direction of his arm, the ball is most likely near his hand, just above or around cell D3.",D3
22.png,13,"The player in the dark blue jersey near cell D3 is jumping with his right arm extended upwards, which is a typical motion for attempting a shot or a rebound. The player in the white jersey near D4 is also looking upwards and appears to be preparing to contest or catch the ball. Given the positioning and body language of the players, the ball is most likely near the hoop, just above or near the player's outstretched hand in D3.",D3
22.png,14,"The player in the dark blue jersey in cell D3 is jumping with his right arm extended upwards, as if attempting to shoot or catch the ball. The player in the white jersey in cell E4 is also looking up and reaching with his left arm, likely trying to block or intercept the ball. Given the positioning and body language of these players, the ball is most likely located near the outstretched hand of the player in D3, just above or around that area.",D3
22.png,15,"The player in the dark blue jersey in cell D3 is jumping with his right arm extended upwards, which is a typical motion for shooting or passing the ball. The other players are looking towards the area above him, indicating the ball is likely in the air near his hand. The ball is most likely just above or near his outstretched hand.",C3
22.png,16,"The player in the dark blue jersey in cell D3 is jumping with his right arm extended upwards, as if reaching to shoot or catch the ball. The player in the white jersey in cell E4 is also looking up and appears to be preparing to defend or catch the ball. Given the typical basketball play and the players' focus, the ball is most likely just above the hand of the player in D3, near the basket.",C3
22.png,17,"The player in the dark blue jersey in cell D3 is jumping with his right arm extended upwards, as if reaching to catch or shoot the ball. The player in the white jersey in cell E4 is also looking up and appears to be preparing to contest or receive the ball. Given the positioning and body language of the players, the ball is most likely just above the hand of the player in D3, near the center of the action.",D3
22.png,18,"The player in the dark blue jersey in cell D3 is jumping with his arm extended upwards, which is a typical motion for shooting or passing the ball. The player in the white jersey in cell E4 is also looking up and reaching towards the same area. The basketball hoop is located in cells B5 and C5, so the ball is likely near the player's hand in D3, close to the hoop for a shot attempt.",D3
22.png,19,"The player in the dark blue jersey in cell D4 is jumping with his right arm extended upwards, which is a typical motion for shooting or attempting to catch the ball. The other players are looking towards this area, indicating the ball is likely near his hand. The ball is most likely just above or near his outstretched hand.",C4
22.png,20,"The player in the dark blue jersey in cell D3 is jumping with his right arm extended upwards, which is a typical motion for attempting a shot or a pass. The player in the white jersey in cell E4 is also looking up and appears to be preparing to react to the ball. Given the positioning and body language of the players, the ball is most likely just above the outstretched hand of the player in D3.",C3
22.png,21,"The player in the dark blue jersey in cell D3 is jumping with his right arm extended upwards, which is a typical motion for shooting or passing the ball. The other players are looking towards the area above him, and the basketball hoop is located in the upper middle part of the image. Given this, the ball is most likely just above or near the player's outstretched hand as he attempts a shot or pass.",C3
22.png,22,"The player in the dark blue jersey in cell D3 is jumping with his right arm extended upwards, which is a typical motion for shooting or passing the ball. The other players are looking towards the area above him, indicating the ball is likely in the air near his hand. The most probable location of the ball is just above his outstretched hand in cell C3.",C3
22.png,23,"The player in the dark blue jersey in cell D3 is jumping with his right arm extended upwards, as if reaching to catch or shoot the ball. The player in the white jersey in cell E4 is also looking up and appears to be preparing to contest or receive the ball. Given the typical basketball play and the players' focus, the ball is most likely just above the hand of the player in D3, near the basket.",C3
22.png,24,"The player in the dark blue jersey in cell D3 is jumping with his right arm extended upwards, as if attempting to shoot or catch the ball. The player in the white jersey in cell E4 is also looking up and reaching out with his left hand, likely trying to block or catch the ball. Given the positioning and body language of these players, the ball is most likely located just above the player in D3's hand, near the basketball hoop.",C3
22.png,25,"The player in the dark blue jersey at D3 is jumping with his right arm extended upwards, which is a typical motion for attempting a shot or a dunk. The other players are looking towards that area, indicating the ball is likely near his hand. The ball is most likely just above or near his outstretched hand.",C3
22.png,26,"The player in the dark blue jersey in cell D3 is jumping with his right arm extended upwards, which is a typical motion for shooting or attempting to catch the ball. The player in the white jersey in cell E4 is also looking upwards and reaching out with his right hand, indicating he is likely trying to block or catch the ball. Given these cues, the ball is most likely located near the outstretched hand of the player in D3, just above or around that area.",C3
22.png,27,"The player in the dark blue jersey in cell D3 is reaching up with his right hand, as if attempting to catch or block the ball. The player in the white jersey in cell E4 is also looking upwards and appears to be preparing to receive or intercept the ball. Given the positioning and body language of these players, the ball is most likely in the air near their hands. The most probable location is just above the player in the dark blue jersey's hand in cell D3.",D3
22.png,28,"The player in the dark blue jersey in cell D3 is jumping with his arm extended upwards, as if attempting to shoot or catch the ball. The player in the white jersey in cell E4 is also reaching up towards the same area. The ball is likely near the hoop, which is located in the upper middle part of the image, around cells B5 and C5. Given the players' focus and hand positions, the ball is most likely just above or near the hoop.",B5
22.png,29,"The player in the dark blue jersey with the number 4 on it is jumping and has his right arm extended upwards, which is a typical position for attempting a shot or a pass. The other players are looking towards the area above the hoop, indicating the ball is likely near the basket. The ball is most likely just above the rim, near the player's hand who is attempting the shot.",D2
22.png,30,"The player in the dark blue jersey with the number 4 on it, located in cell D3, has his arm extended upwards as if he is about to catch or shoot the ball. The other players are looking towards this area, indicating the ball is likely near his hand. The ball is most likely just above or near his outstretched hand.",C3
22.png,31,"The player in the dark blue jersey in cell D3 is jumping with his right arm extended upwards, which is a typical position for attempting a shot or a pass. The player in the white jersey in cell E4 is looking up towards the same area, indicating the ball is likely near the outstretched hand of the jumping player. The ball is most likely just above or near the hand of the jumping player in D3.",C3
22.png,32,"The player in the dark blue jersey in cell D4 is jumping with his right arm extended upwards, as if reaching to shoot or catch the ball. The player in the white jersey in cell E4 is also looking up and appears to be defending or attempting to block the shot. Given the positioning and body language of the players, the ball is most likely just above the outstretched hand of the player in D4.",C4
22.png,33,"The player in the dark blue jersey in cell D3 is jumping with his right arm extended upwards, which is a typical motion for attempting a shot or a pass. The other players are looking towards the area above him, and the basketball hoop is located in cells B5 and C5. Given the player's position and the direction of his arm, the ball is most likely just above his hand, near the hoop.",C4
22.png,34,"The player in the dark blue jersey in cell D3 is jumping with his arm extended upwards, which is a typical motion for shooting or passing the ball. The player in the white jersey in cell E4 is also looking up and reaching towards the same area, indicating the ball is likely in the air between them. The basketball hoop is located in cells B5 and C5, so the ball is likely near the hoop but slightly lower, around where the players are interacting.",D4
22.png,35,"The player in the dark blue jersey in cell D3 is jumping with his right arm extended upwards, which is a typical motion for shooting or passing the ball. The other players are looking towards the area above him, and the basketball hoop is located in cells B5 and C5. Given the player's position and the direction of attention, the ball is most likely near his outstretched hand, just below the hoop.",D4
22.png,36,"The player in the dark blue jersey in cell D3 is jumping with his right arm extended upwards, which is a typical position for attempting a shot or a pass. The other players are looking towards this area, indicating the ball is likely near his hand. The ball is most likely just above or near his outstretched hand.",C3
22.png,37,"The player in the dark blue jersey in cell D3 is jumping with his right arm extended upwards, which is a typical motion for attempting a shot or a pass. The player in the white jersey in cell E4 is also looking up and reaching towards the same area, indicating the ball is likely in the air between them. The basketball hoop is located in cells B5 and C5, so the ball is likely near the hoop, just above the players' hands.",C4
22.png,38,"The player in the white jersey on the right side of the image (in cell F9) is extending his right arm and looking upwards, which suggests he is about to catch or shoot the ball. The player in the dark jersey near the center (around E4) is also looking upwards and appears to be preparing to contest or intercept the ball. Given the players' focus and arm positions, the ball is most likely in the air above or near the player in white on the right side, around the area where his hand is reaching.",E9
22.png,39,"The player in the dark blue jersey in cell D3 is jumping with his right arm extended upwards, which is a typical motion for attempting a shot or a pass. The player in the white jersey in cell E4 is also looking upwards and appears to be preparing to catch or block the ball. Given the positioning and body language of the players, the ball is most likely located just above the player's outstretched hand in cell D3, near the basket.",C3
22.png,40,"The player in the white jersey on the right side of the image (in cell F9) is looking upwards and has his hands positioned as if he is about to catch or has just released the ball. The player in the dark jersey near the center (around E4) is also looking upwards and reaching out, indicating the ball is likely in the air between them. Given the players' focus and hand positions, the ball is most likely above the court near the basket, around the area where the players are looking and reaching.",D5
22.png,41,"The player in the dark blue jersey in cell D3 is jumping with his right arm extended upwards, which is a typical motion for shooting or passing the ball. The player in the white jersey in cell E4 is looking up towards the same area, indicating the ball is likely above or near the outstretched hand of the jumping player. The basketball hoop is located in cells B5 and C5, so the ball is likely in the air near the hoop, just above the player's hand.",C3
22.png,42,"The player in the dark blue jersey near cell D3 is jumping with his arm extended upwards, which is a typical motion for shooting or attempting to catch the ball. The other players are looking towards the area above him, indicating the ball is likely near his hand. The ball would be close to the basket, which is located around cells B5 and B6. Given the player's position and the trajectory, the ball is most likely just above his hand, near the basket.",C3
22.png,43,"The player in the dark blue jersey in cell D3 is jumping with his right arm extended upwards, which is a typical motion for attempting a shot or a pass. The player in the white jersey in cell E4 is also looking upwards and appears to be preparing to catch or block the ball. Given the positioning and body language of the players, the ball is most likely located just above the outstretched hand of the player in D3.",C3
22.png,44,"The player in the dark blue jersey in cell D3 is jumping with his arm extended upwards, which is a typical motion for attempting a shot or a pass. The player in the white jersey in cell E4 is also looking upwards and appears to be preparing to catch or block the ball. Given the positioning and body language of the players, the ball is most likely located near the outstretched hand of the jumping player in D3.",D3
22.png,45,"The player in the dark blue jersey in cell D3 is jumping with his right arm extended upwards, as if reaching to shoot or catch the ball. The player in the white jersey in cell E4 is also looking up and appears to be preparing to block or catch the ball. Given the typical basketball play and the players' focus, the ball is most likely just above the hand of the player in D3, near the basket.",C3
22.png,46,"The player in the white jersey on the right side of the image (in cell F9) is looking upwards with his hands raised, which suggests he is about to catch or has just released the ball. The player in the dark jersey near the center (around D4) is also looking upwards and reaching out, indicating the ball is likely in the air between them. The basketball hoop is located in the upper middle part of the image (around B5), and the ball is likely near the hoop as the players are focused there.",C5
22.png,47,"The player in the dark blue jersey in cell D3 is jumping with his right arm extended upwards, as if attempting to shoot or catch the ball. The player in the white jersey in cell E4 is also looking up and reaching out with his left hand, likely trying to block or intercept the ball. Given the positions and gestures of these players, the ball is most likely located just above the outstretched hand of the player in D3, near the basketball hoop.",C3
22.png,48,"The player in the dark blue jersey in cell D3 is jumping with his right arm extended upwards, which is a typical motion for attempting a shot or a rebound. The player in the white jersey in cell E4 is also looking upwards and appears to be preparing to react to the ball. Given the positioning and body language of the players, the ball is most likely just above the player's outstretched hand in D3, near the basket.",C3
22.png,49,"The player in the dark blue jersey in cell D3 is jumping with his arm extended upwards, which is a typical motion for shooting or attempting to catch the ball. The player in the white jersey in cell E4 is also looking upwards and appears to be preparing to react to the ball. The basketball hoop is located in cells B5 and C5, so the ball is likely near the player's hand in D3, close to the hoop for a shot attempt.",D3
22.png,50,"The player in the dark blue jersey in cell D3 is jumping with his arm extended upwards, which is a typical motion for shooting or passing the ball. The other players are looking towards the area above him, indicating the ball is likely near his hand. The ball is most likely just above or near his outstretched hand.",C3
36.png,1,"The player in white in cell E6 is jumping with her hands raised towards the basket, indicating she is likely attempting a shot or layup. The ball is most likely near her hands, just below the basket. The basket is located in cells B6 and B7, so the ball should be close to this area, slightly below the rim.",C6
36.png,2,"The player in white with the number 2 jersey is jumping and has her hands extended upwards, looking towards the basket. This suggests she is likely attempting a shot or a layup. The ball is most likely near her hands, just below the basket. The basket is located around the intersection of columns 5 and 6 and rows A and B. Given the player's position and action, the ball is most likely in the space just above her hands and below the basket.",B6
36.png,3,"The player in white with the number 2 jersey is jumping and has her hands extended upwards, indicating she is likely attempting a shot or a rebound. The basketball hoop is located in the upper center of the image, and the ball is typically near the player's hands when shooting or rebounding. Given the player's position and the direction of her hands, the ball is most likely just above or near her hands, close to the hoop.",C6
36.png,4,"The player in white with the number 2 jersey is jumping and looking upwards with her hands raised, indicating she is likely attempting a shot or a rebound. The basketball hoop is located in the upper center of the image, and the ball is typically near the hoop during such moments. Given the player's position and gaze, the ball is most likely just above or near the rim of the hoop.",C6
36.png,5,"The player in white with the number 2 jersey is jumping and has her hands raised as if she is about to catch or shoot the ball. The ball is likely near her hands, just below the basket. The ball is probably in the air close to the hoop, as the players are all looking upwards and preparing for a rebound or shot.",C6
36.png,6,"The players are all looking and reaching upwards towards the basketball hoop, indicating the ball is likely near the basket. The player in white (#2) is jumping and extending her arm as if attempting a shot or rebound. The ball is most likely just above or near the rim of the basket.",B6
36.png,7,"The player in white in cell E6 is jumping with her arms extended upwards, looking towards the basket, which suggests she is attempting a shot or layup. The ball is likely near her hands, just above or in front of her, heading towards the basket. The basket is located in cells B6 and B7, so the ball is probably in the air between the player and the hoop.",D6
36.png,8,"The player in white with the number 2 jersey is jumping and has her hands extended upwards as if she is about to shoot or has just released the ball. The ball is likely near the basket, above or slightly in front of the hoop. The most probable location for the ball is just above the rim, where the player is aiming to score.",B6
36.png,9,"The player in white in cell E6 is jumping with her hands raised, appearing to be in the act of shooting or catching the ball. The ball is likely near her hands, just above or in front of her. The ball would be close to the basket, which is located in the upper center of the image around cells B6 and C6. Given the player's position and the typical trajectory of a basketball shot, the ball is most likely just above her hands in cell D6.",D6
36.png,10,"The player in white in cell E6 is jumping with her arms extended upwards, appearing to be in the act of shooting or catching the ball. The ball is likely near her hands, just above or around the rim. The rim is located in cells B6 and C6, so the ball is most likely near the top center of the image, close to the basket.",B6
36.png,11,"The player in white in cell E6 is jumping with her arms extended upwards, looking towards the basket, which suggests she is attempting a shot or layup. The ball is most likely near her hands, just above or in front of her, heading towards the hoop. The hoop is located in cells B6 and B7, so the ball should be between the player's hands and the basket.",D6
36.png,12,"The player in white in cell E6 is jumping with her hands raised, appearing to be in the act of shooting or catching the ball. The ball is likely near her hands, just above or in front of her. The ball would be close to the basket, which is located in the upper center of the image, around cells B6 and C6. Given the player's position and the trajectory of the play, the ball is most likely just above her hands in cell D6.",D6
36.png,13,"The player in the white jersey with the number 2 is jumping and has her hands extended upwards as if she is about to shoot or catch the ball. The ball is likely near her hands, just above or in front of her. The most probable location is near the basketball hoop, slightly to the left of the backboard, where the ball would be in play during a shot attempt.",C6
36.png,14,"The player in white in cell E6 is jumping with her hands raised, looking upwards, and appears to be in the act of shooting or attempting to catch the ball. The ball is likely near her hands, just above her head, as she is focused on it. The ball would be close to the basket, which is located in the upper center of the image around cells B6 and B7. Given the player's position and the trajectory of the play, the ball is most likely just above her hands in cell D6.",D6
36.png,15,"The player in white in cell E6 is jumping with her hands raised, appearing to be in the act of shooting or catching the ball near the basket. The ball is likely near her hands, just below the hoop. The ball would be above the players and close to the basket, which is located around the top center of the image, near cells B6 and C6. Given the player's position and the trajectory of the play, the ball is most likely just above her hands, near the basket.",B6
36.png,16,"The player in the white jersey with the number 2 is jumping and has her hands extended upwards, appearing to be in the act of shooting or catching the ball. The ball is likely near her hands, just above or in front of her. The most probable location is near the basket, slightly above the rim, where a shot or rebound would occur.",C6
36.png,17,"The player in white with the number 2 jersey is jumping and has her hands raised as if she is about to catch or shoot the ball. The ball is likely near her hands, which are positioned just below the basketball hoop. The hoop is located in the upper middle part of the image, so the ball should be close to that area.",C6
36.png,18,"The player in the white jersey with the number 2 is jumping and has her hands extended upwards, as if she is about to catch or shoot the ball. The ball is likely near her hands, just below the basketball hoop. The ball would be in the air, close to the basket, as the players around her are also looking upwards and preparing for a rebound or block.",D6
36.png,19,"The player in white in cell E6 is jumping with her arms extended upwards, appearing to be in the act of shooting or attempting to catch the ball. The ball is likely near her hands, just above or in front of them. The ball would be close to the basket, which is located in the upper center of the image around cells B5 and B6. Given the player's position and action, the ball is most likely in the space just above her hands, near the basket.",D6
36.png,20,"The player in white in cell E6 is jumping with her hands raised, looking upwards, which suggests she is attempting to catch or shoot the ball. The ball is likely near her hands, just above or in front of her. The ball hoop is located in cells B6 and B7, so the ball is likely in the air between the player and the hoop. Given the player's position and gaze, the ball is most likely in cell D6, just above her hands and below the hoop.",D6
36.png,21,"The player in white with the number 2 jersey is jumping and has her hands extended upwards, indicating she is likely attempting a shot or a rebound. The ball is most likely near her hands, just above or around the rim. The rim is located in the upper middle part of the image, around columns 5 and 6, rows B and C. Given the player's position and the typical trajectory of a basketball shot, the ball is most likely just above the rim or in the process of going through the hoop.",B6
36.png,22,"The player in white with the number 2 jersey is jumping and has her hands extended upwards near the basketball hoop, indicating she is likely attempting a shot or a layup. The ball is most likely near her hands, close to the basket. The ball would be just above or near the rim of the hoop.",B6
36.png,23,"The player in white with the number 2 jersey is jumping and appears to be in the motion of shooting or passing the ball towards the basket. The ball is likely near the hoop, above or just in front of the rim, as the player is extending their arm upwards. The ball would be in the air, close to the basket, and slightly to the right of the player.",C7
36.png,24,"The player in white with the number 2 jersey is jumping and has her hands extended upwards, indicating she is likely attempting a shot or a rebound. The basketball hoop is located in the upper center of the image, and the ball is typically near the player's hands when shooting or rebounding. Given the player's position and the direction of her hands, the ball is most likely just above her hands, near the hoop.",C6
36.png,25,"The player in white with the number 2 jersey is jumping and reaching upwards with both hands, indicating an attempt to catch or shoot the ball. The ball is likely near her hands, just above or in front of her. The ball hoop is also directly above her, suggesting the ball is close to the basket. Given the position of her hands and the trajectory, the ball is most likely in the cell directly above her hands and near the basket.",B6
36.png,26,"The player in white with the number 2 jersey is jumping and has her hands extended upwards, indicating she is likely attempting a shot or a rebound. The ball is most likely near her hands, just above or around the rim. The rim is located in the upper middle part of the image, so the ball should be close to that area.",C6
36.png,27,"The player in white with the number 2 jersey is jumping and has her hands raised as if she is about to catch or shoot the ball. The ball is likely near her hands, just above or in front of her. The most probable location is near the basketball hoop, slightly to the left of the rim from the viewer's perspective.",C6
36.png,28,"The player in white with the number 2 jersey is jumping and has her hands raised as if she is about to catch or shoot the ball. The ball is likely near her hands, just above or in front of her. The position of the other players also suggests the ball is in the air near the basket, as they are looking upwards and preparing to react. The most probable location is just above the player's hands near the basket.",D6
36.png,29,"The player in the white jersey with the number 2 is jumping and has her hands extended upwards, indicating she is likely attempting a shot or a rebound. The ball is most likely near her hands, just below the basket. The basket is located in the upper middle part of the image, so the ball should be close to the hoop and the player's hands.",C6
36.png,30,"The player in the white jersey with the number 2 is jumping and has her hands extended upwards as if she is about to catch or shoot the ball. The ball is likely near her hands, above her head, and close to the basketball hoop. This area corresponds to the space just below the rim of the hoop.",B6
36.png,31,"The player in the white jersey with the number 2 is jumping and has her hands raised as if she is about to catch or shoot the ball. The ball is likely near her hands, above her head, and close to the basket. The most probable location is just above the rim, where the ball would be in the process of going into the hoop or being shot.",C6
36.png,32,"The player in the white jersey with the number 2 is jumping and has her hands raised as if she is about to catch or shoot the ball. The ball is likely near her hands, above her head, and close to the basket. The most probable location is just above the rim, where the ball would be in the process of being shot or caught.",C6
36.png,33,"The player in the white jersey with the number 2 is jumping and has her hands extended upwards, appearing to be in the act of shooting or catching the ball. The ball is likely near her hands, just above or in front of her. The position of the other players also suggests the ball is near the basket, as they are looking upwards and preparing to rebound or defend. The most probable location of the ball is near the basket hoop, slightly above the player's hands.",B6
36.png,34,"The player in white in cell E6 is jumping and looking upwards with her hands extended, indicating she is likely attempting a shot or a rebound. The basketball hoop is located in cells B6 and B7, so the ball is likely near the hoop, either just above or about to go through the basket. Given the player's position and action, the ball is most likely just above the rim in the area between B6 and B7.",B6
36.png,35,"The player in the white jersey with the number 2 is jumping and has her hands extended upwards, indicating she is likely attempting a shot or a rebound. The ball is most likely near her hands, just above or around the rim. The rim is located in the upper center part of the image, around columns 5 and 6, rows A and B. Given the player's position and the typical trajectory of a basketball shot, the ball is most likely just above the rim.",B6
36.png,36,"The player in white in cell E6 is jumping and looking upwards with her hands extended, indicating she is likely attempting a shot or rebound. The basketball hoop is located in cells B6 and B7, so the ball is likely near the hoop and above the player's hands. Given the player's position and the trajectory of a typical basketball shot, the ball is most likely just above or near the rim.",B6
36.png,37,"The player in white in cell E6 is jumping with her hands raised, appearing to be in the act of shooting or catching the ball. The other players are looking towards the area above her hands, indicating the ball is likely near her. The ball is most likely just above her hands, near the basket.",B6
36.png,38,"The player in white with the number 2 jersey is jumping and has her hands raised near the basketball hoop, indicating she is likely attempting a shot or a layup. The ball is most likely near her hands, close to the basket. The ball would be just above or near the rim of the hoop.",B6
36.png,39,"The player in the white jersey with the number 2 is jumping and has her hands raised as if she is about to catch or shoot the ball. The ball is likely near her hands, above her head, and close to the basket. The most probable location is just above the rim of the basketball hoop, where the ball would be in the process of being shot or dunked.",C6
36.png,40,"The player in white in cell E6 is jumping with her hands raised, looking upwards, and appears to be in the act of shooting or attempting to catch the ball. The ball is likely near her hands, just above or in front of her. The other players are also looking in that direction, supporting the idea that the ball is near the basket and close to the player in E6.",D6
36.png,41,"The player in the white jersey with the number 2 is jumping and has her hands raised as if she is about to catch or shoot the ball. The ball is likely near her hands, above her head, and close to the basket. The most probable location is just above the rim of the basketball hoop, where the ball would be in the process of going into the basket or being shot.",B6
36.png,42,"The player in white with the number 2 jersey is jumping and has her hands raised as if she is about to catch or shoot the ball. The ball is likely near her hands, just above or in front of her. The position of her hands and the focus of the other players suggest the ball is in the air close to the basket. The most likely location is near the basket hoop, around the area where the player is reaching.",D6
36.png,43,"The player in white with the number 2 jersey is jumping and has her hands raised as if she is about to catch or shoot the ball. The ball is likely near her hands, just above or in front of her. The position of the other players also suggests the ball is in the air near the basket, as they are looking upwards and preparing to react. The most likely location is just above the player's hands near the basket.",D6
36.png,44,"The player in white in cell F7 is jumping and looking upwards with their hands raised, indicating they are likely attempting a shot or rebound. The basketball hoop is located in cells B6 and B7, so the ball is most likely near the hoop, just above or near the rim. Given the player's position and the trajectory of their jump, the ball is likely just above the rim in the area between B6 and B7.",B6
36.png,45,"The player in white in cell E6 is jumping with her arms extended upwards, looking towards the basket, which suggests she is attempting a shot or a layup. The ball is likely near her hands or just above them, heading towards the hoop. The ball would be close to the basket, which is located around B6 and B7. Given the trajectory and the player's position, the ball is most likely just above her hands, near the basket.",B6
36.png,46,"The player in white with the number 2 jersey is jumping and appears to be in the motion of shooting or passing the ball towards the basket. The ball is likely near the hoop, just above or slightly in front of the rim, as the player's hands are extended upwards in that direction. The other players are looking towards the basket, indicating the ball is near the hoop.",B6
36.png,47,"The player in white in cell E6 is jumping with her arms extended upwards, looking towards the basket, which suggests she is attempting a shot or a rebound. The ball is likely near her hands or just above them, close to the basket. The basket is located around B6, so the ball is probably between the player's hands and the basket, slightly above E6.",D6
36.png,48,"The player in the white jersey with the number 2 is jumping and has her hands extended upwards as if she is about to shoot or catch the ball. The ball is likely near her hands, just above or in front of her. The most probable location is near the basketball hoop, slightly to the left of the backboard, where the ball would be in the air during a shot attempt.",B6
36.png,49,"The player in white in cell E6 is jumping with her arms extended upwards, looking towards the basket, which suggests she is attempting a shot or layup. The ball is likely near her hands or just above them, close to the basket. The basket is located in the area around B6 and B7, so the ball is probably between the player's hands and the basket.",D6
36.png,50,"The player in the white jersey with the number 2 is jumping and has her hands extended upwards, indicating she is likely attempting a shot or a rebound. The ball is most likely near her hands, just below the basket. The basket is located in the upper middle part of the image, so the ball should be close to the hoop, slightly below it.",C6
37.png,1,"The ball is most likely near the basketball hoop, as the players are looking and reaching upwards in that direction. The player in white in cell E6 is extending her arm upwards, indicating she is either about to catch or shoot the ball. The ball is typically close to the hoop during such moments in a basketball game.",B6
37.png,2,"The players in white and red are all looking upwards and reaching towards the basket, indicating the ball is likely near the hoop. The player in white in cell F6 is jumping and extending her arm upwards, suggesting she is attempting to catch or shoot the ball. The ball is most likely just above or near the rim of the basket.",B6
37.png,3,"The players in white and red are all looking and reaching upwards towards the basketball hoop, indicating the ball is likely near the basket. The player in white in cell F6 is extending her arm upwards as if attempting to catch or shoot the ball. The ball is most likely just above or near the rim of the basket.",B6
37.png,4,"The players in white are looking upwards and reaching towards the basket, indicating the ball is likely near the hoop. The player in red in cell E5 is also looking up and appears to be contesting the ball. The ball is most likely near the basket, just above or near the rim.",B6
37.png,5,"The players in white and red are all looking and reaching upwards towards the basketball hoop, indicating the ball is likely near the basket. The player in white in cell F6 is extending her arm upwards as if attempting to catch or shoot the ball. The ball is most likely just above or near the rim of the basket.",B6
37.png,6,"The player in the white jersey in cell F6 is looking upwards with her hands raised as if preparing to catch or rebound the ball. The player in the red jersey in cell E5 is also looking upwards and reaching out, indicating the ball is likely above them. The most logical position for the ball is near the basketball hoop, slightly above the players' heads, where it would be in play for a shot or rebound.",D6
37.png,7,"The players in white are looking upwards and reaching towards the basketball hoop, indicating the ball is near the basket. The player in red in cell E5 is also looking up and appears to be preparing to contest or rebound. The most likely location of the ball is just above or near the rim of the basketball hoop, which is located in the upper middle part of the image.",B5
37.png,8,"The player in the white jersey in cell F6 is looking upwards with her hands raised as if she is about to catch or shoot the ball. The player in the red jersey in cell E5 is also looking upwards and reaching out with her right hand, indicating the ball is likely in the air between them. The most probable location of the ball is just above the player's hands in F6, near the basket.",F6
37.png,9,"The players in white and red are all looking upwards and reaching towards the basket, indicating the ball is likely near the hoop. The player in white in cell F6 is jumping and appears to be in the act of shooting or attempting to catch the ball. The ball is most likely just above or near the rim of the basket.",B6
37.png,10,"The players in white and red are all looking upwards and reaching towards the basket, indicating the ball is likely near the hoop. The player in white in cell F6 is extending her arm upwards as if attempting to catch or shoot the ball. The ball is most likely just above or near the rim of the basket.",B6
37.png,11,"The players in white and red are all looking and reaching upwards towards the basketball hoop, indicating the ball is near the basket. The player in white in cell F6 is jumping and extending her arm upwards, suggesting she is either about to catch or shoot the ball. The ball is most likely just above or near the rim of the basket.",B6
37.png,12,"The players in white and red are all looking and reaching upwards towards the basketball hoop, indicating the ball is likely near the basket. The player in white in cell F6 is extending her arm upwards as if attempting to catch or shoot the ball. The ball is most likely just above or near the rim of the basket.",B6
37.png,13,"The player in the red and yellow uniform in cell E5 is looking upwards with her hands raised as if she is about to catch or has just released the ball. The player in white in cell E6 is also looking upwards and reaching out, suggesting the ball is in the air between them. The basketball hoop is located in cells B5 and B6, so the ball is likely near the hoop, above the players' heads, in the air. The most probable location is just below the hoop, around the area where the players are focused.",D5
37.png,14,"The player in the white jersey in cell E6 is looking upwards with her hands raised as if she is about to catch or has just released the ball. The player in the red jersey in cell E5 is also looking upwards and reaching out, indicating the ball is likely in the air between them. The most probable location of the ball is just above their hands, near the basket.",D6
37.png,15,"The player in the white jersey in cell E6 is looking upwards with her hands raised as if she is about to catch or has just released the ball. The player in the red jersey in cell E5 is also looking upwards and reaching out, indicating the ball is likely in the air between them. The basketball hoop is located in cell B6, so the ball is likely near the hoop but slightly lower in the frame, suggesting it is in the air close to the players' hands.",D6
37.png,16,"The player in the white jersey in cell E6 is looking upwards with her hands raised as if she is about to catch or shoot the ball. The player in the red jersey in cell F5 is also looking upwards and reaching out with her right hand, indicating the ball is likely in the air between them. The most probable location of the ball is just above their hands, near the basketball hoop.",D6
37.png,17,"The players in white are looking and reaching upwards towards the basketball hoop, indicating the ball is likely near the basket. The player in white in cell F6 is jumping and extending her arm upwards, suggesting she is either about to catch or shoot the ball. The ball is most likely just above or near the rim of the basket.",B6
37.png,18,"The players in the image are all looking and reaching upwards towards the basketball hoop, indicating the ball is likely near the basket. The player in white in cell F6 is jumping and appears to be in the act of shooting or attempting to catch the ball. The ball is most likely just above or near the rim of the basket.",B6
37.png,19,"The players in the image are all looking upwards and reaching towards the area just below the basketball hoop. This suggests that the ball is likely near the hoop, possibly in the process of being shot or rebounded. The most probable location for the ball is just below the rim, where the players' hands are focused.",C6
37.png,20,"The players in white and red are all looking and reaching upwards towards the basketball hoop, indicating the ball is near the basket. The player in white in cell E6 is extending her arm upwards as if attempting to catch or shoot the ball. The ball is most likely just above or near the rim of the basket.",B6
37.png,21,"The players in white and red are all looking and reaching upwards towards the basketball hoop, indicating the ball is near the basket. The player in white in cell F6 is extending her arm upwards as if attempting to catch or shoot the ball. The ball is most likely just above or near the rim of the basket.",B6
37.png,22,"The players in the image are all looking and reaching upwards towards the basketball hoop, indicating the ball is likely near the basket. The player in white in cell F6 is extending her arm upwards as if attempting to catch or shoot the ball. The ball is most likely just above or near the rim of the basket.",B6
37.png,23,"The players in white and red are all looking upwards and reaching towards the basket, indicating the ball is likely near the hoop. The player in white in cell F6 is extending her arm upwards as if attempting to catch or shoot the ball. The ball is most likely just above or near the rim of the basket.",B6
37.png,24,"The player in the white jersey in cell E6 is looking upwards with her hands raised as if she is about to catch or shoot the ball. The player in the red jersey in cell F5 is also looking upwards and reaching out with her right hand, indicating the ball is likely in the air between them. The most probable location of the ball is just above their hands, near the basket.",E6
37.png,25,"The players in white and red are all looking upwards and reaching towards the basket, indicating the ball is likely near the hoop. The player in white in cell F6 is jumping and appears to be in the act of shooting or attempting to catch the ball. The ball is most likely just above or near the rim of the basket.",B6
37.png,26,"The player in the white jersey in cell E6 is looking upwards with her hands raised as if preparing to catch or rebound the ball. The player in the red jersey in cell E5 is also looking upwards and reaching out, indicating the ball is likely above them near the basket. The ball is most likely near the hoop, which is located in the upper middle part of the image, around the basket area.",B6
37.png,27,"The player in the white jersey in cell F6 is looking upwards with her hands raised as if she is about to catch or shoot the ball. The player in the red jersey in cell E5 is also looking upwards and reaching out with her right hand, indicating the ball is likely in the air between them. The basketball hoop is located in cells B5 and B6, so the ball is likely near the hoop but slightly lower, in the area where the players are focused.",E6
37.png,28,"The players in the image are all looking and reaching upwards towards the basketball hoop, indicating the ball is near the basket. The player in the white jersey in cell F6 is extending her arm upwards as if attempting to catch or shoot the ball. The ball is most likely just above or near the rim of the basket.",B6
37.png,29,"The players are all looking and reaching upwards towards the basketball hoop, indicating the ball is near the basket. The player in white in cell F6 is jumping with her hands extended upwards, suggesting she is either about to catch or shoot the ball. The ball is most likely just above or near the rim of the basket.",B6
37.png,30,"The players in white and red are all looking upwards and slightly to the left, indicating the ball is above them. The player in white in cell E6 is reaching up with both hands, suggesting the ball is near her hands. The basketball hoop is located in the upper middle part of the image, around B5 and B6. Given the players' focus and positioning, the ball is most likely just below the hoop, near the player's hands who is attempting to catch or shoot it.",E6
37.png,31,"The player in the white jersey in cell F6 is looking upwards with her hands raised as if she is about to catch or shoot the ball. The player in the red jersey in cell E5 is also looking upwards and reaching out with her right hand, indicating the ball is likely in the air between them. The most probable location of the ball is just above the player's hands in F6, near the basket.",F6
37.png,32,"The players in white and red are all looking upwards and reaching towards the basketball hoop, indicating the ball is likely near the basket. The player in white in cell F6 is extending her arm upwards as if attempting to catch or shoot the ball. The ball is most likely just above or near the rim of the basket.",B6
37.png,33,"The player in the white jersey in cell E6 is looking upwards with her hands raised as if she is about to catch or has just released the ball. The player in the red jersey in cell F5 is also looking upwards and reaching out, indicating the ball is likely in the air between them. The most probable location of the ball is just above the player's hands in E6, near the basket.",D6
37.png,34,"The player in the red and yellow uniform in cell E5 is looking upwards with her hands raised as if she is about to catch or has just released the ball. The basketball hoop is located in cells B5 and B6, and the ball is likely near the hoop, either on its way to the basket or just above the player's hands. Given the player's focus and hand position, the ball is most likely just above her hands, near the hoop.",D5
37.png,35,"The player in the white jersey in cell F6 is looking upwards with her hands raised as if she is about to catch or has just released the ball. The player in the red jersey in cell E5 is also looking upwards and reaching out, indicating the ball is likely in the air between them. The most probable location of the ball is slightly above and between these two players.",E6
37.png,36,"The players in white and red are all looking upwards and reaching towards the basketball hoop, indicating the ball is near the basket. The player in white in cell F6 is jumping and extending her arm upwards as if attempting to shoot or catch the ball. The ball is most likely just above or near the rim of the basket.",B6
37.png,37,"The player in the white jersey in cell F6 is looking upwards with her hands raised as if she is about to catch or shoot the ball. The player in the red jersey in cell E5 is also looking upwards and reaching out, indicating the ball is likely in the air between them. The most probable location of the ball is just above the player's hands in F6, near the basket.",F6
37.png,38,"The player in the white jersey in cell E6 is looking upwards with her hands raised as if preparing to catch or shoot the ball. The player in the red jersey in cell F5 is also looking upwards and reaching out with her right hand, indicating the ball is likely above or near her hand. The ball is most likely in the air between these two players, slightly above their heads.",E6
37.png,39,"The players in white and red are all looking upwards and reaching towards the basket, indicating the ball is likely near the hoop. The player in white in cell F6 is jumping and appears to be in the act of shooting or attempting to catch the ball. The ball is most likely just above or near the rim of the basket.",B6
37.png,40,"The player in the red and yellow uniform in cell E5 is looking upwards with her hands raised as if she is about to catch or has just released the ball. The basketball hoop is located in cells B5 and B6, and the ball is likely near the hoop, either on its way to the basket or just above the player's hands. Given the player's focus and hand position, the ball is most likely just above her hands, near the hoop.",D5
37.png,41,"The players in white are looking and reaching upwards towards the basketball hoop, indicating the ball is near the basket. The player in white in cell F6 is extending her arm upwards as if attempting to catch or shoot the ball. The ball is most likely just above or near the rim of the basket, which is located in the upper middle part of the image.",B6
37.png,42,"The players in white are looking and reaching upwards towards the basketball hoop, indicating the ball is near the basket. The player in white in cell F6 is jumping and appears to be attempting a shot or rebound. The ball is most likely just above or near the rim of the basket, which is located in the upper middle part of the image.",B6
37.png,43,"The players in white are looking and reaching upwards towards the basketball hoop, indicating the ball is near the basket. The player in red in cell E5 is also looking up and appears to be preparing to jump or contest the ball. The ball is most likely just below the hoop, where the players' hands are directed.",B6
37.png,44,"The players in the image are all looking upwards and reaching towards the area just below the basketball hoop. This suggests that the ball is likely near the hoop, possibly in the process of being shot or rebounded. The most probable location for the ball is just below the rim, where the players' hands are focused.",C6
37.png,45,"The players in white and red are all looking and reaching upwards towards the basketball hoop, indicating the ball is near the basket. The player in white in cell F6 is extending her arm upwards as if attempting to catch or shoot the ball. The ball is most likely just above or near the rim of the basket, which is located in the upper middle part of the image.",B6
37.png,46,"The player in the white jersey in cell F6 is looking upwards with her hands raised as if she is about to catch or shoot the ball. The player in the red jersey in cell E5 is also looking upwards and reaching out with her right hand, indicating the ball is likely in the air between them. The most probable location of the ball is just above the player's hands in F6, near the basket.",F6
37.png,47,"The players in the image are all looking upwards and reaching towards the area just below the basketball hoop. The player in the red and yellow uniform in cell E5 is extending her arm upwards as if trying to catch or block the ball. The ball is most likely near the hoop, above the players' hands, in the space where the action is focused.",B5
37.png,48,"The players in white are looking and reaching upwards towards the basketball hoop, indicating the ball is likely near the basket. The player in white in cell F6 is jumping and extending her arm upwards, suggesting she is attempting to catch or shoot the ball. The ball is most likely just above or near the rim of the basket.",B6
37.png,49,"The players in the image are all looking and reaching upwards towards the basketball hoop, indicating the ball is likely near the basket. The player in the white jersey in cell F6 is extending her arm upwards as if attempting to catch or shoot the ball. The ball is most likely just above or near the rim of the hoop.",B6
37.png,50,"The player in the white jersey in cell E6 is looking upwards with her hands raised, indicating she is likely attempting to catch or shoot the ball. The player in the red jersey in cell E5 is also looking upwards and reaching out, suggesting the ball is near them. The basketball hoop is located in cell B6, so the ball is likely in the air between the players and the hoop. The most probable location of the ball is just above the players' hands, near the center of the image, around cell D6.",D6
23.png,1,"The player in white (on the right) is extending his right arm forward as if he is about to catch or has just released the ball. The player in blue (on the left) is reaching out with his left hand, likely trying to intercept or block the ball. Given the positioning and body language, the ball is most likely in the space between the two players, slightly closer to the player in white's hand.",
23.png,2,"The player in white (on the right) is extending his arms forward as if he is about to catch or pass the ball. The player in blue (on the left) is also reaching out with his right hand, likely trying to intercept or block the ball. Given the positioning and body language of both players, the ball is most likely located between them, slightly closer to the player in white who appears to be in control of the ball.",
23.png,3,"The player in white (on the right) is extending his arms forward and looking slightly downward, which suggests he is about to catch or has just released the ball. The player in blue (on the left) is also reaching out with his right hand, likely trying to intercept or block the ball. Given the positioning and body language of both players, the ball is most likely located between them, slightly closer to the player in white's hands.",
23.png,4,"The player in white (on the right) is extending his right arm forward as if he is about to catch or has just released the ball. The player in blue (on the left) is also reaching out with his left hand, likely trying to intercept or block the ball. Given the positioning and body language of both players, the ball is most likely in the space between their hands, slightly closer to the player in white.",F7
23.png,5,"The player in white on the right side of the image is extending his arms forward as if he is about to catch or receive the ball. The player in blue on the left side is also reaching out with his right hand, likely trying to intercept or block the ball. Given their body language and positioning, the ball is most likely between them, slightly closer to the player in white who appears to be in a better position to receive it.",
23.png,6,"The player in white (on the right) is extending his right arm forward and looking intently in front of him, suggesting he is about to catch or has just released the ball. The player in blue (on the left) is also focused on the same area and has his left arm extended as if trying to intercept or block the ball. Given their body language and the direction of their gaze and hands, the ball is most likely located between them, slightly closer to the player in white.",
23.png,7,"The player in white (on the right) is extending his arms forward as if he is about to catch or has just released the ball. The player in blue (on the left) is also reaching out with his right hand, likely trying to intercept or block the ball. Given their hand positions and body orientation, the ball is most likely between them, slightly closer to the player in white. This places the ball in the space between columns 7 and 8, and rows D and E.",E7
23.png,8,"The player in white (on the right) is extending his right arm forward and looking intently in front of him, suggesting he is about to catch or has just released the ball. The player in blue (on the left) is also focused on the same area and has his left arm extended as if trying to intercept or block. The ball is likely in the space between their hands, slightly closer to the player in white who appears to be in control of it.",
23.png,9,"The player in white on the right side of the image is extending his arms forward as if he is about to catch or has just released the ball. The player in blue on the left is also reaching out with his right hand, likely trying to intercept or block the ball. Given the positioning and body language of both players, the ball is most likely located between them, slightly closer to the player in white. This area corresponds to the space around the middle right of the image.",
23.png,10,"The player in white (on the right) is extending his right arm forward and looking intently in front of him, suggesting he is about to catch or has just released the ball. The player in blue (on the left) is also focused on the same area and has his left arm extended as if trying to intercept or block. The ball is likely in the space between their hands, slightly closer to the player in white who appears to be in control of it.",
23.png,11,"The player in white (on the right) is extending his right arm forward and looking intently in that direction, suggesting he is about to catch or has just released the ball. The player in blue (on the left) is also focused on the same area and has his left arm extended, likely trying to intercept or defend. The ball is most likely in the space between their hands, slightly closer to the player in white.",
23.png,12,"The player in white (on the right) is extending his arms forward and looking intently in front of him, suggesting he is about to catch or has just released the ball. The player in blue (on the left) is also focused on the same area and has his hands positioned as if ready to intercept or receive the ball. Given their body language and the direction of their gaze, the ball is most likely located between them, slightly closer to the player in white.",
23.png,13,"The player in white (on the right) is extending his arms forward as if he is about to pass or shoot the ball. The player in blue (on the left) is reaching out with his right hand, likely trying to block or steal the ball. Given the positioning of their hands and the typical flow of basketball play, the ball is most likely located between the two players, slightly closer to the player in white's hands.",
23.png,14,"The player in white (on the right) is extending his arms forward as if he is about to catch or has just released the ball. The player in blue (on the left) is also reaching out with his right hand, likely trying to intercept or block the ball. Given the positioning and body language, the ball is most likely between the two players, slightly closer to the player in white who appears to be in control of it.",
23.png,15,"The player in white (on the right) is extending his right arm forward as if he is about to catch or has just released the ball. The player in blue (on the left) is also reaching out with his left arm, likely trying to intercept or block the ball. Given the positioning and body language of both players, the ball is most likely located between them, slightly closer to the player in white's hand.",
23.png,16,"The player in white on the right side of the image appears to be in the motion of passing or shooting the ball, with his hands extended forward. The player in blue on the left is reaching out towards the player in white, likely trying to intercept or block the ball. Given the positioning and body language, the ball is most likely located near the hands of the player in white, around the center-right area of the image.",
23.png,17,"The player in white (on the right) is extending his arms forward as if he is about to pass or shoot the ball. The player in blue (on the left) is reaching out with his right hand, likely trying to block or steal the ball. The ball is most likely in front of the white player’s hands, around the area where the two players' hands are close to each other.",
23.png,18,"The player in white (on the right) is extending his arms forward as if he is about to catch or receive the ball. The player in blue (on the left) is also reaching out with his right hand, possibly trying to intercept or block the ball. Given the positioning and body language of both players, the ball is likely in the space between their hands, slightly closer to the player in white.",
23.png,19,"The player in white (on the right) is extending his arms forward as if he is about to catch or pass the ball. The player in blue (on the left) is also reaching out with his right hand, likely trying to intercept or block the ball. Given the positioning and body language of both players, the ball is most likely located between their hands, slightly closer to the player in white.",
23.png,20,"The player in white (on the right) is extending his arms forward as if he is about to catch or pass the ball. The player in blue (on the left) is also reaching out with his right hand, likely trying to intercept or block the ball. The ball is most likely between the two players, slightly closer to the player in white, around the height of their hands.",
23.png,21,"The player in white (on the right) is extending his right arm forward and looking intently at a point in front of him, suggesting he is about to catch or has just released the ball. The player in blue (on the left) is also focused on the same area and has his left arm extended as if trying to block or intercept the ball. Given their body language and positioning, the ball is most likely located between them, slightly closer to the player in white's hand.",
23.png,22,"The player in white (on the right) is extending his right arm forward as if he is about to pass or shoot the ball. The player in blue (on the left) is reaching out with his left hand, likely trying to block or steal the ball. The ball is most likely in front of the white player’s right hand, slightly above waist level, as this is the typical position for dribbling or preparing to pass. This area corresponds to the space between the two players' hands.",
23.png,23,"The player in white (on the right) is extending his arms forward as if he is about to pass or shoot the ball. The player in blue (on the left) is reaching out with his right hand, likely trying to block or steal the ball. Given the positioning of their hands and the typical basketball play, the ball is most likely located between the two players, slightly closer to the player in white who appears to be in control of it.",
23.png,24,"The player in white (on the right) is extending his right arm forward and looking intently in front of him, suggesting he is about to catch or has just released the ball. The player in blue (on the left) is also focused on the same area and has his left arm extended as if trying to intercept or block. Given the players' body language and arm positions, the ball is most likely located between them, slightly closer to the player in white's hand.",
23.png,25,"The player in white on the right side of the image is extending his arms forward as if he is about to catch or receive the ball. The player in blue on the left is also reaching out with his right hand, likely trying to intercept or block the ball. Given their body language and positioning, the ball is most likely between them, slightly closer to the player in white who appears to be the intended receiver.",
23.png,26,"The player in white (on the right) is extending his right arm forward as if he is about to catch or has just released the ball. The player in blue (on the left) is also reaching out with his left hand, likely trying to intercept or block the ball. Given the positioning and body language of both players, the ball is most likely located between them, slightly above their hands.",F7
23.png,27,"The player in white (on the right) is extending his right arm forward as if he is about to pass or shoot the ball. The player in blue (on the left) is reaching out with his left hand, likely trying to block or steal the ball. Given the positioning and body language, the ball is most likely near the white player's right hand, which is around the middle right side of the image.",
23.png,28,"The player in white (on the right) is extending his arms forward as if he is about to catch or has just released the ball. The player in blue (on the left) is also reaching out with his right hand, likely trying to intercept or block the ball. Given the positioning and body language of both players, the ball is most likely located between them, slightly above their hands. This places the ball near the center of the image, around the height of their heads and hands.",F6
23.png,29,"The player in white (on the right) is extending his right arm forward as if he has just passed or is about to pass the ball. The player in blue (on the left) is reaching out with his left hand towards the area in front of the white player, likely trying to intercept or catch the ball. Given the positioning and body language, the ball is most likely located between the two players, slightly closer to the white player’s hand.",
23.png,30,"The player in white (on the right) is extending his arms forward as if he is about to catch or pass the ball. The player in blue (on the left) is also reaching out with his right hand, likely trying to intercept or block the ball. The ball is most likely between the two players, slightly closer to the player in white, around the height of their hands.",
23.png,31,"The player in white (on the right) is extending his right arm forward and looking intently in that direction, suggesting he is about to catch or has just released the ball. The player in blue (on the left) is also focused on the same area and has his left arm extended as if trying to intercept or block. The ball is likely in the space between their hands, slightly above the white player's hand, as this is the natural position for a pass or shot in basketball.",
23.png,32,"The player in white (on the right) is extending his arms forward and looking slightly downward, which suggests he is about to catch or has just released the ball. The player in blue (on the left) is also focused on the same area and has his hands positioned as if ready to intercept or receive the ball. Given their body language and positioning, the ball is most likely located between the two players, slightly closer to the player in white's hands.",F7
23.png,33,"The player in white (on the right) is extending his right arm forward as if he is about to pass or shoot the ball. The player in blue (on the left) is reaching out with his left hand, likely trying to block or steal the ball. Given the positioning and body language, the ball is most likely near the white player's right hand, which is around the middle-right part of the image.",
23.png,34,"The player in white on the right side of the image is extending his arms forward as if he is about to catch or has just released the ball. The player in blue on the left is also reaching out with his right hand, likely trying to intercept or block the ball. Given the positioning and body language of both players, the ball is most likely located between them, slightly closer to the player in white.",
23.png,35,"The player in white on the right side of the image is extending his right arm forward and looking intently in front of him, suggesting he is about to catch or has just released the ball. The player in blue on the left is also focused on the same area and has his hands positioned as if ready to receive or contest the ball. Given the players' body language and the typical trajectory of a basketball pass or shot, the ball is most likely located in the space between the two players, slightly closer to the player in white.",
23.png,36,"The player in white (on the right) is extending his arms forward and looking intently in front of him, suggesting he is about to catch or has just released the ball. The player in blue (on the left) is also focused on the same area and has his hands positioned as if ready to intercept or receive the ball. Given their body language and the typical flow of basketball play, the ball is most likely located between the two players, slightly closer to the player in white who appears to be the one controlling or passing the ball.",F7
23.png,37,"The player in white on the right side of the image appears to be in the motion of passing or shooting the ball, with his hands extended forward. The player in blue on the left is reaching out towards the player in white, likely trying to intercept or block the ball. Given the positioning and body language, the ball is most likely located near the hands of the player in white, slightly in front of him.",
23.png,38,"The player in white (on the right) is extending his right arm forward and looking intently in front of him, suggesting he is about to catch or has just released the ball. The player in blue (on the left) is also focused on the same area and has his left arm extended as if trying to intercept or block. The ball is likely in the space between their hands, slightly closer to the player in white, around the mid-air region between them.",
23.png,39,"The player in white (on the right) is extending his arms forward as if he is about to catch or has just released the ball. The player in blue (on the left) is in a defensive stance, focusing on the player in white. Given the positioning and body language, the ball is most likely near the hands of the player in white, slightly in front of him.",
23.png,40,"The player in white (on the right) is extending his arms forward as if he is about to pass or shoot the ball. The player in blue (on the left) is reaching out with his right hand, likely trying to block or steal the ball. The ball is most likely in front of the player in white's hands, around the area where his hands are positioned. This corresponds to the grid cell where the player's hands are located.",
23.png,41,"The player in white (on the right) is extending his arms forward as if he is about to pass or shoot the ball. The player in blue (on the left) is reaching out with his right hand, likely trying to block or steal the ball. Given the positioning and body language, the ball is most likely near the hands of the player in white, around the center-right area of the image.",
23.png,42,"The player in white (on the right) is extending his arms forward as if he is about to catch or has just released the ball. The player in blue (on the left) is also reaching out with his right hand, likely trying to intercept or block the ball. Given the positioning and body language, the ball is most likely between the two players, slightly closer to the player in white who appears to be in control of it.",F7
23.png,43,"The player in white (on the right) is extending his right arm forward and looking intently in that direction, suggesting he is about to catch or has just released the ball. The player in blue (on the left) is also focused on the same area and has his left arm extended as if trying to intercept or block. The ball is likely in the space between their hands, slightly above waist level.",
23.png,44,"The player in white on the right side of the image is extending his arms forward as if he is about to catch or pass the ball. The player in blue on the left is also reaching out with his right hand, likely trying to intercept or defend. Given the positioning and body language of both players, the ball is most likely located between them, slightly closer to the player in white.",
23.png,45,"The player in white on the right side of the image is extending his arms forward as if he is about to catch or receive the ball. The player in blue on the left is also reaching out with his right hand, likely trying to intercept or block the ball. Given their body language and positioning, the ball is most likely between them, slightly closer to the player in white who appears to be the intended receiver.",
23.png,46,"The player in white on the right side of the image appears to be in the motion of passing or shooting the ball, with his hands extended forward. The player in blue on the left is reaching out towards the player in white, likely trying to block or intercept the ball. Given the positioning and body language, the ball is most likely just in front of the player in white's hands, around the area where his hands are extended.",
23.png,47,"The player in white (on the right) is extending his arms forward as if he is about to catch or has just released the ball. The player in blue (on the left) is also reaching out with his right hand, likely trying to intercept or block the ball. Given the positioning and body language of both players, the ball is most likely located between them, slightly above their hands.",F7
23.png,48,"The player in white (on the right) is extending his arms forward as if he is about to catch or has just released the ball. The player in blue (on the left) is also reaching out with his right hand, likely trying to intercept or block the ball. Given the positioning and body language of both players, the ball is most likely located between them, slightly closer to the player in white's hands.",
23.png,49,"The player in white (on the right) is extending his arms forward as if he is about to catch or pass the ball. The player in blue (on the left) is also reaching out with his right hand, likely trying to intercept or block the ball. The ball is most likely between the two players, slightly closer to the player in white, around the height of their hands.",
23.png,50,"The player in white (on the right) is extending his right arm forward and looking intently in that direction, suggesting he is about to catch or has just released the ball. The player in blue (on the left) is also focused on the same area and has his left arm extended as if trying to intercept or block. Given the players' body language and focus, the ball is most likely located between them, slightly closer to the player in white's hand.",
27.png,1,"The player in white is in the middle of a jump shot or dunk, with his arm extended upward and his hand positioned as if he just released or is about to release the ball. The ball is likely near the basket, above the rim, and slightly to the right of the player's hand. The shadow of the ball is visible near the basket, indicating the ball is in the air close to the hoop.",B7
27.png,2,"The player in white is in the middle of a jump shot or dunk, with his arm extended upward and his hand positioned as if he has just released or is about to release the ball. The ball is likely near the basket, above the rim, as the player is aiming to score. The shadow of the ball can be seen just above the rim, indicating the ball is in the air close to the hoop.",B7
27.png,3,"The player in white is in the middle of a jump shot or dunk, with his arm extended upward and his hand positioned as if he just released or is about to release the ball. The ball is likely near the basket, above the rim, as the player is very close to the hoop and the trajectory would be downward into the basket. The most probable location of the ball is just above the rim, slightly to the right of the center of the hoop.",B6
27.png,4,"The player in white is jumping and extending his arm upwards as if he has just released or is about to release the ball towards the basket. The ball is likely near the hoop, possibly just above or about to enter the basket. The shadow of the ball is visible near the hoop, indicating the ball is in the air close to the rim.",B6
27.png,5,"The player in white is jumping and extending his arm upwards as if he is about to shoot or dunk the ball. The ball is likely near the basketball hoop, just above the rim, as the player is in the act of scoring. The shadow of the ball can be seen near the hoop, indicating the ball is in the air close to the basket.",B6
27.png,6,"The player in white is in the middle of a jump shot or dunk, with his arm extended upwards towards the basket. The ball is likely just above or near his hand, heading towards the hoop. The hoop is located around the B5 cell, so the ball should be close to that area, slightly above the player's hand.",B5
27.png,7,"The player in white is jumping and extending his arm upwards as if he is about to dunk or shoot the ball into the hoop. The ball is likely just above or near his hand, close to the basket. The most probable location is near the rim, slightly above it, where the ball would be in the process of going through the hoop.",B5
27.png,8,"The player in white is jumping and extending his arm upwards as if he is about to dunk or shoot the ball. The ball is likely just above his hand, near the basketball hoop. The shadow of the ball is visible near the hoop, indicating the ball is in the air close to the basket.",B6
27.png,9,"The player in white is jumping with his arm extended upward, indicating he is likely attempting a shot or dunk. The ball would be near his hand and close to the basket. The basket is located around the top center of the image, so the ball is most likely just below or near the rim.",B5
27.png,10,"The player in white is in the middle of a jump shot or dunk, with his arm extended upwards towards the basket. The ball is likely just above his hand, close to the rim, as he is about to score. The shadow of the ball is visible near the basket, indicating the ball's position is near the hoop.",B5
27.png,11,"The player in white is jumping and extending his arm upwards as if he is about to dunk or shoot the ball into the hoop. The ball is likely just above or near his hand, close to the basket. The basket is located around the intersection of columns 5 and 6 and rows B and C. Given the player's position and arm extension, the ball is most likely in the cell just below the basket.",C5
27.png,12,"The player in white is jumping and extending his arm upwards as if he is about to dunk or shoot the ball. The ball is likely near the hoop, just above or about to go through the basket. The shadow of the ball can be seen near the hoop, indicating the ball is in the air close to the rim.",B6
27.png,13,"The player in white is jumping with his arm extended upward, indicating he is likely attempting a shot or dunk. The ball would be near his hand and close to the basket. The basket is located around the B5 and B6 cells, so the ball is most likely just below the rim, near the player's hand in the D5 cell.",D5
27.png,14,"The player in white is jumping and extending his arm upwards as if he is about to dunk or shoot the ball. The ball is likely just above his hand and near the basketball hoop. The shadow of the ball can be seen near the hoop, indicating the ball is in the air close to the basket.",B6
27.png,15,"The player in white is jumping and reaching up with one hand, indicating he is likely attempting a shot or dunk. The ball would be near his hand and close to the basket. The basket is located around the B5 and B6 cells, so the ball is most likely just below or near the rim where the player's hand is extended.",C5
27.png,16,"The player in white is in the motion of shooting the ball towards the basket. The ball is likely just above the rim, as the player's hand is extended upwards and the ball would be near the hoop for a shot attempt or dunk. The shadow of the ball is visible near the hoop, indicating the ball is in the air close to the basket.",B6
27.png,17,"The player in white is jumping and extending his arm upwards as if he is about to dunk or shoot the ball. The ball is likely just above his hand and near the basketball hoop. The shadow of the ball can be seen near the hoop, indicating the ball is in the air close to the basket.",B6
27.png,18,"The player in white is jumping and extending his arm upwards as if he is about to dunk or shoot the ball into the hoop. The ball is likely just above or near his hand, close to the basket. The shadow of the ball can be seen near the hoop, indicating the ball is in the air near the basket.",B6
27.png,19,"The player in white is jumping and extending his arm upwards as if he has just released or is about to release the ball towards the basket. The ball is likely near the hoop, possibly just above or about to enter the basket. The most probable location is near the rim in the upper center part of the image.",B5
27.png,20,"The player in white is in the middle of a jump shot or dunk, with his arm extended upward and his hand positioned as if he just released or is about to release the ball. The ball is likely near the basket, above the rim, as the player is very close to the hoop and the ball would be in the air heading towards the basket. The most probable location is just above the rim in the center of the image.",B5
27.png,21,"The player in white is jumping with his arm extended upward, indicating he is likely attempting a shot or dunk. The ball would be near his hand and close to the basket. The basket is located around the B5 and B6 cells, so the ball is most likely just below or near the rim, where the player's hand is reaching.",D5
27.png,22,"The player in white is jumping and extending his arm upwards as if he has just released or is about to release the ball towards the basket. The ball is likely near the hoop, above the rim, as the player appears to be making a shot. The ball would be in the air, close to the basket, and slightly to the right of the player's hand.",B6
27.png,23,"The player in white is jumping with his arm extended upward, indicating he is likely attempting a shot or dunk. The ball would be near his hand and close to the basketball hoop. The hoop is located around the B5 and B6 cells, and the player's hand is just below it. Therefore, the ball is most likely located just below the hoop, near the player's hand.",C5
27.png,24,"The player in white is jumping and extending his arm upwards as if he is about to dunk or shoot the ball. The ball is likely just above or near his hand, heading towards the basket. The basket is located in the upper middle part of the image, so the ball should be close to the rim, slightly above or near the player's hand.",C5
27.png,25,"The player in white is jumping with his arm extended upward, appearing to be in the act of shooting or dunking the basketball. The ball is likely just above or near his hand, heading towards the hoop. Since the hoop is located around the B5 cell, the ball would be slightly above or near the rim in the same vertical plane.",B5
27.png,26,"The player in white is jumping and extending his arm upwards as if he is about to dunk or shoot the ball into the hoop. The ball is likely just above or near his hand, close to the basket. Since the ball is missing, it would be in the air near the rim, where the player's hand is reaching.",C5
27.png,27,"The player in white is jumping and appears to be in the act of shooting or dunking the ball towards the basket. The ball is likely near the hoop, just above or about to go through the rim. The shadow of the ball is visible near the hoop, indicating the ball is in the air close to the basket.",B6
27.png,28,"The player in white is jumping and extending his arm upwards as if he has just released or is about to release the ball towards the basket. The ball is likely near the hoop, slightly above or in front of the rim, as the player appears to be making a shot. The shadow of the ball can be seen near the hoop, indicating the ball is in the air close to the basket.",B6
27.png,29,"The player in white is jumping and extending his arm upwards as if he is about to dunk or shoot the ball into the hoop. The ball is likely just above or near his hand, close to the basket. The shadow of the ball is visible near the hoop, indicating the ball is in the air near the rim.",B6
27.png,30,"The player in white is in the middle of a jump shot or dunk, with his arm extended upward toward the basket. The ball is likely just above or near his hand, heading toward the hoop. The most probable location of the ball is near the rim, slightly above the player's hand, as he is about to score.",B5
27.png,31,"The player in white is jumping with his arm extended upward, indicating he is likely attempting a shot or dunk. The ball would be near his hand and close to the basketball hoop. The hoop is located around the intersection of columns 5 and 6 and rows B and C. The ball would be just below or near the rim, likely in the space between the player's hand and the hoop.",C5
27.png,32,"The player in white is in the middle of a jump shot or dunk, with his arm extended upward and his hand positioned as if he has just released or is about to release the ball. The ball is likely near the basket, above the rim, as the player is aiming to score. The shadow of the ball can be seen just above the rim, indicating the ball is in the air close to the hoop.",B7
27.png,33,"The player in white is jumping with his arm extended upward, indicating he is likely attempting a shot or dunk. The ball would be near his hand and close to the basket. The basket is located around the B5 and B6 cells, so the ball is most likely just below the rim, near the player's hand in the D5 cell.",D5
27.png,34,"The player in white is in the middle of a jump shot or dunk, with his arm extended upward and his hand positioned as if he just released or is about to release the ball. The ball is likely near the basket, above the rim, as the player is aiming to score. The shadow of the ball is visible near the hoop, indicating the ball is in the air close to the basket.",B6
27.png,35,"The player in white is jumping and extending his arm upwards as if he has just released or is about to release the ball towards the basket. The ball is likely near the hoop, possibly on its way down into the basket. The shadow of the ball can be seen near the hoop, indicating the ball is just above or near the rim.",B6
27.png,36,"The player in white is jumping and extending his arm upwards as if he is about to shoot or dunk the ball. The ball is likely near the basketball hoop, just above the rim, as the player is focused on that area. The shadow of the ball can be seen near the hoop, indicating the ball is in the air close to the basket.",B6
27.png,37,"The player in white is in the middle of a jump shot or dunk, with his arm extended upwards towards the basket. The ball is likely just above or near his hand, heading towards the hoop. The shadow of the ball is visible near the basket, indicating the ball is close to the rim. Given the player's position and the trajectory, the ball is most likely located just above the rim in the grid cell where the hoop is situated.",B5
27.png,38,"The player in white is jumping and extending his arm upwards as if he is about to dunk or shoot the ball into the hoop. The ball is likely just above or near his hand, close to the basket. The basket is located around the intersection of columns 5 and 6 and rows B and C. Given the player's position and arm extension, the ball is most likely in the space just below the basket, near the player's hand.",C5
27.png,39,"The player in white is jumping and extending his arm upwards as if he is about to dunk or shoot the ball into the hoop. The ball is likely just above or near his hand, close to the basket. The basket is located around the intersection of columns 5 and 6 and rows B and C. Given the player's position and arm extension, the ball is most likely near the basket, slightly above or in front of the rim.",B5
27.png,40,"The player in white is in the motion of shooting the ball towards the basket. The ball is likely just above the rim, about to go through the hoop. The shadow of the ball can be seen near the basket, indicating its position in the air close to the hoop.",C6
27.png,41,"The player in white is jumping and extending his arm upwards as if he has just released or is about to release the ball towards the basket. The ball is likely near the hoop, above the rim, as the player appears to be making a shot. The shadow of the ball is visible near the hoop, indicating the ball is in the air close to the basket.",B6
27.png,42,"The player in white is in the middle of a jump shot or dunk, with his arm extended upward toward the basket. The ball is likely just above or near his hand, heading toward the hoop. The shadow of the ball can be seen near the basket, indicating the ball is in the air close to the rim.",B6
27.png,43,"The player in white is jumping and extending his arm upwards as if he is about to dunk or shoot the ball into the hoop. The ball is likely just above or near his hand, close to the basket. The shadow of the ball can be seen near the hoop, indicating the ball is in the air near the rim.",B6
27.png,44,"The player in white is in the middle of a jump shot or dunk, with his arm extended upward and his hand positioned as if he just released or is about to release the ball. The ball is likely near the basket, above the rim, and slightly to the right of the player's hand. The shadow of the ball is visible near the basket, indicating the ball is in the air close to the hoop.",C6
27.png,45,"The player in white is jumping and extending his arm upwards as if he has just released or is about to release the ball towards the basket. The ball is likely near the hoop, above the rim, and slightly to the right of the player's hand. The shadow of the ball can be seen near the hoop, indicating the ball is in the air close to the basket.",B6
27.png,46,"The player in white is in the motion of shooting the basketball towards the hoop. The ball is likely near the basket, just above or around the rim, as the player’s hand is extended upwards and the ball would be close to the hoop for a shot attempt or dunk.",B6
27.png,47,"The player in white is jumping and extending his arm upwards as if he has just released or is about to release the ball towards the basket. The ball is likely near the hoop, above the rim, as the player appears to be making a shot. The shadow of the ball is visible near the hoop, indicating the ball is in the air close to the basket.",B7
27.png,48,"The player in white is in the middle of a jump shot or dunk, with his arm extended upward and his hand positioned as if he has just released or is about to release the ball. The ball is likely near the basket, above the rim, as the player aims to score. The shadow of the ball is visible near the hoop, indicating the ball is in the air close to the basket.",B6
27.png,49,"The player in white is jumping and extending his arm upwards as if he is about to dunk or shoot the ball into the hoop. The ball is likely just above or near his hand, close to the basket. The basket is located around the intersection of columns 5 and 6 and rows B and C. Given the player's position and arm extension, the ball is most likely in the space just below the hoop, near the player's hand.",C5
27.png,50,"The player in white is jumping and extending his arm upwards as if he is about to dunk or shoot the ball into the hoop. The ball is likely very close to the hoop, just above or near the rim. The most probable location of the ball is near the basket, slightly above the rim.",B5
33.png,1,"The player in white is leaning forward and reaching out with his right hand, suggesting he is about to dribble or catch the ball. The player in red is facing him and appears to be defending. The ball is likely near the white player's right hand, close to the ground.",E5
33.png,2,"The player in white is leaning forward and appears to be reaching out with his right hand, which is positioned near the lower center of the image. The player in red is facing him and seems to be in a defensive stance, focusing on the same area. This suggests the ball is likely near the white player's hand, close to the ground as if he is dribbling or about to pick it up.",E4
33.png,3,"The player in white is leaning forward with his right hand extended downward, as if reaching to dribble or catch the ball. The player in red is facing him and appears to be in a defensive stance, focusing on the ball. The ball is likely near the white player's right hand, close to the ground. This position corresponds to the area between the two players' legs, slightly in front of the white player.",E5
33.png,4,"The player in white is leaning forward and appears to be reaching out with his right hand, which is positioned near the center of the image. The player in red is facing him and seems to be in a defensive stance, focusing on the same area. This suggests the ball is likely between the two players, close to the white player's hand. The most probable location is slightly to the right of the white player's hand and in front of the red player.",D5
33.png,5,"The player in white is leaning forward with his right hand extended downward, suggesting he is about to dribble or catch the ball. The player in red is facing him and appears to be in a defensive stance, focusing on the ball. The ball is likely near the white player's right hand, close to the ground. This position corresponds to the area just in front of the white player's right hand.",D4
33.png,6,"The player in white is leaning forward with his right hand extended downward, as if he is about to dribble or catch the ball. The player in red is facing him and appears to be in a defensive stance, focusing on the ball. The ball is likely near the white player's right hand, close to the ground.",E5
33.png,7,"The player in white (center-left) is in a forward motion with his right hand extended downward, suggesting he is dribbling or about to dribble the ball. The ball is likely near his right hand, close to the ground. The most probable location is just in front of his right hand, near the ground level.",E4
33.png,8,"The player in white is leaning forward and appears to be reaching out with his right hand, which is positioned near the center of the image. The player in red is facing him and seems to be in a defensive stance. Given the body language and positioning, the ball is likely near the white player's right hand, close to the ground as if he is dribbling or about to pick it up.",D5
33.png,9,"The player in white is leaning forward and appears to be reaching out with his right hand, which is positioned near the center of the image. The player in red is facing him and seems to be in a defensive stance, focusing on the ball. Given the body language and positioning, the ball is likely near the white player's right hand, around the middle of the court between the two players.",D5
33.png,10,"The player in white is leaning forward and appears to be reaching out with his right hand, which is positioned near the center of the image. The player in red is facing him and seems to be in a defensive stance, looking at the same area. This suggests the ball is likely near the white player's right hand, close to the ground as if he is dribbling or about to pick it up.",D5
33.png,11,"The player in white (center-left) is leaning forward and appears to be reaching out with his right hand, which is positioned near the middle of the image. The player in red (center-right) is facing him and seems to be in a defensive stance, looking at the same area. This suggests the ball is likely between them, near the player's hand in white. The most probable location is slightly above the ground and between the two players, around the middle of the image horizontally and just above the midline vertically.",D5
33.png,12,"The player in white is leaning forward with his right hand extended downward, as if he is about to dribble or catch the ball. The player in red is facing him and appears to be in a defensive stance. The ball is likely near the white player's right hand, close to the ground. This places the ball roughly between the two players, slightly closer to the white player.",D5
33.png,13,"The player in white is in a dribbling posture, with his right hand extended forward and slightly downward, suggesting he is about to bounce or catch the ball. The ball is likely near his hand, close to the ground. The most probable location is just in front of his right hand, around the area where his hand is positioned.",D5
33.png,14,"The player in white is leaning forward with his right hand extended downward, suggesting he is about to dribble or catch the ball. The player in red is facing him and appears to be in a defensive stance, focusing on the ball. The ball is likely near the white player's right hand, close to the ground. This position corresponds to the area just in front of the white player's right hand.",D4
33.png,15,"The player in white is leaning forward and looking downward toward the right side of the image, with his right hand extended as if reaching for or dribbling a ball. The player in red is also focused on the same area. This suggests the ball is near the white player's right hand, close to the ground. The most likely location is just in front of the white player's right foot.",E5
33.png,16,"The player in white is leaning forward with his right hand extended downward, as if reaching to dribble or catch the ball. The player in red is facing him and appears to be in a defensive stance, focusing on the ball. The ball is likely near the white player's right hand, close to the ground. This position corresponds to the area just in front of the white player's right foot.",E4
33.png,17,"The player in white is leaning forward with his right hand extended downward, suggesting he is about to dribble or catch the ball. The player in red is facing him and appears to be in a defensive stance, focusing on the ball. The ball is likely near the white player's right hand, close to the ground. This places the ball around the lower middle part of the image, near the player's hand and foot.",E4
33.png,18,"The player in white is reaching out with his right hand, which is positioned near the center of the image, suggesting he is about to catch or dribble the ball. The player in red is facing him and appears to be defending. The ball is likely near the white player's hand, slightly in front of him and above the ground.",D5
33.png,19,"The player in white is leaning forward and appears to be reaching out with his right hand, which is positioned near the lower center of the image. The player in red is facing him and seems to be preparing to defend or intercept. Given the body language and positioning, the ball is likely near the white player's right hand, close to the ground as if he is dribbling or about to pick it up.",E5
33.png,20,"The player in white (center-left) is reaching out with his right hand, which is positioned near the middle of the image. The player in red (center-right) is facing him and appears to be in a defensive stance, focusing on the ball. The ball is likely near the white player's hand, slightly in front of him as he moves forward. This places the ball roughly between the two players, around the mid-lower part of the image.",D5
33.png,21,"The player in white (center-left) is reaching out with his right hand, which is extended forward and slightly downward, suggesting he is about to dribble or catch the ball. The player in red (center-right) is facing him and appears to be defending. The ball is likely near the white player's hand, close to the ground. The most probable location is just in front of the white player's right hand, around the middle of the image horizontally and slightly above the court surface.",D5
33.png,22,"The player in white is leaning forward with his right hand extended downward, suggesting he is about to dribble or reach for the ball. The player in red is facing him and appears to be in a defensive stance. The ball is likely near the white player's right hand, close to the ground. This places the ball around the lower middle part of the image, near the player's hand and foot.",E4
33.png,23,"The player in white (on the left) is leaning forward and appears to be reaching out with his right hand, which is positioned near the center of the image. The player in red (on the right) is facing him and seems to be in a defensive stance. Given the body language and positioning, the ball is likely near the right hand of the player in white, which is around the middle of the image horizontally and slightly above the midline vertically.",D5
33.png,24,"The player in white is leaning forward and appears to be reaching out with his right hand, suggesting he is about to dribble or catch the ball. The player in red is facing him and seems to be in a defensive stance. The ball is likely near the white player's right hand, which is positioned around the middle of the image horizontally and slightly below the waist level vertically.",E5
33.png,25,"The player in white is leaning forward and looking downward toward the right side of the image, with his right hand extended as if reaching for or dribbling a ball. The player in red is also focused on the same area, suggesting the ball is near the white player's hand. The ball is likely close to the ground near the white player's right hand, which is around the intersection of columns 4 and 5 and row D.",D4
33.png,26,"The player in white is leaning forward and looking downward with his right hand extended as if he is about to dribble or catch the ball. The player in red is facing him and appears to be in a defensive stance, focusing on the ball. The ball is likely near the white player's right hand, close to the ground. This places the ball in the area just in front of the white player's right hand.",E4
33.png,27,"The player in white is leaning forward with his right hand extended downward, as if he is about to dribble or catch the ball. The player in red is facing him and appears to be in a defensive stance, focusing on the ball. The ball is likely near the white player's right hand, close to the ground.",E5
33.png,28,"The player in white is leaning forward with his right hand extended downward, suggesting he is about to dribble or catch the ball. The player in red is facing him and appears to be in a defensive stance. The ball is likely near the white player's right hand, close to the ground. This places the ball in the area just in front of the white player's hand.",E4
33.png,29,"The player in white is leaning forward with his right hand extended and fingers spread, indicating he is about to catch or dribble the ball. The player in red is facing him and appears to be defending. The ball is likely near the white player's right hand, which is positioned slightly ahead of his body and close to the ground. This suggests the ball is in front of the white player, around waist to knee height.",E5
33.png,30,"The player in white is leaning forward and appears to be reaching out with his right hand, suggesting he is about to dribble or catch the ball. The player in red is facing him and seems to be in a defensive stance. The ball is likely near the white player's right hand, which is positioned around the middle of the image horizontally and slightly above the ground vertically.",D5
33.png,31,"The player in white is leaning forward with his right arm extended downward, suggesting he is about to dribble or has just dribbled the ball. The player in red is facing him and appears to be in a defensive stance. The ball is likely near the white player's right hand, close to the ground. This places the ball around the lower middle part of the image, near the player's hand.",E5
33.png,32,"The player in white is leaning forward with his right hand extended downward, suggesting he is about to dribble or catch the ball. The player in red is facing him and appears to be in a defensive stance, focusing on the ball. The ball is likely near the white player's right hand, close to the ground. This position corresponds to the area just in front of the white player's right hand.",D4
33.png,33,"The player in white is reaching out with his right hand, which is positioned near the center of the image, suggesting he is about to catch or dribble the ball. The player in red is facing him and appears to be defending closely. The ball is likely near the white player's hand, slightly in front of him as he moves forward.",D5
33.png,34,"The player in white (center-left) is reaching out with his right hand, which is positioned near the middle of the image. The player in red (center-right) is facing him and appears to be in a defensive stance, focusing on the ball. Given the players' body language and hand positions, the ball is most likely located between them, slightly closer to the player in white's hand.",D5
33.png,35,"The player in white is leaning forward with his right hand extended downward, which suggests he is dribbling or about to dribble the ball. The ball is likely near his hand, close to the ground. The most probable location is just in front of his right hand, near the ground level.",E4
33.png,36,"The player in white is leaning forward and looking downward toward the right side of the image, with his right hand extended as if reaching for or dribbling a ball. The player in red is also focused on the same area, suggesting the ball is near the white player's hand. The most likely location of the ball is near the white player's right hand, which is around the intersection of column 5 and row D.",D5
33.png,37,"The player in white (center-left) is in a running stance with his right hand extended forward and fingers spread, as if he is about to catch or dribble the ball. The player in red (center-right) is facing him and appears to be defending. The ball is likely near the white player's right hand, slightly ahead of him. This places the ball roughly in the space between the two players, closer to the white player's hand.",D5
33.png,38,"The player in the white jersey is leaning forward with his right hand extended and fingers spread, as if reaching to catch or dribble the ball. The player in the red jersey is facing him and appears to be in a defensive stance, focused on the ball. The ball is likely near the white jersey player's right hand, close to the ground, as he is in a position typical for dribbling or receiving the ball.",E5
33.png,39,"The player in white is reaching out with his right hand, which is positioned near the center of the image, slightly to the right. The player in red is facing him and appears to be in a defensive stance, focusing on the ball. Given the positioning of the players and the direction of their focus and hands, the ball is most likely located near the right hand of the player in white, around the middle height of the image.",D6
33.png,40,"The player in white is leaning forward with his right hand extended downward, suggesting he is about to dribble or catch the ball. The player in red is facing him and appears to be in a defensive stance. The ball is likely near the white player's right hand, which is around the middle of the image horizontally and slightly above the ground vertically.",D5
33.png,41,"The player in white is leaning forward with his right hand extended downward, suggesting he is about to dribble or catch the ball. The player in red is facing him closely, likely defending. The ball is most likely near the white player's right hand, which is around the intersection of row D and column 4.",D4
33.png,42,"The player in white is leaning forward with his right hand extended downward, suggesting he is about to dribble or catch the ball. The player in red is facing him and appears to be in a defensive stance. The ball is likely near the white player's right hand, which is positioned around the middle of the image horizontally and slightly above the ground vertically.",D5
33.png,43,"The player in white is leaning forward with his right hand extended downward, which suggests he is dribbling or about to dribble the ball. The ball is likely near his right hand, close to the ground. The most probable location is just in front of his right hand, which is around the middle of the image horizontally and near the lower half vertically.",E5
33.png,44,"The player in white is leaning forward and appears to be reaching out with his right hand, suggesting he is about to dribble or catch the ball. The player in red is facing him and seems to be in a defensive stance. The ball is likely near the white player's right hand, which is positioned around the middle of the image horizontally and slightly above the ground vertically.",D5
33.png,45,"The player in white (center-left) is reaching out with his right hand, which is positioned near the middle of the image. The player in red (center-right) is facing him and appears to be in a defensive stance, focusing on the same area. This suggests the ball is likely between the two players, near the hand of the player in white. The ball would be close to the ground as the player in white is leaning forward and reaching down.",D5
33.png,46,"The player in white (center-left) is reaching out with his right hand, which is positioned near the middle of the image, suggesting he is about to catch or dribble the ball. The player in red (center-right) is facing him and appears to be defending. The ball is likely near the white player's hand, slightly in front of him and above the ground. This places the ball roughly between the two players, around the midsection of the image.",D5
33.png,47,"The player in white (center-left) is reaching out with his right hand, which is extended forward and slightly downward, suggesting he is about to catch or dribble the ball. The player in red (center-right) is facing him and appears to be defending. The ball is likely near the white player's hand, slightly in front of him and at about waist height. This places the ball roughly in the space between the two players, closer to the white player's hand.",D5
33.png,48,"The player in white is leaning forward and reaching out with his right hand, indicating he is likely dribbling or about to catch the ball. The player in red is facing him and appears to be in a defensive stance. The ball is most likely near the white player's right hand, which is positioned around the middle of the image horizontally and slightly above the ground vertically.",D5
33.png,49,"The player in white is leaning forward with his right hand extended downward, as if he is about to dribble or catch the ball. The player in red is facing him and appears to be in a defensive stance, focusing on the ball. The ball is likely near the white player's right hand, close to the ground. This places the ball around the lower middle part of the image, near the player's hand.",E5
33.png,50,"The player in white (center-left) is reaching out with his right hand, which is extended forward and slightly downward, suggesting he is about to dribble or catch the ball. The player in red (center-right) is facing him and appears to be defending. The ball is likely near the hand of the player in white, close to the ground. This places the ball around the area where the player's hand is extended.",D4
32.png,1,"The player in white in cell D3 is in a shooting posture with his arms extended upwards, indicating he is likely holding or about to release the ball. The player in blue in cell D3 is closely defending him, which further suggests the ball is near the white player’s hands. The ball is most likely just above or near the hands of the white player in D3.",D3
32.png,2,"The player in white in cell D3 is in a shooting posture, with his arms extended upwards and eyes focused above. The player in blue in the same cell is closely defending him, also looking upwards. This suggests the ball is likely in the air near the shooting player's hands. Given the player's position and posture, the ball is most likely just above or near his hands in cell D3.",D3
32.png,3,"The player in white in cell D3 is in a shooting posture with his hands raised and looking upwards, which suggests he has just released or is about to release the ball. The player in blue in cell D3 is also looking upwards, indicating the ball is likely in the air above them. Given the typical trajectory of a basketball shot, the ball is most likely located slightly above and in front of the player in white, around the area where the hoop would be.",C4
32.png,4,"The player in white in cell D3 is in a shooting posture with his hands raised and looking upwards, which typically indicates he has just released or is about to release the ball. The player in blue in cell D3 is also looking upwards, suggesting the ball is in the air above them. Given the trajectory of a basketball shot, the ball is most likely above or near the player in white's hands, around the upper part of the grid in the same column.",C3
32.png,5,"The player in white in cell D3 is in a shooting posture with his hands raised and looking upwards, which suggests he has just released or is about to release the ball. The player in blue in cell D3 is also looking upwards, indicating the ball is likely in the air above them. Given the typical trajectory of a basketball shot, the ball is most likely located slightly above and in front of the shooter, around the area between cells C3 and C4.",C3
32.png,6,"The player in white in cell D3 is in a shooting posture, with his hands raised and eyes focused upwards, indicating he has just released or is about to release the ball. The player in blue in cell D3 is also looking upwards, suggesting the ball is in the air above them. Given the typical trajectory of a basketball shot, the ball is most likely located slightly above and in front of the player in white, around the area where the shot is aimed.",C3
32.png,7,"The player in white in cell D3 is in a shooting posture with his hands raised and looking upwards, which suggests he has just released or is about to release the ball. The player in blue in cell D3 is also looking upwards and appears to be defending. Given the trajectory and typical basketball play, the ball is most likely in the air above the player in white, around the area where the shot would be aimed, near the basket. The basket is located around cells B7 and B8, so the ball is likely in the air between these cells.",B7
32.png,8,"The player in white in cell C3 is in a shooting posture with his hands raised and looking upwards, which typically indicates he is about to shoot or has just released the ball. The player in blue in cell D3 is closely defending him, also looking upwards. This suggests the ball is likely in the air above or near these players. Given the players' focus and positioning, the ball is most likely located just above the player in white's hands, around the area between cells C3 and B3.",B3
32.png,9,"The player in white in cell D3 is in a shooting posture with his arm extended upwards, indicating he has just released or is about to release the ball. The player in blue in cell D3 is also looking upwards, likely tracking the ball's trajectory. Given the typical arc of a basketball shot and the players' focus, the ball is most likely in the air above the player in white, around the area where the shot would be aimed, near the basket. The basket is located near the top right of the image, around cells B8 and B9.",B8
32.png,10,"The player in white in cell D3 is in a shooting posture with his hands raised and eyes focused upwards, indicating he has just released or is about to release the ball. The player in blue in cell D3 is also looking upwards and appears to be defending. The ball is most likely in the air above or near the player in white's hands, which would place it in the grid cell directly above D3, which is C3.",C3
32.png,11,"The player in white in cell D3 is in a shooting posture with his arms extended upward, suggesting he has just released or is about to release the ball. The player in blue in cell D3 is also looking upward, likely tracking the ball's trajectory. Given this, the ball is most likely in the air above or near the player in white's hands, which would place it around the area just above D3.",C3
32.png,12,"The player in white in cell D3 is in a shooting posture with his hands raised and looking upwards, which suggests he has just released or is about to release the ball. The player in blue in cell D3 is also looking upwards and appears to be defending the shot. Given the trajectory and typical basketball play, the ball is most likely in the air above the players, near the basket. The basket is located around cells B6 and B7, so the ball is likely in the air between these cells.",B6
32.png,13,"The player in white in cell D3 is in a shooting posture with his arm extended upward, which suggests he has just released or is about to release the ball. The player in blue in cell D3 is also looking upward, likely tracking the ball's trajectory. Given the typical arc of a basketball shot and the players' focus, the ball is most likely in the air above the player in white, around the area where the shot would be aimed, near the basket. The basket is located near the top right of the image, around cells B8 and B9.",B8
32.png,14,"The player in white in cell D3 is in a shooting posture with his arm extended upward, suggesting he has just released or is about to release the ball. The player in blue in cell D3 is also looking upward and reaching out, indicating the ball is likely in the air above them. Given the typical trajectory of a basketball shot, the ball is most likely located slightly above and in front of the player in white, around the area between cells C3 and C4.",C3
32.png,15,"The player in white in cell D3 is in a shooting posture with his arms raised and looking upwards, which typically indicates he has just released or is about to release the ball. The player in blue in cell D3 is also looking upwards and appears to be defending the shot. Given this, the ball is most likely located just above or near the hands of the player in white in cell D3.",D3
32.png,16,"The player in white in cell D3 is in a shooting posture with his arms extended upward, which typically indicates he has just released or is about to release the ball. The player in blue in cell D3 is also looking upward, likely tracking the ball's trajectory. Given this, the ball is most likely in the air above or near the player in white's hands, around the upper part of the grid in front of him.",C3
32.png,17,"The player in white in cell D3 is in a shooting posture with his arm extended upwards, which is a typical position for holding or releasing the basketball. The player in blue in the same cell is closely defending him, indicating the ball is likely in the shooter's possession. The ball is most likely just above or near the shooter's hand in this cell.",D3
32.png,18,"The player in white in cell D3 is in a shooting posture with his arm extended upwards, which typically indicates he is about to release or has just released the ball. The player in blue in cell D3 is also looking upwards, likely tracking the ball. Given this, the ball is most likely just above the player's hand in D3, in the air.",C3
32.png,19,"The player in white in cell D3 is in a shooting posture with his arms raised and hands positioned as if he has just released or is about to release the ball. The player in blue in cell D3 is closely defending him, looking up towards the same area. This suggests the ball is likely in the air near the shooter's hands. Given the shooter's position and posture, the ball is most likely just above or near his hands in the same cell.",D3
32.png,20,"The player in white in cell D3 is in a shooting posture with his arm extended upward, which suggests he is about to shoot or has just released the ball. The ball is likely near his hand or slightly above it in the air. Given the position of his hand and the typical trajectory of a basketball shot, the ball is most likely located just above or near his hand in cell C3.",C3
32.png,21,"The player in white in cell D3 is in a shooting posture with his hands raised and eyes focused upwards, indicating he has just released or is about to release the ball. The player in blue in cell D3 is also looking upwards and appears to be defending. The ball is most likely in the air above or near the player in white's hands, which would place it in the grid cell directly above D3, which is C3.",C3
32.png,22,"The player in white in cell D3 is in a shooting posture with his arms extended upward, and the player in blue in the same cell is closely defending him. This suggests the ball is likely in the air near the shooter's hands. The ball would be just above or around the shooter's hands in this cell.",D3
32.png,23,"The player in white in cell D3 is in a shooting posture with his arm extended upwards, which typically indicates he is about to release or has just released the ball. The player in blue in cell D3 is also looking upwards, likely tracking the ball. Given this, the ball is most likely just above the player's hand in D3, in the air.",C3
32.png,24,"The player in white in cell D3 is in a shooting posture with his hands raised and looking upwards, which suggests he has just released or is about to release the ball. The player in blue in cell D3 is also looking upwards and appears to be defending. The ball is most likely in the air above the player in white, around the area where his hands are directed.",C3
32.png,25,"The player in white in cell D3 is in a shooting posture with his hands raised and looking upwards, which suggests he has just released or is about to release the ball. The player in blue in cell D3 is also looking upwards, indicating the ball is likely in the air above them. Given the typical trajectory of a basketball shot, the ball is most likely located slightly above and in front of the player in white, around the area between cells C3 and C4.",C3
32.png,26,"The player in white in cell D3 is in a shooting posture with his hands raised and looking upwards, which suggests he has just released or is about to release the ball. The player in blue in cell D3 is also looking upwards and appears to be defending. The ball is most likely in the air above or near the player in white's hands, which would place it in the grid cell directly above D3, which is C3.",C3
32.png,27,"The player in white in cell D3 is in a shooting posture with his hands raised and looking upwards, which typically indicates he has just released or is about to release the ball. The player in blue in cell D3 is also looking upwards, suggesting the ball is in the air above them. Given the trajectory of a basketball shot, the ball is most likely above the player in white, around the area between cells C3 and C4.",C3
32.png,28,"The player in white in cell D3 is in a shooting posture with his arm extended upward, suggesting he has just released or is about to release the ball. The ball is likely near his hand or slightly above it in the air. Since the ball is not visible, it is most likely just above or near this player's hand in the same cell or the adjacent cell above.",C3
32.png,29,"The player in white near the center of the court (around column 6) is looking upwards with his hands raised, which suggests he is about to catch or shoot the ball. The player in blue near him is also looking upwards and appears to be defending. This indicates the ball is likely in the air above or near these players. Given the players' positions and gaze, the ball is most likely located slightly above the player in white near the center of the court.",D6
32.png,30,"The player in white in cell D3 is in a shooting posture with his hands raised and looking upwards, which suggests he has just released or is about to release the ball. The player in blue in cell D3 is also looking upwards, indicating the ball is likely in the air above them. Given the players' focus and positioning, the ball is most likely located just above the player in white, around the area where a shot would be aimed.",C3
32.png,31,"The player in white in cell E6 is looking upwards with his hands raised, indicating he is likely about to catch or shoot the ball. The player in blue in cell E7 is also looking upwards and appears to be defending or contesting the ball. This suggests the ball is in the air between these two players, likely just above or near their hands.",E6
32.png,32,"The player in white in cell D3 is in a shooting posture with his arms raised and eyes focused upwards, indicating he has just released or is about to release the ball. The player in blue in cell D3 is also looking upwards, suggesting the ball is in the air above them. Given the typical trajectory of a basketball shot, the ball is most likely located slightly above and in front of the player in white, around the area where the shot is aimed.",C4
32.png,33,"The player in white in cell D3 is in a shooting posture with his hands raised and looking upwards, which typically indicates he has just released or is about to release the ball. The player in blue in cell D3 is also looking upwards and appears to be defending or attempting to block the shot. Given this, the ball is most likely in the air above or near these players, around the area where the shooter is aiming.",C3
32.png,34,"The player in white in cell D3 is in a shooting posture with his hands raised and eyes focused upwards, indicating he has just released or is about to release the ball. The player in blue in cell D3 is also looking upwards and appears to be defending the shot. Given the trajectory and typical basketball play, the ball is most likely above or near the player in white's hands, which would place it in the space just above D3 or possibly in the adjacent cells above.",C3
32.png,35,"The player in white in cell D3 is in a shooting posture with his hands raised and looking upwards, which suggests he has just released or is about to release the ball. The player in blue in cell D3 is also looking upwards and appears to be defending the shot. Given the trajectory and typical basketball play, the ball is most likely in the air above or near the player in white's hands, around the upper part of the grid near D3 or C3.",C3
32.png,36,"The player in white in cell D3 is in a shooting posture with his arms raised and hands positioned as if he has just released the ball. The player in blue in cell D3 is also looking upwards, likely tracking the ball's trajectory. This suggests the ball is in the air above or near the player in white. Given the players' focus and positioning, the ball is most likely located just above the player in white in cell C3.",C3
32.png,37,"The player in white in cell D3 is in a shooting posture with his arm extended upward, suggesting he has just released or is about to release the ball. The player in blue in cell D3 is closely defending him, looking up towards the ball. The ball is likely in the air above the player in white's hand, which would place it in the grid cell directly above D3, which is C3.",C3
32.png,38,"The player in white near the center of the court (around E6) is looking upwards with his hands raised, which suggests he is about to catch or shoot the ball. The player in blue near him is also looking upwards, indicating the ball is likely in the air above them. Given the players' focus and positioning, the ball is most likely located just above the player in white's hands.",D6
32.png,39,"The player in white in cell D3 is in a shooting posture with his arm extended upward, which suggests he has just released or is about to release the ball. The player in blue in cell D3 is also looking upward, likely tracking the ball's trajectory. Given the typical arc of a basketball shot and the players' focus, the ball is most likely in the air above the players, around the area where the shooter is aiming. This would place the ball near the basket, which is located in the upper right part of the court, around cells C7 or C8.",C7
32.png,40,"The player in white in cell D3 is in a shooting posture with his arm extended upward, suggesting he has just released or is about to release the ball. The player in blue in cell D3 is also looking upward, likely tracking the ball's trajectory. Given the typical arc of a basketball shot and the players' focus, the ball is most likely in the air above or near the player in white's hand, around the upper part of the grid in front of him.",C3
32.png,41,"The player in white in cell E6 is looking upwards with his hands raised, which is a typical posture for someone about to catch or shoot the ball. Additionally, the player in blue in cell E7 is also looking upwards and appears to be preparing to contest or block the ball. This suggests the ball is likely in the air above or near these players.",D6
32.png,42,"The player in white in cell D3 is in a shooting posture with his hands raised and looking upwards, which suggests he has just released or is about to release the ball. The player in blue in cell D3 is also looking upwards, indicating the ball is likely in the air above them. Given the typical trajectory of a basketball shot, the ball is most likely located slightly above and in front of the player in white, around the area between cells C3 and C4.",C3
32.png,43,"The player in white in cell D3 is in a shooting posture with his arms extended upwards, and the player in blue in the same cell is closely defending him. This suggests the ball is likely in the air near the shooter's hands. The ball would most likely be just above or near the shooter's hands in this cell.",D3
32.png,44,"The player in white in cell D3 is in a shooting posture with his hands raised and looking upwards, which suggests he has just released or is about to release the ball. The player in blue in cell D3 is also looking upwards and appears to be defending. The ball is most likely in the air above or near the player in white's hands, which would place it in the grid cell directly above D3, which is C3.",C3
32.png,45,"The player in white in cell D3 is in a shooting posture with his arm extended upward, which suggests he is about to shoot or has just released the ball. The ball is likely near his hand or slightly above it in the air. Given the position of his hand and the typical trajectory of a basketball shot, the ball is most likely located just above or near his hand in cell C3.",C3
32.png,46,"The player in white in cell D3 is in a shooting posture with his arms extended upwards, which typically indicates he is about to release or has just released the ball. The player in blue in cell D3 is also looking upwards, likely tracking the ball. Given this, the ball is most likely just above the hands of the player in white in cell D3.",C3
32.png,47,"The player in white in cell D3 is in a shooting posture with his hands raised and looking upwards, which suggests he has just released or is about to release the ball. The player in blue in cell D3 is also looking upwards and appears to be defending. The ball is most likely in the air above the player in white, around the area where his hands are directed. This places the ball in the grid cell directly above D3, which is C3.",C3
32.png,48,"The player in white in cell D3 is in a shooting posture with his hands raised and looking upwards, which typically indicates he is about to shoot or has just released the ball. The player in blue in cell D3 is also looking upwards, suggesting the ball is in the air above them. Given the players' focus and body language, the ball is most likely located just above or near the player in white's hands in cell D3.",D3
32.png,49,"The player in white in cell D3 is in a shooting posture with his arm extended upward, and the player in blue in the same cell is closely defending him. This suggests the ball is likely in the shooter's hand or just above it as he attempts a shot. The ball would be near the shooter's hand, which is around the upper part of cell D3 or slightly into C3.",D3
32.png,50,"The player in white in cell C3 is holding his hands in a position that suggests he is about to shoot or pass the ball. The player in blue in cell D3 is closely guarding him, indicating the ball is likely in the possession of the player in white. The ball is most likely near the player's hands, which are around the boundary between cells C3 and D3.",C3
26.png,1,"The player in the red jersey with the number 3 is jumping and extending his right arm upwards as if he is about to shoot or pass the ball. The player in the gray jersey in front of him is also reaching up, likely trying to block or intercept the ball. Given the position of the players and their focus, the ball is most likely just above the red player's hand, near the basket.",E5
26.png,2,"The player in the red jersey with the number 3 is jumping and extending his arm upwards as if he is about to shoot or pass the ball. The player in the gray jersey in front of him is also reaching up, likely trying to block or intercept the ball. Given the positioning and the action, the ball is most likely just above the red player's hand, near the basket.",E5
26.png,3,"The player in the red jersey with the number 3 is jumping and extending his right arm upwards as if he is about to shoot or has just released the ball. The player in the gray jersey in front of him is also reaching up, likely trying to block the shot. Given the trajectory and the position of the players, the ball is most likely above the player's hand in the air, heading towards the basket.",E5
26.png,4,"The player in red, wearing number 3, is jumping and appears to be in the act of shooting or passing the ball. His hand is extended upwards, and the player in gray in front of him is also reaching up to block or intercept. The ball is likely just above the red player's hand, near the basket, as the action is focused there.",E5
26.png,5,"The player in the red jersey with the number 3 is jumping and has his arm extended upwards as if he is about to shoot or pass the ball. The player in the gray jersey in front of him is also reaching up, likely trying to block or intercept the ball. Given the positioning and the action, the ball is most likely just above the red player's hand, near the basket.",E5
26.png,6,"The player in the red jersey with the number 3 is jumping and extending his right arm upwards as if he is about to shoot or has just released the ball. The player in the gray jersey in front of him is also reaching up, likely trying to block the shot. Given the trajectory and the position of the players, the ball is most likely above the player's hand in the air, heading towards the basket.",E5
26.png,7,"The player in red, wearing number 3, is jumping with his arm extended upwards as if he is about to shoot or has just released the ball. The player in gray in front of him is also reaching up, likely trying to block the shot. Given the trajectory and typical basketball play, the ball is most likely above the player's hand in the air, heading towards the basket.",E5
26.png,8,"The player in the red jersey with the number 3 is jumping and extending his arm upwards as if he is about to shoot or has just released the ball. The player in the gray jersey in front of him is also reaching up, likely trying to block the shot. Given the trajectory and the position of the players, the ball is most likely near the basket, above the rim, in the air.",F5
26.png,9,"The player in the red jersey with the number 3 is jumping and extending his arm upwards as if he is about to shoot or pass the ball. The ball is likely above his hand, near the basket. The basket is located in the upper center of the image, so the ball should be in the grid cell just above or near the player's outstretched hand and close to the hoop.",D5
26.png,10,"The player in the red jersey with the number 3 is jumping and extending his right arm upwards as if he is about to shoot or pass the ball. The player in the gray jersey in front of him is also reaching up with both hands, likely trying to block or intercept the ball. Given the positioning and body language, the ball is most likely just above the red player's hand, near the basket.",E5
26.png,11,"The player in red with the number 3 is jumping and extending his right arm upwards as if he is about to shoot or has just released the ball. The player in gray in front of him is also reaching up, likely trying to block the shot. Given the trajectory and the position of the players, the ball is most likely just above the player's hand in red, near the basket.",E5
26.png,12,"The player in red (number 3) is jumping with his arm extended upwards, indicating he is likely attempting a shot or pass. The player in gray in front of him has his arm raised, trying to block or contest the ball. Given the height and position of the player's hand, the ball is most likely just above his outstretched hand, near the basket.",E5
26.png,13,"The player in the red jersey with the number 3 is jumping and extending his right arm upwards as if he is about to shoot or has just released the ball. The player in the gray jersey in front of him is also reaching up, likely trying to block the shot. Given the trajectory and the player's position, the ball is most likely above the player's hand and heading towards the basket.",E5
26.png,14,"The player in red wearing number 3 is jumping with his arm extended upwards, indicating he is likely attempting a shot or pass. The player in gray in front of him has his arm raised, trying to block or contest the ball. The ball is most likely above the player's hand in red, near the basket. This places the ball in the area just below the hoop.",F5
26.png,15,"The player in the red jersey with the number 3 is jumping and extending his arm upwards as if he is about to shoot or pass the ball. The player in the gray jersey in front of him is also reaching up, likely trying to block or intercept the ball. Given the height of the jump and the arm position, the ball is most likely just above the player's hand in mid-air, near the basket.",E5
26.png,16,"The player in the red jersey with the number 3 is jumping and extending his right arm upwards as if he is about to shoot or has just released the ball. The player in the gray jersey in front of him is also reaching up, likely trying to block the shot. Given the trajectory and the players' focus, the ball is most likely above the player's hand in mid-air, heading towards the basket.",E5
26.png,17,"The player in red, located in cell D4, is jumping with his arm extended upwards as if he is about to shoot or has just released the ball. The player in gray in cell D5 is also reaching up, likely trying to block or contest the shot. Given the trajectory and the positioning of the players, the ball is most likely above the player's hand in D4, heading towards the basket in the center of the image.",C5
26.png,18,"The player in the red jersey with the number 3 is jumping and extending his right arm upwards as if he is about to shoot or has just released the ball. The player in the gray jersey in front of him is also reaching up, likely trying to block the shot. Given the trajectory and typical basketball play, the ball is most likely above the player's hand and heading towards the basket.",D5
26.png,19,"The player in the red jersey with the number 3 is jumping and extending his right arm upwards as if he is about to shoot or has just released the ball. The player in the gray jersey in front of him is also reaching up, likely trying to block the shot. Given the trajectory and the position of the players, the ball is most likely above the player's hand in the red jersey, near the basket.",E5
26.png,20,"The player in the red jersey with the number 3 is jumping and extending his right arm upwards as if he is about to shoot or has just released the ball. The player in the gray jersey in front of him is also reaching up, likely trying to block the shot. Given the trajectory and the position of the players, the ball is most likely near the basketball hoop, above the rim, as the shot is being attempted.",F5
26.png,21,"The player in the red jersey with the number 3 is jumping and extending his right arm upwards as if he is about to shoot or pass the ball. The player in the gray jersey in front of him is also reaching up, likely trying to block or intercept the ball. Given the position of the players and their focus, the ball is most likely just above the red player's hand, near the basket.",E5
26.png,22,"The player in red, wearing jersey number 3, is jumping with his arm extended upwards as if he is about to shoot or has just released the ball. The player in gray in front of him is also reaching up, likely trying to block the shot. Given the trajectory and typical basketball play, the ball is most likely above the player's hand in the air, heading towards the basket.",E5
26.png,23,"The player in the red jersey with the number 3 is jumping and extending his right arm upwards as if he is about to shoot or pass the ball. The player in the gray jersey in front of him is also reaching up, likely trying to block or intercept the ball. Given the height and position of the player's hand, the ball is most likely located just above his hand, near the basket.",F5
26.png,24,"The player in the red jersey with the number 3 is jumping and extending his right arm upwards as if he is about to shoot or pass the ball. The player in the gray jersey in front of him is also reaching up, likely trying to block or intercept the ball. Given the height and position of the player's hand, the ball is most likely located just above his hand, near the basket.",E5
26.png,25,"The player in the red jersey with the number 3 is jumping and extending his right arm upwards as if he is about to shoot or has just released the ball. The ball is likely above his hand, near the basket. The basket is located in the upper center of the image, so the ball is most likely in the air between the player's hand and the hoop.",D5
26.png,26,"The player in red, wearing number 3, is jumping with his arm extended upwards as if he is about to shoot or has just released the ball. The player in gray in front of him is also reaching up, likely trying to block the shot. Given the position of the players and the direction of their hands, the ball is most likely just above the player's outstretched hand in red, heading towards the basket.",E5
26.png,27,"The player in red, wearing number 3, is jumping with his arm extended upwards as if he has just released or is about to release the ball. The player in gray in front of him is also reaching up, likely trying to block or contest the shot. The ball is most likely near the player's hand, above the rim, in the process of going towards the basket.",E5
26.png,28,"The player in the red jersey with the number 3 is jumping and extending his right arm upwards, which is a typical motion for shooting or passing the ball. The player in the gray jersey in front of him is also reaching up, likely trying to block or intercept the ball. Given the height and position of the player's hand, the ball is most likely just above or near his outstretched hand.",E5
26.png,29,"The player in red, wearing number 3, is jumping with his arm extended upwards as if he is about to shoot or has just released the ball. The player in gray in front of him is also reaching up, likely trying to block the shot. Given the trajectory and typical basketball play, the ball is most likely above the player's hand in the air, heading towards the basket.",E5
26.png,30,"The player in the red jersey with the number 3 is jumping and extending his right arm upwards as if he is about to shoot or has just released the ball. The player in the gray jersey in front of him is also reaching up, likely trying to block the shot. Given the trajectory and typical basketball play, the ball is most likely above the player's hand, heading towards the basket.",E5
26.png,31,"The player in red, wearing number 3, is jumping with his arm extended upwards as if he is about to shoot or has just released the ball. The player in gray in front of him is also reaching up, likely trying to block the shot. Given the trajectory and typical basketball play, the ball is most likely above the player's hand, heading towards the basket.",E5
26.png,32,"The player in the red jersey with the number 3 is jumping and extending his right arm upwards as if he is about to shoot or has just released the ball. The player in the gray jersey in front of him is also reaching up, likely trying to block the shot. Given the position of the players and the direction of their hands, the ball is most likely near the basketball hoop, above the rim.",F5
26.png,33,"The player in the red jersey with the number 3 is jumping and extending his right arm upwards as if he is about to shoot or has just released the ball. The player in the gray jersey in front of him is also reaching up, likely trying to block the shot. Given the trajectory and typical basketball play, the ball is most likely near the basket, above the player's hand who is shooting. The ball would be in the air, close to the hoop.",E5
26.png,34,"The player in the red jersey with the number 3 is jumping and has his arm extended upwards as if he is about to shoot or pass the ball. The player in the gray jersey in front of him is also reaching up, likely trying to block or intercept the ball. Given the positioning and the action, the ball is most likely just above the red player's hand, near the basket.",E5
26.png,35,"The player in red, wearing number 3, is jumping with his arm extended upwards as if he is about to shoot or has just released the ball. The player in gray in front of him is also reaching up, likely trying to block the shot. Given the trajectory and typical basketball play, the ball is most likely above the player's hand in the air, heading towards the basket.",E5
26.png,36,"The player in the red jersey with the number 3 is jumping and extending his right arm upwards as if he is about to shoot or has just released the ball. The player in the gray jersey in front of him is also reaching up, likely trying to block the shot. Given the position of the players and the direction of their hands, the ball is most likely near the basket, above the rim, in the process of going into the hoop.",F5
26.png,37,"The player in the red jersey with the number 3 is jumping and extending his right arm upwards as if he is about to shoot or pass the ball. The player in the gray jersey in front of him is also reaching up, likely trying to block or intercept the ball. Given the height and position of the player's hand, the ball is most likely located just above his hand, near the basket.",E5
26.png,38,"The player in red wearing number 3 is jumping with his arm extended upwards, indicating he is likely attempting a shot or pass. The player in gray in front of him has his arm raised, trying to block or defend. The ball is most likely just above the red player's hand, near the basket, as he appears to be in the act of shooting. The basket is located in the upper center of the image, so the ball would be near that area.",F5
26.png,39,"The player in the red jersey with the number 3 is jumping and extending his arm upwards as if he is about to shoot or pass the ball. The player in the gray jersey in front of him is also reaching up, likely trying to block or intercept the ball. Given the positioning and the action, the ball is most likely just above the red player's hand, near the basket.",F5
26.png,40,"The player in the red jersey with the number 3 is jumping and extending his arm upwards as if he is about to shoot or has just released the ball. The player in the gray jersey in front of him is also reaching up, likely trying to block the shot. Given the trajectory and the position of the players, the ball is most likely above the player's hand in the air, heading towards the basket.",E5
26.png,41,"The player in the red jersey with the number 3 is jumping and extending his arm upwards as if he is about to shoot or has just released the ball. The player in the gray jersey in front of him is also reaching up, likely trying to block the shot. The ball is most likely near the player's hand or slightly above it, heading towards the basket. The basket is located in the upper center of the image, so the ball should be in the air between the player's hand and the basket.",E5
26.png,42,"The player in red in cell D4 is jumping with his arm extended upwards, indicating he is likely attempting a shot or a pass. The player in gray in cell D5 is also reaching up, likely trying to block or intercept the ball. Given the height and position of the red player's hand, the ball is most likely just above or near his hand in the air, close to the basket.",D4
26.png,43,"The player in the red jersey with the number 3 is jumping and extending his right arm upwards as if he is about to shoot or dunk the ball. The player in the gray jersey in front of him is also reaching up, likely trying to block the shot. Given the position of the player's hand and the typical trajectory of a basketball shot, the ball is most likely just above the player's outstretched hand.",E5
26.png,44,"The player in the red jersey with the number 3 is jumping and extending his right arm upwards as if he is about to shoot or has just released the ball. The player in the gray jersey in front of him is also reaching up, likely trying to block the shot. Given the position of the players and the direction of their arms, the ball is most likely above the player's hand in the red jersey, near the basket.",E5
26.png,45,"The player in the red jersey with the number 3 is jumping and extending his right arm upwards as if he is about to shoot or has just released the ball. The player in the gray jersey in front of him is also reaching up, likely trying to block the shot. Given the trajectory and the position of the players, the ball is most likely near the basket, above the rim, or just about to enter the hoop.",B5
26.png,46,"The player in the red jersey with the number 3 is jumping and extending his arm upwards as if he is about to shoot or pass the ball. The player in the gray jersey in front of him is also reaching up, likely trying to block or intercept the ball. Given the height and position of the player's hand, the ball is most likely just above or near his outstretched hand.",D5
26.png,47,"The player in the red jersey with the number 3 is jumping and has his right hand extended upwards, indicating he is likely attempting a shot or a pass. The player in the gray jersey in front of him has his hands raised, trying to block or defend. Given the position of the player's hand and the typical trajectory of a basketball shot, the ball is most likely just above or near the player's outstretched hand.",E5
26.png,48,"The player in the red jersey with the number 3 is jumping and extending his right arm upwards as if he is about to shoot or has just released the ball. The player in the gray jersey in front of him is also reaching up, likely trying to block the shot. Given the trajectory and typical basketball play, the ball is most likely above the player's hand in the air, heading towards the basket.",D5
26.png,49,"The player in the red jersey with the number 3 is jumping and extending his right arm upwards as if he is about to shoot or has just released the ball. The player in the gray jersey in front of him is also reaching up, likely trying to block the shot. Given the position of the player's hand and the trajectory implied by the jump, the ball is most likely above the player's hand and heading towards the basket.",E5
26.png,50,"The player in the red jersey with the number 3 is jumping and extending his arm upwards as if he is about to shoot or has just released the ball. The player in the gray jersey in front of him is also reaching up, likely trying to block the shot. Given the trajectory and the positioning of the players, the ball is most likely above the player's hand in the red jersey, heading towards the basket.",E5
18.png,1,"The player in red in cell C3 is jumping with his arm extended upwards, as if he is about to shoot or has just released the ball. The player in white in cell B2 is also reaching up, likely trying to block or contest the shot. Given the typical trajectory of a basketball shot and the players' positions, the ball is most likely just above the hand of the player in red in cell C3, in the space above him.",B3
18.png,2,"The player in the red jersey in cell C3 is jumping with his arm extended upwards, as if attempting a shot or a pass. The player in the white jersey in cell C2 is also reaching up, likely trying to block or contest the ball. Given the positioning and body language, the ball is most likely just above the hand of the player in red, around the height of his outstretched arm.",B3
18.png,3,"The player in the red jersey near cell C3 is jumping with his arm extended upwards, as if attempting a shot or a pass. The player in the white jersey near cell B2 is also reaching up, likely trying to block or contest the ball. Given the typical basketball play and the positioning of the players, the ball is most likely just above or near the outstretched hand of the player in red.",B3
18.png,4,"The player in the red jersey in cell C3 is jumping with his arm extended upwards, as if attempting a shot or a pass. The player in the white jersey in cell C2 is also reaching up towards the same area, likely trying to block or intercept the ball. This suggests the ball is in the air near their hands. Since the ball is typically above the players' heads during a shot or pass, the most likely location is just above the red player's hand in cell C3.",B3
18.png,5,"The player in the red jersey in cell C3 is jumping with his arm extended upwards, as if attempting a shot or a pass. The player in the white jersey in cell C2 is also reaching up, likely trying to block or contest the ball. Given the typical basketball play and the positioning of the players, the ball is most likely just above the hand of the player in red who is jumping.",B3
18.png,6,"The player in the red jersey in cell C3 is jumping with his arm extended upwards, as if attempting a shot or a pass. The player in the white jersey in cell C2 is also reaching up, likely trying to block or contest the ball. Given the positioning and body language, the ball is most likely just above the hand of the player in red, around the area where his hand is extended.",B3
18.png,7,"The player in the red jersey in cell C3 is jumping with his arm extended upwards, which is a typical motion for shooting or passing the ball. The player in the white jersey in cell B2 is also reaching up towards the same area, likely trying to block or intercept the ball. Given these actions, the ball is most likely located near the outstretched hand of the player in red, just above or around cell B3.",B3
18.png,8,"The player in the red jersey in cell C3 is jumping with his arm extended upwards, as if attempting a shot or a pass. The player in the white jersey in cell C2 is also reaching up, likely trying to block or contest the ball. Given the positioning and body language, the ball is most likely just above the hand of the player in red, around the top of cell B3 or C3.",B3
18.png,9,"The player in the red jersey in cell C3 is jumping with his arm extended upwards, as if attempting a shot or a pass. The player in the white jersey in cell C2 is also reaching up towards the same area, likely trying to block or intercept the ball. This suggests the ball is in the air near their hands. Since the ball is typically above the players' heads during a shot or pass, the most likely location is just above the red player's outstretched hand in cell B3.",B3
18.png,10,"The player in the red jersey in cell C3 is jumping with his arm extended upwards, as if attempting a shot or a pass. The player in the white jersey in cell C2 is also reaching up towards the same area, likely trying to block or contest the ball. This suggests the ball is in the air near their hands. Given the positioning and the focus of both players, the ball is most likely located just above or around the top of the red player's hand in cell B3.",B3
18.png,11,"The player in the red jersey in cell C3 is jumping with his arm extended upwards, as if attempting a shot or a pass. The player in the white jersey in cell C2 is also reaching up, likely trying to block or intercept the ball. Given the typical basketball play and the positioning of the players, the ball is most likely just above or near the outstretched hand of the player in red.",B3
18.png,12,"The player in red in cell C3 is jumping with his arm extended upwards, as if attempting a shot or a pass. The player in white in cell B2 is also reaching up towards the same area, likely trying to block or intercept the ball. This suggests the ball is in the air near their hands. Since the ball is missing, it is most likely located just above or near the outstretched hand of the player in red.",B3
18.png,13,"The player in the red jersey near the center-left of the image is jumping with his arm extended upwards, which is a typical motion for shooting or passing the ball. The player in the white jersey closest to him is also reaching up, likely trying to block or contest the shot. Given this action, the ball is most likely just above the red player's hand, in the air.",C3
18.png,14,"The player in the red jersey in cell C3 is jumping with his arm extended upwards, as if attempting a shot or a pass. The player in the white jersey in cell C2 is also reaching up, likely trying to block or contest the ball. Given the positioning and body language, the ball is most likely just above the hand of the player in red, around the top of his reach.",B3
18.png,15,"The player in red in cell C3 is jumping with his arm extended upwards, which is a typical motion for shooting or passing the ball. The player in white in cell B2 is also reaching up towards the same area, likely trying to block or contest the shot. This suggests the ball is in the air near the hands of the player in red. Since the ball is missing, it is most likely located just above or near the outstretched hand of the red player in C3.",C3
18.png,16,"The player in the red jersey in cell C3 is jumping with his arm extended upwards, as if attempting a shot or a pass. The player in the white jersey in cell C2 is also reaching up, likely trying to block or contest the ball. Given the positioning and body language, the ball is most likely just above the hand of the player in red in cell C3.",B3
18.png,17,"The player in the red jersey in cell C3 is jumping with his arm extended upwards, as if attempting a shot or a pass. The player in the white jersey in cell C2 is also reaching up towards the same area, likely trying to block or intercept the ball. This suggests the ball is in the air near their hands. Given the positioning and the action, the ball is most likely located just above or near the outstretched hand of the player in red.",B3
18.png,18,"The player in the red jersey in cell C3 is jumping with his arm extended upwards, as if attempting a shot or a pass. The player in the white jersey in cell C2 is also reaching up, likely trying to block or contest the ball. Given the positioning and body language, the ball is most likely just above the hand of the player in red, around the top of cell B3 or C3.",B3
18.png,19,"The player in the red jersey in cell C3 is jumping with his arm extended upwards, which is a typical motion for shooting or passing the ball. The player in the white jersey in cell C2 is also reaching up, likely trying to block or contest the shot. Given the positioning and body language, the ball is most likely just above the hand of the player in red in cell C3.",B3
18.png,20,"The player in the red jersey in cell C3 is jumping with his arm extended upwards, as if attempting a shot or a pass. The player in the white jersey in cell C2 is also reaching up towards the same area, likely trying to block or intercept the ball. This suggests the ball is in the air near their hands. Given the positioning and the typical trajectory of a basketball shot or pass, the ball is most likely just above or near the outstretched hand of the player in red.",B3
18.png,21,"The player in the red jersey near cell C3 is jumping with his arm extended upwards, as if attempting a shot or a pass. The player in the white jersey near cell B2 is also reaching up, likely trying to block or contest the ball. Given the typical basketball play and the positioning of the players, the ball is most likely just above the hand of the player in red who is jumping.",B3
18.png,22,"The player in the red jersey in cell C3 is jumping with his arm extended upwards, as if attempting a shot or a pass. The player in the white jersey in cell C2 is also reaching up, likely trying to block or contest the ball. Given the typical basketball play and the positioning of the players, the ball is most likely just above the hand of the player in red who is jumping.",B3
18.png,23,"The player in the red jersey in cell C3 is jumping with his arm extended upwards, as if attempting a shot or a pass. The player in the white jersey in cell C2 is also reaching up, likely trying to block or contest the ball. Given the typical basketball play and the positioning of the players, the ball is most likely just above the hand of the player in red who is jumping.",B3
18.png,24,"The player in red in cell C3 is jumping with his arm extended upwards, as if attempting a shot or a pass. The player in white in cell B2 is also reaching up towards the same area, likely trying to block or intercept the ball. This suggests the ball is in the air near their hands. Since the ball is missing, it is most likely located just above or near the outstretched hand of the player in red in cell C3.",C3
18.png,25,"The player in the red jersey near cell C3 is jumping with his arm extended upwards, as if attempting a shot or a pass. The player in the white jersey near cell B2 is also reaching up, likely trying to block or intercept the ball. Given the typical basketball play and the positioning of the players, the ball is most likely just above the hand of the player in red who is jumping.",B3
18.png,26,"The player in the red jersey in cell C3 is jumping with his arm extended upwards, as if attempting a shot or a pass. The player in the white jersey in cell C2 is also reaching up, likely trying to block or contest the ball. Given the positioning and body language, the ball is most likely just above the hand of the player in red, around the top of cell B3 or C3.",B3
18.png,27,"The player in the red jersey in cell C3 is jumping with his arm extended upwards, as if attempting a shot or a pass. The player in the white jersey in cell C2 is also reaching up, likely trying to block or contest the ball. Given the typical basketball play and the positioning of the players, the ball is most likely just above the hand of the player in red, around the area where his hand is extended.",B3
18.png,28,"The player in the red jersey in cell C3 is jumping with his arm extended upwards, as if attempting a shot or a pass. The player in the white jersey in cell C2 is also reaching up towards the same area, likely trying to block or contest the ball. This suggests the ball is in the air near their hands. Since the ball is missing, it is most likely located just above or near the outstretched hand of the player in red.",B3
18.png,29,"The player in the red jersey in cell C3 is jumping with his arm extended upwards, as if attempting a shot or a pass. The player in the white jersey in cell C2 is also reaching up, likely trying to block or contest the ball. Given the typical basketball play and the positioning of the players' hands, the ball is most likely just above the hand of the player in red in cell C3.",B3
18.png,30,"The player in the red jersey in cell C3 is jumping with his arm extended upwards, which is a typical motion for shooting or passing the ball. The player in the white jersey in cell B2 is also reaching up towards the same area, likely trying to block or intercept the ball. Given this interaction, the ball is most likely located near the hands of the player in red, just above or around his extended arm.",B3
18.png,31,"The player in red in cell C3 is jumping with his arm extended upwards, as if he is about to shoot or has just released the ball. The player in white in cell B2 is also reaching up, likely trying to block the shot. Given the typical trajectory of a basketball shot and the players' focus, the ball is most likely just above the hand of the player in red, around the upper part of cell B3 or C3.",B3
18.png,32,"The player in the red jersey in cell C3 is jumping with his arm extended upwards, as if attempting a shot or a pass. The player in the white jersey in cell C2 is also reaching up, likely trying to block or contest the ball. Given the positioning and body language, the ball is most likely just above the hand of the player in red, around the area where his hand is extended.",B3
18.png,33,"The player in the red jersey near the center-left of the image is jumping with his arm extended upwards, which is a typical motion for shooting or passing the ball. The player in the white jersey closest to him is also reaching up, likely attempting to block or contest the shot. Given this action, the ball is most likely located near the outstretched hand of the red jersey player. This position corresponds to the area just above his hand.",C3
18.png,34,"The player in the red jersey near the center-left of the image is jumping with his arm extended upwards, as if attempting a shot or pass. His hand is positioned where the ball would logically be, and the player in the white jersey in front of him is also reaching up, likely trying to block or contest the ball. This suggests the ball is just above or near the outstretched hand of the red jersey player.",C3
18.png,35,"The player in the red jersey in cell C3 is jumping with his arm extended upwards, as if attempting a shot or a pass. The player in the white jersey in cell C2 is also reaching up, likely trying to block or contest the ball. Given the positioning and body language, the ball is most likely just above the hand of the player in red, around the top of cell B3 or C3.",B3
18.png,36,"The player in the red jersey near the center-left of the image is jumping with his arm extended upwards, which is a typical motion for shooting or passing the ball. The player in the white jersey closest to him is also reaching up, likely attempting to block or contest the shot. Given the positioning and body language, the ball is most likely just above the outstretched hand of the red jersey player.",C3
18.png,37,"The player in the red jersey in cell C3 is jumping with his arm extended upwards, as if attempting a shot or a pass. The player in the white jersey in cell B2 is also reaching up, likely trying to block or intercept the ball. Given the positioning and body language, the ball is most likely just above the hand of the player in red in cell C3.",B3
18.png,38,"The player in the red jersey in cell C3 is jumping with his arm extended upwards, as if attempting a shot or a pass. The player in the white jersey in cell C2 is also reaching up, likely trying to block or intercept the ball. Given the typical basketball play and the positioning of the players' hands, the ball is most likely just above the hand of the player in red in cell C3.",B3
18.png,39,"The player in the red jersey in cell C3 is jumping with his arm extended upwards, which is a typical motion for shooting or passing the basketball. The player in the white jersey in cell C2 is also reaching up, likely trying to block or contest the shot. Given this action, the ball is most likely just above or near the hand of the red jersey player in cell C3.",B3
18.png,40,"The player in the red jersey in cell C3 is jumping with his arm extended upwards, as if attempting a shot or a pass. The player in the white jersey in cell B2 is also reaching up towards the same area, likely trying to block or intercept the ball. This suggests the ball is in the air near their hands. Given the positioning and the typical trajectory of a basketball shot, the ball is most likely just above the player's outstretched hand in cell C3.",B3
18.png,41,"The player in the red jersey near the center-left of the image is jumping with his arm extended upwards, as if attempting a shot or pass. His hand is positioned where the ball would logically be. The player in the white jersey closest to him is also reaching up, likely trying to block or contest the ball. Given the positioning and body language of these players, the ball is most likely just above the red player's outstretched hand.",C3
18.png,42,"The player in the red jersey in cell C3 is jumping with his arm extended upwards, as if attempting a shot or pass. The player in the white jersey in cell C2 is also reaching up towards the same area, likely trying to block or intercept the ball. This suggests the ball is in the air near their hands. No other players are looking or reaching in a different direction, reinforcing that the ball is likely in this area.",C3
18.png,43,"The player in the red jersey in cell C3 is jumping with his arm extended upwards, as if attempting a shot or a pass. The player in the white jersey in cell B2 is also reaching up towards the same area, likely trying to block or intercept the ball. This suggests the ball is in the air near their hands. Since the ball is typically held or released near the shooter's hand, the most likely location of the ball is just above or near the hand of the player in red in cell C3.",C3
18.png,44,"The player in the red jersey in cell C3 is jumping with his arm extended upwards, as if attempting a shot or a pass. The player in the white jersey in cell C2 is also reaching up, likely trying to block or contest the ball. Given the typical basketball play and the positioning of the players, the ball is most likely just above the hand of the player in red in cell C3.",B3
18.png,45,"The player in the red jersey in cell C3 is jumping with his arm extended upwards, as if attempting a shot or a pass. The player in the white jersey in cell C2 is also reaching up, likely trying to block or contest the ball. Given the typical basketball play and the positioning of the players, the ball is most likely just above the hand of the player in red who is jumping.",B3
18.png,46,"The player in the red jersey near cell C3 is jumping with his arm extended upwards, as if attempting a shot or a pass. The player in the white jersey in cell B2 is also reaching up, likely trying to block or contest the ball. Given the typical basketball play and the positioning of the players, the ball is most likely just above or near the outstretched hand of the player in red.",B3
18.png,47,"The player in red in cell C3 is jumping with his arm extended upwards, as if attempting a shot or pass. The player in white in cell B2 is also reaching up towards the same area, indicating the ball is likely in the air between them. Given the positioning and the typical trajectory of a basketball shot, the ball is most likely just above the player's hand in C3.",B3
18.png,48,"The player in the red jersey near the center-left of the image is jumping with his arm extended upwards, as if attempting a shot or pass. His hand is positioned where the ball would logically be. The player in the white jersey closest to him is also reaching up, likely trying to block or contest the shot. Given the positioning and body language, the ball is most likely just above the red player's outstretched hand.",C3
18.png,49,"The player in the red jersey in cell C3 is jumping with his arm extended upwards, as if attempting a shot or pass. The player in the white jersey in cell C2 is also reaching up towards the same area, indicating the ball is likely near their hands. Given the typical trajectory and positioning in basketball, the ball is most likely just above or near the outstretched hand of the player in red.",B3
18.png,50,"The player in the red jersey in cell C3 is jumping with his arm extended upwards, as if attempting a shot or a pass. The player in the white jersey in cell C2 is also reaching up towards the same area, likely trying to block or contest the ball. This suggests the ball is in the air near their hands. Given the positioning and the action, the ball is most likely located just above or near the outstretched hand of the player in red in cell C3.",B3
30.png,1,"The player in the red jersey (Spain) is in a defensive stance with his hands positioned as if he is about to intercept or dribble the ball. The player in the white jersey is leaning forward and appears to be controlling or dribbling the ball with his right hand. The ball is likely near the white jersey player's right hand, close to the ground.",F7
30.png,2,"The player in the red jersey (Spain) is in a defensive stance with his hand extended downward, and the player in the white jersey is leaning forward as if dribbling or controlling the ball. The ball is likely near the hand of the player in white, close to the ground. This position is around the middle of the court between the two players.",F6
30.png,3,"The player in the red jersey (Spain) is in a dribbling stance with his right hand extended downward, suggesting he is controlling the ball. The ball is likely near his right hand, close to the ground. The most probable location is just below and slightly to the right of his hand, which is around the center of the image.",E5
30.png,4,"The player in the red jersey (Spain) is in a stance that suggests he is dribbling or about to dribble the ball. His right hand is positioned low and close to the ground, which is a typical position for controlling or bouncing the basketball. The opposing player in white is also focused on this area, indicating the ball is likely near the red player's right hand. Therefore, the ball is most likely located near the red player's right hand, close to the ground between the two players.",F5
30.png,5,"The player in the red jersey (Spain) is in a defensive stance with his hands positioned as if he is about to intercept or dribble the ball. The player in the white jersey is leaning forward and looking down, suggesting he is controlling or dribbling the ball. The ball is most likely near the feet of the player in white, around the area where his hand is reaching down. This places the ball near the center of the court, slightly to the right side of the image.",F6
30.png,6,"The player in the red jersey (Spain) is in a defensive stance with his hands positioned low and close to the ground, as if trying to steal or block the ball. The player in the white jersey is leaning forward and appears to be dribbling or controlling the ball with his right hand. Given the typical basketball posture and the players' focus, the ball is most likely near the white jersey player's right hand, close to the ground between the two players.",F7
30.png,7,"The player in the red jersey (Spain) is in a defensive stance with his hands positioned as if he is about to intercept or dribble the ball. The player in the white jersey is leaning forward and looking down, suggesting he is controlling or dribbling the ball. The ball is likely near the white jersey player's right hand, close to the ground. This position corresponds to the area between the two players' feet.",F6
30.png,8,"The player in the red jersey (Spain) is in a defensive stance with his hands positioned as if he is about to intercept or block the ball. The player in the white jersey is leaning forward and appears to be dribbling or controlling the ball with his right hand. Given the positioning of the players and the typical basketball play, the ball is most likely near the right hand of the player in white, which is around the middle-right part of the image.",F7
30.png,9,"The player in the red jersey (Spain) is in a stance that suggests he is dribbling or about to dribble the ball. His right hand is extended downward and positioned as if it is controlling the ball. The player in the white jersey is in a defensive stance facing him. Given the typical position of a basketball during dribbling, the ball is most likely near the red player's right hand, close to the ground.",E5
30.png,10,"The player in the red jersey (Spain) is in a dribbling stance with his right hand extended downward, suggesting he is controlling the ball. The ball is likely near his right hand, close to the ground. The most probable location is just below and slightly to the right of his hand, which is around the center of the image near the court surface.",F5
30.png,11,"The player in the red jersey (Spain) is in a defensive stance with his hands positioned as if he is about to intercept or control the ball. The player in the white jersey is leaning forward and looking down, suggesting he is dribbling or controlling the ball near his feet. The ball is most likely near the feet of the player in white, between the two players, slightly closer to the player in white.",F6
30.png,12,"The player in the red jersey (Spain) is in a defensive stance with his hands positioned as if he is about to intercept or dribble the ball. The player in the white jersey is leaning forward and looking down, suggesting he is controlling or dribbling the ball. The ball is most likely near the feet of the player in white, around the area where his hand is reaching down. This places the ball near the bottom center-right of the image.",F7
30.png,13,"The player in the red jersey (Spain) is in a defensive stance with his hands positioned as if he is about to intercept or control the ball. The player in the white jersey is leaning forward and appears to be dribbling or controlling the ball with his right hand. The ball is most likely near the white player's right hand, close to the ground.",F7
30.png,14,"The player in the red jersey (Spain) is in a defensive stance with his hand extended downward, and the player in the white jersey is leaning forward with his hand also extended downward, suggesting he is dribbling or controlling the ball. The ball is likely near the hands of the player in white, close to the ground. The most probable location is between the two players' hands, near the center of the court.",F6
30.png,15,"The player in the red jersey (Spain) is in a defensive stance with his hands positioned as if he is about to intercept or dribble the ball. The player in the white jersey is leaning forward and appears to be controlling or dribbling the ball with his right hand. The ball is likely near the white jersey player's right hand, close to the ground. This position corresponds to the area just in front of the white jersey player's right foot.",F7
30.png,16,"The player in the red jersey (Spain) is in a defensive stance with his hand extended downward, and the player in the white jersey is leaning forward as if dribbling or about to dribble the ball. The ball is likely near the white jersey player's right hand, close to the ground. This position corresponds to the area between the two players' feet, slightly to the right of the red jersey player.",F5
30.png,17,"The player in the red jersey (Spain) is in a defensive stance with his hand extended downward, and the player in the white jersey is leaning forward with his hand also extended downward, suggesting he is dribbling or controlling the ball. The ball is most likely near the hands of the player in white, close to the ground. This position corresponds to the area between the two players' hands.",F6
30.png,18,"The player in the red jersey (Spain) is in a stance that suggests he is dribbling or about to dribble the ball. His right hand is positioned near the area where the ball would typically be during a dribble. The opposing player in white is in a defensive stance, focused on the ball handler. Given the players' positions and body language, the ball is most likely near the red player's right hand, close to the ground.",E5
30.png,19,"The player in the red jersey (Spain) is in a defensive stance with his hands positioned low and close to the ground, as if trying to steal or block the ball. The player in the white jersey is leaning forward and appears to be dribbling or controlling the ball with his right hand. Given the typical basketball posture and the players' focus, the ball is most likely near the right player's right hand, close to the ground.",F7
30.png,20,"The player in the red jersey (Spain) is in a defensive stance with his hands positioned as if he is about to intercept or control the ball. The player in the white jersey is leaning forward and appears to be dribbling or reaching for the ball. The ball is likely near the hands of the player in white, close to the ground. Given the players' positions and the typical basketball stance, the ball is most likely located near the feet of the player in white, around the center of the image but slightly to the right.",F6
30.png,21,"The player in the red jersey (Spain) is in a defensive stance with his hand extended downward, and the player in the white jersey is leaning forward as if dribbling or controlling the ball. The ball is likely near the hand of the player in white, close to the ground. Given the positioning of their feet and hands, the ball is most likely located near the lower center of the image, around the area where the player's hand is reaching down.",F6
30.png,22,"The player in the red jersey (Spain) is in a defensive stance with his hands positioned as if he is about to intercept or control the ball. The player in the white jersey is leaning forward and appears to be dribbling or controlling the ball with his right hand. The ball is likely near the hand of the player in white, close to the ground. This position corresponds to the area between the two players' feet, slightly to the right of the center of the image.",F6
30.png,23,"The player in the red jersey (Spain) is in a dribbling stance with his right hand extended downward, suggesting he is controlling the ball. The ball is likely near his right hand, close to the ground. This position corresponds to the area between the two players, slightly to the right of the player in red.",F5
30.png,24,"The player in the red jersey (Spain) is in a dribbling stance with his right hand extended downward, suggesting he is controlling the ball. The ball is likely near his right hand, close to the ground. The most probable location is just below his hand, around the center of the image horizontally and slightly above the court surface vertically.",E5
30.png,25,"The player in the red jersey (Spain) is in a defensive stance with his hand extended downward, and the player in the white jersey is leaning forward with his hand also extended downward, suggesting he is dribbling or controlling the ball. The ball is likely near the hands of the player in white, close to the ground. The most probable location is between the two players' hands, near the center of the image horizontally and slightly below their waist level vertically.",F6
30.png,26,"The player in the red jersey (Spain) is in a defensive stance with his hand extended downward, and the player in the white jersey is leaning forward as if dribbling or controlling the ball. The ball is most likely near the hand of the player in white, close to the ground. This position corresponds to the area between the two players' feet.",F6
30.png,27,"The player in the red jersey (Spain) is in a defensive stance with his hands positioned as if he is about to intercept or control the ball. The player in the white jersey is leaning forward and looking down, suggesting he is dribbling or controlling the ball near his feet. The ball is most likely near the feet of the player in white, slightly in front of him as he moves forward.",F7
30.png,28,"The player in the red jersey (Spain) is in a dribbling stance with his right hand extended downward, suggesting he is controlling the ball close to the ground. The player in the white jersey is in a defensive posture facing him. The ball is most likely near the red player's right hand, close to the court surface. This position corresponds to the area just in front of the red player's right foot.",F5
30.png,29,"The player in the red jersey (Spain) is in a defensive stance with his hands positioned as if he is about to dribble or has just dribbled the ball. The player in the white jersey is leaning forward and appears to be reaching or preparing to make a move towards the ball. The most likely location of the ball is near the feet of the player in red, as this is where a basketball would typically be during a dribble or close control in a one-on-one situation.",E5
30.png,30,"The player in the red jersey (Spain) is in a defensive stance with his hand extended downward, and the player in the white jersey is leaning forward as if dribbling or controlling the ball. The ball is likely near the hand of the player in white, close to the ground. The most probable location is just in front of the white jersey player's right foot, near the center of the court.",F7
30.png,31,"The player in the red jersey (Spain) is in a defensive stance with his hands positioned as if he is about to intercept or control the ball. The player in the white jersey is leaning forward and looking down, suggesting he is dribbling or controlling the ball near his feet. The ball is most likely near the feet of the player in white, between the two players, slightly closer to the player in white.",F6
30.png,32,"The player in the red jersey (Spain) is in a defensive stance with his hands positioned as if he is about to intercept or control the ball. The player in the white jersey is leaning forward and appears to be dribbling or reaching for the ball. The ball is likely near the hands of the player in white, close to the ground. Given the positions of their hands and body orientation, the ball is most likely located between the two players, slightly closer to the player in white.",F6
30.png,33,"The player in the red jersey (Spain) is in a defensive stance with his hands positioned as if he is about to intercept or dribble the ball. The player in the white jersey is leaning forward and appears to be in control of the ball, likely dribbling it. The ball is most likely near the white player's right hand, close to the ground. This position corresponds to the area between the two players' feet.",F6
30.png,34,"The player in the red jersey (Spain) is in a dribbling stance with his hand extended downward, indicating he is likely controlling the ball close to the ground. The player in the white jersey is in a defensive posture facing him. The ball is most likely near the red player's right hand, which is positioned around the middle of the court horizontally and slightly above the baseline vertically.",F5
30.png,35,"The player in the red jersey (Spain) is in a defensive stance with his hand extended downward, and the player in the white jersey is leaning forward as if dribbling or about to dribble. The ball is most likely near the white jersey player's right hand, which is positioned close to the ground. This suggests the ball is in front of the white jersey player, near the center of the court.",F6
30.png,36,"The player in the red jersey (Spain) is in a defensive stance with his hand extended downward, and the player in the white jersey is leaning forward as if dribbling or about to dribble the ball. The ball is likely near the white jersey player's right hand, close to the ground. This position corresponds to the area between the two players' feet, slightly to the right of the red jersey player.",F6
30.png,37,"The player in the red jersey (Spain) is in a defensive stance with his hand extended downward, and the player in the white jersey is leaning forward with his hand also extended downward, suggesting he is dribbling or controlling the ball. The ball is most likely near the hand of the player in white, close to the ground. This position is around the middle of the court, near the feet of both players.",F6
30.png,38,"The player in the red jersey (Spain) is in a defensive stance with his hand extended downward, and the player in the white jersey is leaning forward as if dribbling or controlling the ball. The ball is likely near the hand of the player in white, close to the ground. This position corresponds to the area between the two players' feet.",F6
30.png,39,"The player in the red jersey (Spain) is in a stance that suggests he is dribbling or about to dribble the ball. His right hand is extended downward and positioned near the ground, which is a typical position for controlling the basketball. The player in the white jersey is in a defensive stance facing him. Given this, the ball is most likely near the red player's right hand, close to the ground.",E5
30.png,40,"The player in the red jersey (Spain) is in a defensive stance with his hand extended downward, and the player in the white jersey is leaning forward as if dribbling or controlling the ball. The ball is likely near the hand of the player in white, close to the ground. This position corresponds to the area between the two players' feet.",F6
30.png,41,"The player in the red jersey (Spain) is in a defensive stance with his hands positioned as if he is about to intercept or block the ball. The player in the white jersey is leaning forward and appears to be dribbling or controlling the ball with his right hand. Given the position of the players and the typical basketball play, the ball is most likely near the right player's right hand, close to the ground.",
30.png,42,"The player in the red jersey (Spain) is in a defensive stance with his hand extended downward, and the player in the white jersey is leaning forward as if dribbling or controlling the ball. The ball is most likely near the white jersey player's hand, close to the ground. This position corresponds to the area between the two players' feet.",F6
30.png,43,"The player in the red jersey (Spain) is in a defensive stance with his hands positioned as if he is about to intercept or control the ball. The player in the white jersey is leaning forward and appears to be dribbling or reaching for the ball. The ball is most likely near the feet of the player in white, as that is the typical position for a basketball during dribbling or close control in a one-on-one situation.",F7
30.png,44,"The player in the red jersey (Spain) is in a defensive stance with his hand extended downward, and the player in the white jersey is leaning forward with his hand also extended downward, suggesting he is dribbling or controlling the ball. The ball is likely near the hands of the player in white, close to the ground. This position corresponds to the area between the two players' hands.",F6
30.png,45,"The player in the red jersey (Spain) is in a dribbling stance with his right hand extended downward, which is a typical position for controlling or dribbling the basketball. The ball is likely near his right hand, close to the ground. The most probable location is just below and slightly to the right of his hand.",E5
30.png,46,"The player in the red jersey (Spain) is in a defensive stance with his hands positioned as if he is about to intercept or control the ball. The player in the white jersey is leaning forward and appears to be dribbling or controlling the ball with his right hand. The ball is likely near the hand of the player in white, close to the ground. Given the positioning of the players and their hands, the ball is most likely located near the lower center of the image, close to the right foot of the player in white.",F7
30.png,47,"The player in the red jersey (Spain) is in a defensive stance with his hands positioned as if he is about to intercept or control the ball. The player in the white jersey is leaning forward and looking down, suggesting he is dribbling or controlling the ball near his feet. The ball is most likely near the feet of the player in white, between the two players.",F6
30.png,48,"The player in the red jersey (Spain) is in a defensive stance with his hand extended downward, and the player in the white jersey is leaning forward with his hand also extended downward, suggesting they are both focused on the ball. The ball is likely near their hands, close to the ground, as if the player in white is dribbling or about to dribble. The most probable location is between the two players' hands, slightly closer to the player in white.",F6
30.png,49,"The player in the red jersey (Spain) is in a defensive stance with his hands positioned as if he is about to intercept or block the ball. The player in the white jersey is leaning forward and appears to be dribbling or controlling the ball with his right hand. Given the position of the players and the typical basketball play, the ball is most likely near the right player's right hand, which is close to the ground.",F7
30.png,50,"The player in the red jersey (Spain) is in a stance that suggests he is dribbling or about to dribble the ball. His right hand is positioned low and close to the ground, which is typical when controlling or bouncing the basketball. The opposing player in white is closely guarding him, indicating the ball is likely near the red player's hand. The ball is most likely just below or near the red player's right hand.",E5
24.png,1,"The player in white in cell D4 has her arm raised and appears to be in the motion of shooting or passing the ball. The player in green in cell C3 is closely defending her, indicating the ball is likely near the raised hand of the player in white. The ball is most likely just above or near the raised hand of the player in white in D4.",C4
24.png,2,"The player in white in cell D4 is jumping with both hands raised, appearing to be in the act of shooting or passing the ball. The player in green in cell C3 is closely defending, with their hands near the same area. The ball is most likely in the air near the hands of the player in white, around the upper part of cell C4 or D4. Given the grid, the ball is most likely just above the player's hands in D4.",D4
24.png,3,"The player in white in cell D4 is reaching upwards with both hands, indicating she is likely holding or about to catch the ball. The player in green in cell C3 is also reaching up, possibly trying to block or steal the ball. Given the positioning and body language, the ball is most likely just above or near the hands of the player in white in D4.",D4
24.png,4,"The player in white in cell D4 is jumping with her arms raised as if she is about to shoot or pass the ball. The player in green in cell C3 is closely defending her, also with arms raised. The ball is most likely in the hands of the player in white who is elevated, around the area where her hands are positioned. This corresponds to the intersection of column 4 and row C/D.",D4
24.png,5,"The player in white in cell D4 is jumping with both hands raised, which is a typical position for holding or shooting a basketball. The other players are looking towards this player, indicating that the ball is likely in their possession. The ball is most likely just above or near the hands of this player.",C4
24.png,6,"The player in white in cell D4 has her right arm raised and appears to be in the motion of shooting or passing the ball. The player in green in cell C3 is closely defending her, indicating the ball is likely near the raised hand of the player in white. The ball is most likely just above or near the raised hand of the player in white in cell B4 or C4.",C4
24.png,7,"The player in white in cell D4 is jumping with her right arm extended upwards, as if she is about to shoot or pass the ball. The player in green in cell C3 is closely defending her, with her arms also raised near the same area. This suggests the ball is likely near the outstretched hand of the player in white. The most probable location of the ball is just above or around the upper part of cell C4 or D4, where the player's hand is positioned.",C4
24.png,8,"The player in white in cell D4 is jumping with both hands raised, which is a typical position for holding or shooting a basketball. The player in green in cell C3 is closely defending, indicating the ball is likely near the white player’s hands. The ball is most likely just above or near the hands of the white player in D4.",C4
24.png,9,"The player in white in cell D4 is jumping with both hands raised, which is a typical position for holding or shooting a basketball. The other players are looking towards this player, indicating that the ball is likely in their possession. The ball is most likely just above or near the hands of this player.",C4
24.png,10,"The player in white in cell D4 has her right arm raised and appears to be in the motion of shooting or passing the ball. The player in green in cell C3 is closely defending her, indicating the ball is likely near the raised hand of the player in white. The ball is most likely just above or near the raised hand of the player in white in cell B4 or C4.",B4
24.png,11,"The player in white in cell D4 is jumping with both hands raised, which is a typical position for holding or shooting the ball. The player in green in cell C3 is closely defending, indicating the ball is likely near the white player’s hands. The ball is most likely just above or near the hands of the white player in D4.",C4
24.png,12,"The player in white in cell D4 has her arms raised and appears to be in the motion of shooting or passing the ball. The player in green in cell C3 is closely defending her, suggesting the ball is near the hands of the player in white. The ball is most likely just above or near the hands of the player in white in D4, as that is the focal point of the action.",D4
24.png,13,"The player in white in cell D4 has her right arm raised and appears to be in the motion of shooting or passing the ball. The player in green in cell C3 is closely defending her, indicating the ball is likely near the raised hand of the player in white. The ball is most likely just above or near the raised hand of the player in white in cell B4 or C4.",B4
24.png,14,"The player in white in cell D4 is jumping with both hands raised, which is a typical position for holding or shooting the basketball. The player in green in cell C3 is closely defending, indicating the ball is likely near the player in white. The ball is most likely just above or near the hands of the player in white in D4.",C4
24.png,15,"The player in white in cell D4 is jumping with both hands raised, which is a typical position for shooting or passing the ball. The player in green in cell C3 is closely defending and reaching up, indicating the ball is likely near the hands of the player in white. Given the height and hand positions, the ball is most likely just above or around the hands of the player in white in D4.",C4
24.png,16,"The player in white in cell D4 is jumping with her arm extended upwards, which is a typical motion for shooting or passing the ball. The player in green in cell C3 is also reaching up, likely trying to block or intercept the ball. Given the positioning and body language, the ball is most likely just above the hands of the player in white in D4.",C4
24.png,17,"The player in white in cell D4 is jumping with both hands raised, which is a typical position for holding or shooting the basketball. The other players are looking towards this player, indicating that the ball is likely in their possession. The ball is most likely just above or near the hands of this player.",C4
24.png,18,"The player in white in cell D4 has her arm raised and appears to be in the motion of shooting or passing the ball. The ball is likely just above her hand, in the space between her hand and the player in green who is defending her closely. This area is in cell C4, where the ball would logically be located during this action.",C4
24.png,19,"The player in white in cell D4 is jumping with her arms raised as if she is about to shoot or pass the ball. The player in green in cell C3 is closely defending her, also with arms raised. The ball is likely near the hands of the player in white who is actively engaged in the play. Given the positioning and body language, the ball is most likely located just above or near the hands of the player in white in cell C4.",C4
24.png,20,"The player in white in cell D4 has her arm raised and appears to be in the motion of shooting or passing the ball. The player in green in cell C3 is closely defending her, indicating the ball is likely near the raised hand of the player in white. The ball is most likely just above or near her hand in the same area.",C4
24.png,21,"The player in white in cell D4 has both arms raised and appears to be in the motion of shooting or passing the ball. The player in green in cell C3 is closely defending, with their hands near the raised arms of the player in white. Given the positioning and body language, the ball is most likely in the hands of the player in white in cell D4.",D4
24.png,22,"The player in white in cell D4 is jumping with her arms extended upwards, which is a typical motion for shooting or passing the ball. The player in green in cell C3 is also reaching up, likely trying to block or intercept the ball. Given the positioning and body language, the ball is most likely just above or near the hands of the player in white in cell D4.",D4
24.png,23,"The player in white in cell D4 has her right arm raised and appears to be in the motion of shooting or passing the ball. The player in green in cell C3 is closely defending her, suggesting the ball is near the raised hand of the player in white. Given the positioning and body language, the ball is most likely just above or near the raised hand of the player in white in cell C4.",C4
24.png,24,"The player in white in cell D4 is jumping with both hands raised, which is a typical position for holding or shooting the basketball. The player in green in cell C3 is closely defending, indicating the ball is likely near the player in white. The ball is most likely just above or near the hands of the player in white in D4.",D4
24.png,25,"The player in white in cell D4 is jumping with her right arm extended upwards, which is a typical motion for shooting or passing the ball. The player in green in cell C3 is closely defending her, also with arms raised. Given the positioning and body language, the ball is most likely just above or near the right hand of the player in white in D4, as she appears to be in control of it.",D4
24.png,26,"The player in white in cell D4 has her arms raised and appears to be in the motion of shooting or passing the ball. The player in green in cell C3 is closely defending her, indicating the ball is likely near the hands of the player in white. The ball is most likely just above or near the hands of the player in white in D4, where the action is focused.",C4
24.png,27,"The player in white in cell D4 is jumping with her right arm extended upwards, which is a typical motion for shooting or passing a basketball. The player in green in cell C3 is closely defending her, indicating the ball is likely in the possession of the player in white. Given the arm position and the defensive stance, the ball is most likely just above or near the right hand of the player in white in cell C4 or D4.",C4
24.png,28,"The player in white in cell D4 is reaching upwards with both hands, indicating she is likely holding or about to catch the ball. The player in green in cell C3 is also reaching up, possibly trying to block or steal the ball. Given the positioning and body language, the ball is most likely just above or near the hands of the player in white in D4.",D4
24.png,29,"The player in white in cell D4 is jumping with both hands raised, which is a typical position for holding or shooting the basketball. The player in green in cell C3 is closely defending, indicating the ball is likely near the white player’s hands. The ball is most likely just above or near the hands of the white player in D4.",D4
24.png,30,"The player in white in cell D4 is jumping with both hands raised, which is a typical position for holding or shooting a basketball. The other players are looking towards this player, indicating that the ball is likely in their possession. The ball is most likely just above or near the hands of this player.",C4
24.png,31,"The player in white in cell D4 is jumping with both hands raised, which is a typical position for attempting a shot or catching the ball. The player in green in cell C3 is closely defending, with their hands also raised near the same area. This suggests the ball is likely in the air near the hands of the player in white. The most probable location of the ball is just above or around the hands of the player in white in cell D4.",D4
24.png,32,"The player in white in cell D4 is jumping with both hands raised, which is a typical position for holding or shooting the ball. The player in green in cell C3 is closely defending, indicating the ball is likely near the hands of the player in white. The ball is most likely just above or near the hands of the player in white in D4.",D4
24.png,33,"The player in white in cell D4 is jumping with both hands raised, which is a typical position for holding or shooting the basketball. The player in green in cell C3 is closely defending, indicating the ball is likely near the hands of the player in white. The ball is most likely just above or near the hands of the player in white in cell D4.",C4
24.png,34,"The player in white in cell D4 has her arms raised and appears to be in the motion of shooting or passing the ball. The player in green in cell C3 is closely defending her, with her hands near the same area. The ball is most likely near the hands of the player in white in D4, as this is the focal point of the action and the typical position for the ball during a basketball play like this.",D4
24.png,35,"The player in white in cell D4 has her arm raised and appears to be in the motion of shooting or passing the ball. The player in green in cell C3 is closely defending her, suggesting the ball is near the raised hand of the player in white. The ball is most likely just above or near the hand of the player in white in D4.",D4
24.png,36,"The player in white in cell D4 is jumping with her right arm extended upwards, which is a typical motion for shooting or passing a basketball. The player in green in cell C3 is also reaching up, likely trying to block or contest the ball. Given the positioning and body language, the ball is most likely just above or near the right hand of the player in white in D4, in the space between cells B4 and C4.",B4
24.png,37,"The player in white in cell D4 has her arms raised and appears to be in the motion of shooting or passing the ball. The player in green in cell C3 is closely defending her, which suggests the ball is near the hands of the player in white. The ball is most likely just above or near the hands of the player in white in D4.",C4
24.png,38,"The player in white in cell D4 is jumping with her right arm extended upwards, which is a typical motion for shooting or passing the ball. The player in green in cell C3 is also reaching up, likely trying to block or intercept the ball. Given the positioning and body language, the ball is most likely just above the hands of the player in white in D4, in the space between cells B4 and C4.",B4
24.png,39,"The player in white in cell D4 is jumping with both hands raised, which is a typical position for holding or shooting the basketball. The other players are looking towards this player, indicating that the ball is likely in their possession. The ball is most likely just above or near the hands of this player.",C4
24.png,40,"The player in white in cell D4 is jumping with her arms raised as if she is about to shoot or pass the ball. The player in green in cell C3 is closely defending her, also with arms raised. This suggests the ball is likely near the hands of the player in white in D4, as she appears to be in control of it. The other players are looking towards this area, reinforcing that the ball is likely there.",D4
24.png,41,"The player in white in cell D4 is jumping with both hands raised, which is a typical position for holding or shooting the basketball. The player in green in cell C3 is closely defending, indicating the ball is likely near the player in white. The ball is most likely just above or near the hands of the player in white in D4.",C4
24.png,42,"The player in white in cell D4 has her arms raised and appears to be in the motion of shooting or passing the ball. The player in green in cell C3 is closely defending her, with her hands near the same area. Given the positioning and body language, the ball is most likely just above or near the hands of the player in white in cell D4, possibly slightly above her head.",C4
24.png,43,"The player in white in cell D4 is reaching upwards with both hands, indicating she is likely holding or about to catch the ball. The player in green in cell C3 is also reaching up, possibly trying to block or steal the ball. The ball is most likely just above or near the hands of the player in white in D4.",D4
24.png,44,"The player in white in cell D4 is jumping with both hands raised, which is a typical position for holding or shooting the ball. The player in green in cell C3 is closely defending, indicating the ball is likely near the player in white. The ball is most likely just above or near the hands of the player in white in D4.",D4
24.png,45,"The player in white in cell D4 is jumping with both hands raised, which is a typical position for holding or shooting the basketball. The player in green in cell C3 is closely defending, indicating the ball is likely near the white player’s hands. The ball is most likely just above or near the hands of the white player in D4.",C4
24.png,46,"The player in white in cell D4 is jumping with both hands raised, which is a typical position for holding or shooting the ball. The player in green in cell C3 is closely defending, indicating the ball is likely near the player in white. The ball is most likely just above or near the hands of the player in white in D4.",D4
24.png,47,"The player in white in cell D4 is jumping with both hands raised, which is a typical position for holding or shooting the basketball. The other players are looking towards this player, indicating that the ball is likely in their possession. The ball would most likely be near their hands, which are in the upper part of cell B4 and C4.",B4
24.png,48,"The player in white in cell D4 is jumping with both hands raised, which is a typical position for holding or shooting the basketball. The player in green in cell C3 is also reaching up, likely trying to block or steal the ball. Given this interaction, the ball is most likely located near the hands of the player in white in cell D4.",D4
24.png,49,"The player in white in cell D4 has her arm raised and appears to be in the motion of shooting or passing the ball. The player in green in cell C3 is closely defending her, which suggests the ball is near the raised hand of the player in white. The ball is most likely just above or near her raised hand.",C4
24.png,50,"The player in white in cell D4 has her arm raised and appears to be in the motion of shooting or passing the ball. The player in green in cell C3 is closely defending her, suggesting the ball is near the raised hand of the player in white. The ball is most likely just above or near the raised hand of the player in white in cell D4.",D4
25.png,1,"The player in red in cell F6 is bent over and appears to be in a position to dribble or control the ball. His body posture and hand placement suggest he is handling the ball near his feet. The other players are looking towards this area, indicating the ball is likely there.",F6
25.png,2,"The player in the red jersey with the number 1, located near the center of the image, is bent over and appears to be in a position to dribble or control the ball. His body posture and hand positioning suggest he is handling the ball. The ball is likely near his hands, which are around the middle of the image horizontally and slightly below the center vertically.",F6
25.png,3,"The player in the red jersey with the number 1, located near the center of the image, is bent over and appears to be in a position to dribble or control the ball. His body posture and hand positioning suggest he is handling the ball. The ball is likely near his hands, which are around the middle of the image horizontally and slightly below the center vertically.",F6
25.png,4,"The player in the red jersey with the number 1, located near the center of the image, is bent over and appears to be holding or dribbling the ball. His posture and hand position suggest he is controlling the ball. The ball is likely near his hands, which are positioned around the middle of the image horizontally and slightly below the center vertically.",F6
25.png,5,"The player in the red jersey numbered 1, located near the center of the image, is bent over and appears to be in the act of dribbling or controlling the ball. His hand is positioned near the ground, which is a typical posture for handling the basketball. The ball is likely near his hand, close to the floor.",E6
25.png,6,"The player in the red jersey numbered 1, located near the center of the image, is bent over and appears to be holding or dribbling the ball. His body posture and hand position suggest he is controlling the ball. The ball is likely near his hands, which are positioned around the middle of the image horizontally and slightly below the center vertically.",F6
25.png,7,"The player in the red jersey numbered 1, located near the center of the image, is bent over and appears to be in the act of dribbling or controlling the ball. His hand is positioned low and close to the ground, which is typical when handling a basketball. The ball is likely near his hand, slightly in front of him on the court.",E6
25.png,8,"The player in the red jersey with the number 1, located near the center of the image, is bent over and appears to be in a position to dribble or control the ball. His body posture and hand positioning suggest he is handling the ball. The ball is likely near his hands, which are around the lower middle part of the image. The most probable location is just in front of him, near the ground.",F6
25.png,9,"The player in the red jersey with the number 1, located near the center of the image, is bent over and appears to be in a position to dribble or control the ball. His body posture and hand placement suggest he is handling the ball. The ball is likely near his right hand, which is close to the ground.",E6
25.png,10,"The player in the red jersey with the number 1, located near the center of the image, is bent over and appears to be in a position to dribble or control the ball. His body posture and hand positioning suggest he is handling the ball. The ball is likely near his hands, which are around the middle of the image horizontally and slightly below the center vertically.",E6
25.png,11,"The player in the red jersey with the number 1, located near the center of the image, is in a bent position with his hands close together, which is a typical posture for holding or dribbling a basketball. The other players are looking towards this player, indicating he likely has possession of the ball. The ball is most likely near his hands.",F6
25.png,12,"The player in the red jersey with the number 1, located near the center of the image, is bent over and appears to be in a position to dribble or control the ball. His body posture and hand positioning suggest he is handling the ball. The ball is likely near his hands, which are around the lower middle part of the image.",E6
25.png,13,"The player in the red jersey with the number 1, located near the center of the image, is bent over and appears to be dribbling or controlling the ball. His hand is positioned low and close to the ground, which is typical when handling a basketball. The ball is likely near his hand, slightly in front of him.",E6
25.png,14,"The player in the red jersey with the number 1, located near the center of the image, is bent forward and appears to be in a position to dribble or control the ball. His hands are positioned as if holding or about to dribble the ball. The ball is likely near his hands, which are around the middle of the image horizontally and slightly below the center vertically.",F6
25.png,15,"The player in the red jersey with the number 1, located near the center of the image, is bent over and appears to be in a position to dribble or control the ball. His body posture and hand positioning suggest he is handling the ball. The ball is likely near his right hand, which is close to the ground. This area corresponds to the grid cell around the middle of the image, slightly to the right.",E6
25.png,16,"The player in the red jersey with the number 1, located near the center of the image, is bent over and appears to be in a position to dribble or control the ball. His body posture and hand placement suggest he is handling the ball. The ball is likely near his hands, which are positioned around the lower center of the image.",F6
25.png,17,"The player in the red jersey numbered 1, located near the center of the image, is bent over and appears to be dribbling or controlling the ball. His hand is positioned low and close to the ground, which is typical for handling a basketball. The ball is likely near his hand, slightly in front of him.",E6
25.png,18,"The player in red in cell E6 is bent over and appears to be dribbling or controlling the ball, as his hand is positioned near the ground in front of him. The other players are looking towards that area, indicating the ball is likely there.",E6
25.png,19,"The player in the red jersey with the number 1, located near the center of the image, is bent over and appears to be in a position to dribble or control the ball. His body posture and hand position suggest he is handling the ball. The ball is likely near his hands, which are around the middle of the image horizontally and slightly below the center vertically.",F6
25.png,20,"The player in the red jersey numbered 1, located near the center of the image, is bent over and appears to be in the act of dribbling or controlling the ball. His hand is positioned near the ground, which is a typical posture for handling the basketball. The ball is likely near his hand, close to the court surface.",F6
25.png,21,"The player in the red jersey numbered 1, located near the center of the image, is bent over and appears to be in a position to dribble or control the ball. His body posture and hand positioning suggest he is handling the ball. The ball is likely near his hands, which are around the lower middle part of the image.",E6
25.png,22,"The player in the red jersey numbered 1, located near the center of the image, is bent over and appears to be in a position to dribble or control the ball. His body posture and hand positioning suggest he is handling the ball. The ball is likely near his hands, which are around the middle of the image horizontally and slightly below the center vertically.",E6
25.png,23,"The player in the red jersey numbered 1, located near the center of the image, is bent over and appears to be in the act of dribbling or controlling the ball. His hand is positioned near the ground, which is a typical posture for handling the basketball. The ball is likely near his hand, close to the floor.",E6
25.png,24,"The player in the red jersey numbered 1, located near the center of the image, is in a forward-leaning position with his right arm extended as if dribbling or holding the ball. The other players are focused on him, indicating he likely has possession. The ball is most likely near his right hand, which is around the middle of the image horizontally and slightly below the center vertically.",F6
25.png,25,"The player in the red jersey with the number 1, located near the center of the image, is bent over and appears to be dribbling or holding the ball. His hand is positioned near his knee, which is a common stance when controlling the ball in basketball. The other players are looking towards him, indicating he has possession of the ball.",E6
25.png,26,"The player in the red jersey with the number 1, located near the center of the image, is bent over and appears to be in a position to dribble or control the ball. His body posture and hand positioning suggest he is handling the ball. The ball is likely near his hands, which are around the lower center of the image.",E6
25.png,27,"The player in the red jersey with the number 1, located near the center of the image, is bent over and appears to be dribbling or controlling the ball. His hand is positioned low and close to the ground, which is typical when handling a basketball. The ball is likely near his hand, close to the floor.",F6
25.png,28,"The player in the red jersey with the number 1, located near the center of the image, is bent over and appears to be in a position to dribble or control the ball. His body posture and hand positioning suggest he is handling the ball. The ball is likely near his right hand, which is close to the ground. This area corresponds to the grid cell where his hand is located.",E6
25.png,29,"The player in the red jersey with the number 1, located near the center of the image, is bent over and appears to be in a position to dribble or control the ball. His body posture and hand positioning suggest he is handling the ball. The ball is likely near his right hand, which is close to the ground.",E6
25.png,30,"The player in the red jersey with the number 1, located near the center of the image, is bent over and appears to be holding or dribbling the ball. His posture and hand position suggest he is controlling the ball. The ball is likely near his hands, which are positioned around the middle of the image horizontally and slightly below the center vertically.",E6
25.png,31,"The player in the red jersey numbered 1, located near the center of the image, is bent over and appears to be dribbling or controlling the ball. His hand is positioned near the ground, which is a typical stance for handling the basketball. The ball is likely near his hand, close to the floor.",E6
25.png,32,"The player in the red jersey numbered 1, located near the center of the image, is bent over and appears to be dribbling or holding the ball. His hand is positioned near the ground, which is a typical stance for controlling the basketball. The other players are looking towards him, indicating he has possession of the ball.",E6
25.png,33,"The player in the red jersey with the number 1, located near the center of the image, is bent over and appears to be in a position to dribble or control the ball. His body posture and hand positioning suggest he is handling the ball. The ball is likely near his right hand, which is close to the ground.",E6
25.png,34,"The player in the red jersey labeled ""1"" is bent over and appears to be in the act of dribbling or controlling the ball. His hand is positioned near the ground, suggesting the ball is close to his feet. The ball is likely near the lower part of his body, slightly in front of him. Given the grid, this area corresponds to the intersection of row E and F with columns 5 and 6.",E6
25.png,35,"The player in red in cell E6 is bent over and appears to be holding or dribbling the ball, as his hand is positioned near the ground and his body posture suggests control of the ball. The other players are focused on him, indicating he is the one with the ball.",E6
25.png,36,"The player in the red jersey with the number 1, located near the center of the image, is bent over and appears to be in a position to dribble or control the ball. His body posture and hand positioning suggest he is handling the ball. The ball is likely near his hands, which are around the middle of the image horizontally and slightly below the center vertically.",E6
25.png,37,"The player in the red jersey numbered 1, located near the center of the image, is bent over and appears to be in a position to dribble or control the ball. His body posture and hand positioning suggest he is handling the ball close to the ground. The most likely location of the ball is near his right hand, which is around the middle of the image horizontally and slightly below the center vertically.",E6
25.png,38,"The player in the red jersey with the number 1, located near the center of the image, is bent over and appears to be in a position to dribble or control the ball. His body posture and hand positioning suggest he is handling the ball. The ball is likely near his right hand, which is close to the ground. This area corresponds to the grid cell where his hand is located.",E6
25.png,39,"The player in the red jersey numbered 1, located near the center of the image, is bent over and appears to be holding or dribbling the ball. His posture and hand position suggest he is controlling the ball. The ball is likely near his hands, which are positioned around the middle of the image horizontally and slightly below the center vertically.",F6
25.png,40,"The player in the red jersey with the number 1, located near the center of the image, is bent over and appears to be in a position to dribble or control the ball. His body posture and hand positioning suggest he is handling the ball. The ball is likely near his hands, which are around the lower middle part of the image.",E6
25.png,41,"The player in the red jersey with the number 1, located near the center of the image, is bent over and appears to be in a position to dribble or control the ball. His body posture and hand positioning suggest he is handling the ball. The ball is likely near his hands, which are around the middle of the image horizontally and slightly below the center vertically.",F6
25.png,42,"The player in the red jersey with the number 1, located near the center of the image, is bent over and appears to be in a position to dribble or control the ball. His hands are positioned as if he is holding or about to dribble the ball. The ball is likely near his hands, close to the ground. This area corresponds to the lower middle part of the image.",F6
25.png,43,"The player in the red jersey with the number 1, located near the center of the image, is bent over and appears to be in a position to dribble or control the ball. His hands are positioned as if he is holding or about to bounce the ball. The ball is likely near his hands, which are around the intersection of columns 5 and 6 and rows D and E.",E6
25.png,44,"The player in the red jersey numbered 1, located near the center of the image, is bent over and appears to be dribbling or controlling the ball. His hand is positioned near the ground, which is a typical stance for handling the basketball. The ball is likely near his hand, close to the court surface.",E6
25.png,45,"The player in the red jersey labeled ""1"" in cell E6 is bent over and appears to be in a position to dribble or control the ball. The player in the white jersey labeled ""7"" in cell D4 is reaching out towards this player, suggesting the ball is near the red player. Given the body posture and the defensive stance, the ball is most likely near the red player's hands or feet.",E6
25.png,46,"The player in the red jersey with the number 1, located near the center of the image, is bent over and appears to be dribbling or controlling the ball. His hand is positioned low and close to the ground, which is typical when handling a basketball. The ball is likely near his hand, slightly in front of him on the court.",E6
25.png,47,"The player in the red jersey with the number 1, located near the center of the image, is bent over and appears to be in a position to dribble or control the ball. His hands are positioned as if he is holding or about to bounce the ball. The ball is likely near his hands, close to the ground.",E6
25.png,48,"The player in the red jersey with the number 1, located near the center of the image, is bent over and appears to be in a position to dribble or control the ball. His body posture and hand positioning suggest he is handling the ball. The ball is likely near his right hand, which is close to the ground. This area corresponds to the grid cell around the middle of the image, slightly to the right.",E6
25.png,49,"The player in the red jersey numbered 1, located near the center of the image, is bent forward and appears to be in the motion of dribbling or controlling the ball. His right hand is extended downward, which is a typical position for handling the basketball. The other players are looking towards this area, indicating the ball is likely there.",E6
25.png,50,"The player in the red jersey with the number 1, located near the center of the image, is bent over and appears to be dribbling or controlling the ball. His hand is positioned near the ground, which is a typical stance for handling the basketball. The ball is likely near his hand, close to the floor.",F6
31.png,1,"The player in the orange jersey in cell E7 is in a running stance with his right hand extended forward and fingers spread, which is a typical position for dribbling or holding a basketball. The ball is likely near his hand as he moves forward on the court.",E7
31.png,2,"The player in the orange jersey on the right side of the image appears to be in a running motion with his right hand extended forward, which is a typical position for dribbling or holding a basketball. The ball is likely near his hand, slightly ahead of him as he moves forward. The ball would be positioned in front of this player, close to the ground, as he is in mid-stride.",
31.png,3,"The player in the orange jersey in cell G5 is in a running stance with his right hand extended forward and slightly open, which suggests he is about to catch or dribble the ball. The other players are looking in his direction, indicating the ball is likely near him. The ball is most likely just in front of or near his hand.",
31.png,4,"The player in the orange jersey on the right side of the image appears to be in a running motion with his right hand extended forward and fingers spread, as if he is about to catch or dribble the ball. The other players are looking in his direction, suggesting the ball is near him. The most likely location of the ball is near this player's hand, which is around the middle right part of the image.",E8
31.png,5,"The player in the orange jersey on the right side of the image appears to be in a running motion with his right hand extended forward, as if he is about to dribble or catch the ball. The ball is likely near his hand, slightly ahead of him. Given the positioning of the players and the direction of their movement, the ball is most likely located near the lower right part of the image.",
31.png,6,"The player in the white jersey on the left side of the image (in cell D2) is holding his hands in a position that suggests he is about to catch or has just released the ball. The player in the orange jersey in cell E7 is looking towards the left side of the image and appears to be running towards the player in white, possibly to defend or intercept. Given the positioning and body language, the ball is most likely near the hands of the player in white on the left side of the image.",D2
31.png,7,"The player in the red jersey on the right side of the image appears to be in a running motion with his right hand extended forward, which is a typical position for dribbling or holding a basketball. The ball is likely near his hand, slightly in front of him as he moves. The most probable location of the ball is near the lower right part of the image, close to the player's hand.",F8
31.png,8,"The player in the white jersey on the left side of the image (in cell D2) is holding his hands in a position that suggests he is about to catch or pass the ball. The player in the orange jersey in cell E7 is looking towards the left side of the image, likely focusing on the ball. Given the players' body language and positioning, the ball is most likely near the hands of the player in white on the left side of the image.",D2
31.png,9,"The player in the red jersey on the right side of the image appears to be in a running motion with his right hand extended forward, which is a typical position for dribbling or holding a basketball. The ball is likely near his hand, slightly in front of him as he moves forward. The ball would be positioned close to the ground, near his feet, as he is running.",
31.png,10,"The player in the red jersey on the right side of the image appears to be in a running motion with his right hand extended forward, as if he is about to catch or dribble the ball. The ball is likely near his hand, slightly ahead of him. Given the positioning of the players and the direction of their movement, the ball is most likely located near the lower right part of the image.",F8
31.png,11,"The player in the red jersey on the right side of the image appears to be in a running motion with his right hand extended forward, as if he is dribbling or about to catch the ball. The ball is likely near his hand, slightly in front of him. The most probable location for the ball is just in front of this player's right hand, which is around the middle right part of the image.",E8
31.png,12,"The player in the red jersey on the right side of the image appears to be in a running motion with his right hand extended forward and slightly downward, which is a typical position for dribbling a basketball. The ball is likely near his hand, close to the ground. Given the player's position and the direction of his movement, the ball is most likely located near his right foot.",
31.png,13,"The player in the orange jersey on the right side of the image appears to be in a running motion with his right hand extended forward and slightly downward, as if he is dribbling or about to catch the ball. The ball is likely near his hand, close to the ground. Given the positioning of the players and the direction of their movement, the ball is most likely located near the player's right hand in the lower right part of the image.",F8
31.png,14,"The player in the orange jersey on the right side of the image appears to be in a running motion with his right hand extended forward, as if he is about to dribble or catch the ball. The ball is likely near his hand, slightly ahead of him. The most probable location for the ball is just in front of this player's right hand, which is around the middle-right section of the image.",E8
31.png,15,"The player in the orange jersey in cell G5 is in a running stance with his right hand extended forward, which is a typical position for dribbling or holding a basketball. The ball is likely near his hand as he moves forward on the court.",
31.png,16,"The player in the red jersey on the right side of the image appears to be in a running motion with his right hand extended forward and slightly downward, which is a typical position for dribbling or carrying a basketball. The ball is likely near his hand, close to the ground. The most probable location of the ball is near the player's right foot, around the lower right part of the image.",F8
31.png,17,"The player in the white jersey on the left side of the image (in cell D2) is holding his hands in a position that suggests he is about to catch or has just released the ball. The player in the red jersey in cell E7 is looking towards the left side of the image, likely focusing on the ball. Given the players' body language and positioning, the ball is most likely near the hands of the player in white on the left side of the image.",D2
31.png,18,"The player in the white jersey on the left side of the image (in cell D2) is holding his hands in a position that suggests he is about to catch or has just released the ball. The player in the red jersey in cell E7 is looking towards the left side of the image and appears to be running towards the player in white, possibly to defend or intercept. Given the positioning and body language, the ball is most likely near the hands of the player in white, around cell D2.",D2
31.png,19,"The player in the orange jersey on the right side of the image appears to be in a running motion with his right hand extended forward, as if he is about to catch or dribble the ball. The ball is likely near his hand, slightly ahead of him. Given the positioning of the players and the direction of their movement, the ball is most likely located in front of this player.",F7
31.png,20,"The player in the orange jersey on the right side of the image appears to be in a running motion with his right hand extended forward and slightly downward, as if he is dribbling or about to catch the ball. The other players are looking in his direction, suggesting the ball is near him. The most likely location of the ball is near this player's hand, which is around the lower right part of the image.",F8
31.png,21,"The player in the white jersey on the left side of the image (in cell D2) is holding his hands in a position that suggests he is about to catch or pass the ball. The player in the orange jersey in cell E7 is running towards the right, possibly moving to receive or intercept the ball. Given the positioning and body language, the ball is most likely near the hands of the player in white on the left side of the image.",D2
31.png,22,"The player in the orange jersey on the right side of the image appears to be in a running motion with his right hand extended forward, as if he is about to catch or dribble the ball. The ball is likely near his hand, slightly ahead of him. The most probable location is just in front of this player's hand, which is around the middle right part of the image.",E8
31.png,23,"The player in the white jersey near the center of the image (in cell E6) appears to be in a position to receive or control the ball, as his hands are extended forward and his body is oriented towards the right side of the image. The player in the red jersey in cell E7 is also looking towards this area, suggesting the ball is likely near the white jersey player's hands. Given the players' focus and positioning, the ball is most likely located just in front of the white jersey player's hands.",E6
31.png,24,"The player in the orange jersey on the right side of the image appears to be in a running motion with his right hand extended forward and slightly downward, as if he is dribbling or about to catch the ball. The other players are looking in his direction, suggesting the ball is near him. The most likely location of the ball is near his right hand, which is around the middle right part of the image.",E8
31.png,25,"The player in the orange jersey on the right side of the image is in a running stance with his right hand extended forward and fingers spread, which is a typical position for dribbling or holding a basketball. The ball is likely near his hand as he moves forward. The ball would be slightly in front of him and close to the ground, consistent with a dribble. This places the ball near the lower right part of the image.",
31.png,26,"The player in the white jersey on the left side of the image (in cell D2) is holding his hands in a position that suggests he is about to catch or has just released the ball. The player in the orange jersey in cell D5 is looking towards that player and appears to be moving defensively. Given the positioning and body language, the ball is most likely near the hands of the player in white on the left side of the image.",D2
31.png,27,"The player in the white jersey near the center of the image (around E6) appears to be in a position to dribble or pass the ball, and the player in the red jersey near E7 is closely guarding him. The ball is likely near the feet of the player in white, as this is a common position for the ball during active play. The ball is most likely on the ground near the player's feet, slightly ahead of him as he moves forward.",E6
31.png,28,"The player in the orange jersey on the right side of the image is in a running stance with his right hand extended forward and fingers spread, which is a typical position for dribbling or holding a basketball. The ball is likely near his hand as he moves forward. The most probable location of the ball is just in front of his right hand, which is around the middle right part of the image.",E8
31.png,29,"The player in the red jersey on the right side of the image appears to be in a running motion with his right hand extended forward and slightly open, as if he is about to catch or dribble the ball. The ball is likely near his hand, slightly ahead of him. Given the positioning of the players and the direction of their movement, the ball is most likely located near the lower right part of the image.",F8
31.png,30,"The player in the orange jersey in cell G5 is in a running stance with his right hand extended forward, which is a typical position for dribbling or holding a basketball. The ball is likely near his hand as he moves forward on the court.",
31.png,31,"The player in the red jersey on the right side of the image appears to be in a running motion with his right hand extended forward, which is a typical position for dribbling or holding a basketball. The ball is likely near his hand, slightly in front of him as he moves. The most probable location of the ball is near the player's right hand, which is around the middle-right part of the image.",E7
31.png,32,"The player in the orange jersey on the right side of the image appears to be in a running motion with his right hand extended forward, as if he is about to dribble or catch the ball. The ball is likely near his hand, slightly ahead of him. The most probable location is just in front of this player, around the middle right side of the image.",F7
31.png,33,"The player in the white jersey on the left side of the image (in cell D2) is holding his hands in a position that suggests he is about to catch or has just released the ball. The player in the orange jersey in cell E7 is looking towards the left side of the image and appears to be running towards the player in white, possibly to defend or intercept. Given the positioning and body language, the ball is most likely near the hands of the player in white on the left side of the image.",D2
31.png,34,"The player in the orange jersey on the right side of the image appears to be in a running motion with his right hand extended forward, which is a typical position for dribbling or holding a basketball. The ball is likely near his hand, slightly ahead of him as he moves forward. The other players are looking towards this player, indicating he is in possession of the ball.",
31.png,35,"The player in the red jersey on the right side of the image appears to be in a running motion with his right hand extended forward, as if he is about to catch or dribble the ball. The ball is likely near his hand, slightly ahead of him. Given the positioning of the players and the direction of their movement, the ball is most likely located near the lower right part of the image.",F8
31.png,36,"The player in the white jersey on the left side of the image (in cell C2) is holding his hands in a position that suggests he is about to catch or has just released the ball. The player in the red jersey in cell E7 is looking towards that area and appears to be moving towards it. Given the players' focus and body language, the ball is most likely near the hands of the player in white on the left side of the image.",C2
31.png,37,"The player in the white jersey near the center of the image (around column 6, row D) appears to be in a position to either catch or dribble the ball, as his hands are positioned in front of him and his body is oriented towards the right side of the image. The player in the red jersey near column 7, row D is also looking towards this area, suggesting the ball is likely near the white jersey player. Given the typical flow of basketball play and the players' focus, the ball is most likely located near the hands of the white jersey player in the middle of the court.",D6
31.png,38,"The player in the orange jersey in cell G5 is in a running stance with his right hand extended forward and fingers spread, which is a typical position for dribbling or holding a basketball. The ball is likely near his hand as he moves forward on the court.",
31.png,39,"The player in the orange jersey on the right side of the image appears to be in a running motion with his right hand extended forward, which is a typical position for dribbling or holding a basketball. The ball is likely near his hand, close to the ground as he moves. The most probable location of the ball is near his right foot, where his hand is reaching.",
31.png,40,"The player in the red jersey on the right side of the image appears to be in a running motion with his right hand extended forward, as if he is about to catch or dribble the ball. The ball is likely near his hand, slightly ahead of him. The most probable location for the ball is just in front of this player's hand, which is around the middle right side of the image.",
31.png,41,"The player in the white jersey near the center of the image (around E6) appears to be in a position to dribble or pass the ball, as his hands are positioned in front of him and his body is oriented towards the right side of the image. The player in the red jersey near E7 is also looking towards this area, suggesting the ball is likely near the white jersey player. The ball is most likely close to the ground near the player's feet or hands.",E6
31.png,42,"The player in the red jersey on the right side of the image appears to be in a running motion with his right hand extended forward and slightly downward, which is a typical position for dribbling a basketball. The ball is likely near his hand, close to the ground. The most probable location of the ball is just in front of this player's right hand, near the court surface.",
31.png,43,"The player in the white jersey with the number 3 on it, located near the center of the image, appears to be in a position to dribble or pass the ball. His body posture and hand position suggest he is controlling the ball. The ball is likely near his feet or just in front of him on the court.",F6
31.png,44,"The player in the white jersey in cell E6 is in a running stance and appears to be looking downward and slightly forward, suggesting he is dribbling the ball. The player in the red jersey in cell E7 is closely guarding him, indicating the ball is likely near the white jersey player's feet. The ball is most likely on the ground near the player's right foot.",E6
31.png,45,"The player in the white jersey on the left side of the image (in cell D2) is holding his hands in a position that suggests he is about to catch or has just released the ball. The player in the red jersey in cell E7 is looking towards the left side of the image and appears to be running towards the player in white, possibly to defend or intercept. Given the positioning and body language, the ball is most likely near the hands of the player in white, around cell D2.",D2
31.png,46,"The player in the orange jersey on the right side of the image appears to be in a running motion with his right hand extended forward, as if he is about to catch or dribble the ball. The ball is likely near his hand, slightly ahead of him. Given the positioning of the players and the direction of their movement, the ball is most likely located in front of this player.",E8
31.png,47,"The player in the white jersey near the center of the image (around D6) appears to be in a position to receive or control the ball, as his hands are extended forward and his body is oriented towards the right side of the image. The player in the orange jersey near E7 is also looking towards this area, suggesting the ball is likely near the white jersey player's hands. Given the typical flow of basketball play and the players' focus, the ball is most likely located near the white jersey player's hands.",D6
31.png,48,"The player in the white jersey near the center of the image (around column 6) appears to be in a position to dribble or pass the ball, as his hands are positioned in front of him and his body is oriented towards the right side of the court. The player in the orange jersey near column 7 is also looking towards this area, suggesting the ball is likely near the white jersey player. The ball is most likely near the ground in front of the white jersey player’s hands.",E6
31.png,49,"The player in the orange jersey in cell G5 is in a running stance with his right hand extended forward, which is a typical position for dribbling or holding a basketball. The ball is likely near his hand as he moves forward on the court.",
31.png,50,"The player in the white jersey near the center of the image (in cell E6) appears to be in a position to receive or control the ball, as his hands are extended forward and his body is oriented towards the right side of the image. The player in the red jersey in cell E7 is also looking towards this area, suggesting the ball is likely near the white jersey player's hands. Given the typical flow of basketball play and the players' focus, the ball is most likely located just in front of the white jersey player's hands.",E6
19.png,1,"The player in red in cell F6 is reaching up with one hand in a shooting motion, indicating he has just released or is about to release the ball. The other players are looking upwards towards the basket, suggesting the ball is near the hoop. The most likely location of the ball is just above the player's hand, near the basket, in the area where a shot would be made.",D6
19.png,2,"The player in red in cell F6 is reaching up with one hand in a shooting motion, indicating he has just released or is about to release the ball. The ball is likely near the basket, above or slightly in front of the hoop. Given the angle and the player's hand position, the ball is most likely just above the rim, in the area where a shot would be made.",C6
19.png,3,"The player in red in cell F6 is reaching up with one hand in a shooting motion, indicating he has just released or is about to release the ball. The other players are looking upwards towards the basket, suggesting the ball is near the hoop. The most likely location of the ball is just above the player's hand, near the basket, in the area where a shot would be made.",D6
19.png,4,"The player in red in cell F6 is reaching up with one hand in a shooting motion, indicating he has just released or is about to release the ball. The other players are looking upwards towards the basket, suggesting the ball is near the hoop. The most likely location of the ball is just above the player's hand, near the basket.",D6
19.png,5,"The player in red in cell F6 is reaching up with one hand in a shooting motion, indicating he has just released or is about to release the ball. The other players are looking upwards towards the basket, suggesting the ball is near the hoop. The most likely location of the ball is just above the player's hand, near the basket, in the area where a shot would be made.",D6
19.png,6,"The player in red in cell F6 is reaching up with one hand in a shooting motion, indicating he has just released or is about to release the ball. The ball is likely near the basket, above or slightly in front of the hoop, as the player is attempting a shot. The most probable location for the ball is just above the rim, near the center of the hoop.",C6
19.png,7,"The player in red in cell F6 is reaching up with one hand, indicating he is likely attempting a shot or layup. The ball is most likely near his hand, just above or in front of it, as he is focused on the basket. The ball would be in the air, close to the hoop, and near the player's extended arm.",E6
19.png,8,"The player in red in cell F6 is reaching up with one hand in a shooting motion, indicating he has just released or is about to release the ball. The ball is likely near the basket, above or slightly in front of the hoop. The most probable location is just above the rim, which is in cell C5.",C5
19.png,9,"The player in red in cell E6 is reaching up with one hand in a shooting motion, indicating he has just released or is about to release the ball. The ball is likely near the basket, above or slightly in front of the hoop. The most probable location is just above the rim in the area where the ball would be on its way to the basket.",C6
19.png,10,"The player in red in cell F6 is reaching up with one hand in a shooting motion, indicating he has just released or is about to release the ball. The ball is likely near the basket, above or slightly in front of the hoop, as the player is attempting a shot. The most probable location for the ball is just above the rim, near the center of the hoop.",C6
19.png,11,"The player in red in cell F6 is reaching up with one hand in a shooting motion, indicating he has just released or is about to release the ball. The ball is likely near the basket, above or slightly in front of the hoop, as the shot is being taken. The most probable location for the ball is just above the rim, around the area where the player's hand is extended.",C6
19.png,12,"The player in red in cell F6 is reaching up with one hand in a shooting motion, and the other players are looking towards the basket. This suggests the ball is near the player's hand, likely just released or about to be released towards the hoop. The ball would be close to the basket, slightly above or near the player's hand.",E6
19.png,13,"The player in red in cell E6 is reaching up with his right hand in a shooting motion, and the other players are looking towards the basket. The ball is most likely near the basket, just above or near the rim, as the player appears to be attempting a shot. The ball would be in the air close to the hoop.",C6
19.png,14,"The player in red in cell F6 is reaching up with one hand in a shooting motion, indicating he has just released or is about to release the ball. The ball is likely near the basket, above or slightly in front of the hoop, as the player appears to be attempting a shot. The most probable location for the ball is just above the rim, near the center of the hoop.",C6
19.png,15,"The player in red in cell E6 is reaching up with one hand in a shooting motion, indicating he has just released or is about to release the ball. The ball is likely near the basket, above his hand, and moving towards the hoop. The most probable location for the ball is just above the player's hand, near the basket rim in cell D6.",D6
19.png,16,"The player in red in cell F6 is reaching up with one hand in a shooting motion, indicating he has just released or is about to release the ball. The ball is likely near the basket, above or slightly in front of the hoop, as the player appears to be attempting a shot. The most probable location for the ball is just above the rim, where it would be in the process of going through the hoop.",C6
19.png,17,"The player in red in cell F6 is reaching up with one hand in a shooting motion, indicating he has just released or is about to release the ball. The ball is likely near the basket, above or slightly in front of the hoop, as the player appears to be attempting a shot. The most probable location for the ball is just above the rim, near the center of the hoop.",C6
19.png,18,"The player in red in cell F6 is reaching up with one hand in a shooting motion, indicating he has just released or is about to release the ball. The ball is likely near the basket, above the rim, as the shot is being attempted. The most probable location for the ball is just above the rim in the center of the image, which corresponds to cell C5.",C5
19.png,19,"The player in red in cell F6 is reaching up with one hand, appearing to be in the act of shooting or attempting a layup. The other players are looking towards the same area, indicating the ball is likely near the player's hand. The basketball hoop is located in cell C5, and the ball is likely close to the player's hand as they aim for the basket.",F6
19.png,20,"The player in the red jersey in cell F6 is reaching up with one hand in a shooting motion, indicating he has just released or is about to release the ball. The ball is likely near the basket, above or slightly in front of the hoop, as the player appears to be attempting a shot. The most probable location for the ball is just above the rim, near the center of the image.",C6
19.png,21,"The player in red in cell E6 is reaching up with one hand in a shooting motion, indicating he has just released or is about to release the ball. The ball is likely near the basket, above or slightly in front of the hoop. The most probable location is just above the rim in the area where the ball would be on its way to the basket.",C6
19.png,22,"The player in red in cell F6 is reaching up with one hand in a shooting motion, indicating he has just released or is about to release the ball. The ball is likely near the basket, above or slightly in front of the hoop, as the shot is being attempted. The most probable location of the ball is just above the rim, near the center of the hoop.",C6
19.png,23,"The player in red at cell F6 is reaching up with his right hand in a shooting motion, indicating he has just released or is about to release the ball. The ball is likely near the basket, above the rim, as the shot is being attempted. The most probable location for the ball is just above the hoop, where it would be in the process of going through the basket.",C6
19.png,24,"The player in red in cell F6 is reaching up with one hand in a shooting motion, indicating that the ball is likely near his hand. The other players are looking towards that area, suggesting the ball is in the air close to the basket. The ball is most likely just above or near the player's hand as he attempts a shot.",E6
19.png,25,"The player in red in cell F6 is reaching up with one hand in a shooting motion, indicating he has just released or is about to release the ball. The ball is likely near the basket, above or slightly in front of the hoop, as the shot is being attempted. The most probable location for the ball is just above the rim, where it would be in the air heading toward the basket.",C6
19.png,26,"The player in the red jersey in cell F6 is reaching up with his right hand in a shooting motion, indicating he has just released or is about to release the ball. The ball is likely near the basket, above his hand, and moving towards the hoop. The most probable location of the ball is just above the player's hand, near the basket rim.",D6
19.png,27,"The player in the red jersey in cell F6 is reaching up with his right hand as if attempting a shot or layup. The other players are looking towards the same area, indicating the ball is likely near his hand. The ball would be close to the basket, which is located around cells B4 to C5. Given the player's hand position and the trajectory of a typical basketball shot, the ball is most likely just above or near his hand.",E6
19.png,28,"The player in red in cell F6 is reaching up with one hand in a shooting motion, and the other players are looking towards the basket. The ball is most likely near the player's hand, close to the basket, as he appears to be attempting a shot. The ball would be just above or near the player's outstretched hand.",E6
19.png,29,"The player in red in cell F6 is reaching up with one hand in a shooting motion, and the other players are looking towards the area above him. The basketball hoop is located in cell C5, and the ball is likely near the player's hand as he attempts a shot. Therefore, the ball is most likely just above the player's hand in cell E6, close to the basket.",E6
19.png,30,"The player in red in cell F6 is reaching up with his right hand as if attempting a shot or layup. The ball is likely just above his hand, near the basket, as he is in the act of shooting. The ball would be close to the hoop, which is located around cells B5 and C5, so the ball is probably between the player's hand and the hoop.",E6
19.png,31,"The player in red in cell F6 is reaching up with one hand in a shooting motion, indicating he has just released or is about to release the ball. The ball is likely near the basket, above or slightly in front of the hoop, as the shot is being attempted. The most probable location for the ball is just above the rim, in the area where the player is aiming.",C6
19.png,32,"The player in red in cell F6 is reaching up with one hand in a shooting motion, indicating he has just released or is about to release the ball. The ball is likely near the basket, above or slightly in front of the hoop, as the player appears to be attempting a shot. The most probable location for the ball is just above the rim, where it would be in the process of going through the hoop.",C6
19.png,33,"The player in the red jersey in cell F6 is reaching up with one hand in a shooting motion, indicating he has just released or is about to release the ball. The other players are looking upwards towards the basket, suggesting the ball is in the air near the hoop. The most likely location of the ball is just above the player's hand, near the basket rim.",D6
19.png,34,"The player in the red jersey in cell F6 is reaching up with his right hand in a shooting motion, indicating he has just released or is about to release the ball. The ball is likely near the basket, above or slightly in front of the hoop, as the shot is being attempted. The most probable location for the ball is just above the rim, in the area where the player is aiming.",C6
19.png,35,"The player in the red jersey in cell F6 is reaching up with one hand, appearing to be in the act of shooting or attempting a layup. The ball is likely just above his hand, near the basket. The basket is located around cells B5 and C5, so the ball should be close to that area, slightly above the player's hand.",C6
19.png,36,"The player in red in cell F6 is reaching up with his right hand in a shooting motion, indicating he has just released or is about to release the ball. The ball is likely near the basket, above the player's hand, and moving towards the hoop. The most probable location of the ball is just above the rim in the area where the player is aiming.",C6
19.png,37,"The player in red in cell F6 is reaching up with one hand in a shooting motion, and the other players are looking towards the basket. This suggests the ball is likely near the player's hand or just above it, heading towards the hoop. The ball would be close to the basket, which is located around C5 and C6.",E6
19.png,38,"The player in the red jersey in cell F6 is reaching up with his right hand, indicating he is likely attempting a shot or layup. The ball is most likely near his hand, above his head, and close to the basket. Given the trajectory and the player's position, the ball would be just above or near the player's hand in the same vertical plane.",E6
19.png,39,"The player in the red jersey in cell F6 is reaching up with one hand in a shooting motion, indicating he has just released or is about to release the ball. The ball is likely near the basket, above the player's hand, and moving towards the hoop. The most probable location for the ball is just above the player's hand, near the basket rim.",D6
19.png,40,"The player in red in cell F6 is reaching up with one hand in a shooting motion, indicating he has just released or is about to release the ball. The ball is likely near the basket, above or slightly in front of the hoop, as the player is aiming for a shot. The most probable location of the ball is just above the rim, near the center of the hoop.",C6
19.png,41,"The player in red in cell F6 is reaching up with one hand in a shooting motion, indicating he has just released or is about to release the ball. The ball is likely near the basket, above or slightly in front of the hoop, as the player is attempting a shot. The most probable location for the ball is just above the rim, near the center of the hoop.",C6
19.png,42,"The player in red in cell F6 is reaching up with one hand in a shooting motion, and the other players are looking towards the basket. This suggests the ball is near the player's hand, likely just released or about to be released towards the hoop. The ball would be close to the basket, slightly above or near the player's hand.",E6
19.png,43,"The player in red in cell F6 is reaching up with one hand in a shooting motion, indicating he has just released or is about to release the ball. The ball is likely near the basket, above or slightly in front of the hoop, as the shot is being taken. The most probable location for the ball is just above the rim, in the area where the player is aiming.",C6
19.png,44,"The player in the red jersey in cell F6 is reaching up with one hand, appearing to be in the act of shooting or attempting a layup. The other players are looking towards the same area, indicating the ball is likely near his hand. The ball would be just above or near his outstretched hand, close to the basket.",E6
19.png,45,"The player in red in cell F6 is reaching up with his right hand in a shooting motion, indicating he has just released or is about to release the ball. The ball is likely near the basket, above the player's hand, and heading towards the hoop. The most probable location of the ball is just above the player's hand and near the basket rim.",D6
19.png,46,"The player in red in cell F6 is reaching up with one hand in a typical shooting or layup motion, indicating the ball is likely near his hand. The other players are looking towards this area, suggesting the ball is in the air close to the basket. The ball is most likely just above or near the player's hand as he attempts to score.",F6
19.png,47,"The player in red in cell F6 is reaching up with one hand in a typical shooting or layup motion, and the other players are looking towards that area. This suggests the ball is likely near his hand, close to the basket. The ball would be just above or near his outstretched hand as he attempts to score.",E6
19.png,48,"The player in red in cell F6 is reaching up with his right hand in a shooting motion, indicating he has just released or is about to release the ball. The ball is likely near the basket, above the rim, and slightly to the left of the player's hand. The most probable location for the ball is just above the rim in the grid cell directly above F6, which is E6.",E6
19.png,49,"The player in red in cell F6 is reaching up with one hand in a shooting motion, indicating he has just released or is about to release the ball. The ball is likely near the basket, above or slightly in front of the hoop. The most probable location for the ball is just above the rim, which is located around cell C5.",C5
19.png,50,"The player in red in cell F6 is reaching up with one hand in a shooting motion, and the other players are looking towards the basket. The ball is most likely near the player's hand, just above or in front of it, as he appears to be attempting a shot. The ball would be close to the basket, which is located in the upper center of the image around cells B5 and C5.",E6
42.png,1,"The player in the maroon jersey in cell E4 is in a crouched position with his hands extended downward, as if dribbling or about to catch the ball. The player in the white jersey in cell E6 is also in a defensive stance, focused on the player in maroon. Given the typical basketball play and the players' body language, the ball is most likely near the hands of the player in maroon, close to the ground.",E4
42.png,2,"The player in the maroon jersey in cell E5 is in a crouched position with his hands extended downward, as if dribbling or about to catch the ball. The player in the white jersey in cell E6 is also focused on this area, suggesting the ball is near the ground between them. The ball is likely close to the player's hands in E5, near the court surface.",E5
42.png,3,"The player in the maroon jersey in cell E5 is in a crouched position with his hands extended downward, which is a typical stance for dribbling or controlling the basketball. The player in the white jersey in cell E6 is also focused on this area, suggesting the ball is between them. Given the players' body language and positioning, the ball is most likely near the ground between these two players.",E5
42.png,4,"The player in the maroon jersey in cell E4 is in a crouched position with his hands extended downward, as if dribbling or about to catch the ball. The player in the white jersey in cell E6 is also in a defensive stance, focused on the player in maroon. Given the typical basketball play and the players' body language, the ball is most likely near the hands of the player in maroon, close to the ground.",E4
42.png,5,"The player in the maroon jersey in cell E4 is in a crouched position with his hands extended downward, as if dribbling or about to catch the ball. The player in the white jersey in cell E6 is also focused on this area, suggesting the ball is near the maroon player's hands. The ball is likely close to the ground between these two players.",E5
42.png,6,"The player in the maroon jersey in cell E5 is in a crouched position with his hands extended downward, as if dribbling or about to catch the ball. The player in the white jersey in cell E6 is also in a defensive stance, focused on the player in maroon. This suggests the ball is near the hands of the player in maroon, close to the ground. Therefore, the ball is most likely located near the lower center of the image, around the feet and hands of the player in maroon.",E5
42.png,7,"The player in the maroon jersey in cell E5 is in a crouched position with his hands extended forward, which is a typical stance for dribbling or controlling the ball. The player in the white jersey in cell E6 is also focused on this area, suggesting the ball is between them. Given the players' body language and positioning, the ball is most likely near the ground between these two players.",E5
42.png,8,"The player in the maroon jersey in cell E5 is in a crouched position with his hands extended downward, as if dribbling or about to catch the ball. The player in the white jersey in cell E6 is also focused on this area, suggesting the ball is near the ground between them. Given the typical basketball stance and the players' attention, the ball is most likely located near the feet of the player in maroon.",E5
42.png,9,"The player in the maroon jersey in cell E5 is in a crouched position with his hands extended downward, as if dribbling or about to catch the ball. The player in the white jersey in cell E6 is also in a defensive stance, focused on the player in maroon. This suggests the ball is near the hands of the player in maroon. The ball is likely just above the ground near his hands.",E5
42.png,10,"The player in the maroon jersey in cell E4 is in a crouched position with his hands extended forward, as if he is about to dribble or catch the ball. The player in the white jersey in cell E6 is also in a defensive stance facing the maroon jersey player, suggesting the ball is between them. Given the typical basketball play and the players' body language, the ball is most likely near the maroon jersey player's hands, around the lower center of the image.",E4
42.png,11,"The player in the maroon jersey in cell E5 is in a crouched position with his hands extended downward, as if dribbling or about to catch the ball. The player in the white jersey in cell E6 is also in a defensive stance, focused on the player in maroon. This suggests the ball is near the hands of the player in maroon. The ball is likely just above the ground near his hands.",E5
42.png,12,"The player in the maroon jersey in cell E5 is in a crouched position with his hands extended downward, which is a typical stance for dribbling or controlling the basketball. The player in the white jersey in cell E6 is also focused on this area, suggesting the ball is near the maroon player's hands. The ball is likely close to the ground between these two players.",E5
42.png,13,"The player in the maroon jersey in cell E4 is in a crouched position with his hands extended downward, as if dribbling or about to catch the ball. The player in the white jersey in cell E6 is also in a defensive stance, focused on the player in maroon. Given the typical basketball play and the players' body language, the ball is most likely near the hands of the player in maroon, close to the ground.",E4
42.png,14,"The player in the maroon jersey in cell E5 is in a crouched position with his hands extended downward, which is a typical stance for dribbling or controlling the basketball. The player in the white jersey in cell E6 is also focused on this area, suggesting the ball is near the maroon player's hands. Given the positioning and body language, the ball is most likely just above the ground near the maroon player's hands.",E5
42.png,15,"The player in the maroon jersey in cell E5 is in a crouched position with his hands extended downward, as if dribbling or about to catch the ball. The player in the white jersey in cell E6 is also in a defensive stance facing the maroon player, indicating the ball is likely between them. The ball is most likely near the ground between these two players.",E5
42.png,16,"The player in the maroon jersey in cell E4 is in a crouched position with his hands extended forward and looking downward, which is a typical stance for dribbling or controlling the ball. The player in the white jersey in cell E6 is also focused on this area, suggesting the ball is between them. Given the players' body language and focus, the ball is most likely near the ground between these two players.",E5
42.png,17,"The player in the maroon jersey in cell E5 is in a crouched position with his hands extended downward, which is a typical stance for dribbling or controlling the basketball. The player in the white jersey in cell E6 is also focused on this area, suggesting the ball is between them. Given the positioning and body language, the ball is most likely near the ground between these two players.",E5
42.png,18,"The player in the maroon uniform in cell E5 is in a crouched position with his hands extended downward, as if dribbling or about to catch the ball. The player in the white uniform in cell E6 is also focused on this area, suggesting the ball is near the ground between them. Given the typical basketball play and the players' body language, the ball is most likely located near the feet of the player in maroon, around the center of the court.",E5
42.png,19,"The player in the maroon jersey in cell E4 is in a crouched position with his hands extended forward and looking downward, which is a typical stance for dribbling or controlling the ball. The player in the white jersey in cell E6 is also focused on this area, suggesting the ball is between them. Given the players' body language and focus, the ball is most likely near the ground between these two players.",E5
42.png,20,"The player in the maroon jersey in cell E5 is in a crouched position with his hands extended downward, which is a typical stance for dribbling or controlling the ball. The player in the white jersey in cell E6 is also focused on this area, suggesting the ball is near the maroon player's hands. Therefore, the ball is most likely located near the maroon player's hands in cell E5.",E5
42.png,21,"The player in the maroon jersey in cell E4 is in a crouched position with his hands extended downward, as if dribbling or about to catch the ball. The player in the white jersey in cell E6 is also in a defensive stance, focused on the player in maroon. Given the typical basketball play and the players' body language, the ball is most likely near the hands of the player in maroon, around the lower center of the image.",E4
42.png,22,"The player in the maroon uniform in cell E5 is in a crouched position with his hands extended downward, which is a typical stance for dribbling or preparing to catch the ball. The player in the white uniform in cell E6 is also focused on this area, suggesting the ball is near the maroon player's hands. Given the players' body language and positioning, the ball is most likely located near the maroon player's hands at about knee height.",E5
42.png,23,"The player in the maroon jersey in cell E5 is in a crouched position with his hands extended downward, which is a typical stance for dribbling or controlling the basketball. The player in the white jersey in cell E6 is also focused on this area, suggesting the ball is near the maroon player's hands. The ball is likely close to the ground between these two players.",E5
42.png,24,"The player in the maroon jersey in cell E4 is in a crouched position with his hands extended forward and looking downward, which is a typical stance for dribbling or controlling the ball. The player in the white jersey in cell E6 is also focused on this area, suggesting the ball is between them. Given the players' body language and positioning, the ball is most likely near the ground between these two players.",E5
42.png,25,"The player in the maroon jersey in cell E4 is in a crouched position with his hands extended forward, as if he is about to dribble or catch the ball. The player in the white jersey in cell E6 is also in a defensive stance, focused on the player in maroon. Given the typical basketball play and the positioning of the players, the ball is most likely near the hands of the player in maroon, around the area where his hands are positioned.",E4
42.png,26,"The player in the maroon jersey in cell E5 is in a crouched position with his hands extended downward, as if dribbling or about to catch the ball. The player in the white jersey in cell E6 is also focused on this area, suggesting the ball is near the ground between them. The ball is most likely near the feet of the player in maroon, around the center of the court where the action is concentrated.",E5
42.png,27,"The player in the maroon jersey in cell E5 is in a crouched position with his hands extended downward, as if dribbling or about to catch the ball. The player in the white jersey in cell E6 is also focused on this area, suggesting the ball is near the maroon player's hands. Given the typical basketball stance and the players' attention, the ball is most likely located near the maroon player's hands, close to the ground.",E5
42.png,28,"The player in the maroon jersey in cell E4 is in a crouched position with his hands extended forward and looking downward, which is a typical stance for dribbling or controlling the ball. The player in the white jersey in cell E6 is also focused on the player in maroon, suggesting the ball is near the maroon player. Given the positioning and body language, the ball is most likely near the maroon player's hands, around the lower center of the image.",E4
42.png,29,"The player in the maroon jersey in cell E5 is in a crouched position with his hands extended downward, as if dribbling or about to catch the ball. The player in the white jersey in cell E6 is also focused on this area, suggesting the ball is near the ground between them. Given the typical basketball play and the players' body language, the ball is most likely located near the feet of the player in the maroon jersey.",E5
42.png,30,"The player in the maroon jersey in cell E5 is in a crouched position with his hands extended downward, which is a typical stance for dribbling or controlling the basketball. The player in the white jersey in cell E6 is also focused on the player in maroon, suggesting the ball is near the maroon player. Given the positioning and body language, the ball is most likely near the maroon player's hands, close to the ground.",E5
42.png,31,"The player in the maroon jersey in cell E5 is in a crouched position with his hands extended downward, as if dribbling or about to catch the ball. The player in the white jersey in cell E6 is also focused on this area, suggesting the ball is near the ground between them. The ball is most likely located near the player's hands in E5, close to the court surface.",E5
42.png,32,"The player in the maroon jersey in cell E4 is in a crouched position with his hands extended downward, as if dribbling or about to catch the ball. The player in the white jersey in cell E6 is also in a defensive stance, focused on the player in maroon. Given the typical basketball play and the positioning of the players, the ball is most likely near the hands of the player in maroon, close to the ground.",E4
42.png,33,"The player in the maroon jersey in cell E5 is in a crouched position with his hands extended downward, as if dribbling or about to catch the ball. The player in the white jersey in cell E6 is also focused on this area, suggesting the ball is near the ground between them. Given the typical basketball play and the players' body language, the ball is most likely located near the feet of the player in maroon.",E5
42.png,34,"The player in the maroon jersey in cell E5 is in a crouched position with his hands extended downward, as if dribbling or about to catch the ball. The player in the white jersey in cell E6 is also focused on this area, suggesting the ball is near the maroon player's hands. The ball is likely close to the ground between these two players.",E5
42.png,35,"The player in the maroon jersey in cell E4 is bending down and appears to be reaching for or dribbling the ball. The player in the white jersey in cell E6 is also in a defensive stance, focused on the player in maroon. This suggests the ball is near the feet of the player in maroon. The ball is most likely on the court near the lower center of the image, close to where the maroon player is positioned.",E4
42.png,36,"The player in the maroon jersey in cell E5 is in a crouched position with his hands extended downward, which is a typical stance for dribbling or controlling the basketball. The other players are focused on him, suggesting he has possession of the ball. Therefore, the ball is most likely near his hands.",E5
42.png,37,"The player in the maroon jersey in cell E5 is in a crouched position with his hands extended downward, as if dribbling or about to catch the ball. The player in the white jersey in cell E6 is also focused on this area, suggesting the ball is near the ground between them. The ball is likely close to the player's hands in E5, near the court surface.",E5
42.png,38,"The player in the maroon jersey in cell E4 is in a crouched position with his hands extended forward and looking downward, which is a typical stance for dribbling or controlling the ball. The player in the white jersey in cell E6 is also focused on this area, suggesting the ball is near the maroon player's hands. Therefore, the ball is most likely located near the maroon player's hands in cell E4.",E4
42.png,39,"The player in the maroon jersey in cell E5 is in a crouched position with his hands extended downward, which is a typical stance for dribbling or controlling the basketball. The player in the white jersey in cell E6 is also focused on this area, suggesting the ball is near the maroon player's hands. The ball is likely close to the ground between these two players.",E5
42.png,40,"The player in the maroon jersey in cell E5 is in a crouched position with his hands extended downward, as if dribbling or about to catch the ball. The player in the white jersey in cell E6 is also in a defensive stance, focused on the player in maroon. This suggests the ball is near the hands of the maroon player, close to the ground. Therefore, the ball is most likely located near the feet of the maroon player in cell E5.",E5
42.png,41,"The player in the maroon jersey in cell E4 is in a crouched position with his hands extended downward, as if dribbling or about to catch the ball. The player in the white jersey in cell E6 is also in a defensive stance facing the maroon player, suggesting the ball is between them. The most likely location of the ball is near the maroon player's hands, which would be just above the ground in cell E5.",E5
42.png,42,"The player in the maroon jersey in cell E4 is in a crouched position with his hands extended downward, as if dribbling or about to catch the ball. The player in the white jersey in cell E6 is also in a defensive stance facing the maroon player, suggesting the ball is between them. The most likely location of the ball is near the maroon player's hands, which would be around the lower center of the image.",E5
42.png,43,"The player in the maroon jersey in cell E5 is in a crouched position with his hands extended downward, which is a typical stance for dribbling or controlling the ball. The player in the white jersey in cell E6 is also in a defensive stance facing the maroon jersey player, indicating the ball is likely between them. Given the positioning and body language, the ball is most likely near the maroon jersey player's hands, close to the ground.",E5
42.png,44,"The player in the maroon jersey in cell E5 is in a crouched position with his hands extended downward, which is a typical stance for dribbling or controlling the basketball. The player in the white jersey in cell E6 is also focused on this area, suggesting the ball is between them. Given the positioning and body language, the ball is most likely near the ground between these two players.",E5
42.png,45,"The player in the maroon jersey in cell E5 is in a crouched position with his hands extended downward, which is a typical stance for dribbling or controlling the ball. The player in the white jersey in cell E6 is also focused on this area, suggesting the ball is near the maroon player's hands. Therefore, the ball is most likely located near the maroon player's hands in front of him.",E5
42.png,46,"The player in the maroon jersey in cell E5 is in a crouched position with his hands extended downward, which is a typical stance for dribbling or controlling the basketball. The other players are focused on him, indicating he likely has possession of the ball. The ball is most likely near his hands, close to the ground.",E5
42.png,47,"The player in the maroon jersey in cell E5 is in a crouched position with his hands extended downward, as if dribbling or about to catch the ball. The player in the white jersey in cell E6 is also focused on this area, suggesting the ball is near the ground between them. The ball is most likely located close to the player's hands in E5, near the court surface.",E5
42.png,48,"The player in the maroon jersey in cell E5 is in a crouched position with his hands extended downward, as if dribbling or about to catch the ball. The player in the white jersey in cell E6 is also focused on this area, suggesting the ball is near the ground between them. Given the typical basketball play and the players' body language, the ball is most likely located near the feet of the player in the maroon jersey.",E5
42.png,49,"The player in the white jersey in cell E6 is in a defensive stance and appears to be looking upward and slightly to his left, while the player in the maroon jersey in cell E5 is bending down as if dribbling or about to pass the ball. The ball is likely near the hands of the player in maroon, close to the ground. Given the positioning and body language, the ball is most likely located near the lower center of the image, around the feet of the player in maroon.",F5
42.png,50,"The player in the maroon jersey in cell E4 is in a crouched position with his hands extended downward, as if dribbling or about to catch the ball. The player in the white jersey in cell E6 is also in a defensive stance, focused on the player in maroon. This suggests the ball is near the maroon player's hands, close to the ground. The most likely location of the ball is just below or near the maroon player's hands.",E4
57.png,1,"The player in the white jersey near the right side of the court is in the motion of shooting the ball, with both hands raised and eyes focused upwards. The ball is likely just above his hands, in the air, as he attempts a shot. The position of his hands and the trajectory of his gaze suggest the ball is in the space directly above him.",
57.png,2,"The player in the white jersey near the right side of the image is in the act of shooting the ball, with their hands extended upwards and eyes focused on the target. The ball is most likely just above or in front of their hands as they release it. This position corresponds to the area around the player's hands.",E8
57.png,3,"The player in the white jersey near the right side of the court is in the motion of shooting the ball, with their hands extended upwards and eyes focused on the target. The ball is likely just above or in front of their hands as they release it. Given the player's position and the trajectory of a typical basketball shot, the ball would be located slightly above the player's hands in the air.",
57.png,4,"The player in the white jersey near the right side of the image is in the act of shooting the basketball, with both hands raised and positioned as if holding the ball. The ball is likely just above or in front of his hands as he releases it. This places the ball near the top right area of the court, close to the player's hands.",D8
57.png,5,"The player in the white jersey near the right side of the image is in the act of shooting the basketball, with both hands extended upwards and the ball appearing to be just released or about to be released from his hands. The ball is most likely located just above his hands, in the air, as he attempts a shot towards the basket.",E8
57.png,6,"The player in the white jersey near the right side of the image is in the act of shooting the basketball. His hands are raised above his head in a shooting motion, and the ball is likely just above or near his hands. Given the position of his arms and the trajectory of a typical basketball shot, the ball would be located slightly above his hands in the air.",
57.png,7,"The player in the white jersey near the right side of the image is in the act of shooting the basketball, with both hands raised and eyes focused upwards. The ball is likely just above his hands as he releases it towards the basket. The position of his hands and the trajectory suggest the ball is in the air slightly above and in front of him.",
57.png,8,"The player in the white jersey near the right side of the image is in the act of shooting the basketball, with both hands raised and positioned as if holding the ball. The ball is likely just above or in front of his hands as he releases it towards the basket. The most probable location of the ball is near the player's hands in the shooting motion.",
57.png,9,"The player in the white jersey near the right side of the court is in the act of shooting the ball, with their hands extended upwards and the ball appearing to be just released or about to be released from their hands. The ball is likely located just above this player's hands as they are in the shooting motion.",F8
57.png,10,"The player in the white jersey near the right side of the image is in the act of shooting the ball, with both hands raised and the ball seemingly just released or about to be released from his hands. The ball is likely located just above or near his hands as he shoots towards the basket.",
57.png,11,"The player in the white jersey near the right side of the court is in the act of shooting the ball, with their hands extended upwards and the ball appearing to be just released or about to be released from their hands. The ball is likely located just above this player's hands as they are in the shooting motion.",
57.png,12,"The player in the white jersey near the right side of the image is in the act of shooting the basketball, with both hands raised and positioned as if holding the ball. The ball is likely just above or in front of his hands as he releases it. This player is located around the intersection of row D and column 8.",D8
57.png,13,"The player in the white jersey near the right side of the image is in the motion of shooting the ball, with both hands raised and eyes focused upwards. This suggests the ball is likely just above or near his hands as he releases it. The ball would be in the air, close to the player's shooting position.",
57.png,14,"The player in the white jersey near the right side of the image is in the act of shooting the ball, with both hands raised and eyes focused upwards. The ball is most likely just above his hands as he releases it towards the basket. The basket is located near the top center of the image, so the ball would be in the air between the player and the hoop.",
57.png,15,"The player in white near the right side of the image is in the act of shooting the basketball, with both hands raised and the ball likely just released or about to be released from his hands. The ball is most likely located just above his hands, in the air, as he attempts a shot towards the basket.",
57.png,16,"The player in the white jersey near the right side of the image is in the act of shooting the basketball, with both hands raised and eyes focused upwards. The ball is most likely just above his hands as he releases it towards the basket. Given the player's position and the trajectory of a typical basketball shot, the ball would be located slightly above and in front of him.",E8
57.png,17,"The player in white near the right side of the image is in the motion of shooting the basketball, with both hands raised and the ball likely just released or about to be released from his hands. The ball is most likely located just above or near his hands in the air, as he is in the act of shooting towards the basket.",
57.png,18,"The player in the white jersey near the right side of the image is in the act of shooting the ball, with their hands extended upwards and the ball appearing to be just released or about to be released from their hands. The ball is likely located just above or near the player's hands as they shoot towards the basket.",E8
57.png,19,"The player in the white jersey near the right side of the court is in the motion of shooting the ball, with their hands extended upwards and the ball missing from their hands. The ball is likely just above or very close to their hands as it has just been released. This places the ball in the air near the player's shooting position.",
57.png,20,"The player in the white jersey near the right side of the court is in the motion of shooting the ball, with both hands raised and eyes focused upwards. The ball is likely just above his hands as he releases it towards the basket. The basket is located near the top right of the image, so the ball would be in the air between the player and the hoop.",C8
57.png,21,"The player in white near the right side of the image is in the act of shooting the basketball, with both hands raised and positioned as if releasing the ball. The ball is likely just above his hands, in the air, on its way to the basket. The basket is located near the top center of the image, so the ball would be slightly above and to the left of the player's hands.",E8
57.png,22,"The player in white near the right side of the court is in the act of shooting the ball, with both hands raised and eyes focused upwards. The ball is likely just above his hands, in the air, as he attempts a shot. This position corresponds to the area slightly above and in front of this player.",C8
57.png,23,"The player in the white jersey near the right side of the court is in the act of shooting the ball, with both hands extended upwards and eyes focused on the target. The ball is likely just above his hands as he releases it towards the basket. The ball would be positioned slightly above and in front of this player.",C8
57.png,24,"The player in the white jersey near the right side of the court is in the act of shooting the ball, with his hands extended upwards and the ball likely just released or about to be released from his hands. The ball is most likely located just above his hands, in the air, as he attempts a shot towards the basket.",E8
57.png,25,"The player in the white jersey near the right side of the court is in the motion of shooting the ball, with both hands raised and eyes focused upwards. The ball is likely just above his hands as he releases it towards the basket. The position of the player's hands and the trajectory of the shot suggest the ball is in the air near the top right area of the court.",
57.png,26,"The player in the white jersey near the right side of the image is in the act of shooting the ball, with both hands extended upwards and eyes focused on the target. The ball is most likely just above his hands as he releases it towards the basket. The position of the player's body and the direction of his gaze indicate the ball is in the air near the hoop.",E8
57.png,27,"The player in the white jersey near the right side of the image is in the act of shooting the ball, with their hands extended upwards and the ball appearing to be just released or about to be released. The ball is likely located just above this player's hands, in the air, as they attempt a shot towards the basket. The basket is located near the top center of the image, so the ball would be in the trajectory between the player's hands and the basket.",
57.png,28,"The player in the white jersey near the right side of the image is in the motion of shooting the basketball, with both hands raised and positioned as if releasing the ball. The ball is likely just above or near his hands, in the air, on its way to the basket. This position corresponds to the area around the player's hands.",
57.png,29,"The player in the white jersey near the right side of the court is in the act of shooting the ball, with their hands extended upwards and the ball likely just released or about to be released. The ball is most likely located just above this player's hands, in the air, as they attempt a shot towards the basket.",
57.png,30,"The player in the white jersey near the right side of the court is in the act of shooting the basketball, with their hands raised and the ball appearing to be just released or about to be released. The ball is likely located just above or near the player's hands as they shoot towards the basket. The player is positioned around the 7th column and the E row.",E7
57.png,31,"The player in the white jersey near the right side of the image is in the act of shooting the basketball, with both hands raised and positioned as if holding the ball. The ball is likely just above or in front of his hands as he releases it. This places the ball near the top right area of the court, above the player's head.",
57.png,32,"The player in the white jersey near the right side of the image is in the act of shooting the basketball, with both hands raised and positioned as if releasing the ball. The ball is likely just above his hands, in the air, on its way to the basket. Given the player's position and the trajectory of a typical shot, the ball would be located slightly above and in front of him.",F7
57.png,33,"The player in the white jersey near the right side of the image is in the act of shooting the basketball, with both hands raised and positioned as if releasing the ball. The ball is likely just above his hands, in the air, on its way to the basket. This position corresponds to the area slightly above and in front of the player's hands.",
57.png,34,"The player in the white jersey near the right side of the court is in the act of shooting the ball, with both hands raised and eyes focused upwards. The ball is most likely just above his hands as he releases it towards the basket. The basket is located near the top center of the image, so the ball should be in the air between the player and the hoop.",
57.png,35,"The player in the white jersey near the right side of the image is in the act of shooting the ball, with their hands raised and eyes focused upwards. The ball is likely just above their hands, in the air, as they attempt a shot. This position corresponds to the area slightly above and in front of the player's hands.",
57.png,36,"The player in the white jersey near the right side of the court is in the act of shooting the ball, with their hands extended upwards and the ball appearing to be just released or about to be released from their hands. The ball is likely located just above or near the player's hands as they shoot towards the basket.",E8
57.png,37,"The player in the white jersey near the right side of the image is in the act of shooting the basketball. His hands are raised above his head in a shooting motion, and the ball is likely just above or near his hands. The ball would be positioned slightly above the player's hands as he releases it towards the basket.",E8
57.png,38,"The player in the white jersey near the right side of the court is in the act of shooting the ball, with their hands extended upwards and eyes focused on the target. The ball is likely just above or near their hands as they release it towards the basket. The position of the player and the trajectory of the shot suggest the ball is in the air close to the player's hands.",E8
57.png,39,"The player in the white jersey near the right side of the court is in the act of shooting the basketball, with their hands raised and the ball appearing to be just released or about to be released. The ball is likely in the air just above or near this player's hands. The most probable location of the ball is slightly above the player's hands in the grid.",
57.png,40,"The player in the white jersey near the right side of the image is in the act of shooting the ball, with both hands raised and eyes focused upwards. The ball is most likely just above his hands as he releases it towards the basket. The basket is located near the top center of the image, so the ball would be in the air between the player and the hoop.",
57.png,41,"The player in the white jersey near the right side of the court is in the act of shooting the basketball, with their hands raised and positioned as if releasing the ball. The ball is likely just above or near their hands, in the air, heading towards the basket. The most probable location of the ball is slightly above the player's hands in the grid.",
57.png,42,"The player in the white jersey near the right side of the image is in the motion of shooting the basketball, with both hands raised and positioned as if holding the ball. The ball is likely just above or in front of his hands as he releases it towards the basket. The ball would be located near the player's hands, which are around the middle-right part of the court.",
57.png,43,"The player in white on the right side of the image is in the motion of shooting the basketball, with both hands raised and the ball likely just released or about to be released from his hands. The ball is most likely located just above or near his hands as he shoots towards the basket.",F8
57.png,44,"The player in the white jersey near the right side of the court is in the act of shooting the basketball, with both hands raised and eyes focused upwards. The ball is likely just above his hands, in the air, as he releases it towards the basket. The ball would be located near the player's hands, slightly above them, in the shooting motion.",
57.png,45,"The player in the white jersey near the right side of the image is in the motion of shooting the basketball, with both hands raised and positioned as if holding the ball. The ball is most likely just above or in front of this player's hands. This player is located around the intersection of row D and column 8.",D8
57.png,46,"The player in the white jersey near the right side of the court is in the motion of shooting the ball, with both hands raised and eyes focused upwards. The ball is likely just above his hands as he releases it towards the basket. The position of the player's hands and the trajectory of the shot suggest the ball is in the air near the top right area of the court.",
57.png,47,"The player in the white jersey near the right side of the court is in the motion of shooting the ball, with their hands raised and positioned as if releasing the ball. The ball is likely just above or near their hands. This player is located around the intersection of row D and column 8.",D8
57.png,48,"The player in the white jersey near the right side of the image is in the motion of shooting the basketball, with both hands raised and the ball likely just released or about to be released from his hands. The ball is most likely located just above or near his hands in the air, as he is in the act of shooting towards the basket.",F8
57.png,49,"The player in the white jersey near the right side of the image is in the act of shooting the basketball, with both hands raised and positioned as if holding the ball. The ball is likely just above or in front of his hands as he releases it towards the basket. The ball would be located near the player's hands, which are around the middle-right section of the image.",F7
57.png,50,"The player in the white jersey near the right side of the court is in the act of shooting the basketball, with their hands raised and positioned as if releasing the ball. The ball is likely just above or near their hands, in the air, on its way to the basket. The player is located around the intersection of row D and column 8.",D8
80.png,1,"The player in the white jersey with the number 2 is in a position that suggests she is about to catch or has just released the ball. Her hands are positioned as if she is holding or reaching for the ball, and the ball is likely near her hands. The ball would be in front of her and slightly above the ground, near the center of the image horizontally.",E6
80.png,2,"The player in the white jersey with the number 2 is in a position that suggests she is about to catch or dribble the ball. Her hands are positioned in front of her, and her eyes are focused downward toward the area just in front of her. Additionally, the player in the green jersey is closely defending her, indicating the ball is likely near the white jersey player. The most probable location of the ball is near the feet of the player in white number 2, around the area where her hands are directed.",E6
80.png,3,"The player in the white jersey with the number 2 is in a position that suggests she is about to catch or has just released the ball. Her hands are positioned in front of her, and her eyes are focused slightly downward and forward, indicating the ball is likely near her hands. The ball is most likely in the air or just about to be caught near her. The most probable location is just in front of her hands, which places the ball around the intersection of row E and column 6.",E6
80.png,4,"The player in the white jersey with the number 2 is in a position that suggests she is about to catch or dribble the ball. Her hands are positioned in front of her, and her eyes are focused downward, indicating the ball is likely near her hands or just below them. The ball is most likely on or near the ground in front of her. The area around her hands and feet is in the F6 cell.",F6
80.png,5,"The player in the white jersey with the number 2 is in a position that suggests she is about to catch or has just released the ball. Her hands are positioned as if she is holding or reaching for the ball, and the ball is likely near her. The ball is most likely in front of her, slightly above the ground, around the area where her hands are. This corresponds to the grid cell where her hands are located.",E6
80.png,6,"The player in the white jersey with the number 2 is in a position that suggests she is about to catch or has just released the ball. Her hands are positioned in front of her, and her eyes are focused slightly downward and forward, indicating the ball is likely near her hands or just in front of her. The ball is most likely in the air near her hands or just below them.",E6
80.png,7,"The player in the white jersey with the number 2 is in a position that suggests she is about to catch or has just released the ball. Her hands are positioned in front of her, and her eyes are focused slightly downward and forward, indicating the ball is likely near her hands. The ball is most likely in the air or just about to be caught near her right knee area.",E6
80.png,8,"The player in the white jersey with the number 2 is in a position that suggests she is about to catch or dribble the ball. Her hands are positioned in front of her, and her eyes are focused downward, indicating the ball is likely near her hands or just below them. The ball is most likely on or near the ground close to her feet, as she appears to be preparing to control it. The area near her feet is in the lower center-right part of the image.",F6
80.png,9,"The player in the white jersey with the number 2 is in a position that suggests she is about to catch or dribble the ball. Her hands are positioned in front of her, and her body is slightly bent forward, indicating she is ready to receive or control the ball. The ball is likely near her hands, slightly above the ground. The most probable location is just in front of her, around the area where her hands are positioned.",E6
80.png,10,"The player in the white jersey with the number 2 is in a position that suggests she is about to catch or dribble the ball. Her hands are positioned in front of her, and her eyes are focused downward toward the area just in front of her. Additionally, the player in the green jersey is closely defending her, indicating the ball is likely near the player in white. The most likely location of the ball is near the feet of the player in white number 2, around the area where her hands are directed.",F6
80.png,11,"The player in the white jersey with the number 2 is in a position that suggests she is about to catch or has just released the ball. Her hands are positioned in front of her, and her eyes are focused slightly downward and forward, indicating the ball is likely near her hands. The ball is most likely in the air or just about to be caught near her. The most probable location is just in front of her hands, which is around the middle of the image horizontally and slightly above the bottom of the image vertically.",E6
80.png,12,"The player in the white jersey with the number 2 is in a position that suggests she is about to catch or dribble the ball. Her hands are positioned in front of her, and her eyes are focused downward, indicating the ball is likely near her hands. The ball is most likely just below her hands, near the ground. The area just below her hands corresponds to the grid cell F6.",F6
80.png,13,"The player in the white jersey with the number 2 is in a position that suggests she is about to catch or has just released the ball. Her hands are positioned in front of her, and her eyes are focused slightly downward and forward, indicating the ball is likely near her hands. The ball is most likely in the air or just above her hands. The area around her hands is in the grid cell F6.",F6
80.png,14,"The player in the white jersey with the number 2 is in a position that suggests she is about to catch or dribble the ball. Her hands are positioned in front of her, and her eyes are focused downward toward the area near her feet. Additionally, the player in the green jersey in front of her is in a defensive stance, indicating the ball is likely close to the player in white. The most likely location of the ball is near the feet of the player in white number 2, around the area where her hands are directed.",F6
80.png,15,"The player in the white jersey with the number 2 is in a position that suggests she is about to catch or has just released the ball. Her hands are positioned in front of her, and her eyes are focused slightly downward and forward, indicating the ball is likely near her hands. The ball is most likely just in front of her, around knee to waist height, as she is in a crouched stance preparing to make a move or pass.",E6
80.png,16,"The player in the white jersey with the number 2 is in a position that suggests she is about to catch or has just released the ball. Her hands are positioned as if she is holding or reaching for the ball, and the other players are focused on her. The ball is likely near her hands, slightly in front of her.",E6
80.png,17,"The player in the white jersey with the number 2 is in a position that suggests she is about to catch or dribble the ball. Her hands are positioned in front of her, and her eyes are focused downward toward the area near her feet. Additionally, the player in the green jersey in front of her is closely guarding her, indicating the ball is likely near this interaction. The ball is most likely on or near the ground close to the player's feet.",F6
80.png,18,"The player in the white jersey with the number 2 is in a position that suggests she is about to catch or has just released the ball. Her hands are positioned in front of her, and her eyes are focused slightly upward and forward, indicating the ball is likely near her hands. The ball is most likely in the air just above or near her hands.",D6
80.png,19,"The player in the white jersey with the number 2 is in a position that suggests she is about to catch or dribble the ball. Her hands are positioned in front of her, and her eyes are focused downward, indicating the ball is likely near her feet or just above the ground. The ball is most likely on the court near her right foot, as she appears to be preparing to control it.",F6
80.png,20,"The player in the white jersey with the number 2 is in a position that suggests she is about to catch or has just released the ball. Her hands are positioned as if she is holding or reaching for the ball, and the other players are focused on her. The ball is likely near her hands, slightly in front of her. The most probable location is just above the ground near her feet, as she appears to be in a motion of dribbling or preparing to pass.",F6
80.png,21,"The player in the white jersey with the number 2 is in a position that suggests she is about to catch or has just released the ball. Her hands are positioned in front of her, and her eyes are focused slightly downward and forward, indicating the ball is likely near her hands. The ball is most likely in the air or just about to be caught near her. The most probable location is just in front of her hands, around the middle of the image horizontally and slightly above the court surface.",E6
80.png,22,"The player in the white jersey with the number 2 is in a position that suggests she is about to catch or has just released the ball. Her hands are positioned in front of her, and her eyes are focused slightly downward and forward, indicating the ball is likely near her hands. The ball is most likely in the air or just above her hands. Given her position and the direction of her gaze, the ball is likely located just in front of her, around waist to chest height.",E6
80.png,23,"The player in the white jersey with the number 2 is in a position that suggests she is about to catch or dribble the ball. Her hands are positioned as if ready to receive or control the ball, and her eyes are focused downward in front of her. The ball is likely near her feet or just above the ground in front of her. The most probable location is near the bottom center of the image, close to her right foot.",F6
80.png,24,"The player in the white jersey with the number 2 is in a position that suggests she is about to catch or has just released the ball. Her hands are positioned as if she is holding or reaching for the ball, and her eyes are focused slightly downward and forward. The ball is likely near her hands or just in front of her. The most probable location is just above her hands, which places the ball in the grid cell directly in front of her.",D6
80.png,25,"The player in the white jersey with the number 2 is in a position that suggests she is about to catch or has just released the ball. Her hands are positioned in front of her, and her eyes are focused slightly downward and forward, indicating the ball is likely near her hands. The ball is most likely in the air or just about to be caught near her. The most probable location is just in front of her hands, which is around the middle of the image horizontally and slightly above the center vertically.",D6
80.png,26,"The player in white with the number 2 on her jersey is in a position that suggests she is about to catch or has just released the ball. Her hands are positioned in front of her, and her eyes are focused slightly downward and forward, indicating the ball is likely near her hands. The ball is most likely in the air or just about to be caught near her. The most probable location is just in front of her hands, which is around the grid cell F6.",F6
80.png,27,"The player in the white jersey with the number 2 is in a position that suggests she is about to catch or has just released the ball. Her hands are positioned as if she is holding or reaching for the ball, and the other players are focused on her. The ball is likely near her hands, slightly above or in front of her.",D6
80.png,28,"The player in the white jersey with the number 2 is in a position that suggests she is about to catch or has just released the ball. Her hands are positioned in front of her, and her eyes are focused slightly downward and forward, indicating the ball is likely near her hands. The ball is most likely in the air or just about to be caught near her. The most probable location is just in front of her hands, which is around the grid cell F6.",F6
80.png,29,"The player in the white jersey with the number 2 is in a position that suggests she is about to catch or has just released the ball. Her hands are positioned as if holding or reaching for the ball, and the other players are focused on her. The ball is likely near her hands, slightly in front of her. The most probable location is just above the ground near her feet, as her body posture indicates she is controlling or dribbling the ball.",F6
80.png,30,"The player in the white jersey with the number 2 is in a position that suggests she is about to catch or dribble the ball. Her hands are positioned in front of her, and her eyes are focused downward, indicating the ball is likely near her hands. The ball is most likely on or just above the ground near her feet.",F6
80.png,31,"The player in the white jersey with the number 2 is in a position that suggests she is about to catch or has just released the ball. Her hands are extended forward and slightly upward, which is a typical posture for receiving or passing the ball. The ball is likely near her hands, slightly above or in front of them.",D6
80.png,32,"The player in the white jersey with the number 2 is in a position that suggests she is about to catch or has just released the ball. Her hands are positioned in front of her, and her eyes are focused slightly downward and forward, indicating the ball is likely near her hands. The ball is most likely in the air or just above her hands. The location aligns with the grid cell where her hands are positioned.",E6
80.png,33,"The player in the white jersey with the number 2 is in a position that suggests she is about to catch or has just released the ball. Her hands are extended forward and slightly upward, which is a typical posture for receiving or passing the ball. The ball is likely near her hands, slightly above or in front of her. The most probable location is just above her hands in the grid.",D6
80.png,34,"The player in the white jersey with the number 2 is in a position that suggests she is about to catch or has just released the ball. Her hands are positioned as if she is holding or reaching for the ball, and the other players are focused on her. The ball is likely near her hands, slightly in front of her.",E6
80.png,35,"The player in the white jersey with the number 2 is in a position that suggests she is about to catch or has just released the ball. Her hands are positioned in front of her, and her eyes are focused slightly downward and forward, indicating the ball is likely near her hands. The ball is most likely in the space just in front of her, around the area where her hands are reaching. This area corresponds to the grid cell where her hands are located.",E6
80.png,36,"The player in the white jersey with the number 2 is in a position that suggests she is about to catch or dribble the ball. Her hands are positioned in front of her, and her eyes are focused downward toward the area just in front of her. Additionally, the player in the green jersey is closely defending her, indicating the ball is likely near the player in white. The most logical location for the ball is near the player's hands, which is around the lower center of the image.",F6
80.png,37,"The player in the white jersey with the number 2 is in a position that suggests she is about to catch or has just released the ball. Her hands are positioned in front of her, and her eyes are focused slightly downward and forward, indicating the ball is likely near her hands. The ball is most likely in the air or just about to be caught near her. The most probable location is just in front of her hands, around the middle of the image horizontally and slightly above the court surface vertically.",E6
80.png,38,"The player in the white jersey with the number 2 is in a position that suggests she is about to catch or dribble the ball. Her hands are positioned in front of her, and her eyes are focused downward, indicating the ball is likely near her hands. The ball is most likely on or just above the ground near her feet.",F6
80.png,39,"The player in the white jersey with the number 2 is in a position that suggests she is about to catch or has just released the ball. Her hands are positioned in front of her, and her eyes are focused slightly downward and forward, indicating the ball is likely near her hands. The ball is most likely in the air or just about to be caught near her. The most probable location is just in front of her hands, which places the ball around the grid cell F6.",F6
80.png,40,"The player in the white jersey with the number 2 is in a position that suggests she is about to catch or has just released the ball. Her hands are extended forward and her eyes are focused slightly downward and to her left. The player in the green jersey in front of her is also looking in that direction, indicating the ball is likely near her hands. The ball is most likely in the space just in front of her hands, around knee to waist height.",E6
80.png,41,"The player in the white jersey with the number 2 is in a position that suggests she is about to catch or dribble the ball. Her hands are positioned in front of her, and her eyes are focused downward, indicating the ball is likely near her hands. The ball is most likely just in front of her, around knee to waist height.",E6
80.png,42,"The player in the white jersey with the number 2 is in a position that suggests she is about to catch or dribble the ball. Her hands are positioned in front of her, and her eyes are focused downward toward the area near her feet. The ball is likely near her feet or just above her hands. The most probable location is just in front of her right foot, where the ball would be visible if it were present.",F6
80.png,43,"The player in white with the number 2 on her jersey is in a position that suggests she is about to catch or has just released the ball. Her hands are positioned in front of her, and her eyes are focused slightly downward and forward, indicating the ball is likely near her hands. The ball is most likely in the air or just about to be caught near her. The most probable location is just in front of her hands, which is around the middle of the image horizontally and slightly above the bottom of the image vertically.",E6
80.png,44,"The player in the white jersey with the number 2 is in a position that suggests she is about to catch or dribble the ball. Her hands are positioned in front of her, and her eyes are focused downward, indicating the ball is likely near her feet or just above the ground. The ball is most likely on the court near her right foot.",F6
80.png,45,"The player in the white jersey with the number 2 is in a position that suggests she is about to catch or has just released the ball. Her hands are extended forward and slightly upward, which is a typical posture for receiving or shooting the ball. The ball is likely near her hands, slightly above or in front of her. The most probable location is just above the grid line between rows D and E, and between columns 6 and 7.",D6
80.png,46,"The player in the white jersey with the number 2 is in a position that suggests she is about to catch or has just released the ball. Her hands are positioned as if she is holding or reaching for the ball, and the other players are focused on her. The ball is likely near her hands, slightly in front of her. The most probable location is just above her hands in the grid.",D6
80.png,47,"The player in the white jersey with the number 2 is in a position that suggests she is about to catch or has just released the ball. Her hands are positioned in front of her, and her eyes are focused slightly downward and forward, indicating the ball is likely near her hands or just in front of her. The ball is most likely near her right knee or just in front of her, as her body posture suggests she is controlling or receiving the ball at that spot.",E6
80.png,48,"The player in the white jersey with the number 2 is in a position that suggests she is about to catch or dribble the ball. Her hands are positioned in front of her, and her eyes are focused downward, indicating the ball is likely near her hands. The ball is most likely just in front of her, near the ground.",E6
80.png,49,"The player in white with the number 2 on her jersey is in a position that suggests she is about to catch or has just released the ball. Her hands are positioned in front of her, and her eyes are focused slightly downward and forward, indicating the ball is likely near her hands. The ball is most likely in the air or just about to be caught near her. The most probable location is just in front of her hands, which is around the grid cell F6.",F6
80.png,50,"The player in the white jersey with the number 2 is in a crouched position with her hands extended forward, as if she is about to catch or dribble the ball. The ball is likely near her hands, close to the ground. The most probable location is just in front of her feet, near the center of the court.",F6
82.png,1,"The player in blue (on the left) is leaning forward and reaching down with his right hand, which suggests he is about to dribble or pick up the ball. The player in white (on the right) is also focused on the same area, indicating the ball is likely near the blue player's hand. The ball is most likely on the ground near the blue player's right hand, around the lower center of the image.",E4
82.png,2,"The player in blue (on the left) is in a low, forward-leaning stance with his right hand extended downward, which is a typical position for dribbling or reaching for the ball. The player in white (on the right) is also focused on the area near the blue player's hand, suggesting the ball is in that vicinity. The ball is likely near the blue player's right hand, close to the ground.",D4
82.png,3,"The player in blue on the left is leaning forward and reaching down with his right hand, which suggests he is about to dribble or pick up the ball. The ball is likely near his hand, close to the ground. The most probable location is just in front of his right hand, near the floor.",E3
82.png,4,"The player in blue (on the left) is bent over and reaching down with his right hand, which suggests he is about to dribble or pick up the ball. The player in white (on the right) is facing him and appears to be in a defensive stance. Given the positioning and body language, the ball is most likely near the blue player's right hand, close to the ground.",E4
82.png,5,"The player in blue (on the left) is leaning forward with his right hand extended downward, as if reaching for or dribbling the ball. The player in white (on the right) is also focused on the same area, suggesting the ball is near the blue player's hand. The most likely location of the ball is near the blue player's right hand, which is close to the ground around the intersection of column 4 and row E.",E4
82.png,6,"The player in blue (left) is leaning forward with his hand extended downward, suggesting he is about to dribble or reach for the ball. The player in white (right) is in a defensive stance facing the player in blue. The ball is likely near the blue player's hand, close to the ground. This places the ball near the intersection of row E and column 3 or 4.",E4
82.png,7,"The player in blue on the left is in a low, forward-leaning stance with his right hand extended downward, which is a typical position for dribbling or reaching for the ball. The player in white and black on the right is facing him and appears to be in a defensive stance, focusing on the ball. Given this interaction, the ball is most likely near the blue player's right hand, close to the ground.",E4
82.png,8,"The player in blue on the left is in a low, forward-leaning stance with his right hand extended downward, which is a typical position for dribbling or reaching for the ball. The player in white and black on the right is facing him and appears to be in a defensive stance, focusing on the ball. Given this, the ball is most likely near the blue player's right hand, close to the ground.",D4
82.png,9,"The player in blue on the left is bent over and reaching down with his right hand, which suggests he is about to dribble or pick up the ball. The player in white and black on the right is facing him and appears to be in a defensive stance. Given the positioning and body language, the ball is most likely near the blue player's right hand, close to the ground.",E4
82.png,10,"The player in blue (left) is leaning forward and reaching down with his right hand, which suggests he is about to dribble or pick up the ball. The player in white (right) is also focused on the same area, indicating the ball is likely near the ground between them. The most probable location of the ball is near the blue player's right hand, close to the floor.",E4
82.png,11,"The player in blue on the left is leaning forward with his right hand extended downward, as if reaching for or dribbling a basketball. The player in white is also focused on the same area, suggesting the ball is near the blue player's hand. The most likely location of the ball is near the blue player's right hand, close to the ground.",D4
82.png,12,"The player in blue on the left is leaning forward and reaching down with his right hand, which suggests he is about to dribble or pick up the ball. The ball is likely close to his hand and near the ground. The most probable location is just in front of his right hand, near the floor.",E3
82.png,13,"The player in blue (on the left) is in a low, forward-leaning stance with his right hand extended downward, which is a typical position for dribbling or reaching for the ball. The player in white (on the right) is also focused on the same area, suggesting the ball is near the blue player's hand. The ball is likely close to the ground between the two players, near the blue player's right hand.",E4
82.png,14,"The player in blue (on the left) is leaning forward with his right hand extended downward, as if reaching to dribble or pick up the ball. The player in white (on the right) is also focused on the same area, suggesting the ball is near the blue player's hand. The ball is likely close to the ground between the two players, slightly closer to the blue player.",E4
82.png,15,"The player in blue (on the left) is leaning forward and reaching down with his right hand, which suggests he is about to dribble or pick up the ball. The ball is likely near his hand, close to the ground. The most probable location is just in front of his right hand, near the floor.",E3
82.png,16,"The player in blue (on the left) is leaning forward and reaching down with his right hand, which suggests he is about to dribble or pick up the ball. The player in white (on the right) is in a defensive stance facing the player in blue. Given the positioning and body language, the ball is most likely near the blue player's right hand, close to the ground.",D4
82.png,17,"The player in blue (on the left) is leaning forward and reaching down with his right hand, which suggests he is about to dribble or pick up the ball. The player in white (on the right) is also focused on the same area, indicating the ball is likely near the blue player's hand. The most probable location of the ball is near the ground between the two players, slightly closer to the blue player.",E4
82.png,18,"The player in blue (on the left) is leaning forward and reaching down with his right hand, which suggests he is about to dribble or pick up the ball. The player in white (on the right) is in a defensive stance facing the player in blue. Given the positioning and body language, the ball is most likely near the blue player's right hand, close to the ground.",D4
82.png,19,"The player in blue (on the left) is leaning forward and reaching down with his right hand, which suggests he is about to dribble or pick up the ball. The player in white (on the right) is also focused on the same area, indicating the ball is likely near the blue player's hand. The ball is most likely on the ground near the blue player's right hand.",E4
82.png,20,"The player in blue on the left is leaning forward and reaching down with his right hand, which suggests he is about to dribble or pick up the ball. The ball is likely near his hand and close to the ground. The most probable location is near the player's right hand, which is around the intersection of row E and column 3 or 4.",E4
82.png,21,"The player in blue (on the left) is in a low, forward-leaning stance with his right hand extended downward, which is a typical position for dribbling or reaching for the ball. The player in white (on the right) is also focused on the area near the blue player's hand, suggesting the ball is there. The ball is likely near the blue player's right hand, close to the ground.",E4
82.png,22,"The player in blue on the left appears to be reaching down with his right hand, as if to dribble or pick up the ball. The player in white and black is facing him and seems to be in a defensive stance. Given the positioning and body language, the ball is most likely near the blue player's hand, close to the ground.",D3
82.png,23,"The player in blue on the left is leaning forward with his right hand extended downward, as if reaching for or dribbling the ball. The player in white and black on the right is also focused on the same area, suggesting the ball is near the ground between them. The most likely location of the ball is near the blue player's right hand, close to the court surface.",D4
82.png,24,"The player in blue on the left is in a low, forward-leaning stance with his right hand extended downward, which is a typical position for dribbling or reaching for the ball. The player in white and black on the right is also focused on the same area, suggesting the ball is near the blue player's hand. The ball is likely close to the ground near the blue player's right hand.",E4
82.png,25,"The player in blue (left) is leaning forward and reaching down with his right hand, which suggests he is about to dribble or pick up the ball. The player in white (right) is also focused on the same area, indicating the ball is likely near the ground between them. The most probable location of the ball is near the blue player's right hand, close to the floor.",E4
82.png,26,"The player in blue (on the left) is in a low, forward-leaning stance with his right hand extended downward, which is a typical position for dribbling or reaching for the ball. The player in white (on the right) is also focused on the area near the blue player's hand, suggesting the ball is there. The ball is likely near the blue player's right hand, close to the ground.",E4
82.png,27,"The player in blue (on the left) is leaning forward with his right hand extended downward, which suggests he is about to dribble or reach for the ball. The player in white (on the right) is also focused on the same area, indicating the ball is likely near the ground between them. The most probable location of the ball is near the blue player's right hand, close to the court surface.",E4
82.png,28,"The player in blue on the left is leaning forward and reaching down with his right hand, which suggests he is about to dribble or pick up the ball. The player in white and black on the right is also focused on the same area, indicating the ball is likely near the blue player's hand. The ball is most likely on the ground near the blue player's right hand.",D4
82.png,29,"The player in blue on the left is leaning forward and reaching down with his right hand, which suggests he is about to dribble or pick up the ball. The player in white is also focused on the same area, indicating the ball is likely near the blue player's hand. The ball is most likely on the ground near the blue player's right hand.",E4
82.png,30,"The player in blue on the left is leaning forward and reaching down with his right hand, which suggests he is about to dribble or pick up the ball. The player in white is facing him and appears to be in a defensive stance. The ball is likely near the blue player's hand, close to the ground. This places the ball near the intersection of row E and column 4.",E4
82.png,31,"The player in blue (on the left) is in a low, forward-leaning stance with his right hand extended downward, which is a typical position for dribbling or reaching for the ball. The player in white (on the right) is also focused on the area near the blue player's hand, suggesting the ball is there. The ball is likely close to the ground near the blue player's right hand.",D4
82.png,32,"The player in blue on the left is in a low, forward-leaning stance with his right hand extended downward, which suggests he is dribbling or about to dribble the ball. The ball is likely near his right hand, close to the ground. The most probable location is just in front of his right hand, which is around the intersection of row E and column 3.",E3
82.png,33,"The player in blue (on the left) is leaning forward and reaching down with his right hand, which suggests he is about to dribble or pick up the ball. The player in white (on the right) is also focused on the same area, indicating the ball is likely near the blue player's hand. The ball is most likely on the ground near the blue player's right hand.",E4
82.png,34,"The player in blue (on the left) is leaning forward and reaching down with his right hand, which suggests he is about to dribble or pick up the ball. The player in white (on the right) is also focused on the same area, indicating the ball is likely near the blue player's hand. The ball is most likely on the ground near the blue player's right hand.",E4
82.png,35,"The player in blue (on the left) is leaning forward with his right hand extended downward, which suggests he is about to dribble or is dribbling the ball. The ball is likely near his hand and close to the ground. The most probable location of the ball is near the intersection of the player's hand and the court surface.",D3
82.png,36,"The player in blue on the left is leaning forward with his right hand extended downward, which suggests he is about to dribble or is dribbling the ball. The ball is likely near his right hand, close to the ground. This position corresponds to the area just in front of his right foot.",D4
82.png,37,"The player in blue (on the left) is leaning forward with his right hand extended downward, as if reaching for or dribbling the ball. The player in white (on the right) is also focused on the same area, suggesting the ball is near the blue player's hand. The ball is likely close to the ground between the two players, slightly closer to the blue player.",E4
82.png,38,"The player in blue (left) is leaning forward with his hand extended downward, suggesting he is about to dribble or catch the ball. The player in white (right) is in a defensive stance facing the player in blue. The ball is likely near the blue player's hand, close to the ground. The most probable location is just below the blue player's hand, around the lower part of the image near the center-left.",E3
82.png,39,"The player in blue on the left appears to be in a dribbling or reaching position, with his hand extended downward and forward. The player in white is facing him and seems to be preparing to defend or intercept. Given the typical basketball play and the positioning of the players, the ball is most likely near the blue player's hand, close to the ground as he dribbles or controls it.",E4
82.png,40,"The player in blue (on the left) is bent over and appears to be reaching down with his right hand, which suggests he is dribbling or about to dribble the ball. The ball is likely close to his hand and near the ground. The most probable location for the ball is just in front of his right hand, near the lower part of the image in the area where his hand is positioned.",E4
82.png,41,"The player in blue (on the left) is leaning forward with his hand extended downward, which suggests he is about to dribble or is dribbling the ball. The ball is likely near his hand and close to the ground. The most probable location is just in front of his hand, near the floor.",E3
82.png,42,"The player in blue (on the left) is leaning forward and reaching down with his right hand, which suggests he is about to dribble or pick up the ball. The ball is likely near his hand, close to the ground. The most probable location is just in front of his right hand, near the floor.",E4
82.png,43,"The player in blue (on the left) is bent over and reaching down with his right hand, which suggests he is about to dribble or pick up the ball. The player in white (on the right) is facing him and appears to be in a defensive stance. Given the positioning and body language, the ball is most likely near the blue player's right hand, close to the ground.",E4
82.png,44,"The player in blue (on the left) is leaning forward and reaching down with his right hand, which suggests he is about to dribble or pick up the ball. The player in white (on the right) is facing him and appears to be in a defensive stance. Given the positioning and body language, the ball is most likely near the blue player's right hand, close to the ground.",D4
82.png,45,"The player in blue (on the left) is leaning forward with his right hand extended downward, which suggests he is about to dribble or is dribbling the ball. The ball is likely near his hand, close to the ground. The most probable location is just in front of his right hand, near the floor.",E3
82.png,46,"The player in blue on the left is leaning forward and reaching down with his right hand, which suggests he is about to dribble or pick up the ball. The player in white and black on the right is also focused on the same area, indicating the ball is likely near the blue player's hand. The ball is most likely on the ground near the blue player's right hand.",D4
82.png,47,"The player in blue (on the left) is leaning forward with his right hand extended downward, which suggests he is about to dribble or has just dribbled the ball. The ball is likely near his hand and close to the ground. The most probable location is just in front of his right hand, near the court surface.",E3
82.png,48,"The player in blue on the left is in a low, forward-leaning stance with his right hand extended downward, which suggests he is dribbling or about to dribble the ball. The ball is likely near his right hand, close to the ground. The most probable location is just in front of his right hand, near the floor.",E3
82.png,49,"The player in blue on the left is bent over and reaching down with his right hand, which suggests he is about to dribble or pick up the ball. The player in white and black on the right is facing him and appears to be in a defensive stance. Given the position of the blue player's hand and body, the ball is most likely near his hand, close to the ground.",D4
82.png,50,"The player in blue (on the left) is leaning forward with his right hand extended downward, as if reaching for or dribbling the ball. The player in white (on the right) is also focused on the same area, suggesting the ball is near the blue player's hand. The ball is likely close to the ground between the two players, near the blue player's right hand.",E4
7.png,1,"The player in white (on the right) is in a defensive stance with his hands raised, and the player in maroon (on the left) appears to be in a position to either dribble or pass the ball. The player's right hand in maroon is extended forward and slightly upward, suggesting he is holding or about to release the ball. The ball is likely near his hand, which is around the middle of the image horizontally and slightly above the court surface vertically.",E6
7.png,2,"The player in white on the right side of the image is in a defensive stance with his hands raised, likely trying to block or intercept the ball. The player in maroon on the left appears to be in a motion that suggests he is dribbling or about to pass the ball. Given the positioning of their hands and body language, the ball is most likely near the maroon player's right hand, which is around the middle of the court and slightly to the right.",E6
7.png,3,"The player in white on the right appears to be in a defensive stance, facing the player in maroon who is dribbling or about to dribble the ball. The maroon player's hand is positioned near the lower part of his body, suggesting he is controlling the ball close to the ground. Given the typical position of a basketball during dribbling, the ball is likely near the maroon player's feet, slightly ahead of him as he moves forward.",F5
7.png,4,"The player in white (on the right) is in a defensive stance with his hands positioned as if he is about to block or steal the ball. The player in maroon (on the left) appears to be in the motion of dribbling or holding the ball near his waist. Given the players' body language and positioning, the ball is most likely near the maroon player's hands or waist area.",E5
7.png,5,"The player in white (on the right) is in a defensive stance with his hands positioned as if he is about to catch or block the ball. The player in maroon (on the left) is leaning forward and appears to be in the motion of dribbling or passing the ball. The most likely location of the ball is near the hands of the player in white, as he seems to be actively engaged with it.",F6
7.png,6,"The player in white on the right side of the image appears to be in a defensive stance, facing the player in maroon who is dribbling or preparing to shoot. The ball is likely near the hands of the player in maroon, who is positioned slightly to the left of the center of the image. Given the players' positions and body language, the ball is most likely located near the midsection or hands of the maroon player.",E5
7.png,7,"The player in white (on the right) is in a defensive stance with his hands positioned as if he is about to catch or block the ball. The player in maroon (on the left) is leaning forward and appears to be dribbling or passing the ball. The ball is likely near the hands of the player in white, close to the ground, as the players are engaged in close play. The most probable location is just in front of the player in white's hands.",F6
7.png,8,"The player in white (on the right) is reaching out with his right hand, which is open and positioned as if he is about to catch or dribble the ball. The player in maroon (on the left) is leaning forward and looking at the same spot, indicating the ball is likely between them. The ball is most likely near the white player's hand, slightly in front of him and above the ground.",F7
7.png,9,"The player in white (on the right) is in a defensive stance with his hands positioned as if he is about to block or steal the ball. The player in maroon (on the left) is leaning forward and appears to be dribbling or holding the ball near his waist. Given the typical basketball posture and the space between the two players, the ball is most likely near the maroon player's hands, around waist height.",E6
7.png,10,"The player in white (on the right) is reaching out with his right hand and looking upwards, which suggests he is about to catch or shoot the ball. The player in maroon (on the left) is also focused on the same area. The ball is likely in the air near the player's hand or just above it, close to the basket. The basket is located in the upper right part of the image, so the ball is most likely near the hoop.",B8
7.png,11,"The player in white (on the right) is in a defensive stance with his hands positioned as if he is about to block or steal the ball. The player in maroon (on the left) is leaning forward and appears to be dribbling or controlling the ball with his right hand. The ball is likely near the player's right hand, which is positioned slightly in front of him and close to the ground. This places the ball near the lower center of the image, around the player's hand.",E6
7.png,12,"The player in white (on the right) is in a defensive stance with his hands positioned as if he is about to catch or block the ball. The player in maroon (on the left) is leaning forward and appears to be dribbling or passing the ball. Given the players' body language and positioning, the ball is most likely near the hands of the player in maroon, close to the ground. This area corresponds to the space between the two players' legs.",E6
7.png,13,"The player in white (on the right) is in a defensive stance with his hands positioned as if he is about to catch or block the ball. The player in maroon (on the left) is leaning forward and appears to be dribbling or passing the ball. Given the players' body language and positioning, the ball is most likely near the hands of the player in white, around waist to chest height. This places the ball between the two players, slightly closer to the player in white.",E7
7.png,14,"The player in white (on the right) is in a defensive stance and appears to be reaching out with his right hand, which is positioned near the area where the ball would likely be. The player in maroon (on the left) is leaning forward and looking down, suggesting he is controlling or dribbling the ball. Given the players' body language and positioning, the ball is most likely near the feet of the player in maroon, around the area where his right foot is placed.",E5
7.png,15,"The player in white is in a defensive stance and appears to be reaching out with his right hand, which is positioned near the area where the ball would logically be. The player in maroon is facing the defender and seems to be in the motion of dribbling or passing the ball. Given the players' body language and positioning, the ball is most likely near the defender's right hand, slightly in front of the two players.",F7
7.png,16,"The player in white (on the right) is in a defensive stance with his hands raised, seemingly reacting to the player in maroon (on the left) who is in a forward motion, likely dribbling or about to shoot. The ball is most likely near the player in maroon's hands or just in front of him as he moves forward. Given the positioning of the players and the typical flow of basketball, the ball is probably located near the center of the action between the two players.",E6
7.png,17,"The player in white on the right side of the image is reaching out with his right hand, which is positioned as if he is about to catch or dribble the ball. The player in maroon is facing him and appears to be defending. Given the typical basketball play and the players' body language, the ball is most likely near the white player's hand, slightly in front of him. This places the ball in the area between the two players, closer to the white player.",E7
7.png,18,"The player in white (on the right) is in a defensive stance with his hands positioned as if he is about to block or steal the ball. The player in maroon (on the left) is leaning forward and appears to be dribbling or controlling the ball with his right hand. The ball is likely near the player's right hand, which is positioned slightly in front of him and close to the ground. This area corresponds to the space between the two players, closer to the maroon player's right side.",E6
7.png,19,"The player in white (on the right) is in a defensive stance with his hands positioned as if he is about to catch or block the ball. The player in maroon (on the left) is leaning forward and appears to be in the motion of dribbling or passing the ball. Given the typical flow of basketball play and the players' body language, the ball is most likely near the hands of the player in maroon, close to the ground.",E5
7.png,20,"The player in white on the right side of the image is in a defensive stance with his hands positioned as if he is about to catch or block the ball. The player in maroon on the left appears to be in a motion that suggests he has just passed or is about to pass the ball. Given the positioning and body language of both players, the ball is most likely in mid-air between them, closer to the player in white who is ready to receive it.",F6
7.png,21,"The player in white (on the right) is in a defensive stance with his hands raised, seemingly reacting to the player in maroon (on the left) who is in a forward motion, likely dribbling or about to shoot. The ball is most likely near the player in maroon's hands or just in front of him as he moves forward. Given the positioning of the players and their focus, the ball is likely located near the center of the action, close to the player in maroon's hands.",E5
7.png,22,"The player in white (on the right) is in a defensive stance with his hands raised, seemingly reacting to the player in maroon (on the left) who is in a position that suggests he is about to dribble or pass the ball. The maroon player's right hand is extended forward and slightly downward, which is a common position for dribbling or holding the ball. Given the proximity of the players and the typical basketball play, the ball is most likely near the maroon player's right hand.",E5
7.png,23,"The player in white on the right side of the image is in a defensive stance with his hands positioned as if he is about to catch or block the ball. The player in maroon on the left appears to be in a motion that suggests he has just passed or is about to pass the ball. Given the players' body language and positioning, the ball is most likely in mid-air between them, closer to the player in white who is ready to receive or intercept it.",F6
7.png,24,"The player in white (on the right) is in a defensive stance with his hands positioned as if he is about to block or steal the ball. The player in maroon (on the left) is leaning forward and appears to be dribbling or controlling the ball with his right hand. The ball is likely near the player's right hand, which is positioned slightly in front of him and close to the ground. This places the ball near the lower center of the image, around the area where the player's hand would be.",E6
7.png,25,"The player in white (on the right) is in a defensive stance with his hands positioned as if he is about to block or steal the ball. The player in maroon (on the left) is leaning forward and appears to be dribbling or controlling the ball with his right hand. The ball is likely near the player's right hand, which is close to the ground. This position is around the middle of the court, slightly to the right side of the image.",E6
7.png,26,"The player in white (on the right) is in a defensive stance with his hands positioned as if he is about to catch or block the ball. The player in maroon (on the left) is leaning forward and appears to be dribbling or passing the ball. Given the players' body language and positioning, the ball is most likely near the hands of the player in white, around waist to chest height. This area corresponds to the space between the two players, slightly closer to the player in white.",F6
7.png,27,"The player in white (on the right) is in a defensive stance with his hands positioned as if he is about to block or steal the ball. The player in maroon (on the left) appears to be dribbling or holding the ball near his waist. Given the players' body language and positioning, the ball is most likely near the maroon player's hands, which are around the middle of the court, slightly to the right side.",E6
7.png,28,"The player in white (on the right) is in a defensive stance with his hands positioned as if he is about to catch or block the ball. The player in maroon (on the left) is leaning forward and appears to be in the motion of dribbling or passing the ball. Given the players' body language and positioning, the ball is most likely near the hands of the player in maroon, close to the ground as he dribbles or prepares to pass.",F6
7.png,29,"The player in white (on the right) is in a defensive stance with his hands raised, seemingly reacting to the player in maroon (on the left) who is in a position that suggests he is about to dribble or pass the ball. The ball is likely near the maroon player's hands or just in front of him as he moves forward. Given the positioning and body language, the ball is most likely located near the maroon player's right hand, which is around the middle of the court and slightly to the right side of the image.",E6
7.png,30,"The player in white (on the right) is in a defensive stance with his hands positioned as if he is about to block or steal the ball. The player in maroon (on the left) is leaning forward and appears to be dribbling or controlling the ball with his right hand. The ball is likely near the player's right hand, close to the ground. This position corresponds to the area between the two players' legs, slightly to the right of the maroon player's body.",F6
7.png,31,"The player in white (on the right) is in a defensive stance with his hands positioned as if he is about to block or steal the ball. The player in maroon (on the left) is leaning forward and appears to be dribbling or controlling the ball with his right hand. The ball is likely near the player's right hand, close to the ground. Given the players' positions and body language, the ball is most likely located just in front of the maroon player's right foot.",E5
7.png,32,"The player in white (on the right) is in a defensive stance with his hands positioned as if he is about to catch or block the ball. The player in maroon (on the left) is leaning forward and appears to be dribbling or passing the ball. Given the proximity of the players and their body language, the ball is most likely near the hands of the player in maroon, close to the ground. This area corresponds to the space between the two players' legs.",E6
7.png,33,"The player in the white jersey is in a defensive stance with his hands positioned as if he is about to block or steal the ball. The player in the maroon jersey appears to be dribbling or holding the ball near his waist. The ball is most likely near the maroon player's hands or waist area, which is around the center of the image horizontally and slightly lower vertically.",E6
7.png,34,"The player in white (on the right) is in a defensive stance with his hands positioned as if he is about to block or steal the ball. The player in maroon (on the left) is leaning forward and appears to be dribbling or controlling the ball with his right hand. The ball is likely near the player's right hand, which is positioned slightly in front of him and close to the ground. This places the ball near the center of the court between the two players.",E6
7.png,35,"The player in white (on the right) is in a defensive stance with his hands raised, and the player in maroon (on the left) appears to be in a position to dribble or pass. The ball is likely near the hands of the player in maroon, as he is the one controlling the play. The most probable location of the ball is near his right hand, which is positioned around the middle of the court, slightly to the right side of the image.",E5
7.png,36,"The player in white on the right side of the image is in a defensive stance with his hands positioned as if he is about to catch or block the ball. The player in maroon on the left appears to be in a motion that suggests he has just passed or is about to pass the ball. Given the players' body language and positioning, the ball is most likely in mid-air between them, closer to the player in white's hands.",F6
7.png,37,"The player in white (in cell F7) is in a defensive stance and appears to be reaching out with his right hand towards the player in maroon (in cell F5), who is leaning forward and looking down. This suggests the ball is likely near the maroon player's hands or just in front of him. Given the maroon player's body position and the defensive player's reach, the ball is most likely located between them, slightly closer to the maroon player’s hands.",F6
7.png,38,"The player in white (on the right) is in a defensive stance with his hands positioned as if he is about to block or steal the ball. The player in maroon (on the left) is leaning forward and appears to be dribbling or holding the ball near his waist. The ball is most likely near the maroon player's hands or waist area, which is around the center of the image horizontally and slightly below the middle vertically.",E6
7.png,39,"The player in white (on the right) is in a defensive stance with his hands positioned as if he is about to block or steal the ball. The player in maroon (on the left) is leaning forward and appears to be dribbling or controlling the ball with his right hand. The ball is likely near the player's right hand, close to the ground. Given the players' positions and body language, the ball is most likely located just in front of the maroon player's right foot.",F5
7.png,40,"The player in white (on the right) is in a defensive stance with his hands raised, looking upwards and slightly forward. The player in maroon (on the left) is leaning forward and appears to be in the motion of either shooting or passing the ball. Given the direction of their focus and body positioning, the ball is most likely near the basket, above the rim, as the player in maroon is attempting a shot. The ball would be in the air, close to the hoop.",B9
7.png,41,"The player in white (on the right) is in a defensive stance with his hands raised, seemingly reacting to the player in maroon (on the left) who is in a position that suggests he is about to dribble or pass the ball. The maroon player's right hand is extended downward and slightly forward, indicating he is likely controlling the ball near the ground. The ball is most likely near the maroon player's right hand, close to the court surface.",F5
7.png,42,"The player in white (on the right) is in a defensive stance with his hands raised, seemingly reacting to the player in maroon (on the left) who is in a position that suggests he is about to dribble or pass the ball. The ball is likely near the player in maroon's hands or just below them, as he appears to be controlling it. Given the players' positions and body language, the ball is most likely located near the center of the image, slightly to the right of the maroon player.",E6
7.png,43,"The player in white (on the right) is reaching out with his right hand, which is open and positioned as if he is about to catch or dribble the ball. The player in maroon (on the left) is leaning forward and looking at the same spot, indicating the ball is likely between them. The ball is most likely near the white player's hand, slightly in front of him and above the court surface.",F7
7.png,44,"The player in white on the right side of the image is in a defensive stance with his hands raised, and the player in maroon on the left appears to be in a position to dribble or pass. The ball is likely near the hands of the player in maroon, as he seems to be controlling it. The most probable location of the ball is just in front of the maroon player's hands, around the mid-lower part of the image.",E5
7.png,45,"The player in white (on the right) is in a defensive stance with his hands positioned as if he is about to block or steal the ball. The player in maroon (on the left) is leaning forward and appears to be dribbling or controlling the ball with his right hand. The ball is likely near the player's right hand, which is positioned low and close to the ground. This places the ball near the center of the court, slightly to the right side of the image.",F6
7.png,46,"The player in white on the right side of the image is in a defensive stance with his hands positioned as if he is about to catch or block the ball. The player in maroon on the left appears to be in a motion that suggests he has just passed or is about to pass the ball. Given the players' body language and positioning, the ball is most likely in mid-air between them, closer to the player in white who is ready to receive it.",F6
7.png,47,"The player in white on the right appears to be in a defensive stance with his hands raised, likely trying to block or steal the ball. The player in maroon on the left is leaning forward and looking down, suggesting he is dribbling or controlling the ball. Given the position of his hands and body, the ball is most likely near his right hand, close to the ground. This places the ball near the lower center of the image, around the player's feet.",F6
7.png,48,"The player in white is in a defensive stance and appears to be reaching out with his right hand, which is positioned near the lower part of the image. The player in maroon is leaning forward and looking downwards, suggesting he is controlling or dribbling the ball. The ball is likely near the feet of the player in maroon, close to where the two players are interacting. This area is around the lower center of the image.",F6
7.png,49,"The player in white (on the right) is in a defensive stance with his hands positioned as if he is about to block or steal the ball. The player in maroon (on the left) is leaning forward and appears to be dribbling or controlling the ball with his right hand. The ball is likely near the player's right hand, which is positioned slightly in front of him and close to the ground. This places the ball near the lower center of the image, close to the player's feet.",E6
7.png,50,"The player in white (on the right) is in a defensive stance with his hands positioned as if he is about to block or steal the ball. The player in maroon (on the left) appears to be dribbling or holding the ball near his waist. Given the players' body language and positioning, the ball is most likely near the maroon player's hands, which are around the middle of the court, slightly to the right side of the image.",E6
81.png,1,"The player in the white jersey is reaching up with his right hand, and his fingers are positioned as if he is holding or about to release the basketball. The ball is located just above his hand, near the basket, indicating he is attempting a shot or layup. The ball is closest to the grid cell where the player's hand is extended.",C5
81.png,2,"The player in the white jersey is extending his arm upward towards the basket, and his hand is positioned as if he is about to release or dunk the ball. The ball is likely just above his hand, near the rim, as he attempts to score. The other player in blue is trying to block the shot, indicating the ball is close to the basket.",B5
81.png,3,"The player in the white jersey is reaching up with his right hand extended towards the basket, and the player in the blue jersey is attempting to block the shot. The ball is positioned just above the white player's hand, close to the basket rim, indicating it is in the act of being shot or dunked. The ball is located near the top center of the image, slightly to the left of the basket.",B5
81.png,4,"The player in the white jersey is reaching up with his right hand, holding the basketball close to the hoop, while the player in the blue jersey is attempting to block the shot. The ball is positioned just above the player's hand and near the rim, indicating it is about to be shot or dunked into the basket.",C5
81.png,5,"The ball is most likely located near the player's outstretched hand who is attempting a shot or layup. The player in white is reaching up with the ball in hand, close to the basket, while the defender in blue is trying to block the shot. The ball would be just above or near the player's hand, close to the basket rim.",C5
81.png,6,"The player in the white jersey is reaching up with his right hand, and his hand is positioned as if he is holding or about to release the basketball. The ball is likely near his hand, just below the basket. The other player in the blue jersey is attempting to block the shot, with his hand close to the ball's expected location. The ball would be near the rim, slightly to the left of the center of the hoop.",C5
81.png,7,"The player in the white jersey is reaching up with his right hand, and his fingers are positioned as if he is holding or about to release the basketball. The ball is likely just above his hand, near the basket, as he attempts a shot or layup. The opposing player in blue is trying to block the shot, with his hand close to the ball's expected position. Therefore, the ball is most likely located near the top of the player's outstretched hand, close to the basket rim.",C5
81.png,8,"The ball is most likely located near the hand of the player in the white jersey who is attempting a shot or layup. The player's arm is extended upward toward the basket, and the ball would logically be just above or near his hand as he tries to score. The opposing player in blue is also reaching up to block or contest the shot, indicating the ball is in that vicinity.",D5
81.png,9,"The player in the white jersey is reaching up with his right hand extended towards the basketball hoop, and the player in the blue jersey is attempting to block the shot. The ball is likely just above the player's hand in white, near the rim, as he is in the act of shooting or laying the ball up. The ball would be positioned near the basket, slightly to the left of the hoop from the viewer's perspective.",C5
81.png,10,"The ball is most likely located near the player's hand who is attempting a shot or layup. The player in white is extending his arm upwards towards the basket, and the ball would logically be just above or near his hand as he tries to score. The ball would be close to the hoop, around the rim area.",C5
81.png,11,"The ball is most likely located near the player's hand who is attempting a shot. The player in white is extending his arm upwards towards the basket, and the ball is positioned just above his hand, close to the hoop. This is a typical position for a basketball during a layup or close-range shot attempt.",D5
81.png,12,"The player in the white jersey is extending his arm upward with his hand open, as if he is about to shoot or lay up the ball. The player in the blue jersey is attempting to block the shot. The ball is likely just above the player's hand in the white jersey, near the basketball hoop.",C5
81.png,13,"The player in the white jersey is reaching up with his right hand, and his fingers are positioned as if he is holding or about to release the basketball. The ball is typically near the player's hand during a shot or layup. The ball is likely just above the player's hand, near the basket, as the player is attempting to score. The ball would be close to the rim, slightly to the left of the center of the image.",C5
81.png,14,"The player in the white jersey is reaching up with his right hand, and his fingers are positioned as if he is holding or about to release the basketball. The ball is likely just above his hand, near the basket, as he attempts a shot or layup. The other player in blue is trying to block the shot, with his hand close to the ball's expected position. The ball would be near the hoop, slightly to the left of the basket's center.",C5
81.png,15,"The player in the white jersey is reaching up with his right hand, and his fingers are positioned as if he is holding or about to release the basketball. The ball is located just above his hand, near the basket, indicating he is attempting a shot or layup. The ball is closest to the grid cell where the player's hand is extended.",C5
81.png,16,"The player in the white jersey is reaching up with his right hand extended towards the basket, and his hand is positioned as if he is about to release or dunk the ball. The player in the blue jersey is attempting to block the shot, with his hand close to the basket rim. The ball is most likely just above the white jersey player's hand, near the basket rim, as he is in the act of shooting or dunking.",B5
81.png,17,"The player in the white jersey is reaching up with his right hand, and his fingers are positioned as if he is holding or about to release the basketball. The ball is located just above his hand, near the basket, indicating he is attempting a shot or layup. The ball is closest to the grid cell where the player's hand is extended.",C5
81.png,18,"The player in the white jersey is reaching up with his right hand extended towards the basket, indicating he is likely attempting a shot or layup. The player in the blue jersey is trying to block the shot. The ball is most likely just above the player's hand and near the basket rim, as this is the typical position during a shot attempt.",B5
81.png,19,"The player in white is reaching up with his right hand extended towards the basket, and the player in blue is attempting to block the shot. The ball is likely just above the player's hand, near the rim, as he is in the act of shooting or laying the ball up. The ball would be close to the basket hoop, slightly to the left of the center of the image.",C5
81.png,20,"The player in white is extending his arm upwards with his hand open, as if he is about to release or dunk the basketball. The player in blue is attempting to block the shot. The ball is likely just above the player's hand in white, near the basket rim, as the action suggests a close-range shot or dunk attempt.",C5
81.png,21,"The player in the white jersey is extending his arm upward with his hand open, as if he is about to shoot or lay up the ball. The player in the blue jersey is attempting to block the shot. The ball is likely just above the hand of the player in white, near the basketball hoop, as this is the typical position for a shot attempt in basketball.",C5
81.png,22,"The player in the white jersey is extending his arm upward with his hand open, as if he is about to shoot or lay up the basketball. The player in the blue jersey is attempting to block the shot. The ball is likely just above the player's hand in the white jersey, near the basket rim, as the action suggests a close-range shot attempt.",B5
81.png,23,"The player in the white jersey is reaching up with his right hand extended towards the basket, and his hand is positioned as if he is about to release or dunk the ball. The ball is likely just above his hand, near the rim, as he is attempting a shot. The player in the blue jersey is trying to block the shot, with his hand close to the ball's expected position. Therefore, the ball is most likely located near the basket, slightly above the white jersey player's hand.",E5
81.png,24,"The player in the white jersey is reaching up with his right hand, and his hand is positioned as if he is holding or about to release the basketball. The ball is likely just above his hand, near the basketball hoop, as he appears to be attempting a shot or layup. The ball is positioned near the rim, which is in the upper center part of the image.",C5
81.png,25,"The player in white is extending his arm upward with his hand open as if he is about to shoot or lay up the ball towards the basket. The player in blue is attempting to block the shot. The ball is most likely located just above the white player's hand, near the basket rim, as this is the typical position for a basketball in a shot attempt.",D5
81.png,26,"The player in the white jersey is reaching up with his right hand extended towards the basket, indicating he is likely attempting a shot or layup. The player in the blue jersey is trying to block the shot. The ball is most likely just above the player's hand in white, near the basket rim, as this is the typical position for a shot attempt in basketball.",E5
81.png,27,"The player in the white jersey is reaching up with his right hand, holding the basketball close to the hoop, while the player in the blue jersey is attempting to block the shot. The ball is positioned just above the player's hand and near the rim, indicating it is about to be shot or dunked. The most likely location of the ball is near the top center of the image, close to the basket.",B5
81.png,28,"The ball is most likely located near the player's outstretched hand who is attempting a shot or layup. The player in white is reaching up with the ball in his hand, close to the basket, while the defender in blue is trying to block the shot. The ball would be just above or near the player's hand, close to the basket rim.",D5
81.png,29,"The player in the white jersey is extending his arm upward with his hand open, as if he is about to release or dunk the basketball. The player in the blue jersey is attempting to block the shot. The ball is most likely located just above the white jersey player's hand, near the basketball hoop, as this is the typical position for a shot or dunk attempt.",D5
81.png,30,"The ball is most likely located near the outstretched hand of the player in the white jersey who is attempting a shot or layup. The player's hand is extended upward and close to the basket, indicating the ball would be just above or near the fingertips. The defender in blue is also reaching up to block or contest the shot, which further supports the ball being near the offensive player's hand and close to the hoop.",D5
81.png,31,"The player in the white jersey is reaching up with his right hand extended towards the basket, and his hand is positioned as if he is about to release or dunk the ball. The player in the blue jersey is attempting to block the shot. The ball is most likely located just above the white jersey player's hand, near the rim of the basket.",C5
81.png,32,"The player in the white jersey is reaching up with his right hand, and his hand is positioned as if he is about to shoot or dunk the basketball. The ball is likely just above or near his hand, close to the basket. The player in the blue jersey is attempting to block the shot, with his hand also raised near the ball. Given the positioning and the action, the ball is most likely located near the rim, slightly to the left of the center of the image.",C5
81.png,33,"The player in the white jersey is reaching up with his right hand, holding the basketball close to the hoop, while the player in the blue jersey is attempting to block the shot. The ball is positioned just above the player's hand and near the basket rim, indicating it is about to be shot or dunked.",B5
81.png,34,"The player in the white jersey is reaching up with his right hand, holding the basketball close to the hoop, while the player in the blue jersey is attempting to block the shot. The ball is positioned just above the player's hand and near the rim, indicating it is about to be shot or dunked into the basket. The ball is located in the grid cell where the player's hand and the hoop intersect.",B5
81.png,35,"The player in white is extending his arm upward with his hand open as if he is about to release or dunk the ball. The player in blue is attempting to block the shot. The ball is likely just above the player's hand in white, near the basket. This position corresponds to the area near the hoop and above the outstretched hand of the player in white.",D5
81.png,36,"The player in the white jersey is reaching up with his right hand extended towards the basketball hoop, and the player in the blue jersey is attempting to block the shot. The ball is most likely just above the player's hand in white, near the rim, as he is in the act of shooting or laying the ball up. The ball would be positioned near the basket, slightly to the left of the hoop from the viewer's perspective.",B5
81.png,37,"The player in the white jersey is reaching up with his right hand, holding the basketball close to the hoop, while the player in the blue jersey is attempting to block the shot. The ball is positioned just above the player's hand and near the rim, indicating it is about to be shot or dunked into the basket.",C5
81.png,38,"The player in the white jersey is extending his arm upward towards the basket, and his hand is positioned as if he is holding or about to release the ball. The ball is likely near his hand, close to the basket rim, as he appears to be attempting a shot or layup. The ball would be just above or near the player's hand in the grid.",D5
81.png,39,"The player in the white jersey is reaching up with his right hand, holding the basketball close to the hoop, while the player in the blue jersey is attempting to block the shot. The ball is positioned just above the player's hand and near the basket rim, indicating it is about to be shot or dunked. The most likely location of the ball is near the top center of the image, close to the hoop.",C5
81.png,40,"The player in the white jersey is reaching up with his right hand, and his fingers are positioned as if he is holding or about to release the basketball. The ball is located just above his hand, near the basket, indicating he is attempting a shot or layup. The ball is in front of the basket and above the player's hand, which places it near the top center of the image.",D5
81.png,41,"The player in the white jersey is reaching up with his right hand extended towards the basket, indicating he is likely attempting a shot or layup. The ball would be near his hand, close to the basket rim. The player in the blue jersey is trying to block the shot, with his hand also near the basket. Given the positioning, the ball is most likely just above or near the player's hand in the white jersey, close to the basket rim.",B5
81.png,42,"The player in the white jersey is reaching up with his right hand, holding the basketball close to the hoop, while the player in the blue jersey is attempting to block the shot. The ball is positioned just above the player's hand and near the rim, indicating it is about to be shot or dunked into the basket.",C5
81.png,43,"The player in the white jersey is reaching up with his right hand, and his hand is positioned as if he is holding or about to release the basketball. The ball is likely near his hand, just below the basketball hoop. The other player in the blue jersey is attempting to block the shot, with his hand close to the ball's expected location. Given the players' positions and the typical action in basketball, the ball is most likely located near the top center of the image, close to the hoop.",C5
81.png,44,"The player in the white jersey is extending his arm upward with his hand open, as if he is about to release or dunk the basketball. The player in the blue jersey is attempting to block the shot. The ball is most likely located just above the white jersey player's hand, near the basketball hoop, as he is in the act of shooting or dunking.",C5
81.png,45,"The player in the white jersey is reaching up with his right hand extended towards the basket, and the player in the blue jersey is attempting to block the shot. The ball is most likely in the white jersey player's hand, just about to be released or dunked into the hoop. The ball would be located near the rim, slightly to the left of the center of the hoop.",D5
81.png,46,"The player in the white jersey is reaching up with his right hand, which is extended towards the basketball hoop. The ball is positioned just above his hand, close to the rim, indicating he is attempting a shot or layup. The ball is located near the top center of the image, slightly to the left of the hoop.",C5
81.png,47,"The player in the white jersey is reaching up with his right hand, and his fingers are positioned as if he is holding or about to release the basketball. The ball is likely just above his hand, near the basketball hoop, as he appears to be attempting a shot or layup. The ball is positioned near the rim, which is in the upper center part of the image.",C5
81.png,48,"The player in the white jersey is reaching up with his right hand extended towards the basket, and his hand is positioned as if he is about to release or dunk the ball. The player in the blue jersey is attempting to block the shot, with his hand close to the basket rim. The ball is most likely just above the white jersey player's hand, near the basket hoop, as he is in the act of shooting or dunking.",B5
81.png,49,"The player in the white jersey is reaching up with his right hand extended towards the basket, indicating he is likely attempting a shot or layup. The ball would be near his hand, just below the rim. The player in the blue jersey is trying to block the shot, with his hand also raised near the basket. Given the positioning and action, the ball is most likely just above the white jersey player's hand and below the rim.",B5
81.png,50,"The player in white is reaching up with his right hand extended towards the basket, indicating he is likely attempting a shot or layup. The player in blue is trying to block the shot with his left hand. The ball is most likely just above the white player's hand, near the basket rim, as this is the typical position for a shot attempt in basketball.",B5
54.png,1,"The player in the light blue jersey is in the middle of a dunk, with his hand extended upward toward the hoop. The ball is most likely just above or near his hand, close to the rim, as he is about to complete the dunk. The ball would be near the basket, which is located around the center of the image horizontally and near the top vertically.",C5
54.png,2,"The player in the light blue jersey is in the middle of a dunk, with his hand extended above the rim where the ball would typically be. The ball is most likely just above or near his hand as he completes the dunk. Since the ball is missing, it would be located near the basketball hoop, where the player's hand is reaching.",C6
54.png,3,"The player in the light blue jersey is in the middle of a dunk, with his hand extended above the rim where the ball would typically be. The ball is most likely just above or near his hand, close to the basket. Given the player's position and the action, the ball should be near the top center of the image, around the hoop.",C5
54.png,4,"The player in the light blue jersey is in the middle of a dunk, with his hand extended upward toward the basketball hoop. The ball is most likely just above or near his hand, close to the rim, as he is about to score. The ball would be positioned near the basket, slightly above the rim.",C6
54.png,5,"The player in the light blue jersey is jumping and appears to be in the act of dunking the ball into the hoop. The ball is most likely just above or near the rim of the basketball hoop, as the player's hand is extended upward in a dunking motion. The hoop is located near the top center of the image.",C5
54.png,6,"The player in the light blue jersey is in the middle of a dunk, with his hand extended upward toward the hoop. The ball is most likely just above or near his hand, close to the rim, as he is about to score. The ball would be near the basket, which is located around the top center of the image.",C5
54.png,7,"The player in the light blue jersey is in the middle of a dunk, with his hand extended upward toward the hoop. The ball is most likely just above or near his hand, close to the rim, as he is about to score. The ball would be positioned near the basket, slightly above the rim.",C6
54.png,8,"The player in the light blue jersey is in the middle of a dunk, with his hand extended upward toward the basketball hoop. The ball is most likely just above or near his hand, close to the rim, as he is about to complete the dunk. The ball would be positioned near the basket, slightly above the rim.",C6
54.png,9,"The player in the light blue jersey is in the middle of a dunk, with his hand extended upward toward the basketball hoop. The ball is most likely just above or near his hand, close to the rim, as he is about to score. The ball would be positioned near the basket, slightly above the rim.",C6
54.png,10,"The player in the light blue jersey is in the middle of a dunk, with his hand extended upward toward the hoop. The ball is most likely just above or near his hand, close to the rim, as he is about to complete the dunk. The ball would be positioned near the basket, slightly above the rim.",C6
54.png,11,"The player in the light blue jersey is in the middle of a dunk, with his hand extended upward toward the basketball hoop. The ball is most likely just above or near his hand, about to go through the hoop. This position corresponds to the area near the rim of the basket.",C6
54.png,12,"The player in the light blue jersey is in the middle of a dunk, with his hand extended above the rim. The ball is most likely just above or near his hand as he completes the dunk. Since the ball is missing, it would be located near the basketball hoop, where the player's hand is reaching.",C6
54.png,13,"The player in the light blue jersey is in the middle of a dunk, with his hand extended upward toward the basketball hoop. The ball is most likely just above or near his hand as he is about to score. Since the hoop is located around the intersection of columns 5 and 6 and rows B and C, the ball would be close to this area.",B6
54.png,14,"The player in the light blue jersey is in the middle of a dunk, with his hand extended upward toward the basketball hoop. The ball is most likely just above or near his hand as he is about to complete the dunk. The hoop is located around the intersection of columns 5 and 6 and rows B and C, so the ball should be close to this area.",C5
54.png,15,"The player in the light blue jersey is in the middle of a dunk, with his hand extended upward toward the hoop. The ball is most likely just above or near his hand, close to the rim, as he is about to score. The ball would be positioned near the basket, slightly above the rim.",D6
54.png,16,"The player in the light blue jersey is in the middle of a dunk, with his hand extended above the rim. The ball is most likely just above or near his hand as he is about to complete the dunk. Since the ball is missing, it would be located near the basketball hoop, where the player's hand is positioned.",C6
54.png,17,"The player in the light blue jersey is in the motion of dunking the ball into the hoop, with his hand extended above the rim. The ball is most likely just above or near his hand, close to the basket. Since the hoop is located in the upper center of the image, the ball would be near the top of the grid in the column where the player is jumping.",C6
54.png,18,"The player in the light blue jersey is in the middle of a dunk, with his hands extended above the rim. The ball is most likely just above or near his hands, close to the basket. Given the position of the player's hands and the rim, the ball would be located in the grid cell that aligns with the hoop and the player's hands.",C6
54.png,19,"The player in the light blue jersey is in the middle of a dunk, with his hand extended upward toward the basketball hoop. The ball is most likely just above or near his hand, about to go through the hoop. Given the position of the player's hand and the hoop, the ball would be located near the top center of the image, close to the rim.",C5
54.png,20,"The player in the light blue jersey is jumping and appears to be in the act of dunking the ball into the hoop. The ball is most likely just above or near the rim of the basketball hoop, which is located in the upper center part of the image.",E5
54.png,21,"The player in the light blue jersey is in the middle of a dunk, with his hand extended above the rim. The ball is most likely just above or near his hand, close to the basket. Since the ball is missing, it would be in the area where the player's hand is reaching to dunk it into the hoop.",C6
54.png,22,"The player in the light blue jersey is in the middle of a dunk, with his hands extended above the rim. The ball would logically be just above or near the rim, as he is about to complete the dunk. The most likely location for the ball is near the basketball hoop, which is in the upper center part of the image.",C5
54.png,23,"The player in the light blue jersey is in the middle of a dunk, with his hand extended above the rim. The ball is most likely in his hand or just above the rim as he completes the dunk. The position of the player's hand and body suggests the ball is near the basket hoop.",D6
54.png,24,"The player in the light blue jersey is in the middle of a dunk, with his hand extended upward toward the hoop. The ball is most likely just above or near his hand, close to the rim, as he is about to complete the dunk. The ball would be positioned near the basket, slightly above the rim.",C6
54.png,25,"The player in the light blue jersey is in the middle of a dunk, with his hand extended above the rim. The ball is most likely just above or near his hand as he completes the dunk. Since the ball is removed, it would be located near the basketball hoop, where the player's hand is positioned.",C6
54.png,26,"The player in the light blue jersey is in the middle of a dunk, with his hand extended above the rim. The ball is most likely just above or near his hand as he completes the dunk. Since the ball is missing, it would be located near the basketball hoop, where the player's hand is positioned.",D6
54.png,27,"The player in the light blue jersey is in the middle of a dunk, with his hand extended upward toward the basketball hoop. The ball is most likely just above or near his hand as he is about to score. The hoop is located around the intersection of columns 5 and 6 and rows B and C, so the ball should be close to this area.",C5
54.png,28,"The player in the light blue jersey is in the middle of a dunk, with his hand extended upward toward the hoop. The ball is most likely just above or near his hand, close to the rim, as he is about to score. The ball would be positioned near the basket, slightly above the rim.",C6
54.png,29,"The player in the light blue jersey is in the middle of a dunk, with his hand extended above the rim. The ball is most likely just above or near his hand as he is about to score. Since the ball is missing, it would be located near the basketball hoop, where the player's hand is reaching.",C6
54.png,30,"The player in the light blue jersey is in the middle of a dunk, with his hand extended upward toward the hoop. The ball is most likely just above or near his hand, about to go through the basket. The hoop is located in the upper center of the image, so the ball should be close to that area.",C5
54.png,31,"The player in the light blue jersey is in the middle of a dunk, with his hand extended upward toward the basketball hoop. The ball is most likely just above or near his hand, about to go through the hoop. Given the position of the player and the hoop, the ball would be located near the top center of the image, close to the rim.",B5
54.png,32,"The player in the light blue jersey is in the middle of a dunk, with his hand extended upward toward the hoop. The ball is most likely just above or near his hand, about to go through the basket. The hoop is located in the upper center of the image, so the ball should be close to that area.",C5
54.png,33,"The player in the light blue jersey is in the middle of a dunk, with his hand extended upward toward the basketball hoop. The ball is most likely just above or near his hand, close to the rim, as he is about to complete the dunk. This position would be near the top center of the image, close to the hoop.",C5
54.png,34,"The player in the light blue jersey is in the middle of a dunk, with his hand extended upward toward the basketball hoop. The ball is most likely just above or near his hand as he is about to complete the dunk. Given the position of the player's hand and the hoop, the ball would be located near the rim, slightly above the player's hand.",C6
54.png,35,"The player in the light blue jersey is in the middle of a dunk, with his hand extended upward toward the hoop. The ball is most likely just above or near his hand, close to the rim, as he is about to complete the dunk. The ball would be positioned near the basket, slightly above the rim.",C6
54.png,36,"The player in the light blue jersey is in the middle of a dunk, with his hand extended above the rim. The ball is most likely just above or near his hand as he is about to complete the dunk. Since the ball is removed, it would be located near the basketball hoop, where the player's hand is positioned.",C6
54.png,37,"The player in the light blue jersey is in the middle of a dunk, with his hand extended upward toward the basketball hoop. The ball is most likely just above or near his hand, close to the rim, as he is about to score. The ball would be positioned near the basket, slightly above the rim.",C6
54.png,38,"The player in the light blue jersey is in the middle of a dunk, with his hand extended upward toward the hoop. The ball is most likely just above or near his hand, close to the rim. Since the ball is missing, it would be in the area where the player's hand is reaching to score.",C6
54.png,39,"The player in the light blue jersey is in the middle of a dunk, with his hand extended upward toward the hoop. The ball is most likely just above or near his hand, close to the rim, as he is about to complete the dunk. The hoop is located around the intersection of columns 5 and 6 and rows B and C, so the ball should be near this area.",C6
54.png,40,"The player in the light blue jersey is in the middle of a dunk, with his hand extended above the rim. The ball is most likely just above or near his hand as he completes the dunk. Since the ball is typically held close to the hand during a dunk, it should be located near the basketball hoop and the player's hand.",C6
54.png,41,"The player in the light blue jersey is in the middle of a dunk, with his hand extended upward toward the basketball hoop. The ball is most likely just above or near his hand as he is about to score. Since the ball is missing, it would be located near the rim, where the dunk is happening.",D6
54.png,42,"The player in the light blue jersey is in the middle of a dunk, with his hand extended upward toward the basketball hoop. The ball is most likely just above or near his hand, close to the rim, as he is about to score. This position would be near the top center of the image, close to the hoop.",B5
54.png,43,"The player in the light blue jersey is in the middle of a dunk, with his hand extended above the rim. The ball is most likely just above or near his hand as he is about to complete the dunk. The position of the player's hand and the action suggest the ball is near the basket hoop.",C6
54.png,44,"The player in the light blue jersey is in the middle of a dunk, with his hand extended above the rim. The ball is most likely just above or near his hand as he completes the dunk. Since the ball is removed, it would be located near the rim where the dunk is happening.",D6
54.png,45,"The player in the light blue jersey is in the middle of a dunk, with his hands extended above the rim. The ball is most likely just above or near his hands as he completes the dunk. Since the ball is missing, it would be located near the basketball hoop, where the player's hands are positioned.",C6
54.png,46,"The player in the light blue jersey is in the middle of a dunk, with his hand extended above the rim. The ball is most likely just above the rim, near his hand, as he is about to complete the dunk. The ball would be positioned slightly above the hoop and near the center of the image horizontally.",D5
54.png,47,"The player in the light blue jersey is in the middle of a dunk, with his hand extended upward toward the basketball hoop. The ball is most likely just above or near his hand, close to the rim, as he is about to complete the dunk. The ball would be positioned near the basket, which is located in the upper center part of the image.",C5
54.png,48,"The player in the light blue jersey is jumping and appears to be in the act of dunking the ball into the hoop. The ball is most likely just above or near the rim of the basketball hoop, as the player's hand is extended upward in a dunking motion. The hoop is located near the top center of the image.",C5
54.png,49,"The player in the light blue jersey is in the middle of a dunk, with his hand extended above the rim. The ball is most likely just above or near his hand, close to the basket. Since the ball is typically held right above the rim during a dunk, it would be located in the grid cell that corresponds to the area just above the rim and near the player's hand.",C6
54.png,50,"The player in the light blue jersey is jumping and appears to be dunking the ball into the hoop. The ball is most likely just above or near the rim of the basketball hoop, which is located in the upper center part of the image.",C5
40.png,1,"The players in the image are all looking and reaching upwards towards the basketball hoop, indicating that the ball is likely near the basket. The player in white (#6) appears to be jumping and extending his arm as if attempting a shot or rebound. The ball is most likely just above or near the rim of the basket.",C5
40.png,2,"The players in the image are all looking and reaching upwards towards the basketball hoop, indicating that the ball is likely near the basket. The player in white (number 6) appears to be jumping and extending his arm as if attempting a shot or rebound. The ball is most likely just above or near the rim of the basket.",C5
40.png,3,"The players in the image are all looking and reaching upwards towards the basketball hoop, indicating the ball is likely near the basket. The player in white (number 6) appears to be jumping and extending his arm as if attempting a shot or rebound. The ball is most likely just above or near the rim of the basket.",C5
40.png,4,"The players in the image are all looking and reaching upwards towards the basketball hoop, indicating that the ball is likely near the basket. The player in white (#6) appears to be jumping and extending his arm as if attempting a shot or rebound. The ball is most likely just above or near the rim of the basket.",C5
40.png,5,"The players in the image are all looking and reaching upwards towards the basketball hoop, indicating that the ball is likely near the basket. The player in white (#6) appears to be jumping and extending his arm as if attempting a shot or rebound. The ball is most likely just above or near the rim of the basket.",D5
40.png,6,"The players in the image are all looking and reaching upwards towards the basketball hoop, indicating that the ball is likely near the basket. The player in white in cell E6 appears to be jumping and extending his arm upwards, suggesting he is either attempting a shot or a rebound. The ball is most likely just above or near the rim of the basket.",C6
40.png,7,"The players are all looking and reaching upwards towards the basketball hoop, indicating the ball is likely near the basket. The player in white (#6) appears to be jumping and extending his arm as if attempting a shot or rebound. The ball is most likely just above or near the rim of the basket.",C5
40.png,8,"The players in the image are all looking and reaching upwards towards the basketball hoop, indicating the ball is likely near the basket. The player in white (number 6) appears to be jumping and extending his arm as if attempting a shot or rebound. The ball is most likely just above or near the rim of the basket.",D6
40.png,9,"The player in the white jersey with the number 6 on it is jumping and has his hands raised as if he is about to shoot or has just released the ball. The other players are looking upwards towards the basket, indicating the ball is likely in the air near the hoop. The ball is most likely near the basket, slightly above or in front of the hoop.",C5
40.png,10,"The players in the image are all looking and reaching upwards towards the basketball hoop, indicating the ball is likely near the basket. The player in white (number 6) appears to be jumping and extending his arm as if attempting a shot or rebound. The ball is most likely just above or near the rim of the basket.",C5
40.png,11,"The players in the image are all looking and reaching upwards towards the basketball hoop, indicating the ball is likely near the basket. The player in white in cell E6 is jumping with his arm extended upwards, suggesting he is either attempting a shot or a rebound. The ball is most likely just above or near the rim of the basket.",C6
40.png,12,"The players in the image are all looking and reaching upwards towards the basketball hoop, indicating the ball is likely near the basket. The player in white (#6) appears to be jumping and extending his arm as if attempting a shot or rebound. The ball is most likely just above or near the rim of the basket.",C5
40.png,13,"The players in the image are all looking and reaching upwards towards the basketball hoop, indicating the ball is likely near the basket. The player in white (number 6) appears to be jumping and extending his arm as if attempting a shot or rebound. The ball is most likely just above or near the rim of the basket.",C5
40.png,14,"The players in blue and white are all looking upwards and reaching with their hands extended, which suggests the ball is in the air above them. The player in white in cell E6 is jumping and appears to be attempting to catch or block the ball. The most likely location of the ball is just above the players' hands, near the basket. This would place the ball near the hoop, which is located in the upper middle part of the image, around the grid cells C5 or C6.",C5
40.png,15,"The players in the image are all looking and reaching upwards towards the basketball hoop, indicating the ball is likely near the basket. The player in white (number 6) appears to be jumping and extending his arm as if attempting a shot or rebound. The ball is most likely just above or near the rim of the basket.",C5
40.png,16,"The players in the image are all looking and reaching upwards towards the basketball hoop, indicating the ball is likely near the basket. The player in white in cell E6 is jumping with his arm extended upwards, suggesting he is either attempting a shot or a rebound. The ball is most likely just above or near the rim of the basket.",C6
40.png,17,"The players in the image are all looking and reaching upwards towards the basketball hoop, indicating the ball is likely near the basket. The player in white near the center appears to be jumping and extending his arm as if attempting a shot or rebound. The ball is most likely just above or near the rim of the basket.",C5
40.png,18,"The players in the image are all looking and reaching upwards towards the basketball hoop, indicating the ball is likely near the basket. The player in white (number 6) appears to be jumping and extending his arm as if attempting a shot or rebound. The ball is most likely just above or near the rim of the basket.",C5
40.png,19,"The players in the image are all looking and reaching upwards towards the basketball hoop, indicating the ball is likely near the basket. The player in the white jersey (number 6) appears to be jumping and extending his arm upwards, suggesting he is either attempting a shot or a rebound. The ball is most likely just above or near the rim of the basket.",D6
40.png,20,"The player in the white jersey with the number 6 on his back (located near the center of the image) is reaching up with both hands, indicating he is likely attempting to catch or shoot the ball. The ball is most likely above his hands, near the basket. The basket is located in the upper middle part of the image, so the ball should be just below or near the hoop.",D5
40.png,21,"The players in the image are all looking and reaching upwards towards the basketball hoop, indicating that the ball is likely near the basket. The player in white in cell E6 appears to be jumping and extending his arm upwards, suggesting he is attempting a shot or rebound. The ball is most likely just above or near the rim of the basket.",C6
40.png,22,"The players in the image are all looking and reaching upwards towards the basketball hoop, indicating the ball is likely near the basket. The player in white in the center appears to be jumping and extending his arm as if attempting a shot or rebound. The ball is most likely just above or near the rim of the basket.",D5
40.png,23,"The players in the image are all looking and reaching upwards towards the basketball hoop, indicating that the ball is likely near the basket. The player in white (number 6) appears to be jumping and extending his arm upwards, suggesting he is attempting a shot or rebound. The ball is most likely just above or near the rim of the basket.",C5
40.png,24,"The players in the image are all looking and reaching upwards towards the basketball hoop, indicating the ball is likely near the basket. The player in white (center) appears to be jumping and extending his arm as if attempting a shot or rebound. The ball is most likely just above or near the rim of the basket.",C5
40.png,25,"The players in the image are all looking and reaching upwards towards the basketball hoop, indicating the ball is likely near the basket. The player in white (number 6) appears to be jumping and extending his arm as if attempting a shot or rebound. The ball is most likely just above or near the rim of the basket.",C5
40.png,26,"The players in the image are all looking and reaching upwards towards the basketball hoop, indicating the ball is likely near the basket. The player in white (number 6) appears to be jumping and extending his arm as if attempting a shot or rebound. The ball is most likely just above or near the rim of the basket.",C5
40.png,27,"The players in the image are all looking and reaching upwards towards the basketball hoop, indicating the ball is likely near the basket. The player in white (number 6) appears to be jumping and extending his arm as if attempting a shot or rebound. The ball is most likely just above or near the rim of the basket.",C5
40.png,28,"The players in the image are all looking and reaching upwards towards the basketball hoop, indicating that the ball is likely near the basket. The player in white (center) appears to be jumping and extending his arm as if attempting a shot or rebound. The ball is most likely just above or near the rim of the basket.",C5
40.png,29,"The players in the image are all looking and reaching upwards towards the basketball hoop, indicating the ball is likely near the basket. The player in white (number 6) appears to be jumping and extending his arm as if attempting a shot or rebound. The ball is most likely just above or near the rim of the basket.",C5
40.png,30,"The players in the image are all looking and reaching upwards towards the basketball hoop, indicating the ball is likely near the basket. The player in white (number 6) appears to be jumping and extending his arm as if attempting a shot or rebound. The ball is most likely just above or near the rim of the basket.",C5
40.png,31,"The players in the image are all looking and reaching upwards towards the basketball hoop, indicating the ball is likely near the basket. The player in white (number 6) appears to be jumping and extending his arm as if attempting a shot or rebound. The ball is most likely just above or near the rim of the basket.",C5
40.png,32,"The players in the image are all looking and reaching upwards towards the basketball hoop, indicating the ball is likely near the basket. The player in white (number 6) appears to be jumping and extending his arm as if attempting a shot or rebound. The ball is most likely just above or near the rim of the basket.",C5
40.png,33,"The players in the image are all looking and reaching upwards towards the basketball hoop, indicating the ball is likely near the basket. The player in white (number 6) appears to be jumping and extending his arm as if attempting a shot or rebound. The ball is most likely just above or near the rim of the basket.",C5
40.png,34,"The players in the image are all looking and reaching upwards towards the basketball hoop, indicating the ball is likely near the basket. The player in white (number 6) appears to be jumping and extending his arm as if attempting a shot or rebound. The ball is most likely just above or near the rim of the basket.",C5
40.png,35,"The players in the image are all looking and reaching upwards towards the basketball hoop, indicating the ball is likely near the basket. The player in white (number 6) appears to be jumping and extending his arm as if attempting a shot or rebound. The ball is most likely just above or near the rim of the basket.",C5
40.png,36,"The players in the image are all looking and reaching upwards towards the basketball hoop, indicating the ball is likely near the basket. The player in white (number 6) appears to be jumping and extending his arm as if attempting a shot or rebound. The ball is most likely just above or near the rim of the basket.",C5
40.png,37,"The players in the image are all looking upwards and reaching towards the basketball hoop, indicating that the ball is likely near the basket. The player in white closest to the basket appears to be jumping and extending his arm as if attempting a shot or rebound. The ball is most likely just above or near the rim of the basket.",C5
40.png,38,"The player in white near the center of the image (around column 6) is looking upwards with his hands raised, which suggests he is either about to catch or has just released the ball. The ball is likely above his head, near the basket. The basket is located in the upper middle part of the image, around columns 4 and 5, rows B and C. Since the ball is not visible, it is most likely just above the rim or in the air near the basket.",B5
40.png,39,"The players in the image are all looking and reaching upwards towards the basketball hoop, indicating the ball is likely near the basket. The player in white (number 6) appears to be jumping and extending his arm as if attempting a shot or rebound. The ball is most likely just above or near the rim of the basket.",C5
40.png,40,"The players in the image are all looking and reaching upwards towards the basketball hoop, indicating the ball is likely near the basket. The player in white (number 6) appears to be jumping and extending his arm as if attempting a shot or rebound. The ball is most likely just above or near the rim of the basket.",C5
40.png,41,"The players in the image are all looking and reaching upwards towards the basketball hoop, indicating the ball is likely near the basket. The player in white (number 6) appears to be jumping and extending his arm upwards, suggesting he is attempting a shot or rebound. The ball is most likely just above or near the rim of the basket.",C6
40.png,42,"The players in the image are all looking and reaching upwards towards the basketball hoop, indicating the ball is likely near the basket. The player in white (center) appears to be jumping and extending his arm as if attempting a shot or rebound. The ball is most likely just above or near the rim of the basket.",C5
40.png,43,"The players in the image are all looking and reaching upwards towards the basketball hoop, indicating that the ball is likely near the basket. The player in white (number 6) appears to be jumping and extending his arm as if attempting a shot or rebound. The ball is most likely just above or near the rim of the basket.",C5
40.png,44,"The players in the image are all looking and reaching upwards towards the basketball hoop, indicating that the ball is likely near the basket. The player in white (number 6) appears to be jumping and extending his arm as if attempting a shot or rebound. The ball is most likely just above or near the rim of the basket.",C5
40.png,45,"The player in the white jersey with the number 6 on his back, located near the center of the image, is holding his hands up as if preparing to shoot or pass the ball. The other players are looking towards him, indicating he is in possession of the ball. The ball is likely near his hands, which are around the middle of the image, slightly to the right.",E6
40.png,46,"The player in white near the center of the image (around E5) is looking upwards and has his hands raised as if preparing to catch or shoot the ball. The other players are also looking in the same direction, which is above the rim. The ball is likely in the air near the basket, possibly about to go through the hoop or being contested by the players. The most probable location is just above the rim, which is in the grid cell D5.",D5
40.png,47,"The players in the image are all looking and reaching upwards towards the basketball hoop, indicating the ball is likely near the basket. The player in white (number 6) appears to be jumping and extending his arm as if to shoot or tip the ball. The ball is most likely just above or near the rim of the basket.",C5
40.png,48,"The players in the image are all looking and reaching upwards towards the basketball hoop, indicating the ball is likely near the basket. The player in the white jersey (number 6) appears to be jumping and extending his arm upwards, suggesting he is either attempting a shot or a rebound. The ball is most likely just above or near the rim of the basket.",C5
40.png,49,"The players in the image are all looking and reaching upwards towards the basketball hoop, indicating the ball is likely near the basket. The player in white (#6) appears to be jumping and extending his arm as if attempting a shot or rebound. The ball is most likely just above or near the rim of the basket.",C5
40.png,50,"The players in the blue and white jerseys are all looking upwards and reaching with their hands, indicating the ball is likely in the air above them. The player in the white jersey in cell E6 is jumping and has his hands raised as if attempting to catch or block the ball. The ball is most likely near the basketball hoop, which is located in the upper center of the image. Given the players' focus and positioning, the ball is probably just above or near the rim.",B5
83.png,1,"The player in the white and red uniform in cell F6 is jumping with his arm extended upwards, as if attempting a layup or a shot. The basketball hoop is located in cells B7 and C7, so the ball is likely near the player's hand and close to the hoop. Given the player's position and action, the ball is most likely just above his hand, near the basket.",E7
83.png,2,"The player in the white and red uniform in cell E6 is jumping and reaching up with both hands toward the basketball hoop, indicating he is likely attempting a layup or dunk. The ball is most likely just above his hands, near the rim of the basket. The hoop is located in the upper right part of the image, around row B and C, column 7. Therefore, the ball is most likely in the space just above the player's hands and near the hoop.",C7
83.png,3,"The player in the white and red uniform in cell F6 is jumping with both hands extended upwards towards the basketball hoop, indicating he is likely attempting a layup or a shot. The ball is most likely just above his hands, near the rim of the basket. The hoop is located in the upper right part of the image, so the ball should be close to the basket's rim.",E7
83.png,4,"The player in the white and red uniform in cell E6 is jumping with his hands extended upwards towards the basketball hoop, indicating he is likely attempting a shot or layup. The ball is most likely near his hands, just below or at the rim of the basket. The basketball hoop is located in the upper right part of the image, around cells B7 and C7, so the ball should be close to this area.",C7
83.png,5,"The player in white in cell F6 is jumping with his arm extended upwards, appearing to be in the act of shooting or laying the ball up towards the basket. The basketball hoop is located in cells B7 and C7, and the ball is likely near the player's hand, just below the hoop. Given the player's position and motion, the ball is most likely in the space just above his hand and below the rim.",C7
83.png,6,"The player in the white and red uniform in cell E6 is jumping with his arm extended upwards, appearing to be in the act of shooting or laying the ball up towards the basket. The ball is likely just above his hand, near the hoop. The hoop is located in the upper right part of the image, around B7. Therefore, the ball is most likely located just above the player's hand, near the basket.",B7
83.png,7,"The player in the white and red uniform in cell F6 is jumping with his hands extended upwards towards the basketball hoop, indicating he is likely attempting a shot or layup. The ball is most likely near his hands, close to the basket. The basket is located in the upper right part of the image, around cells B7 and C7, so the ball should be just below or near the rim.",C7
83.png,8,"The player in the white and red uniform in cell F6 is jumping with his hands extended upwards towards the basketball hoop, indicating he is likely attempting a shot or layup. The ball is most likely near his hands, close to the basket. The ball would be just above or near the rim of the hoop, which is located in the upper part of cell B7.",B7
83.png,9,"The player in the white and red uniform in cell E6 is jumping with his hands extended upwards towards the basketball hoop, indicating he is likely attempting a shot or layup. The ball is most likely near his hands, close to the basket. The ball would be just above or near the rim of the hoop, which is located in the area around B7 and C7. Given the player's position and action, the ball is most likely in the space just above his hands and near the basket.",C7
83.png,10,"The player in the white and red uniform in cell E6 is jumping with their arm extended upwards, as if attempting a shot or layup. The ball is likely near their hand, just above the rim of the basketball hoop. The hoop is located in the upper right part of the image, around B7 and C7. Therefore, the ball is most likely in the space just above the player's hand and near the hoop.",C7
83.png,11,"The player in the white and red uniform in cell F6 is jumping with his arm extended upward, as if attempting a layup or a shot. The basketball hoop is located in cells B7 and C7, and the player's hand is close to the hoop. This suggests the ball is likely near the player's hand, just about to be released or already in the air near the basket.",E7
83.png,12,"The player in the white and red uniform in cell E6 is jumping with his arm extended upwards, appearing to be in the act of shooting or laying the ball up towards the basket. The ball is likely near his hand, just below the hoop. The hoop is located in the upper right part of the image, around B7 and C7. Given the player's position and action, the ball is most likely just above his hand and close to the basket.",C7
83.png,13,"The player in the white and red uniform in cell F6 is jumping with his hands extended upwards towards the basketball hoop, indicating he is likely attempting a shot or layup. The ball is most likely near his hands, close to the basket. The basketball hoop is located in the upper right part of the image, around cells B7 and C7, so the ball should be just below or near the rim.",C7
83.png,14,"The player in the white and red uniform in cell E6 is jumping with their arm extended upwards, as if attempting a shot or layup. The ball is most likely near their hand, just below the basket. The basket is located in the upper right part of the image, around B7 and C7. Given the player's position and action, the ball is likely just below the rim, in the space between the player's hand and the hoop.",C7
83.png,15,"The player in the white and red uniform in cell E6 is jumping with his arm extended upwards, as if attempting a layup or a shot. The basketball hoop is located in cells B7 and C7, and the ball is likely near the player's hand, just below the hoop. Given the player's position and action, the ball is most likely in the space between the player's hand and the hoop.",C7
83.png,16,"The player in the white and red uniform in cell F6 is jumping with his arm extended upwards, appearing to be in the act of shooting or laying up the ball towards the basket. The basketball hoop is located in cells B7 and C7, so the ball is likely near the player's hand, just below the hoop. Given the player's position and motion, the ball is most likely in the space just above his hand and below the rim.",E7
83.png,17,"The player in the white and red uniform in cell F6 is jumping with his arm extended upward, appearing to be in the act of shooting or laying up the ball towards the basket. The ball is likely near his hand, just below the rim. The basket is located in the upper right part of the image, around cells B7 and C7, so the ball should be just below the rim in the same vertical column.",C7
83.png,18,"The player in the white and red uniform in cell F6 is jumping with his arm extended upwards, appearing to be in the act of shooting or laying the ball up towards the basket. The ball is likely near his hand, just below the hoop. Since the ball is missing, it would most likely be located near the basket, above the player's hand, and close to the rim.",C7
83.png,19,"The player in the white and red uniform in cell F6 is jumping with their arm extended upwards, appearing to be in the act of shooting or laying up the ball towards the basket. The basketball hoop is located in cells B7 and C7, so the ball is most likely near the player's hand, just below the hoop.",F6
83.png,20,"The player in the white and red uniform in cell E6 is jumping with his hands extended upwards towards the basketball hoop, indicating he is likely attempting a layup or dunk. The ball is most likely just above his hands, near the rim of the basket. The basketball hoop is located in the upper right part of the image, around cells B7 and C7, so the ball should be close to this area.",C7
83.png,21,"The player in the white and red uniform in cell F6 is jumping with his arm extended upwards, appearing to be in the act of shooting or laying up the ball towards the basket. The ball is likely near his hand, just below the hoop. The hoop is located in the upper right part of the image, around B7 and C7. Given the player's position and motion, the ball is most likely just above his hand and below the rim.",E6
83.png,22,"The player in the white and red uniform in cell F6 is jumping with his hands extended upwards towards the basketball hoop, indicating he is likely attempting a shot or layup. The ball is most likely near his hands, close to the basket. The basket is located in the upper right part of the image, around cells B7 and C7, so the ball should be just below the rim, near the player's hands.",C7
83.png,23,"The player in the white and red uniform in cell F6 is jumping with his arm extended upwards, appearing to be in the act of shooting or laying the ball up towards the basket. The basketball hoop is located in cells B7 and C7, so the ball is likely near the player's hand, just below the hoop, as he attempts to score.",E7
83.png,24,"The player in the white and red uniform in cell E6 is jumping with his hands extended upwards towards the basketball hoop, indicating he is likely attempting a layup or dunk. The ball is most likely near his hands, just below the rim of the basket. The basket is located in the upper right part of the image, around cells B7 and C7, so the ball should be just below that, near the player's hands.",D6
83.png,25,"The player in the white and red uniform in cell E6 is jumping with his hands extended upwards towards the basketball hoop, indicating he is likely attempting a layup or dunk. The ball is most likely near his hands, just below the rim, as he is in the act of scoring. The basketball hoop is located in the upper right part of the image, around cells B7 and C7, so the ball should be just below the rim in the same vertical column.",D7
83.png,26,"The player in the white and red uniform in cell F6 is jumping with his arm extended upwards, appearing to be in the act of shooting or laying the ball up towards the basket. The ball is likely just above his hand, near the hoop. The hoop is located in the upper right part of the image, so the ball should be close to the basket rim.",E7
83.png,27,"The player in the white and red uniform in cell F6 is jumping with his arm extended upwards towards the basketball hoop, indicating he is likely attempting a layup or dunk. The ball is most likely near his hand, just below the rim. The other players are looking up towards the hoop, supporting the idea that the ball is close to the basket.",C6
83.png,28,"The player in the white and red uniform in cell E6 is jumping with his hands extended upwards towards the basketball hoop, indicating he is likely attempting a layup or dunk. The ball is most likely just above his hands, near the rim of the basket, as he is in the act of shooting. The ball would be close to the hoop, which is located in the upper right part of the image.",B7
83.png,29,"The player in the white and red uniform in cell E6 is jumping with his arm extended upward, appearing to be in the act of shooting or laying up the ball towards the basket. The ball is most likely near his hand, just below the hoop. The hoop is located in cells B7 and C7, so the ball should be just below that, near the player's hand.",D6
83.png,30,"The player in the white and red uniform in cell F6 is jumping with his hands extended upwards towards the basketball hoop, indicating he is likely attempting a shot or layup. The ball is most likely near his hands, close to the basket, as this is the typical position for a basketball during a shot attempt.",E6
83.png,31,"The player in the white and red uniform in cell F6 is jumping with his arm extended upward, appearing to be in the act of shooting or laying up the ball towards the basket. The ball is likely near his hand, just below the hoop. The hoop is located in the upper right part of the image, around cells B7 and C7. Given the player's position and motion, the ball is most likely just above his hand and below the rim.",C7
83.png,32,"The player in the white and red uniform in cell E6 is jumping and reaching up towards the basket with both hands, indicating he is likely attempting a layup or dunk. The ball is most likely just above his hands, near the rim of the basket. The basket rim is located in the area around B7 and C7, so the ball should be close to that position.",C7
83.png,33,"The player in the white and red uniform in cell F6 is jumping with his arm extended upwards, appearing to be in the act of shooting or laying the ball up towards the basket. The ball is likely near his hand, just below the hoop. The hoop is located in the upper right part of the image, around B7 and C7. Given the player's position and action, the ball is most likely just below the hoop, near the player's hand.",C7
83.png,34,"The player in the white and red uniform in cell F6 is jumping with his arm extended upwards, appearing to be in the act of shooting or laying the ball up towards the basket. The ball is likely near his hand, just below the hoop. The hoop is located in the upper right part of the image, around cells B7 and C7, so the ball should be just below or near the rim.",C7
83.png,35,"The player in the white and red uniform in cell F6 is jumping with his hands extended upwards towards the basketball hoop, indicating he is likely attempting a shot or layup. The ball is most likely near his hands, close to the basket. The basketball hoop is located in cells B7 and C7, so the ball should be just below or near the hoop, around the player's hands.",E6
83.png,36,"The player in the white and red uniform in cell F6 is jumping and reaching up towards the basketball hoop, indicating he is likely attempting a layup or dunk. The ball is most likely near his hands, just below the rim, as he is in the act of shooting. The ball would be close to the basket, above the player and near the hoop.",B6
83.png,37,"The player in the white and red uniform in cell F6 is jumping with their arm extended upwards, as if attempting a layup or a shot. The ball is likely just above their hand, near the basketball hoop. The hoop is located in the upper right part of the image, around cells B7 and C7. Given the player's position and action, the ball is most likely near the basket, slightly above the player's hand.",C7
83.png,38,"The player in the white and red uniform in cell F6 is jumping with his hands extended upwards towards the basketball hoop, indicating he is likely attempting a shot or layup. The ball is most likely near his hands, close to the basket. The ball would be just above or near the rim of the hoop, which is located in the area around B7 and C7. Given the player's position and action, the ball is most likely just above his hands near the basket.",C7
83.png,39,"The player in the white and red uniform in cell E6 is jumping with his arm extended upwards, appearing to be in the act of shooting or laying up the ball towards the basket. The ball is most likely near his hand, just below the hoop. The hoop is located in the area around B7 and C7, so the ball should be close to that position, slightly below the rim.",C7
83.png,40,"The player in the white and red uniform in cell E6 is jumping with his hands extended upward toward the basketball hoop, indicating he is likely attempting a layup or dunk. The ball is most likely just above his hands, near the rim of the basket. The basketball hoop is located in the upper right part of the image, around cells B7 and C7, so the ball should be close to that area.",C7
83.png,41,"The player in the white and red uniform in cell F6 is jumping with his arm extended upwards, appearing to be in the act of shooting or laying the ball up towards the basket. The basketball hoop is located in the upper right part of the image, around B7 and C7. Given the player's position and motion, the ball is most likely just above his hand, near the basket, about to go through the hoop.",C7
83.png,42,"The player in the white and red uniform in cell E6 is jumping with his arm extended upward, appearing to be in the act of shooting or laying the ball up towards the basket. The ball is likely near his hand, just below the hoop. The hoop is located in the upper right part of the image, around B7 and C7. Given the player's position and motion, the ball is most likely just below the rim, near the player's hand.",C7
83.png,43,"The player in the white and red uniform in cell F6 is jumping with his arm extended upwards towards the basketball hoop, indicating he is likely attempting a shot or layup. The ball is most likely near his hand, just below the hoop. The hoop is located in the upper right part of the image, around cells B7 and C7, so the ball should be just below that, near the player's hand.",E6
83.png,44,"The player in the white and red uniform in cell E6 is jumping with his hands extended upwards, appearing to be in the act of shooting or attempting a layup. The basketball hoop is located in cells B7 and C7, and the ball is likely near the player's hands as he aims to score. Therefore, the ball is most likely just above or near the player's hands in the same column as the hoop.",D6
83.png,45,"The player in the white and red uniform in cell F6 is jumping with his arm extended upwards, appearing to be in the act of shooting or laying up the ball towards the basket. The ball is likely near his hand, just below the hoop. The hoop is located in the upper right part of the image, around B7 and C7. Given the player's position and action, the ball is most likely just below the rim, near the player's hand.",C7
83.png,46,"The player in the white and red uniform in cell F6 is jumping with his hands extended upwards towards the basketball hoop, indicating he is likely attempting a shot or layup. The ball is most likely near his hands, close to the basket. The basket is located in the upper right part of the image, around cells B7 and C7, so the ball should be just below or near the rim.",C7
83.png,47,"The player in the white and red uniform in cell E6 is jumping with his arm extended upwards, appearing to be in the act of shooting or laying the ball up towards the basket. The ball is likely near his hand, just below the hoop. The hoop is located in the area around B7 and C7, so the ball should be close to that position, slightly below the rim.",C7
83.png,48,"The player in the white and red uniform in cell F6 is jumping with his arm extended upward toward the basketball hoop, indicating he is likely attempting a shot or layup. The ball is most likely near his hand, just below the rim, as he is in the act of scoring. The ball would be close to the basket, above the player's hand and near the hoop.",C6
83.png,49,"The player in the white and red uniform in cell E6 is jumping with his hands extended upwards towards the basketball hoop, indicating he is likely attempting a layup or dunk. The ball is most likely just above his hands, near the rim of the basket, as he is in the act of shooting. The ball would be close to the hoop, which is located in the upper right part of the image.",C7
83.png,50,"The player in the white and red uniform in cell F6 is jumping with his arm extended upwards, as if attempting a layup or a shot. The basketball hoop is located in cells B7 and C7, and the ball is likely near the player's hand, just below the hoop. Since the ball is missing, it is most likely in the space just above the player's hand and below the rim, which corresponds to cell E7.",E7
44.png,1,"The player in the blue jersey in cell F6 is reaching up with his right hand, looking upwards, and appears to be in the act of shooting or about to catch the ball. The ball is likely near his hand, just above or in front of it, as he is focused on it. The ball would be close to the basket, which is located in cells B5 and B6. Given the player's position and gesture, the ball is most likely just above his hand in the same column.",E6
44.png,2,"The player in the blue jersey in cell F6 is reaching up with his right hand, looking towards the basket, and appears to be in the act of shooting or laying up the ball. The ball is likely just above or near his hand, close to the basket. Since the basket is located around B5 and B6, the ball is most likely in the space between the player's hand and the basket.",C6
44.png,3,"The player in the blue jersey in cell F6 is reaching up with his right hand, looking upwards, and appears to be in the act of shooting or laying the ball towards the basket. The ball is likely just above his hand, near the basket. The basket is located in cells B5 and B6, so the ball is most likely in the space between the player's hand and the basket.",C6
44.png,4,"The player in the blue jersey in cell F6 is reaching up with his right hand, looking upwards, and appears to be in the act of shooting or about to catch the ball. The ball is likely near his hand or just above it, close to the basket. Since the basket is located around B5 and B6, and the player's hand is extended upwards in F6, the ball is most likely just above or near his hand in that area.",E6
44.png,5,"The player in the blue jersey in cell F6 is reaching up with his right hand, looking upwards, and his hand is positioned as if he is about to catch or shoot the ball. The ball is likely just above or near his hand, close to the basket. Since the ball is not visible, it is most likely in the space just above his hand, near the basket rim.",B6
44.png,6,"The player in the blue jersey in cell F6 is reaching up with his right hand in a position that suggests he is about to shoot or lay up the ball. The ball is likely just above his hand, near the basket. Since the basket is located in cells B5 and B6, the ball is most likely in the space between the player's hand and the basket.",C6
44.png,7,"The player in the blue jersey in cell F6 is reaching up with his right hand, looking upwards, and appears to be in the act of shooting or laying up the ball towards the basket. The ball is likely just above his hand, near the basket, as he is very close to the hoop and in a typical shooting position. The ball would be near the rim, slightly above or in front of it.",B6
44.png,8,"The player in the blue jersey in cell F6 is reaching up with his right hand in a position that suggests he is about to catch or shoot the ball. The ball is likely just above his hand, near the basket. Since the basket is located in cells B5 and C5, the ball is most likely in the space between the player's hand and the basket.",C6
44.png,9,"The player in the blue jersey in cell F6 is reaching up with his right hand in a position that suggests he is about to catch or shoot the ball. The ball is likely just above his hand, near the basket. Since the basket is located around B5 and B6, the ball is most likely in the space between the player's hand and the basket.",C6
44.png,10,"The player in the blue jersey in cell F6 is reaching up with his right hand, looking upwards, and appears to be in the act of shooting or about to release the ball. The ball is likely just above his hand, near the basket. The basket is located around B5 and B6, so the ball is most likely in the space between the player's hand and the basket.",C6
44.png,11,"The player in the blue jersey in cell F6 is reaching up with his right hand, looking upwards, and appears to be in the act of shooting or about to catch the ball. The ball is likely just above his hand, near the basket. The basket is located around B5 and B6, so the ball is most likely in the space between the player's hand and the basket.",C6
44.png,12,"The player in the blue jersey in cell F6 is reaching up with his right hand, looking upwards, and appears to be in the act of shooting or about to release the ball. The ball is likely just above his hand, near the basket. The basket is located around B5 and B6, so the ball is most likely in the space between the player's hand and the basket.",C6
44.png,13,"The player in the blue jersey in cell F6 is reaching up with his right hand in a position that suggests he is about to shoot or lay up the ball. The ball is likely just above or near his hand, close to the basket. Since the basket is located around B5 and B6, the ball is most likely in the space between the player's hand and the basket.",C6
44.png,14,"The player in the blue jersey in cell F6 is reaching up with his right hand, looking upwards, and appears to be in the act of shooting or attempting a layup. The ball is most likely just above his hand, near the basket. The basket is located around B5 and B6, so the ball should be close to that area, slightly above the player's hand.",B6
44.png,15,"The player in the blue jersey in cell F6 is reaching up with his right hand, looking upwards, and appears to be in the act of shooting or about to release the ball. The ball is likely just above his hand, heading towards the basket. The basket is located in cells B5 and B6, so the ball is likely in the space between the player's hand and the basket.",E6
44.png,16,"The player in the blue jersey in cell F6 is reaching up with his right hand in a position that suggests he is about to shoot or lay up the ball. The ball is likely just above his hand, near the basket. The basket is located around B5 and B6, so the ball is probably between the player's hand and the basket.",C6
44.png,17,"The player in the blue jersey in cell F6 is reaching up with one hand, looking upwards, and appears to be in the act of shooting or catching the ball. The ball is likely near his hand, just above or in front of it, as he is focused on it. The basketball hoop is directly above him in cell B6, so the ball is probably in the air between the player and the hoop.",E6
44.png,18,"The player in the blue jersey in cell F6 is reaching up with his right hand, looking upwards, and appears to be in the act of shooting or about to catch the ball. The ball is likely near his hand, just above it, as he is focused on it. The ball would be close to the basket, which is located in cells B5 and B6. Given the player's position and gesture, the ball is most likely just above his hand in cell E6.",E6
44.png,19,"The player in the blue jersey in cell F6 is reaching up with his right hand, looking upwards, and appears to be in the act of shooting or laying the ball towards the basket. The ball is likely just above his hand, near the basket. The basket is located around B5 and B6, so the ball is most likely between the player's hand and the basket.",C6
44.png,20,"The player in the blue jersey in cell F6 is reaching up with his right hand, looking upwards, and appears to be in the act of shooting or about to catch the ball. The ball is likely near his hand, just above it, as he is focused on it. The ball would be close to the basket, which is located in cells B5 and B6. Given the player's position and hand placement, the ball is most likely just above his hand in cell E6.",E6
44.png,21,"The player in the blue jersey in cell F6 is reaching up with his right hand, looking upwards, and appears to be in the act of shooting or laying up the ball towards the basket. The ball is likely just above his hand, near the basket. The basket is located around B5 and B6, so the ball is most likely in the space between the player's hand and the basket.",C6
44.png,22,"The player in the blue jersey in cell F6 is reaching up with his right hand in a position that suggests he is about to shoot or lay up the ball. The ball is likely just above or near his hand, close to the basket. Since the basket is located around B5 and B6, the ball is most likely in the space between the player's hand and the basket.",E6
44.png,23,"The player in the blue jersey in cell F6 is reaching up with his right hand in a position that suggests he is about to shoot or dunk the basketball. The ball is likely just above his hand, near the basket. The basket is located around B5 and B6, so the ball is most likely in the space between the player's hand and the basket.",C6
44.png,24,"The player in the blue jersey in cell F6 is reaching up with his right hand, looking towards the basket, and appears to be in the act of shooting or about to catch the ball. The ball is likely near his hand, just above it, as he is focused on the basket and preparing to make a play. The ball would be close to the basket, slightly above or near the rim.",B6
44.png,25,"The player in the blue jersey in cell F6 is reaching up with his right hand, looking upwards, and appears to be in the act of shooting or about to catch the ball. The ball is likely just above his hand, near the basket. The basket is located in cells B5 and B6, so the ball is most likely in the space between the player's hand and the basket.",C6
44.png,26,"The player in the blue jersey in cell F6 is reaching up with his right hand, looking upwards, and appears to be in the act of shooting or about to catch the ball. The ball is likely near his hand, just above it, and close to the basket. The basket is located around B5 and B6, so the ball is likely between the player's hand and the basket.",E6
44.png,27,"The player in the blue jersey in cell F6 is reaching up with his right hand, looking upwards, and his hand is positioned as if he is about to catch or shoot the ball. The ball is likely just above or near his hand, close to the basket. Since the ball is not visible, it is most likely in the space just above his hand, near the basket rim.",B6
44.png,28,"The player in the blue jersey in cell F6 is reaching up with his right hand, looking upwards, and appears to be in the act of shooting or about to release the ball. The ball is likely just above his hand, near the basket. The basket is located in cells B5 and B6, so the ball is most likely in the space between the player's hand and the basket.",C6
44.png,29,"The player in the blue jersey in cell F6 is reaching up with his right hand, looking upwards, and appears to be in the act of shooting or about to catch the ball. The ball is likely near his hand, just above it, as he is focused on it. The basketball hoop is in cells B5 and B6, so the ball is likely between the player's hand and the hoop.",E6
44.png,30,"The player in the blue jersey in cell F6 is reaching up with his right hand, looking upwards, and appears to be in the act of shooting or laying the ball towards the basket. The ball is likely just above his hand, near the hoop. The hoop is located around B5 and B6, so the ball is most likely between the player's hand and the hoop.",C6
44.png,31,"The player in the blue jersey in cell F6 is reaching up with his right hand, looking upwards, and appears to be in the act of shooting or about to catch the ball. The ball is likely near his hand, just above it, as he is focused on it. The ball would be close to the basket, which is located in cells B5 and B6. Given the player's position and gesture, the ball is most likely just above his hand in the same column, near the basket.",E6
44.png,32,"The player in the blue jersey in cell F6 is reaching up with his right hand, looking upwards, and appears to be in the act of shooting or attempting to catch the ball. The ball is likely near his hand, just above or in front of it, as he is focused on it. The basketball hoop is located in cells B5 and B6, so the ball is likely on its way towards the hoop or just released from the player's hand.",F6
44.png,33,"The player in the blue jersey in cell F6 is reaching up with his right hand, looking upwards, and appears to be in the act of shooting or laying up the ball. The ball is likely just above his hand, near the basket. The basket is located in cells B5 and B6, so the ball is most likely in the space between the player's hand and the basket.",C6
44.png,34,"The player in the blue jersey in cell F6 is reaching up with his right hand, looking upwards, and appears to be in the act of shooting or about to release the ball. The ball is likely just above his hand, near the basket. The basket is located in cells B5 and B6, so the ball is most likely in the space between the player's hand and the basket.",C6
44.png,35,"The player in the blue jersey in cell F6 is reaching up with his right hand, looking upwards, and appears to be in the act of shooting or laying the ball towards the basket. The ball is likely just above his hand, near the basket. The basket is located around B5 and B6, so the ball is most likely between the player's hand and the basket.",C6
44.png,36,"The player in the blue jersey in cell F6 is reaching up with his right hand, looking upwards, and appears to be in the act of shooting or about to catch the ball. The ball is likely near his hand or just above it, close to the basket. Since the ball is not visible, it is most likely in the space just above his hand, near the basket rim.",B6
44.png,37,"The player in the blue jersey in cell F6 is reaching up with his right hand in a position that suggests he is about to shoot or lay up the ball. The ball is likely just above or near his hand, close to the basket. Since the basket is located around B5 and B6, the ball is most likely in the space between the player's hand and the basket.",E6
44.png,38,"The player in the blue jersey in cell F6 is reaching up with his right hand, looking upwards, and appears to be in the act of shooting or about to release the ball. The ball is likely just above his hand, near the basket. The basket is located around B5 and B6, so the ball is probably between the player's hand and the basket, slightly above the rim.",C6
44.png,39,"The player in the blue jersey in cell F6 is reaching up with his right hand, looking towards the basket, and appears to be in the act of shooting or laying the ball up. The ball is likely just above or near his hand, close to the basket. Since the ball is not visible, it is most likely in the space just above his hand and near the hoop.",E6
44.png,40,"The player in the blue jersey in cell F6 is reaching up with his right hand, looking upwards, and appears to be in the act of shooting or attempting a layup. The ball is most likely just above his hand, near the basket. The basket is located around B5 and B6, so the ball should be close to that area, slightly above the player's hand.",B6
44.png,41,"The player in the blue jersey in cell F6 is reaching up with his right hand, looking upwards, and his hand is positioned as if he is about to catch or shoot the ball. The ball is likely just above or near his hand, close to the basket. Given the trajectory and the player's focus, the ball is most likely in the space above his hand and below the basket.",E6
44.png,42,"The player in the blue jersey in cell F6 is reaching up with his right hand, looking upwards, and his hand is positioned as if he is about to catch or shoot the ball. The ball is likely just above or near his hand, close to the basket. Given the trajectory and the player's focus, the ball is most likely near the basket in the area just above the rim.",B6
44.png,43,"The player in the blue jersey in cell F6 is reaching up with his right hand, looking upwards, and appears to be in the act of shooting or laying the ball towards the basket. The ball is likely just above his hand, near the basket. The basket is located in cells B5 and B6, so the ball is most likely in the space between the player's hand and the basket.",C6
44.png,44,"The player in the blue jersey in cell F6 is reaching up with his right hand, looking upwards, and appears to be in the act of shooting or laying the ball towards the basket. The ball is likely just above his hand, near the basket. The basket is located in cells B5 and B6, so the ball is most likely in the space between the player's hand and the basket.",C6
44.png,45,"The player in the blue jersey in cell F6 is reaching up with his right hand, looking upwards, and appears to be in the act of shooting or laying the ball towards the basket. The ball is likely just above his hand, near the basket. The basket is located around B5 and B6, so the ball is most likely between the player's hand and the basket.",C6
44.png,46,"The player in the blue jersey in cell F6 is reaching up with his right hand, looking upwards, and appears to be in the act of shooting or about to release the ball. The ball is likely just above his hand, near the basket. The basket is located in cells B5 and B6, so the ball is most likely in the space between the player's hand and the basket.",C6
44.png,47,"The player in the blue jersey in cell F6 is reaching up with his right hand, looking upwards, and his hand is positioned as if he is about to shoot or lay up the ball. The ball is likely just above or near his hand, close to the basket. The most probable location of the ball is near the basket in the grid cell B6, where the hoop is located and where the player is aiming.",B6
44.png,48,"The player in the blue jersey in cell F6 is reaching up with his right hand, looking upwards, and appears to be in the act of shooting or about to catch the ball. The ball is likely near his hand, just above it, as he is focused on it. The ball would be close to the basket, which is located in cells B5 and B6. Given the player's hand position and gaze, the ball is most likely just above his hand in the same column.",E6
44.png,49,"The player in the blue jersey in cell F6 is reaching up with his right hand, looking upwards, and his hand is positioned as if he is about to catch or shoot the ball. The ball is likely just above or near his hand, close to the basket. Since the ball is not visible, it is most likely in the space just above his hand, near the basket rim.",B6
44.png,50,"The player in the blue jersey in cell F6 is reaching up with his right hand in a position that suggests he is about to shoot or lay up the ball. The ball is likely just above his hand, near the basket. The basket is located in cells B5 and B6, so the ball is most likely in the space between the player's hand and the basket.",C6
2.png,1,"The player in white in cell D4 is jumping with his right arm extended upward, which is a typical motion for shooting or passing the ball. The other players in red are looking towards the same area, indicating the ball is likely near the player's hand. The ball is most likely just above or near the player's outstretched hand.",C4
2.png,2,"The player in white (center-left) is in a shooting motion with his hands raised and eyes focused upwards, indicating he has just released or is about to release the ball. The ball is likely above his hands, in the air, heading towards the basket. The basket is located in the upper right part of the image, so the ball is probably in the air between the player and the basket.",C6
2.png,3,"The player in white (center-left) is in a jumping motion with his right arm extended upward, as if he is about to shoot or pass the ball. The other players in red are looking towards the same area above the player's hand. This suggests the ball is likely just above or near the player's outstretched hand.",C4
2.png,4,"The player in white in cell D4 is reaching out with both hands and looking upwards, which suggests he is about to catch or is in the process of catching the ball. The other players in red are also focused on the same area, indicating the ball is likely near the hands of the player in white. Given the positioning and body language, the ball is most likely just above or near the hands of the player in white.",D4
2.png,5,"The player in white in cell D4 is reaching up with both hands, which is a typical motion for holding or attempting to catch a basketball. The other players in red are looking towards this player, indicating that the ball is likely near him. Given the positioning and body language, the ball is most likely just above or near the hands of the player in white.",C4
2.png,6,"The player in white in cell D4 is in a jumping motion with his hands positioned as if he is about to shoot or pass the ball. The other players in red are looking towards this area, indicating the ball is likely near the hands of the player in white. The ball is most likely just above or near his hands.",C4
2.png,7,"The player in white in cell D4 is in a jumping motion with his right arm extended upward, which is a typical posture for shooting or passing the ball. The other players in red are looking towards the same area, indicating the ball is likely near the player's hand. Therefore, the ball is most likely located just above or near the player's extended hand in cell C4.",C4
2.png,8,"The player in white in cell D4 is in a jumping motion with his hands extended upwards, suggesting he is about to shoot or pass the ball. The other players in red are looking towards his hands, indicating the ball is likely near him. The ball is most likely just above or near his hands in the air.",C4
2.png,9,"The player in white in cell D4 is in a jumping motion with his right arm extended upward, which is a typical position for holding or shooting a basketball. The other players in red are looking towards this player, indicating that the ball is likely in his possession or very close to him. Given the arm position and the focus of the players, the ball is most likely just above or near his right hand.",C4
2.png,10,"The player in white in cell D4 is in a shooting or passing motion with his hands extended forward and looking upward, which suggests he is holding or about to release the ball. The other players in red are focused on him, indicating the ball is likely near him. The ball is most likely just above or near his hands.",C4
2.png,11,"The player in white in cell D4 is in a jumping motion with his right arm extended upward, which is a typical posture for shooting or passing a basketball. The other players in red are looking towards the same area, indicating the ball is likely near the player's hand. The ball is most likely just above or near the player's outstretched hand.",C4
2.png,12,"The player in white in cell D4 is reaching up with both hands, indicating he is likely attempting to catch or shoot the ball. The player in red in cell D5 is also looking upwards and appears to be defending or contesting the ball. Given the positioning and body language of these players, the ball is most likely located just above or near the hands of the player in white. This places the ball in the area between cells C4 and D4.",C4
2.png,13,"The player in white in cell D4 is jumping with his right arm extended upwards, which is a typical motion for shooting or passing the ball. The other players in red are looking towards the same area, indicating the ball is likely near the player's hand. The ball is most likely just above or near the player's outstretched hand in the air.",C4
2.png,14,"The player in white in cell D4 is jumping and has his hands positioned as if he is about to catch or shoot the ball. The player in red in cell D5 is also looking upwards and reaching out, indicating the ball is likely between them. Given the players' focus and hand positions, the ball is most likely in the air near their hands.",D4
2.png,15,"The player in white in cell D4 is reaching up with both hands, which is a typical motion for holding or attempting to catch a basketball. The other players in red are looking towards this player, indicating the ball is likely near him. Given the player's hand position and the focus of attention, the ball is most likely just above or near his hands in the same cell.",D4
2.png,16,"The player in white in cell D4 is in a jumping motion with his right arm extended upward, which is a typical position for holding or shooting a basketball. The other players in red are looking towards his hand, indicating the ball is likely there. The ball is most likely just above or near his right hand.",C4
2.png,17,"The player in white in cell D4 is reaching up with both hands, indicating he is likely holding or about to catch the ball. The other players in red are looking towards him, suggesting the ball is in his possession or very close to him. The ball is most likely just above or near his hands.",C4
2.png,18,"The player in white in cell D4 is in a jumping motion with his hands extended upwards, suggesting he is either about to catch or shoot the ball. The other players in red around him are looking towards his hands, indicating the ball is likely near his hands. Given the typical basketball play and the positioning of the players, the ball is most likely just above or near the hands of the player in white.",C4
2.png,19,"The player in white in cell D4 is reaching up with both hands, indicating he is likely holding or about to catch the ball. The other players in red are looking towards him, suggesting the ball is in his possession or very close to him. The ball is most likely just above or near his hands.",C4
2.png,20,"The player in white in cell D4 is reaching out with his right hand and looking upwards, which suggests he is about to catch or shoot the ball. The player in red in cell D5 is also looking in the same direction, indicating the ball is likely in the air near these players. Given the positioning and body language, the ball is most likely just above or near the hand of the player in white.",C4
2.png,21,"The player in white in cell D4 is reaching up with both hands, indicating he is likely holding or about to catch the basketball. The other players in red are looking towards him, suggesting the ball is in his possession or very close to him. The ball is most likely just above or near his hands.",C4
2.png,22,"The player in white in cell D4 is in a jumping motion with his hands extended upwards, suggesting he is about to catch or shoot the ball. The player in red in cell D5 is also reaching out towards the same area, indicating the ball is likely between them at about head or chest height. The ball is most likely in the space between these two players, slightly above their hands.",D4
2.png,23,"The player in white in cell D4 is reaching out with both hands and looking upwards, which suggests he is about to catch or is in the process of catching the ball. The other players in red are also focused on the same area, indicating the ball is likely near the hands of the player in white. Given the positioning and body language, the ball is most likely just above or near the hands of the player in white.",D4
2.png,24,"The player in white in cell D4 is in a jumping position with his right hand extended upwards, which is a typical motion for shooting or passing the ball. The other players in red are looking towards his hand, indicating the ball is likely near his hand. The ball is most likely just above or near his right hand.",C4
2.png,25,"The player in white in cell D4 is jumping with his right arm extended upward, which is a typical motion for shooting or passing the ball. The other players in red are looking towards the same area, indicating the ball is likely near the player's hand. The ball is most likely just above or near the player's outstretched hand.",C4
2.png,26,"The player in white in cell D4 is reaching up with both hands, looking upwards, and appears to be in the act of shooting or passing the ball. The other players in red are looking towards the same area, indicating the ball is likely above or near the hands of the player in white. Given the positioning and body language, the ball is most likely just above or near the hands of the player in white in cell D4.",C4
2.png,27,"The player in white in cell D4 is in a jumping motion with his hands extended upwards, suggesting he is about to catch or shoot the ball. The player in red in cell D5 is also reaching upwards, indicating the ball is likely between them. The ball is most likely in the air near their hands, slightly above their heads.",C4
2.png,28,"The player in white in cell D4 is reaching up with both hands, indicating he is likely attempting to catch or shoot the ball. The player in red in cell D5 is also looking upwards and appears to be defending or contesting the ball. Given the players' focus and hand positions, the ball is most likely just above or near the hands of the player in white. This places the ball in the area around D4 or C4.",C4
2.png,29,"The player in white (center-left) is in a jumping motion with his right arm extended upward, which is a typical posture for shooting or passing the ball. The other players in red are looking towards the same area, indicating the ball is likely near the player's hand. The ball is most likely just above or near the player's right hand, which is around the middle of the image and slightly above the player's head.",C4
2.png,30,"The player in white in cell D4 is reaching up with both hands, which is a typical motion for catching or holding a basketball. The other players in red are looking towards this player, indicating that the ball is likely in his possession or very close to him. The ball is most likely just above or near his hands.",C4
2.png,31,"The player in white in cell D4 is reaching up with both hands, indicating he is likely attempting to catch or shoot the ball. The player in red in cell D5 is also looking up and appears to be defending or contesting the ball. Given the players' focus and hand positions, the ball is most likely just above or near the hands of the player in white.",C4
2.png,32,"The player in white in cell D4 is reaching upwards with both hands, indicating he is likely attempting to catch or shoot the ball. The player in red in cell D5 is also looking upwards and appears to be defending or contesting the ball. Given the players' focus and hand positions, the ball is most likely just above or near the hands of the player in white.",C4
2.png,33,"The player in white in cell D4 is in a jumping motion with his hands extended upwards, as if he is about to catch or shoot the ball. The player in red in cell D5 is also reaching out towards the same area, indicating the ball is likely between them. Given the typical basketball play and the players' focus, the ball is most likely located just above or near their hands.",C4
2.png,34,"The player in white (center-left) is in a motion that suggests he is about to shoot or pass the ball. His hands are positioned in front of him at about chest height, and his eyes are focused forward. The player in red directly in front of him is also looking at the same spot, indicating the ball is likely in the air or just released from the white player's hands. Given the positioning and the players' focus, the ball is most likely just above or near the white player's hands.",D4
2.png,35,"The player in white in cell D4 is jumping with his right arm extended upwards, which is a typical motion for shooting or passing the basketball. The players in red around him are looking up and reaching towards the same area, indicating the ball is likely above or near his hand. Given the positioning and body language, the ball is most likely just above or near the player's right hand in the grid cell D4.",D4
2.png,36,"The player in white in cell D4 is reaching up with both hands, indicating he is likely attempting to catch or shoot the ball. The other players in red are looking towards the same area, suggesting the ball is near the hands of the player in white. The ball is most likely just above or near his hands.",C4
2.png,37,"The player in white in cell D4 is in a jumping motion with his right arm extended upward, which is a typical posture for shooting or passing the ball. The other players in red are looking towards the same area, indicating the ball is likely near the player's hand. The ball is most likely just above or near the player's outstretched hand.",C4
2.png,38,"The player in white in cell D4 is reaching up with both hands, which is a typical motion for holding or attempting to catch a basketball. The other players in red around him are looking towards his hands, indicating the ball is likely in his possession or very close to him. Given the positioning and body language, the ball is most likely just above or near his hands.",C4
2.png,39,"The player in white (center-left) is in a motion that suggests he is about to shoot or pass the ball. His hands are positioned in front of him at about chest height, and his eyes are focused forward. The player in red directly in front of him is also looking at the same spot, indicating the ball is likely in the air or just released from the white player's hands. The most likely location of the ball is just above the white player's hands, around the center of the image.",D4
2.png,40,"The player in white in cell D4 is in a jumping motion with his hands raised, suggesting he is about to shoot or pass the ball. The players in red around him are looking up and reaching towards the same area. This indicates the ball is likely above or near the hands of the player in white. The most probable location is just above his hands in the grid cell D4 or possibly C4.",D4
2.png,41,"The player in white in cell D4 is in a jumping motion with his right arm extended upward, which is a typical posture for shooting or passing the ball. The other players in red are looking towards the same area, indicating the ball is likely near the player's hand. Therefore, the ball is most likely located just above or near the player's right hand in the grid cell D4.",D4
2.png,42,"The player in white (center-left) is in a jumping motion with his right arm extended upward, which is a typical posture for shooting or passing the ball. The other players in red are looking towards the same area above the player's hand, indicating the ball is likely in the air near his hand. The ball is most likely just above or near the player's right hand.",C4
2.png,43,"The player in white in cell D4 is jumping with his arm extended upwards, which is a typical motion for shooting or passing the ball. The other players in red are looking towards the same area, indicating the ball is likely near the player's hand. The ball is most likely just above or near the player's hand in the air.",C4
2.png,44,"The player in white (center-left) is in a jumping motion with his right arm extended upward, which is a typical posture for shooting or passing the ball. The other players in red are looking towards the same area above the player's hand, indicating the ball is likely in the air near his hand. The ball is most likely just above or near the player's right hand.",C4
2.png,45,"The player in white (center-left) is in a motion that suggests he is about to shoot or pass the ball. His hands are positioned in front of him at about chest height, and his eyes are focused forward. The player in red directly in front of him is also looking at the same spot, indicating the ball is likely in the air or just released from the player's hands. Given the players' body language and positioning, the ball is most likely just above or near the player's hands in the grid cell directly in front of him.",D4
2.png,46,"The player in white (center-left) is in a jumping motion with his right arm extended upward, which is a typical posture for shooting or passing the ball. The other players in red are looking towards the same area above the player's hand, indicating the ball is likely in the air near his hand. The ball is most likely just above or near the player's right hand, which is around the intersection of columns 4 and 5 and rows C and D.",C4
2.png,47,"The player in white in cell D4 is reaching up with both hands, which is a typical motion for holding or attempting to catch a basketball. The other players in red are looking towards this player, indicating the ball is likely near him. Given the player's hand position and the focus of attention, the ball is most likely just above or near his hands.",C4
2.png,48,"The player in white in cell D4 is in a shooting or passing motion with his hands extended forward and looking upward, which suggests he is holding or about to release the ball. The other players in red are focused on him, indicating the ball is likely near him. The ball is most likely just above or near his hands.",C4
2.png,49,"The player in white in cell D4 is reaching up with both hands, which is a typical motion for holding or attempting to catch a basketball. The other players in red are looking towards this player, indicating the ball is likely near him. The ball is most likely just above or near his hands.",C4
2.png,50,"The player in white in cell D4 is in a jumping motion with his hands positioned as if he is about to shoot or pass the ball. The other players in red are looking towards this area, indicating the ball is likely near the hands of the player in white. The ball is most likely just above or near his hands.",C4
50.png,1,"The player in the white jersey (number 3) in cell F6 is in a position that suggests he is holding or about to catch the ball. His hands are extended forward, and the players in blue around him appear to be reacting to his movement, indicating the ball is likely near him. The ball is most likely in front of or just above his hands.",F6
50.png,2,"The player in the white jersey (number 3) appears to be in a position to pass or dribble the ball, and his hands are positioned as if he is holding or about to release the ball. The ball is likely near his hands, which are around the middle right side of the image. The player in the blue jersey on the right is also looking towards this area, indicating the ball is likely there.",E7
50.png,3,"The player in the white jersey (number 3) appears to be in a position to either pass or shoot the ball, and his hands are positioned as if he is holding or about to release the ball. The other players in blue are focused on him, indicating he is the one with the ball. The most likely location of the ball is near his hands, which are around the middle of the image horizontally and slightly above the center vertically.",D6
50.png,4,"The player in the white jersey (number 3) in cell F6 is in a position that suggests he is holding or about to catch the ball. His hands are positioned in front of him as if cradling or preparing to receive the ball. The other players are looking towards him, indicating he is the focal point of the play. Therefore, the ball is most likely located near his hands.",F6
50.png,5,"The player in the white jersey (number 3) in cell F6 is in a position that suggests he is holding or about to catch the ball. His hands are positioned in front of him as if cradling or preparing to receive the ball. The other players around him are looking towards this area, indicating the ball is likely near him.",F6
50.png,6,"The player in the white jersey (number 3) appears to be in a position to pass or dribble the ball, and his hands are positioned as if he is holding or about to release the ball. The other players are focused on him, indicating he is the ball handler. The most likely location of the ball is near his hands.",F6
50.png,7,"The player in the white jersey (number 3) appears to be in a position to pass or dribble the ball, and his hands are positioned as if he is holding or about to release the ball. The ball is likely near his hands, which are around the middle of the image horizontally and slightly above the center vertically.",E6
50.png,8,"The player in the white jersey (number 3) in cell F6 is in a position that suggests he is holding or about to pass the ball. His hands are positioned as if cradling or controlling the ball, and the other players are focused on him, indicating he is the ball handler. The ball is likely just in front of or in his hands.",F6
50.png,9,"The player in the white jersey (number 3) appears to be in a position to pass or dribble the ball, and his hands are positioned as if he is holding or about to release the ball. The ball is likely near his hands, which are around the middle of the image horizontally and slightly above the center vertically. This places the ball near the player's chest or hands, which corresponds to the grid cell around the intersection of column 6 and row D.",D6
50.png,10,"The player in the white jersey (number 3) appears to be in a position to either pass or dribble the ball. His hands are positioned as if he is holding or about to control the ball. The other players in blue are focused on him, suggesting he has possession. The most likely location of the ball is near his hands, which are around the middle of the image horizontally and slightly below the center vertically.",E6
50.png,11,"The player in the white jersey (number 3) in cell F6 is in a position that suggests he is holding or about to pass the ball. His hands are positioned as if cradling or controlling the ball, and the other players are focused on him, indicating he is the ball handler. The ball is likely just in front of or in his hands.",F6
50.png,12,"The player in the white jersey (number 3) appears to be in a position to pass or dribble the ball, and his hands are positioned as if he is holding or about to release the ball. The ball is likely near his hands, which are around the middle of the image horizontally and slightly above the center vertically.",E6
50.png,13,"The player in the white jersey (number 3) appears to be in a position to either pass or shoot the ball, and his hands are positioned as if he is holding or about to release the ball. The other players in blue are focused on him, suggesting he has possession. The ball is likely near his hands.",F6
50.png,14,"The player in the white jersey (number 3) appears to be in a position to pass or dribble the ball, and his hands are positioned as if he is holding or about to release the ball. The other players are focused on him, indicating he is the ball handler. The most likely location of the ball is near his hands.",F6
50.png,15,"The player in the white jersey (number 3) appears to be in a position to either pass or shoot the ball, and his hands are positioned as if he is holding or about to release the ball. The other players in blue are focused on him, suggesting he has possession. The ball is likely near his hands.",F6
50.png,16,"The player in the white jersey (number 3) is holding his hands in a position that suggests he is about to pass or dribble the ball. The ball is likely near his hands. The player's hands are located around the intersection of column 6 and row D/E. Given the ball is usually held slightly in front of the player, the most likely location is just in front of his hands.",E6
50.png,17,"The player in the white jersey (number 3) appears to be in a position to either pass or shoot the ball, and his hands are positioned as if he is holding or about to release the ball. The other players are looking towards him, indicating that the ball is likely near him. The most probable location of the ball is near his hands, which are around the middle of the image horizontally and slightly above the center vertically.",F6
50.png,18,"The player in the white jersey (number 3) in cell F6 is in a position that suggests he is about to catch or dribble the ball. His hands are extended forward and his body posture indicates he is focused on something in front of him. The player in the blue jersey in cell D4 appears to be reaching out, possibly trying to intercept or block the ball. Given these observations, the ball is most likely near the hands of the player in white, around the area where these two players' actions are focused.",F6
50.png,19,"The player in the white jersey (number 3) is holding his hands in a position that suggests he is about to pass or dribble the ball. The ball is likely near his hands. The player's hands are located around the intersection of row D and columns 5 and 6. Given the positioning and the players' focus, the ball is most likely in front of the player in white, near his hands.",D6
50.png,20,"The player in the white jersey (number 3) appears to be in a position to pass or dribble the ball, and his hands are positioned as if he is holding or about to release the ball. The ball is likely near his hands, which are around the middle of the image horizontally and slightly above the center vertically. This places the ball near the intersection of columns 5 and 6 and rows C and D.",D5
50.png,21,"The player in the white jersey (number 3) appears to be in a position to pass or dribble the ball, and his hands are positioned as if he is holding or about to release the ball. The ball is likely near his hands, which are around the middle of the image horizontally and slightly above the center vertically. This places the ball near the player's chest or hands, in front of him.",E6
50.png,22,"The player in the white jersey (number 3) in cell E6 appears to be in a position to either pass or shoot the ball. The player in the blue jersey in cell D4 is reaching out with both hands towards the player in white, suggesting he is trying to steal or block the ball. Given the defensive posture and the offensive player's hand position, the ball is most likely in the hands of the player in white, around the area of his chest or hands.",E6
50.png,23,"The player in the white jersey (number 3) appears to be in a position to either pass or shoot the ball, and his hands are positioned as if he is holding or about to release the ball. The other players in blue are focused on him, suggesting the ball is near him. The most likely location of the ball is near his hands, which are around the middle of the image horizontally and slightly above the center vertically.",E6
50.png,24,"The player in the white jersey (number 3) is holding his hands in a position that suggests he is dribbling or about to pass the ball. The ball is likely near his hands. The player's hands are located around the intersection of column 6 and row D/E. Given the motion and positioning, the ball is most likely in front of him, around the middle of the court.",E6
50.png,25,"The player in the white jersey (number 3) appears to be in a position to pass or dribble the ball, and his hands are positioned as if he is holding or about to release the ball. The other players are focused on him, indicating the ball is likely with him. The most probable location of the ball is near his hands, which are around the middle of the image horizontally and slightly above the center vertically.",F6
50.png,26,"The player in the white jersey (number 3) in cell F6 is in a position that suggests he is holding or about to pass the ball. His hands are positioned as if cradling or controlling the ball, and the other players are focused on him, indicating he is the ball handler. The ball is likely just in front of or in his hands.",F6
50.png,27,"The player in the white jersey (number 3) in cell F6 is in a position that suggests he is holding or about to catch the ball. His hands are positioned in front of him as if cradling or preparing to receive the ball. The other players around him are either reaching towards him or looking at the same spot, indicating the ball is likely near his hands.",F6
50.png,28,"The player in the white jersey (number 3) in cell F6 is in a position that suggests he is holding or about to catch the ball. His hands are extended forward and his body posture indicates he is focused on controlling the ball. The other players around him are either reaching towards him or looking at the same spot, indicating the ball is likely near his hands.",F6
50.png,29,"The player in the white jersey (number 3) is holding his hands in a position that suggests he is about to catch or has just released the ball. The player in the blue jersey closest to him (in cell D4) is reaching out towards the ball, indicating the ball is near the white jersey player. Given the positioning and the players' focus, the ball is most likely in front of the white jersey player, around waist to chest height.",D5
50.png,30,"The player in the white jersey (number 3) appears to be in a position to pass or dribble the ball, and his hands are positioned as if he is holding or about to release the ball. The ball is likely near his hands, which are around the middle of the image horizontally and slightly above the center vertically. This places the ball near the player's chest or hands, which is around the grid cell F5.",F5
50.png,31,"The player in the white jersey (number 3) in cell F6 is in a position that suggests he is about to catch or dribble the ball. His hands are extended forward and his body posture indicates he is focused on something in front of him. The player in the blue jersey in cell D4 appears to be reaching out, possibly trying to intercept or block the ball. Given these observations, the ball is most likely located near the hands of the player in white, around the area where these two players' actions are focused.",F6
50.png,32,"The player in the white jersey (number 3) appears to be in a position to either pass or dribble the ball, and his hands are positioned as if he is holding or about to release the ball. The other players in blue are focused on him, suggesting he has possession. The most likely location of the ball is near his hands.",F6
50.png,33,"The player in the white jersey (number 3) appears to be in a position to pass or dribble the ball, and his hands are positioned as if he is holding or about to release the ball. The other players are focused on him, indicating the ball is likely with him. The most probable location of the ball is near his hands, which are around the middle of the image horizontally and slightly above the center vertically.",E6
50.png,34,"The player in the white jersey (number 3) in cell F6 is in a position that suggests he is holding or about to catch the ball. His hands are positioned in front of him as if cradling or preparing to receive the ball. The other players are looking towards him, indicating that the ball is likely with or near this player.",F6
50.png,35,"The player in the white jersey (number 3) is holding his hands in a position that suggests he is dribbling or passing the ball. The ball is likely near his hands, which are positioned around the middle of the image. The most probable location is just in front of him, around the area where his hands are extended.",E6
50.png,36,"The player in the white jersey (number 3) is holding his hands in a position that suggests he is dribbling or passing the ball. The ball is likely near his hands, which are positioned around the middle of the image. The most probable location of the ball is just in front of this player, near his waist or hands.",F6
50.png,37,"The player in the white jersey (number 3) is holding his hands in a position that suggests he is about to catch or already has the ball. The ball is likely near his hands, which are positioned around the middle of the image, slightly to the right. The other players are focused on him, indicating he is the one with the ball.",E6
50.png,38,"The player in the white jersey (number 3) appears to be in a position to pass or dribble the ball, with his hands extended forward and his body oriented towards the right side of the image. The player in the blue jersey closest to him (in cell F7) is also looking towards the same area, suggesting the ball is near the white jersey player's hands. Given the typical basketball play and the players' focus, the ball is most likely just in front of the white jersey player's hands.",F6
50.png,39,"The player in the white jersey (number 3) appears to be in a position to pass or dribble the ball, with his hands extended forward and his body oriented towards the right side of the image. The player in the blue jersey closest to him (in cell F8) is also looking towards the same area, suggesting the ball is likely near the white jersey player's hands. Given the typical basketball play and the positioning of the players, the ball is most likely just in front of the white jersey player's hands.",F6
50.png,40,"The player in the white jersey (number 3) in cell F6 is in a position that suggests he is holding or about to pass the ball. His hands are positioned as if cradling or controlling the ball, and the players in blue around him appear to be reacting defensively. The ball is most likely near his hands.",F6
50.png,41,"The player in the white jersey (number 3) in cell F6 is in a position that suggests he is holding or about to pass the ball. His hands are positioned as if cradling or controlling something, and the other players are focused on him, indicating he is the ball handler. The ball is likely near his hands.",F6
50.png,42,"The player in the white jersey (number 3) appears to be in a position to either pass or shoot the ball. His hands are positioned as if he is holding or about to release the ball. The player in the blue jersey closest to him (in D4) is reaching out, likely trying to block or steal the ball. Given the positioning and body language, the ball is most likely near the hands of the player in white.",D5
50.png,43,"The player in the white jersey (number 3) appears to be in a position to either pass or dribble the ball, and his hands are positioned as if he is holding or about to release the ball. The other players in blue are focused on him, suggesting he has possession. The most likely location of the ball is near his hands, which are around the middle of the image horizontally and slightly above the center vertically.",E6
50.png,44,"The player in the white jersey (number 3) appears to be in a position to pass or dribble the ball, and his hands are positioned as if he is holding or about to release the ball. The other players are focused on him, indicating he is the ball handler. The most likely location of the ball is near his hands.",F6
50.png,45,"The player in the white jersey (number 3) appears to be in a position to pass or shoot, with his hands extended forward. The player in the blue jersey closest to him (in cell E4) is reaching out, likely trying to intercept or block the ball. Given the positioning and body language, the ball is most likely in front of the player in white, around the area where his hands are extended.",D5
50.png,46,"The player in the white jersey (number 3) appears to be in a position to pass or dribble the ball, and his hands are positioned as if he is holding or about to release the ball. The ball is likely near his hands, which are around the middle right side of the image. The most probable location is just in front of him, where the ball would be visible if it were present.",F6
50.png,47,"The player in the white jersey (number 3) in cell F6 is holding his hands in a position that suggests he is about to catch or has just released the ball. The player in the blue jersey in cell D4 is reaching out with his right hand, likely trying to intercept or block the ball. Given the positioning and body language of the players, the ball is most likely near the hands of the player in white, around F6.",F6
50.png,48,"The player in the white jersey (number 3) in cell F6 is holding his hands in a position that suggests he is about to catch or has just released the ball. The player in the blue jersey in cell D4 is reaching out with his right hand, likely trying to intercept or block the ball. Given the positioning and body language of the players, the ball is most likely near the hands of the player in white, around the center of the image.",F6
50.png,49,"The player in the white jersey (number 3) appears to be in a position to either pass or shoot the ball, and his hands are positioned as if he is holding or about to release the ball. The ball is likely near his hands, which are around the middle of the image horizontally and slightly above the center vertically. This corresponds to the area where the player's hands are located.",E6
50.png,50,"The player in the white jersey (number 3) in cell F6 is in a position that suggests he is holding or about to pass the ball. His hands are positioned as if cradling or controlling the ball, and the other players are focused on him, indicating he is the ball handler. The ball is likely just in front of or in his hands.",F6
3.png,1,"The player in white near the center of the image (around E5) is in a shooting posture with his arm extended upwards, suggesting he has just released or is about to release the ball. The ball is likely near the basket, which is located in the upper middle part of the image. Given the trajectory and typical basketball play, the ball is most likely just above or near the rim of the hoop.",B5
3.png,2,"The player in white near the center of the image (around E5) is in a shooting or passing motion with his hands raised and eyes focused upwards. The other players are also looking towards the same area above the hoop. This suggests the ball is likely in the air near the basket, possibly on its way to the hoop for a shot or rebound.",C6
3.png,3,"The player in white near the center of the image (around E5) is in a shooting posture, with his arm extended upwards as if he has just released the ball. The ball is likely in the air, close to the basket, which is located in the upper middle part of the image. The most probable location of the ball is near the hoop, slightly above the rim, in the grid cell where the basket is positioned.",B6
3.png,4,"The player in white near the center of the image (around E5) is reaching upwards with both hands, indicating he is likely attempting to catch or shoot the ball. The player in red near him (around D6) is also looking upwards and appears to be defending. The ball is most likely above the hands of the player in white, near the basket. The basket is located in the upper center of the image, around B5. Therefore, the ball is most likely in the air near the basket.",B5
3.png,5,"The player in white in cell E5 is in a shooting motion with his arm extended upward, and the player in red in cell D6 is looking up towards the basket. The ball is likely near the basket, possibly just above or near the rim, as the shot is being attempted. The most probable location for the ball is just above the hoop in the grid cell where the basket is located.",C6
3.png,6,"The player in the white jersey (number 22) in cell E5 is in a shooting posture with his hands raised and eyes focused upwards, indicating he has just released or is about to release the ball. The ball is likely near the basket, which is located in the upper center of the image. The ball is most likely in the air above the hoop, around the area where the player's gaze is directed.",B6
3.png,7,"The player in the white jersey near the center of the image (around E5) is in a shooting or passing stance with his hands raised, looking upwards. The player in the red jersey (D6) is also looking up and appears to be preparing to contest or catch the ball. The ball is likely in the air above these players, near the basketball hoop. Given the players' focus and positioning, the ball is most likely just above the rim or slightly in front of it.",C6
3.png,8,"The player in the white jersey near the center of the image (in cell E5) is in a shooting posture with his arm extended upwards, indicating he has just released or is about to release the ball. The ball is likely in the air above him, heading towards the basket. The basket is located in the upper center of the image, around cells B5 and B6. Given the trajectory and the player's position, the ball is most likely in the air between the player and the basket.",C5
3.png,9,"The player in white near the center of the image (around E5) is in a shooting motion, with his arm extended upwards and eyes focused above. This suggests he has just released or is about to release the ball. The ball is likely in the air, close to the basket. The basket is located in the upper middle part of the image, around B5. The ball is most likely near the hoop, possibly just above or slightly in front of it.",B5
3.png,10,"The player in white near the center of the image (around E5) is in a shooting posture, with his arm extended upwards as if he has just released the ball. The ball is likely in the air, close to the basket, which is located in the upper middle part of the image. The ball would be near the hoop, slightly above or in front of the backboard.",B6
3.png,11,"The player in white in cell E5 is in a shooting posture, with his arm extended upwards and eyes focused above. The ball is likely in the air near his hand or just released. The most probable location of the ball is just above his hand, near the basket, which is in the grid cells around D5 and C5.",D5
3.png,12,"The player in white near the center of the image (in cell E5) is looking upwards and appears to be in a position to either catch or shoot the ball. The player in red (cell D6) is also looking upwards and seems to be defending or contesting the ball. The ball is likely near the basket, above the players' heads, as the action is focused around the hoop. The most probable location of the ball is just above the rim, which corresponds to the area in cell C6.",C6
3.png,13,"The player in white in cell E5 is in a shooting posture, with his arm extended upwards as if he has just released the ball. The ball is likely near the basket, as the players in red are looking upwards and preparing to rebound or defend. The most probable location of the ball is just above the rim, near the basket.",C6
3.png,14,"The player in the white jersey (number 22) in cell E5 is in a shooting posture with his hands raised and eyes focused upwards, indicating he has just released or is about to release the ball. The ball is likely near the basket, which is located in the upper center of the image. The ball is most likely in the air above the player in white, near the hoop, as the other players are looking upwards towards that area.",B6
3.png,15,"The player in white near the center of the image (in cell E5) is looking upwards and appears to be in the act of shooting or passing the ball. The player in red closest to the basket (in cell D6) is also looking upwards, likely tracking the ball. The ball is most likely near the basket, above the rim, as the players' focus and body language suggest the ball is in the air close to the hoop.",C6
3.png,16,"The player in white near the center of the image (in cell E5) is in a shooting posture, with his arm extended upward as if he has just released the ball. The ball is likely near the basket, possibly on its way to the hoop or just above it. The most probable location for the ball is near the basket, which is in the grid cells around B5 and C5.",B5
3.png,17,"The player in white near the center of the image (around E5) is in a shooting or passing motion with his hands raised and eyes focused upwards. The other players are also looking towards the area above the hoop, indicating the ball is likely in the air near the basket. The ball is most likely just above the rim or slightly to the right of the hoop, where the player is aiming.",C6
3.png,18,"The player in white near the center of the image (around E5) is in a shooting posture, with his arm extended upwards and eyes focused above. This suggests he has just released or is about to release the ball. The ball is likely in the air, close to the basket. The basket is located in the upper middle part of the image, around B5. Given the trajectory of a typical basketball shot, the ball is most likely just below or near the rim, in the area where the player is aiming.",C5
3.png,19,"The player in white near the center of the image (around E5) is looking upwards and has his hands positioned as if he is about to catch or has just released the ball. The player in red near the basket (around D6) is also looking upwards and appears to be preparing to jump or catch the ball. Given the typical basketball play and the players' focus, the ball is most likely near the basket, just above or near the hoop.",C6
3.png,20,"The player in white near the center of the image (around E5) is in a shooting posture, with his arm extended upwards as if he has just released the ball. The ball is likely in the air, heading towards the basket. The basket is located in the upper middle part of the image, around B5. Given the trajectory and the player's position, the ball is most likely just above or near the hoop.",B5
3.png,21,"The player in white near the center of the image (around E5) is in a shooting or passing stance, looking upwards and extending his arm. The ball is likely in the air, close to the basket, as the players in red are looking up and preparing to defend or rebound. The ball is most likely near the hoop, just above the rim.",C6
3.png,22,"The player in white near the center of the image (in cell E5) is in a shooting or passing motion with his hands raised and eyes focused upwards. The ball is likely above or near his hands, close to the basket. The basket is located in the upper middle part of the image, around cells B5 and C5. Given the player's position and posture, the ball is most likely just above his hands, near the basket.",C5
3.png,23,"The player in white near the center of the image (around E5) is in a shooting or passing stance with his hands raised, and the player in red (D6) is looking up and reaching out, indicating the ball is likely in the air between them. The ball is most likely near the basket, above the players' heads, around the hoop area.",C6
3.png,24,"The player in the white jersey near the center of the image (around E5) is in a shooting posture, with his arm extended upwards as if he has just released the ball. The ball is likely in the air, close to the basket, which is located in the upper middle part of the image. The ball would most likely be near the hoop, slightly above or in front of the backboard.",B6
3.png,25,"The player in white near the center of the image (around E5) is in a shooting or passing stance, looking upwards and extending his arm. The ball is likely in the air, close to his hand or just released. The most probable location of the ball is just above his hand, slightly to the right, as he appears to be aiming towards the basket. The basket is located in the upper center of the image, so the ball is likely in the space between the player and the basket.",D6
3.png,26,"The player in white in cell E5 is in a shooting posture with his arm extended upward, indicating he has just released the ball. The ball is likely near the basket, which is located in the upper center of the image around cells B5 and C5. Given the trajectory and typical basketball shot arc, the ball is most likely just above or near the rim.",B5
3.png,27,"The player in the white jersey near the center of the image (in cell E5) is in a shooting posture, with his arm extended upward and eyes focused above. The other players are looking towards the same area, indicating the ball is likely in the air near the basket. The ball is most likely just above the rim, near the hoop, as the player appears to be attempting a shot.",C6
3.png,28,"The player in the white jersey near the center of the image (around E5) is in a shooting or passing motion with his hands raised and eyes focused upwards. The other players are looking towards the same area above the hoop. This suggests the ball is likely in the air near the basket, possibly about to go through the hoop or being contested. The most probable location is just above the rim of the basket.",C6
3.png,29,"The player in white near the center of the image (around E5) is in a shooting or passing motion with his hands raised and eyes focused upwards. The other players are also looking towards the basket area, indicating the ball is likely in the air near the hoop. The ball is most likely just above the rim or slightly to the right of the hoop, as the players' attention is directed there.",C6
3.png,30,"The player in white near the center of the image (around E5) is in a shooting or passing motion with his hands raised and eyes focused upwards. The other players are also looking towards the same area above the hoop. This suggests the ball is likely in the air near the basket, possibly on its way to the hoop or just released by the player. The most probable location is just above the rim of the basketball hoop.",C6
3.png,31,"The player in white near the center of the image (in cell E5) is in a shooting posture, with his arm extended upward and eyes focused above. The ball is likely just above his hand, near the basket. The basket is located in the upper middle part of the image, around cells B5 and B6. Given the player's position and posture, the ball is most likely in the air, close to the basket, around the top center of the image.",B5
3.png,32,"The player in the white jersey (number 22) in cell E5 is in a shooting posture, with his arms extended upwards and eyes focused above. The other players are looking towards the same area, indicating the ball is likely in the air near the basket. The ball is most likely just above the rim, near the hoop, where the player is aiming to score.",C6
3.png,33,"The player in the white jersey near the center of the image (in cell E5) is in a shooting posture, with his arm extended upward and eyes focused above. This suggests he has just released the ball or is about to shoot. The ball is likely in the air, close to the basket, which is located in the upper center of the image. The most probable location of the ball is near the hoop, slightly above the rim, in the grid cell directly above the player's hand.",C6
3.png,34,"The player in white near the center of the image (around E5) is in a shooting posture, with his arm extended upwards and eyes focused above. The ball is likely just above his hand, on its way to the basket. The basket is located in the upper middle part of the image, so the ball would be in the air between the player's hand and the hoop.",D5
3.png,35,"The player in white near the center of the image (around E5) is in a shooting or passing motion with his hands raised and eyes focused upwards. The ball is likely above his hands, near the basket, as the other players are also looking upwards, indicating the ball is in the air close to the hoop.",C5
3.png,36,"The player in white near the center of the image (around E5) is in a shooting or passing stance, looking upwards and holding his hands as if he just released the ball. The ball is likely in the air near the basket, which is located in the upper middle part of the image. The ball would be just above the rim, which is in the grid cell around B5.",B5
3.png,37,"The player in the white jersey near the center of the image (around E5) is in a shooting posture with his hands raised and eyes focused upwards, indicating he has just released or is about to release the ball. The ball is likely near the basket, possibly in mid-air, heading towards the hoop. The most probable location of the ball is just above the rim, which is located in the grid cell directly above the player's line of sight.",C6
3.png,38,"The player in white near the center of the image (in cell E5) is looking upwards and has his hands raised as if preparing to catch or shoot the ball. The player in red in front of him (in cell D6) is also looking upwards and appears to be defending. The ball is likely in the air between these two players, close to the basket. The basket is located in the upper center of the image, around cells B5 and C5. Given the players' focus and positioning, the ball is most likely just below the basket, in the area where the player in white is reaching.",D5
3.png,39,"The player in the white jersey in cell E5 is in a shooting posture, with his hands raised and eyes focused upwards, indicating he has just released or is about to release the ball. The ball is likely near the basket, which is located in the upper center of the image. The most probable location of the ball is just above the rim, near the basket, as the players are looking up and the ball is likely in mid-air heading towards the hoop.",B5
3.png,40,"The player in the white jersey (number 22) in cell E5 is looking upwards and has his hands positioned as if he is about to catch or receive the ball. The player in the red jersey (number 1) in cell D6 is also looking upwards and appears to be preparing to contest or intercept the ball. The ball is likely in the air between these two players, near the basket. The most probable location is just above the rim, where the ball would be in play during a shot or rebound.",C6
3.png,41,"The player in white near the center of the image (in cell E5) is in a shooting posture, with his arm extended upward and eyes focused above. This suggests he has just released or is about to release the ball. The ball is likely near the basket, possibly on its way to the hoop. The most probable location for the ball is just above the rim, which is in the grid cell C6.",C6
3.png,42,"The player in the white jersey (number 22) in cell E5 is in a shooting posture, with his hands raised and eyes focused upwards, indicating he has just released or is about to release the ball. The ball is likely near the basket, which is located in the upper center of the image. The ball is most likely in the air near the hoop, around the area where the players in red jerseys are looking and reaching. This area corresponds to the grid cells around B6 and C6.",B6
3.png,43,"The player in white in cell E5 is looking upwards with his hands raised, indicating he is likely about to catch or shoot the ball. The player in red in cell D6 is also looking upwards and appears to be reaching for the ball. The ball is most likely in the air between these two players, near the basket. The basket is located in cell B6, so the ball is likely just below it, around cells C6 or D6.",D6
3.png,44,"The player in white near the center of the image (around E5) is in a shooting or passing stance, looking upwards towards the basket. The ball is likely in the air, close to the basket, as the players in red are looking up and preparing to defend or rebound. The most probable location of the ball is just above the rim of the basket.",B6
3.png,45,"The player in white in cell E5 is in a shooting posture, with his arm extended upwards as if he has just released the ball. The ball is likely near the basket, as the players in red are looking upwards and preparing to rebound or defend. The most probable location of the ball is just above the rim, near the basket.",C6
3.png,46,"The player in the white jersey in cell E5 is in a shooting posture, with his arm extended upwards and eyes focused above. The ball is likely just above his hand, near the basket. The basket is located in the area around B6 and C6, so the ball is likely in the air between the player and the basket.",D6
3.png,47,"The player in white near the center of the image (around E5) is in a shooting posture, with his arm extended upwards as if he has just released the ball. The ball is likely near the basket, possibly on its way to the hoop or just above it. The basket is located in the grid area around B6, so the ball is most likely in that vicinity.",B6
3.png,48,"The player in the white jersey (number 22) in cell E5 is looking upwards and has his hands positioned as if he is about to catch or receive the ball. The player in the red jersey (number 1) in cell D6 is also looking upwards and appears to be preparing to contest or intercept the ball. The ball is likely near the basket, above the players' heads, as the players are focused on it and the game action is centered around the hoop. The most probable location for the ball is just above the rim, which is in the area of cell B6.",B6
3.png,49,"The player in white near the center of the image (in cell E5) is reaching upwards with both hands, indicating he is likely attempting to catch or shoot the ball. The ball is most likely just above his hands, near the basket. The basket is located in the upper center of the image, around cells B5 and C5. Given the player's position and gesture, the ball is probably in the air between the player and the basket.",C5
3.png,50,"The player in white near the center of the image (around E5) is in a shooting or passing motion, with his hands raised and eyes focused upwards. The ball is likely above his hands, near the basket, as the other players are looking up and preparing to react. The ball is probably in the air close to the hoop, which is located in the upper middle part of the image.",B6
51.png,1,"The player in the blue jersey is jumping with one arm extended upward, which is a typical motion for attempting a shot or layup. The ball is most likely near his hand, above the rim, as he is in the act of shooting. The ball would be positioned just above the hoop, near the player's outstretched hand.",C6
51.png,2,"The player in the blue jersey in cell F6 is jumping with one arm extended upwards, which is a typical motion for attempting a shot or layup in basketball. The other players are looking towards this player and the area above him, indicating the ball is likely near his hand. Since the ball is missing, it is most likely located just above or near the player's outstretched hand.",E6
51.png,3,"The player in the blue jersey is jumping with one arm extended upwards, which is a typical motion for attempting a shot or layup. The ball is most likely near his hand, above his head, and close to the basket. The basket is located around the intersection of columns 5 and 6 and rows B and C. Given the player's position and motion, the ball is likely just below the basket, near the player's hand.",C6
51.png,4,"The player in the blue jersey is jumping with one arm extended upward, which is a typical motion for attempting a shot or layup. The ball is likely near his hand, above his head, as he is aiming for the basket. The ball would be close to the hoop, slightly above or near the player's hand.",C6
51.png,5,"The player in the blue jersey in cell F6 is jumping with one arm extended upwards, which is a typical motion for attempting a shot or layup. The ball is most likely near his hand, above his head, and close to the basket. The basket is located in the upper middle part of the image, around B5 and B6. Given the player's position and action, the ball is likely just above or near his outstretched hand, close to the basket.",C6
51.png,6,"The player in the blue jersey is jumping with an outstretched arm and open hand, indicating he is likely attempting a shot or layup. The ball is most likely near his hand, above the rim, as he is in the act of shooting. The ball would be positioned just above or near the basket hoop.",C6
51.png,7,"The player in the blue jersey is jumping with one arm extended upward, which is a typical motion for attempting a shot or layup. The other players are looking towards the same area, indicating the ball is likely near the player's hand. The ball is most likely just above or near the player's outstretched hand, close to the basket.",C6
51.png,8,"The player in the blue jersey is jumping with one arm extended upwards, which is a typical motion for attempting a shot or layup in basketball. The ball is likely near his hand, above his head, as he is reaching towards the basket. The basket is located in the upper middle part of the image, so the ball would be just below or near the rim.",C6
51.png,9,"The player in the blue jersey is jumping with one arm extended upward, which is a typical motion for attempting a shot or layup. The ball is likely near his hand, above the rim, as he is in the act of shooting. The ball would be positioned just above the hoop, where the player is aiming to score.",B6
51.png,10,"The player in the blue jersey is jumping with one arm extended upwards, which is a typical motion for attempting a shot or layup in basketball. The ball is likely near his hand, above his head, and close to the basket. The basket is located around the intersection of columns 5 and 6 and rows A and B. Given the player's position and motion, the ball is most likely just below the basket, near the player's outstretched hand.",C6
51.png,11,"The player in the blue jersey is jumping with one arm extended upwards, which is a typical motion for attempting a shot or layup. The ball is most likely near his hand, above his head, as he is reaching towards the basket. The basket is located in the upper middle part of the image, so the ball should be close to that area.",C6
51.png,12,"The player in the blue jersey is jumping with one arm extended upward, which is a typical motion for attempting a shot or layup. The ball is likely near his hand, above the rim, as he is in the act of shooting. The ball would be positioned just above the hoop, where the player is aiming to score.",B6
51.png,13,"The player in the blue jersey is jumping with an outstretched arm towards the basketball hoop, indicating he is likely attempting a shot or layup. The ball is most likely near his hand, above the rim, as he is in the act of scoring. The ball would be positioned just above or near the hoop in the grid.",B6
51.png,14,"The player in the blue jersey is jumping with an outstretched arm towards the basket, indicating he is likely attempting a shot or layup. The ball would be near his hand, above the rim, or just about to be released. Given the player's position and the trajectory of the play, the ball is most likely located near the basket, slightly above or in front of the player's hand.",C6
51.png,15,"The player in the blue jersey is jumping with one arm extended upward, which is a typical motion for attempting a shot or layup. The ball is most likely near his hand, above his head, as he is reaching towards the basket. The basket is located in the upper middle part of the image, so the ball should be close to the player's hand in that area.",D6
51.png,16,"The player in the blue jersey is jumping with one arm extended upwards, which is a typical motion for attempting a shot or layup. The ball is likely near his hand, just above or around the rim, as he appears to be in the act of scoring. The basketball hoop is located around the intersection of columns 5 and 6 and rows B and C. Given the player's position and arm extension, the ball is most likely just above the rim in the area where the player is reaching.",B6
51.png,17,"The player in the blue jersey is jumping with one arm extended upwards, which is a typical motion for attempting a shot or layup. The ball is most likely near his hand, above his head, and close to the basket. The basket is located around the B5 and B6 cells, so the ball should be just below or near the rim in that area.",B5
51.png,18,"The player in the blue jersey is jumping with one arm extended upwards, which is a typical motion for attempting a shot or layup. The ball is most likely near his hand, above the rim, as he is in the act of shooting. The ball would be positioned just above the basket, near the player's outstretched hand.",C6
51.png,19,"The player in the blue jersey in cell E6 is jumping with one arm extended upwards, which is a typical motion for attempting a shot or layup in basketball. The ball is most likely near his hand, just above or around it, as he is in the act of shooting towards the basket. The basket is located in the area around B5 and B6, so the ball would be between the player's hand and the basket.",D6
51.png,20,"The player in the blue jersey is jumping with one arm extended upward, which is a typical motion for attempting a shot or layup. The ball is likely just above or near his outstretched hand, heading towards the basket. The basket is located in the upper middle part of the image, so the ball should be close to the player's hand and near the hoop.",D6
51.png,21,"The player in the blue jersey is jumping with one arm extended upwards, which is a typical motion for attempting a shot or layup. The ball is likely near his hand, above the rim, as he is in the act of shooting. The ball would be positioned just above the hoop, close to the player's hand.",B6
51.png,22,"The player in the blue jersey is jumping with one arm extended upwards, which is a typical motion for attempting a shot or layup. The other players are looking towards the same area, indicating the ball is likely near the player's hand. The ball is most likely just above or near the player's outstretched hand, close to the basket.",D6
51.png,23,"The player in the blue jersey is jumping with one arm extended upwards, which is a typical motion for attempting a shot or layup. The ball is likely near his hand, just above or around it, as he is in the act of shooting towards the basket. The basket is located in the upper center of the image, and the player's hand is reaching towards it.",C6
51.png,24,"The player in the blue jersey is jumping with one arm extended upward, which is a typical motion for attempting a shot or layup in basketball. The ball is likely near his hand, just above or around the rim, as he is aiming to score. The rim is located in the upper center part of the image, so the ball would be close to that area.",B6
51.png,25,"The player in the blue jersey is jumping with one arm extended upward, which is a typical motion for attempting a shot or layup. The other players are looking towards the same area, indicating the ball is likely near the player's hand. The ball is most likely just above or near the player's outstretched hand, close to the basket.",D6
51.png,26,"The player in the blue jersey in cell F6 is jumping with one arm extended upwards, which is a typical motion for attempting a shot or layup in basketball. The ball is most likely near his hand, above his head, as he is about to release it towards the basket. The basket is located in cell B6, so the ball would be between the player and the basket, slightly above the player's hand.",E6
51.png,27,"The player in the blue jersey is jumping with his arm extended upward, indicating he is likely attempting a shot or layup. The ball is most likely near his hand, above the rim, as he is in the act of shooting. The ball would be positioned just above the basket, close to the player's hand.",B6
51.png,28,"The player in the blue jersey is jumping with one arm extended upwards, which is a typical motion for attempting a shot or layup. The ball is most likely near his hand, above the rim, as he is in the act of shooting. The ball would be positioned just above the hoop, near the player's outstretched hand.",C6
51.png,29,"The player in the blue jersey is jumping with one arm extended upwards, which is a typical motion for attempting a shot or layup in basketball. The ball is likely near his hand, above the rim, as he is in the act of shooting. The ball would be positioned just above the hoop, near the player's outstretched hand.",C6
51.png,30,"The player in the blue jersey is jumping with one arm extended upwards, which is a typical motion for attempting a shot or layup. The ball is most likely near his hand, above the rim, as he is in the act of shooting. The ball would be positioned just above the basket, near the player's outstretched hand.",C6
51.png,31,"The player in the blue jersey is jumping with one arm extended upward, which is a typical motion for attempting a shot or layup. The ball is likely just above or near his hand, heading towards the basket. The basket is located in the upper middle part of the image, so the ball should be close to the player's hand and near the hoop.",C6
51.png,32,"The player in the blue jersey is jumping with one arm extended upwards, which is a typical motion for attempting a shot or layup. The ball is likely near his hand, just above or slightly in front of it, as he is in the act of shooting towards the basket. The basket is located in the upper center of the image, so the ball would be close to the player's hand and near the hoop.",D6
51.png,33,"The player in the blue jersey is jumping with one arm extended upwards, which is a typical motion for attempting a shot or layup. The ball is likely near his hand, above his head, and close to the basket. The basket is located around the B5 and C5 cells, so the ball should be just below or near the rim in the grid.",C5
51.png,34,"The player in the blue jersey is jumping with one arm extended upwards, which is a typical motion for attempting a shot or layup. The ball is likely near his hand, above the rim, as he is in the act of shooting. The ball would be positioned just above the hoop, near the player's outstretched hand.",C6
51.png,35,"The player in the blue jersey is jumping with one arm extended upward, which is a typical motion for attempting a shot or layup. The ball is likely near his hand, just above or around it, as he is in the act of shooting towards the basket. The basket is located in the upper middle part of the image, so the ball should be close to the player's hand and near the basket.",D6
51.png,36,"The player in the blue jersey is jumping with one arm extended upwards, which is a typical motion for attempting a shot or layup. The ball is likely near his hand, above the rim, as he is in the act of shooting. The ball would be positioned just above the hoop, near the player's outstretched hand.",C6
51.png,37,"The player in the blue jersey is jumping with an outstretched arm and open hand, indicating he is likely attempting a shot or layup. The ball is most likely near his hand, above the rim, as he is in the act of shooting. The ball would be positioned just above the basket, where the player's hand is reaching.",C6
51.png,38,"The player in the blue jersey is jumping with one arm extended upward, which is a typical motion for attempting a shot or layup. The ball is likely near his hand, just above or around it, as he is in the act of shooting towards the basket. The basket is located in the upper middle part of the image, so the ball would be close to the player's hand and near the basket.",D6
51.png,39,"The player in the blue jersey is jumping with one arm extended upward, which is a typical motion for attempting a shot or layup. The ball is likely near his hand, above his head, and close to the basket. The basket is located around the top center of the image, so the ball should be just below or near the hoop.",C6
51.png,40,"The player in the blue jersey in cell F6 is jumping with one arm extended upwards, which is a typical motion for attempting a shot or layup. The ball is most likely near his hand, above his head, as he is about to release it towards the basket. The basket is located in the upper center of the image, around B5, so the ball would be just below that, near the player's hand.",E6
51.png,41,"The player in the blue jersey is jumping with an outstretched arm towards the basket, indicating he is likely attempting a shot or layup. The ball would be near his hand, above the rim, or just about to be released. Given the player's position and the trajectory of his arm, the ball is most likely located just above or near the basket hoop.",B6
51.png,42,"The player in the blue jersey in cell E6 is jumping with one arm extended upwards, which is a typical motion for attempting a shot or layup. The ball is most likely near his hand, just above or in front of it, as he is about to release it towards the basket. The basket is located in cell B5, so the ball would be between the player and the basket.",D6
51.png,43,"The player in the blue jersey is jumping with one arm extended upwards, which is a typical motion for attempting a shot or layup. The ball is likely near his hand, above his head, and close to the basket. The basket is located around the B5 and B6 cells, so the ball should be just below or near the rim in the grid.",C6
51.png,44,"The player in the blue jersey is jumping with one arm extended upwards, which is a typical motion for attempting a shot or layup. The other players are looking towards the same area, indicating the ball is likely near the player's hand. The ball is most likely just above or near the player's outstretched hand.",D6
51.png,45,"The player in the blue jersey is jumping with one arm extended upward, which is a typical motion for attempting a shot or layup. The ball is likely near his hand, just above or in front of it, as he is reaching towards the basket. The basket is located around the B5 and B6 cells, so the ball should be close to that area, slightly above the player's hand.",C6
51.png,46,"The player in the blue jersey is jumping with one arm extended upward, which is a typical motion for attempting a shot or layup. The ball is most likely near his hand, just above or around it, as he is in the act of shooting towards the basket. The basket is located in the upper middle part of the image, and the player's hand is reaching towards it.",C6
51.png,47,"The player in the blue jersey is jumping with one arm extended upwards, which is a typical motion for attempting a shot or layup. The ball is likely near his hand, above his head, and close to the basket. The basket is located around the B5 and B6 cells, so the ball should be just below or near the rim in the grid.",C6
51.png,48,"The player in the blue jersey is jumping with an outstretched arm and open hand, indicating he is likely attempting a shot or layup. The ball is most likely near his hand, above the rim, as he is in the act of shooting. The ball would be positioned just above or near the basket hoop.",C6
51.png,49,"The player in the blue jersey is jumping with one arm extended upwards, which is a typical motion for attempting a shot or layup. The ball is likely near his hand, above the rim, as he is in the act of shooting. The ball would be positioned just above the hoop, near the player's outstretched hand.",C6
51.png,50,"The player in the blue jersey is jumping with one arm extended upward, which is a typical motion for attempting a shot or layup. The ball is likely near his hand, just above or around the rim, as he is aiming to score. The ball would be close to the basket hoop, which is located in the upper center part of the image.",C6
45.png,1,"The player in white in cell F6 is in a shooting posture with his arm extended upwards, indicating he has just released or is about to release the ball. The ball is likely in the air near his hand or slightly above it, as he is aiming towards the basket. The basket is located around B5, so the ball would be somewhere between F6 and B5, but closest to the player's hand at the moment.",F6
45.png,2,"The player in white in cell F6 is in a shooting posture with his arm extended upward, indicating he has just released or is about to release the ball. The player in blue in cell D6 is closely defending him, looking up towards the ball. Given the trajectory and the player's position, the ball is most likely in the air above or near the shooter's hand.",C6
45.png,3,"The player in white in cell F6 is in a shooting posture with his arm extended upwards, indicating he has just released or is about to release the ball. The player in blue in cell E6 is closely defending him, looking up towards the ball. Given the trajectory and the player's position, the ball is most likely in the air just above the shooter's hand.",E6
45.png,4,"The player in white in cell F6 is in a shooting posture with his arm extended upwards, indicating he has just released or is about to release the ball. The ball is likely near his hand or slightly above it in the air, as he is aiming for the basket. The basket is located in the upper middle part of the image, around B5. Given the trajectory of a typical basketball shot, the ball is most likely just above the player's hand in F6 or slightly higher in E6.",E6
45.png,5,"The player in white in cell F6 is in a shooting posture with his arm extended upward, indicating he has just released or is about to release the ball. The ball is likely in the air above his hand, heading towards the basket. The basket is located around B5, so the ball should be somewhere between the shooter and the basket, likely in the mid-air space above the shooter.",C6
45.png,6,"The player in white in cell F6 is in a shooting posture with his arm extended upward, indicating he has just released or is about to release the ball. The player in blue in cell D6 is looking up and reaching out, likely trying to block or contest the shot. Given this, the ball is most likely in the air above or near the shooting player's hand.",B6
45.png,7,"The player in white in cell F6 is in a shooting posture with his arm extended upward, indicating he has just released or is about to release the ball. The ball is likely in the air above his hand, heading toward the basket. The basket is located in the area around B5. Therefore, the ball is most likely located in the space between the shooter and the basket, which corresponds to cell E5.",E5
45.png,8,"The player in white in cell F6 is in a shooting posture with his arm extended upward, indicating he has just released or is about to release the ball. The ball is likely in the air near his hand or slightly above it, as the other players are looking towards that area. Given the trajectory and the player's position, the ball is most likely located just above or near the top of his hand.",E6
45.png,9,"The player in white in cell F6 is in a shooting posture with his arm extended upward, indicating he has just released or is about to release the ball. The ball is likely in the air near his hand or slightly above it, as he is aiming towards the basket. The basket is located around B5, so the ball would be somewhere between the shooter and the basket, likely in the vertical space above the shooter's hand.",E6
45.png,10,"The player in white in cell F6 is in a shooting posture with his arm extended upwards, indicating he has just released or is about to release the ball. The player in blue in cell E6 is looking up towards the same area, suggesting the ball is in the air near the shooter's hand. Therefore, the ball is most likely located just above or near the shooter's extended hand in cell F6.",F6
45.png,11,"The player in white in cell F6 is in a shooting posture with his arm extended upwards, indicating he has just released or is about to release the ball. The ball is likely near his hand or slightly above it in the air, on its way to the basket. The basket is located in the upper middle part of the image, around B5. Given the trajectory of a typical basketball shot, the ball would be just above or near the player's hand in F6.",F6
45.png,12,"The player in white in cell F6 is in a shooting posture with his arm extended upwards, indicating he has just released or is about to release the ball. The ball is likely in the air above his hand, heading towards the basket. The basket is located in the area around B5. Therefore, the ball is most likely located in the space between the shooter and the basket, which corresponds to cell E5.",E5
45.png,13,"The player in white in cell F6 is in a shooting posture with his arm extended upward, indicating he has just released or is about to release the ball. The player in blue in cell D6 is looking up and appears to be preparing to defend or rebound. This suggests the ball is likely in the air near the shooter’s hand or just above it.",D6
45.png,14,"The player in white in cell F6 is in a shooting posture with his arm extended upwards, indicating he has just released or is about to release the ball. The ball is likely in the air above his hand, heading towards the basket. The basket is located in cells B5 and B6, so the ball is most likely in the space between the shooter and the basket.",C6
45.png,15,"The player in white in cell F6 is in a shooting posture with his arm extended upward, indicating he has just released or is about to release the ball. The ball is likely in the air above his hand, moving towards the basket. The most probable location of the ball is just above this player's hand, which places it in the cell directly above F6.",E6
45.png,16,"The player in white in cell F6 is in a shooting posture with his arm extended upwards, indicating he has just released or is about to release the ball. The player in blue in cell D6 is looking up and appears to be preparing to defend or block the shot. Given the typical trajectory of a basketball shot and the players' focus, the ball is most likely in the air above the shooter, around the height of the basket. The basket is located in cell B5, so the ball is likely between the shooter and the basket, in the upper part of the grid near the hoop.",C5
45.png,17,"The player in white in cell F6 is in a shooting posture with his arm extended upward, which strongly suggests he is about to release or has just released the ball. The ball is likely near his hand or just above it in the air. No other player is in a position that indicates they are holding or about to catch the ball.",F6
45.png,18,"The player in white in cell F6 is in a shooting posture with his arm extended upward, indicating he has just released or is about to release the ball. The player in blue in cell E6 is looking up and reaching towards the same area, suggesting the ball is in the air near them. Given the typical trajectory of a basketball shot, the ball is most likely just above the player's hand in F6, around the mid to upper part of the grid in column 6.",D6
45.png,19,"The player in white in cell F6 is in a shooting posture with his arm extended upwards, indicating he has just released or is about to release the ball. The ball is likely in the air above his hand, heading towards the basket. The most probable location of the ball is just above this player's hand, which places it in the cell directly above F6.",E6
45.png,20,"The player in the white jersey in cell F6 is in a shooting posture with his arm extended upwards, indicating he has just released or is about to release the ball. The ball is likely near his hand or slightly above it in the air, as he is aiming for the basket. The basket is located around B5, so the ball would be somewhere between the shooter and the basket, most likely just above the shooter's hand.",E6
45.png,21,"The player in white in cell F6 is in a shooting posture with his arm extended upwards, indicating he has just released or is about to release the ball. The player in blue in cell D6 is looking up and appears to be preparing to defend or rebound. Given the typical trajectory of a basketball shot and the players' focus, the ball is most likely in the air above the shooter, near the basket. The basket is located in the upper middle part of the image, around cells B5 and B6.",B5
45.png,22,"The player in white in cell F6 is in a shooting posture with his arm extended upwards, indicating he has just released or is about to release the ball. The ball is likely near his hand or slightly above it in the air, on its way to the basket. The basket is located in the upper middle part of the image, around B5. Given the trajectory of a typical basketball shot, the ball is most likely just above the player's hand in F6, possibly moving towards the basket in B5.",F6
45.png,23,"The player in white in cell F6 is in a shooting posture with his arm extended upwards, indicating he has just released or is about to release the ball. The ball is likely in the air above his hand, heading towards the basket. The basket is located in the upper middle part of the image, around B5. Therefore, the ball is most likely located between the shooter and the basket, in the space above the court near the top center of the image.",B5
45.png,24,"The player in white in cell F6 is in a shooting posture with his arm extended upward, indicating he has just released or is about to release the ball. The ball is likely near his hand or slightly above it in the air, on its way to the basket. The basket is located in the area around B5, so the ball would be between the player and the basket, likely in the vertical space above F6.",F6
45.png,25,"The player in white in cell F6 is in a shooting posture with his arm extended upwards, indicating he has just released or is about to release the ball. The player in blue in cell D6 is looking up and appears to be preparing to defend or block the shot. Given the trajectory and the players' focus, the ball is most likely in the air above the shooter’s hand, around the area between cells C6 and B6.",B6
45.png,26,"The player in white in cell F6 is in a shooting posture with his arm extended upwards, indicating he has just released or is about to release the ball. The ball is likely in the air near his hand, just above or slightly in front of him. Given the trajectory of a typical basketball shot, the ball would be located slightly above and in front of the player's hand.",E6
45.png,27,"The player in white in cell F6 is in a shooting posture with his arm extended upward, indicating he has just released or is about to release the ball. The ball is likely near his hand or just above it in the air, as he is aiming for the basket. The other players are looking towards this area, supporting the idea that the ball is in the vicinity of this player's shooting hand.",F6
45.png,28,"The player in white in cell F6 is in a shooting posture with his arm extended upwards, indicating he has just released or is about to release the ball. The player in blue in cell E5 is looking up towards the same area, suggesting the ball is in the air near the shooter's hand. Therefore, the ball is most likely located just above the shooter's hand in cell E6 or F6.",E6
45.png,29,"The player in white in cell F6 is in a shooting posture with his arm extended upward, indicating he has just released or is about to release the ball. The player in blue in cell E6 is looking up towards the same area, suggesting the ball is in the air above or near the shooter’s hand. Therefore, the ball is most likely located just above the player's hand in cell E6.",E6
45.png,30,"The player in white in cell F6 is in a shooting posture with his arm extended upward, indicating he has just released or is about to release the ball. The ball is likely near his hand or just above it in the air, as he is aiming for the basket. The ball would be in the space above this player, likely between him and the basket.",E6
45.png,31,"The player in white in cell F6 is in a shooting posture with his arm extended upward, indicating he has just released or is about to release the ball. The ball is likely near his hand or slightly above it in the air, as he is aiming for the basket. The basket is located around B5, so the ball would be somewhere between the shooter and the basket, most likely just above the shooter's hand.",E6
45.png,32,"The player in white in cell F6 is in a shooting posture with his arm extended upward, indicating he has just released or is about to release the ball. The ball is likely in the air above his hand, moving towards the basket. The most probable location of the ball is just above this player's hand in the same vertical column, which corresponds to cell E6.",E6
45.png,33,"The player in white in cell F6 is in a shooting posture with his arm extended upward, indicating he has just released or is about to release the ball. The player in blue in cell D6 is looking up and reaching out, likely attempting to block or contest the shot. Given the trajectory and the players' focus, the ball is most likely in the air above the shooter, near the basket. The basket is located in the area around B5 and B6, so the ball is likely between the shooter and the basket, in the upper-middle part of the grid.",C6
45.png,34,"The player in white in cell F6 is in a shooting posture with his arm extended upward, indicating he has just released or is about to release the ball. The ball is likely in the air above his hand, moving towards the basket. The basket is located in the area around B5 and B6, so the ball is most likely in the space between the shooter and the basket.",C6
45.png,35,"The player in white in cell F6 is in a shooting posture with his arm extended upwards, indicating he has just released or is about to release the ball. The ball is likely near his hand or slightly above it in the air, as he is aiming towards the basket. The basket is located around B5, so the ball would be somewhere between the shooter and the basket, most likely just above the shooter's hand.",E6
45.png,36,"The player in white in cell F6 is in a shooting posture with his arm extended upwards, indicating he has just released or is about to release the ball. The ball is likely near his hand or slightly above it in the air, on its way to the basket. The basket is located in the upper middle part of the image, around B5. Given the player's position and shooting motion, the ball is most likely in the air just above or near his hand.",E6
45.png,37,"The player in white in cell F6 is in a shooting posture with his arm extended upward, indicating he has just released the ball or is about to release it. The ball is likely in the air near his hand, above his head. Given the trajectory of a typical basketball shot, the ball would be slightly above and in front of this player.",E6
45.png,38,"The player in white in cell F6 is in a shooting posture with his arm extended upward, indicating he has just released or is about to release the ball. The player in blue in cell E6 is looking up towards the same area, suggesting the ball is in the air near the shooter's hand. Therefore, the ball is most likely located just above or near the shooter's extended hand in cell E6.",E6
45.png,39,"The player in white in cell F6 is in a shooting posture with his arm extended upwards, indicating he has just released or is about to release the ball. The ball is likely near his hand or just above it in the air. Given the trajectory of a typical basketball shot, the ball would be slightly above and in front of this player.",E6
45.png,40,"The player in white in cell F6 is in a shooting posture with his arm extended upward, which strongly suggests he has just released or is about to release the ball. The ball is likely in the air above his hand, moving toward the basket. The basket is located in the upper middle part of the image, around B5. Therefore, the ball is most likely located just above the player's hand in cell E6 or D6, on its way to the hoop.",E6
45.png,41,"The player in white in cell F6 is in a shooting posture with his arm extended upwards, which strongly suggests he has just released or is about to release the ball. The player in blue in cell E5 is looking up towards the same area, indicating the ball is likely in the air above or near the shooter’s hand. Given the typical trajectory of a basketball shot, the ball is most likely just above the shooter's hand in the vertical space around F6.",F6
45.png,42,"The player in white in cell F6 is in a shooting posture with his arm extended upward, indicating he has just released the ball. The ball is likely in the air, near the player's hand or slightly above it, as he is in the act of shooting. The most probable location of the ball is just above this player's hand in the same vertical column.",E6
45.png,43,"The player in white in cell F6 is in a shooting posture with his arm extended upwards, indicating he has just released or is about to release the ball. The player in blue in cell D6 is looking up and appears to be preparing to defend or rebound. Given the trajectory and typical basketball play, the ball is most likely in the air above the shooter’s hand, around the area between cells C6 and B6.",B6
45.png,44,"The player in white in cell F6 is in a shooting posture with his arm extended upward, indicating he has just released or is about to release the ball. The player in blue in cell D6 is also looking up and appears to be preparing to defend or rebound. Given the trajectory and typical basketball play, the ball is most likely in the air above the shooter’s hand, around the area where the shot is aimed, which is near the basket in the upper center of the image.",B5
45.png,45,"The player in white in cell F6 is in a shooting posture with his arm extended upwards, indicating he has just released or is about to release the ball. The player in blue in cell E6 is looking up towards the same area, suggesting the ball is in the air near the shooter's hand. Therefore, the ball is most likely located just above or near the shooter's extended hand in cell E6.",E6
45.png,46,"The player in white in cell F6 is in a shooting posture with his arm extended upwards, indicating he has just released or is about to release the ball. The player in blue in cell D6 is also looking up and appears to be preparing to defend or block the shot. Given the trajectory and typical basketball play, the ball is most likely in the air above the shooter’s hand, around the same vertical line but higher up in the grid.",C6
45.png,47,"The player in white in cell F6 is in a shooting posture with his arm extended upwards, indicating he has just released or is about to release the ball. The ball is likely near his hand or slightly above it in the air, as he is aiming for the basket. The ball would be in the vertical space above this player's hand, which corresponds to the area around F6.",F6
45.png,48,"The player in white in cell F6 is in a shooting posture with his arm extended upwards, indicating he has just released or is about to release the ball. The ball is likely near his hand or slightly above it in the air, as he is aiming for the basket. The basket is located around B5, so the ball would be somewhere between the shooter and the basket, most likely just above the shooter's hand.",E6
45.png,49,"The player in white in cell F6 is in a shooting posture with his arm extended upwards, indicating he has just released or is about to release the ball. The player in blue in cell D6 is looking up and appears to be preparing to defend or rebound. Given the trajectory and the players' focus, the ball is most likely in the air above the shooter’s hand, around the upper part of the grid in front of the basket.",B6
45.png,50,"The player in white in cell F6 is in a shooting posture with his arm extended upwards, indicating he has just released or is about to release the ball. The ball is likely in the air above his hand, heading towards the basket. The basket is located in the upper middle part of the image, around B5. Therefore, the ball is most likely located between the shooter and the basket, in the space above the court near the top center of the image.",B5
87.png,1,"The player in red on the right side of the image is holding his hands in a position that suggests he is about to catch or already has the ball. The ball is partially visible near his hands, indicating it is in the air close to him. The ball is located near the middle-right side of the image, around the player's hands.",F8
87.png,2,"The player in red on the right side of the image is holding his hands in a position that suggests he is about to catch or already has the ball. The ball is likely near his hands, which are positioned around the middle-right part of the image. Given the grid, this area corresponds to the intersection of row E and column 8.",E8
87.png,3,"The player in red on the right side of the image is holding his hands in a position that suggests he is controlling or about to pass the ball. The ball is partially visible near his hands, indicating the ball is in front of him. Given the grid, the ball is most likely located in the cell where his hands are positioned.",F8
87.png,4,"The player in red on the right side of the image is holding his hands in a position that suggests he is gripping or about to catch the ball. The ball is partially visible near his hands, indicating it is in mid-air or just being controlled by him. The ball is located near the lower right part of the image, close to the player's hands.",F8
87.png,5,"The player in red on the right side of the image is holding his hands in a position that suggests he is about to catch or already has the ball. The ball is likely near his hands, which are positioned around the middle of the image horizontally and slightly above the center vertically. This corresponds to the area around the intersection of columns 8 and rows D and E.",D8
87.png,6,"The player in red on the right side of the image is holding his hands in a position that suggests he is about to catch or already has the ball. The ball is partially visible near his hands, indicating it is in front of him. The ball is located near the middle-right part of the image, close to the player's chest and hands.",F8
87.png,7,"The player in red on the right side of the image is holding his hands in a position that suggests he is gripping or about to pass the basketball. The ball is likely near his hands, which are located around the intersection of column 8 and row E/F. The ball is partially visible and appears to be in front of the red player, close to his right hand.",E8
87.png,8,"The player in red on the right side of the image is holding his hands in a position that suggests he is gripping or about to pass the basketball. The ball is likely near his hands, which are positioned around the middle-right part of the image. Given the grid, this area corresponds to the intersection of row E and column 8.",E8
87.png,9,"The player in red on the right side of the image is holding his hands in a position that suggests he is about to catch or already has the ball. The ball is likely near his hands, which are positioned around the middle-right part of the image. The ball is partially visible and appears to be in front of the red player, near his waist level.",E8
87.png,10,"The player in red on the right side of the image is holding his hands in a position that suggests he is gripping or about to pass the basketball. The ball is partially visible in his hands, indicating the ball is located near him. The ball is positioned around the middle of the right side of the image, close to the player's chest and hands.",F8
87.png,11,"The player in red on the right side of the image is holding his hands in a position that suggests he is about to catch or already has the ball. The ball is likely near his hands, which are positioned around the middle-right part of the image. Given the typical size and placement of a basketball in such a scenario, the ball would be located just in front of or slightly above his hands.",E8
87.png,12,"The player in red on the right side of the image is holding his hands in a position that suggests he is about to catch or already has the ball. The ball is likely near his hands, which are positioned around the middle of the image horizontally and slightly above the bottom of the image vertically. This corresponds to the grid cell where his hands are located.",F8
87.png,13,"The player in red on the right side of the image is holding his hands in a position that suggests he is gripping or about to catch the basketball. The ball is partially visible near his hands, indicating it is in possession or very close to him. The ball is located near the middle right side of the image, around the player's hands.",E8
87.png,14,"The player in red on the right side of the image is holding his hands in a position that suggests he is about to catch or already has the ball. The ball is likely near his hands, which are positioned around the middle of the image horizontally and slightly below the center vertically. This corresponds to the area around column 8 and row E or F.",E8
87.png,15,"The player in red on the right side of the image is holding his hands in a position that suggests he is about to catch or already has the ball. The ball is likely near his hands, which are positioned around the middle-right part of the image. The ball is partially visible and appears to be in front of the player in red, near his waist or chest level.",F8
87.png,16,"The player in red on the right side of the image is holding his hands in a position that suggests he is gripping or about to catch the ball. The ball is partially visible near his hands, indicating it is in mid-air or just being controlled by him. The ball is located near the lower right part of the image, close to the player's hands.",F8
87.png,17,"The player in red on the right side of the image is holding his hands in a position that suggests he is controlling or about to pass the basketball. The ball is partially visible near his hands, indicating the ball is located close to him. Given the grid, the ball is most likely in the area where his hands are positioned.",E8
87.png,18,"The player in red on the right side of the image is holding his hands in a position that suggests he is about to catch or already has the ball. The ball is partially visible near his hands, indicating it is in the air close to him. The ball is located near the middle-right side of the image, around the height of the player's chest.",E8
87.png,19,"The player in red on the right side of the image is holding his hands in a position that suggests he is gripping or about to catch the basketball. The ball is partially visible near his hands, indicating the ball is located close to him. Given the grid, the ball is most likely in the area where his hands are positioned.",E8
87.png,20,"The player in the red jersey on the right side of the image is holding his hands in a position that suggests he is about to catch or already has the ball. The ball is partially visible near his hands, indicating it is in the air or just being received. The ball is located near the player's chest area, which corresponds to the grid cell where his upper body is positioned.",F8
87.png,21,"The player in red on the right side of the image is holding his hands in a position that suggests he is about to catch or already has the ball. The ball is likely near his hands, which are positioned around the middle-right part of the image.",E8
87.png,22,"The player in red on the right side of the image is holding his hands in a position that suggests he is about to catch or already has the ball. The ball is partially visible near his hands, indicating it is in front of him. The ball is located near the middle-right side of the image, around the height of the player's chest.",E8
87.png,23,"The player in red on the right side of the image is holding his hands in a position that suggests he is about to catch or already has the ball. The ball is partially visible near his hands, indicating it is in front of him. The ball is located near the lower right part of the image, close to the player's hands.",F8
87.png,24,"The player in red on the right side of the image is holding his hands in a position that suggests he is gripping or about to pass the basketball. The ball is partially visible in his hands, indicating the ball is located near his torso. This area corresponds to the grid cells around the middle-right part of the image.",F8
87.png,25,"The player in red on the right side of the image is holding his hands in a position that suggests he is gripping or about to pass the basketball. The ball is partially visible in his hands, indicating the ball is located near him. The ball is positioned around the middle of the right side of the image, close to the player's chest and hands.",F8
87.png,26,"The player in red on the right side of the image is holding his hands in a position that suggests he is about to catch or already has the ball. The ball is partially visible near his hands, indicating it is in the air close to him. Given the position of his hands and the ball, it is most likely located in the grid cell where his hands are.",F8
87.png,27,"The player in red on the right side of the image is holding his hands in a position that suggests he is about to catch or already has the ball. The ball is likely near his hands, which are positioned around the middle of the right side of the image. The ball is partially visible and appears to be in front of the player in red, near his waist level.",E8
87.png,28,"The player in red on the right side of the image is holding his hands in a position that suggests he is about to catch or already has the ball. The ball is likely near his hands, which are positioned around the middle of the image horizontally and slightly above the bottom of the image vertically. This corresponds to the area around the intersection of columns 8 and 9 and rows D and E.",E8
87.png,29,"The player in red on the right side of the image is holding his hands in a position that suggests he is gripping or about to catch the basketball. The ball is partially visible near his hands, indicating it is in mid-air or just being controlled by him. The ball is located near the lower right part of the image, close to the player's hands.",E8
87.png,30,"The player in red on the right side of the image is holding his hands in a position that suggests he is gripping or about to pass the basketball. The ball is likely near his hands, which are positioned around the middle-right part of the image. Given the grid, this area corresponds to the intersection of row E and column 8.",E8
87.png,31,"The player in red on the right side of the image is holding his hands in a position that suggests he is about to catch or already has the ball. The ball is partially visible near his hands, indicating it is in front of him. The ball is located near the middle-right side of the image, around the height of the player's chest.",F8
87.png,32,"The player in red on the right side of the image is holding his hands in a position that suggests he is gripping or about to pass the basketball. The ball is partially visible in his hands, indicating the ball is located near him. Given the grid, the ball is most likely in the cell where his hands are positioned.",F8
87.png,33,"The player in red on the right side of the image is holding his hands in a position that suggests he is about to catch or already has the ball. The ball is likely near his hands, which are positioned around the middle of the image horizontally and slightly above the bottom of the image vertically. This corresponds to the area around grid cell H8, but since the grid only goes to F, the closest cell in the visible grid is F8.",F8
87.png,34,"The player in red on the right side of the image is holding his hands in a position that suggests he is gripping or about to catch the basketball. The ball is partially visible near his hands, indicating the ball is located close to him. Given the grid, the ball is most likely in the area where his hands are positioned.",E8
87.png,35,"The player in red on the right side of the image is holding his hands in a position that suggests he is about to catch or already has the ball. The ball is partially visible near his hands, indicating the ball is in front of him. Given the position of his hands and the ball, it is most likely located in the grid cell where his hands are.",F8
87.png,36,"The player in red on the right side of the image is holding his hands in a position that suggests he is about to catch or already has the ball. The ball is partially visible near his hands, indicating it is in the air close to him. The ball is located near the middle-right side of the image, around the player's hands.",E8
87.png,37,"The player in red on the right side of the image is holding his hands in a position that suggests he is about to catch or already has the ball. The ball is likely near his hands, which are positioned around the middle of the image horizontally and slightly above the bottom of the image vertically. This corresponds to the area around the player's chest or waist level.",F8
87.png,38,"The player in red on the right side of the image is holding his hands in a position that suggests he is about to catch or already has the ball. The ball is partially visible near his hands, indicating it is in front of him. This places the ball in the grid cell where his hands are located.",F8
87.png,39,"The player in red on the right side of the image is holding his hands in a position that suggests he is about to catch or already has the ball. The ball is likely near his hands, which are positioned around the middle of the image horizontally and slightly below the center vertically. This corresponds to the area around the intersection of columns 8 and 9 and rows E and F.",E8
87.png,40,"The player in red on the right side of the image is holding his hands in a position that suggests he is gripping or about to catch the ball. The ball is partially visible near his hands, indicating it is in the air close to him. The ball is located near the middle right side of the image, around the player's hands.",E8
87.png,41,"The player in red on the right side of the image is holding his hands in a position that suggests he is gripping or about to catch the ball. The ball is partially visible near his hands, indicating it is in the air close to him. Given the position of his hands and the ball's partial visibility, the ball is most likely located near the intersection of column 8 and row E or F.",E8
87.png,42,"The player in red on the right side of the image is holding his hands in a position that suggests he is about to catch or already has the ball. The ball is likely near his hands, which are positioned around the middle-right part of the image. Given the typical size and placement of a basketball in such a scenario, the ball would be located just in front of or slightly above his hands.",E8
87.png,43,"The player in red on the right side of the image is holding his hands in a position that suggests he is about to catch or already has the ball. The ball is likely near his hands, which are positioned around the middle-right part of the image. The ball is partially visible and appears to be in front of the player in red, near his chest or waist level.",F8
87.png,44,"The player in red on the right side of the image is holding his hands in a position that suggests he is about to catch or already has the ball. The ball is likely near his hands, which are positioned around the middle of the image horizontally and slightly above the center vertically. This corresponds to the area around the intersection of columns 8 and rows D and E.",D8
87.png,45,"The player in red on the right side of the image is holding his hands in a position that suggests he is about to catch or already has the ball. The ball is partially visible near his hands, indicating the ball is located close to him. This area corresponds to the grid cell where his hands and the ball are positioned.",E8
87.png,46,"The player in red on the right side of the image is holding his hands in a position that suggests he is gripping or about to catch the basketball. The ball is partially visible near his hands, indicating the ball is located close to him. Given the grid overlay, the ball is most likely in the area where his hands are positioned.",E8
87.png,47,"The player in red on the right side of the image is holding his hands in a position that suggests he is about to catch or already has the ball. The ball is likely near his hands, which are positioned around the middle-right part of the image. The ball is partially visible and appears to be in front of the player in red, near his waist level.",F8
87.png,48,"The player in red on the right side of the image is holding his hands in a position that suggests he is gripping or about to catch the basketball. The ball is likely near his hands, which are positioned around the middle-right part of the image. Given the players' focus and body orientation, the ball is most likely located just in front of the red player.",E8
87.png,49,"The player in red on the right side of the image is holding his hands in a position that suggests he is about to catch or already has the ball. The ball is likely near his hands, which are positioned around the middle of the image horizontally and slightly above the center vertically. This corresponds to the area where the ball would be in play during a basketball game.",E8
87.png,50,"The player in red on the right side of the image is holding his hands in a position that suggests he is about to catch or already has the ball. The ball is likely near his hands, which are positioned around the middle-right part of the image. The ball is partially visible and appears to be in front of the player in red, near his waist or chest level.",E8
84.png,1,"The player in white in the center of the image is reaching up with both hands towards the basketball hoop, indicating he is likely attempting a shot or a dunk. The ball is most likely just above his hands, near the rim of the hoop.",B6
84.png,2,"The player in white in the center of the image is reaching up with both hands towards the basketball hoop, indicating he is likely attempting a shot or a dunk. The ball would most likely be near his hands, close to the rim. Given the position of his hands and the hoop, the ball is probably just above or near the rim.",B6
84.png,3,"The player in white in the center of the image is reaching up with both hands towards the basketball hoop, indicating he is likely attempting a shot or layup. The ball would most likely be just above or near his hands, close to the hoop. Given the position of his hands and the hoop, the ball is likely in the grid cell directly above his hands and near the rim.",B6
84.png,4,"The player in white in the center of the image is reaching up with both hands towards the basketball hoop, indicating he is likely attempting a shot or a dunk. The ball is most likely just above his hands, near the rim of the basket. This position corresponds to the area near the top center of the image, close to the hoop.",B5
84.png,5,"The player in white in the center of the image is reaching up with both hands towards the basketball hoop, indicating he is likely attempting a shot or layup. The ball would most likely be near his hands, just below the hoop, as he is in the act of shooting or dunking. The position of his hands and the focus of the players around him suggest the ball is close to the basket.",B6
84.png,6,"The player in white in the center of the image is reaching up with both hands towards the basketball hoop, indicating he is likely attempting a shot or layup. The ball would most likely be near his hands, just below the hoop, as he is in the act of shooting or dunking. The position of his hands and the focus of the players around him support this inference.",D6
84.png,7,"The player in white in the center of the image is reaching up with both hands towards the basketball hoop, indicating he is likely attempting a shot or a dunk. The ball is most likely just above his hands, near the rim of the basket. This position corresponds to the area near the top center of the image, close to the hoop.",B6
84.png,8,"The player in white in the center of the image is reaching up with both hands towards the basketball hoop, indicating he is likely attempting a shot or a dunk. The ball is most likely just above his hands, near the rim of the basket. This position corresponds to the area directly under the hoop.",B6
84.png,9,"The player in white in the center of the image is reaching up towards the basketball hoop with both hands, indicating he is likely attempting a shot or a dunk. The ball is most likely just above his hands, near the rim of the basket. This position corresponds to the area near the top center of the image, close to the hoop.",B5
84.png,10,"The player in white in the center of the image is reaching up with both hands towards the basketball hoop, indicating he is likely attempting a shot or a dunk. The ball is most likely just above his hands, near the rim of the basket. This position corresponds to the area near the top center of the image, close to the hoop.",B6
84.png,11,"The player in white in the center of the image is reaching up with both hands towards the basketball hoop, indicating he is likely attempting a shot or a dunk. The ball is most likely just above his hands, near the rim of the basket. This position corresponds to the area near the hoop, which is located in the upper middle part of the image.",B6
84.png,12,"The player in white in the center of the image is reaching up towards the basketball hoop with both hands, indicating he is likely attempting a shot or a dunk. The ball is most likely just above his hands, near the rim of the basket. This position corresponds to the area near the top center of the image, close to the hoop.",B5
84.png,13,"The player in white in the center of the image is reaching up with both hands towards the basketball hoop, indicating he is likely attempting a shot or a dunk. The ball is most likely just above his hands, near the rim of the basket. This position corresponds to the area near the top center of the image, close to the hoop.",B6
84.png,14,"The player in white in the center of the image is reaching up with both hands towards the basketball hoop, indicating he is likely attempting a shot or a dunk. The ball is most likely just above his hands, near the rim of the basket. This position corresponds to the area near the top center of the image, close to the hoop.",B6
84.png,15,"The player in white in the center of the image is reaching up with both hands towards the basketball hoop, indicating he is likely attempting a shot or a dunk. The ball would be near his hands and close to the hoop. The hoop is located around the intersection of columns 5 and 6 and rows B and C. Given the player's hand position and the typical trajectory of a basketball shot, the ball is most likely just above or near his hands, close to the hoop.",C5
84.png,16,"The player in white in the center of the image is reaching up with both hands towards the basketball hoop, indicating he is likely attempting a shot or a dunk. The ball is most likely just above his hands, near the rim of the basket. This position corresponds to the area near the top center of the image, close to the hoop.",B6
84.png,17,"The player in white in the center of the image is reaching up with both hands towards the basketball hoop, indicating he is likely attempting a shot or a dunk. The ball is most likely just above his hands, near the rim of the basket. This position corresponds to the area near the top center of the image, close to the hoop.",B6
84.png,18,"The player in white in the center of the image is reaching up with both hands towards the basketball hoop, indicating he is likely attempting a shot or a dunk. The ball is most likely just above his hands, near the rim of the basket. This position corresponds to the area near the top center of the image, close to the hoop.",B6
84.png,19,"The player in white in cell E6 is reaching up with both hands towards the basketball hoop, indicating he is likely attempting a shot or layup. The ball is most likely just above his hands, near the rim, as he is in the act of shooting. The ball would be close to the basket, which is located in the upper center of the image.",C6
84.png,20,"The player in white in cell E6 is reaching up with both hands towards the basket, indicating he is likely attempting a shot or a rebound. The ball is most likely near his hands, close to the hoop. The hoop is located around cells B5 and C5, so the ball should be just below or near the player's hands in the same vertical area.",D6
84.png,21,"The player in white in the center of the image is reaching up with both hands towards the basketball hoop, indicating he is likely attempting a shot or a dunk. The ball is most likely just above his hands, near the rim of the basket. This position corresponds to the area near the top center of the image, close to the hoop.",B5
84.png,22,"The player in white in the center of the image is reaching up with both hands towards the basketball hoop, indicating he is likely attempting a shot or a dunk. The ball is most likely just above his hands, near the rim of the basket. This position corresponds to the area near the top center of the image, close to the hoop.",B6
84.png,23,"The player in white in the center of the image is reaching up towards the basketball hoop, indicating he is likely attempting a shot or a dunk. The ball is most likely near his hands, just below the rim of the hoop. The hoop is located around the intersection of columns 5 and 6 and rows B and C, so the ball should be just below that point.",C5
84.png,24,"The player in white in the center of the image is reaching up with both hands towards the basketball hoop, indicating he is likely attempting a shot or a dunk. The ball is most likely just above his hands, near the rim of the basket. This position corresponds to the area near the top center of the image, close to the hoop.",B6
84.png,25,"The player in white in the center of the image is reaching up towards the basketball hoop with both hands, indicating he is likely attempting a shot or a dunk. The ball is most likely just above or near his hands, close to the hoop. The hoop is located around the intersection of columns 5 and 6 and rows B and C, so the ball should be near this area.",B5
84.png,26,"The player in white in the center of the image is reaching up with both hands towards the basketball hoop, indicating he is likely attempting a shot or layup. The ball is most likely just above his hands, near the rim of the basket. This position corresponds to the area near the top center of the image, close to the hoop.",B6
84.png,27,"The player in white in cell E6 is reaching up towards the basketball hoop with both hands, indicating he is likely attempting a shot or a dunk. The ball is most likely near his hands, just below the rim of the hoop. The hoop is located around cells B6 and C6, so the ball should be just below that, near the player's hands.",D6
84.png,28,"The player in white in the center of the image is reaching up with both hands towards the basketball hoop, indicating he is likely attempting a shot or a dunk. The ball is most likely just above his hands, near the rim of the basket. This position corresponds to the area near the top center of the image, close to the hoop.",B6
84.png,29,"The player in white in the center of the image is reaching up towards the basketball hoop with both hands, indicating he is likely attempting a shot or a dunk. The ball is most likely just above his hands, near the rim of the hoop. This position corresponds to the area near the top center of the image, close to the basket.",B6
84.png,30,"The player in white in the center of the image is reaching up with both hands towards the basketball hoop, indicating he is likely attempting a shot or a dunk. The ball is most likely just above his hands, near the rim of the basket. This position corresponds to the area near the top center of the image, close to the hoop.",B5
84.png,31,"The player in white in the center of the image is reaching up with both hands towards the basketball hoop, indicating he is likely attempting a shot or a dunk. The ball is most likely just above his hands, near the rim of the basket. This position corresponds to the area near the top center of the image, close to the hoop.",B6
84.png,32,"The player in white in the center of the image is reaching up with both hands towards the basketball hoop, indicating he is likely attempting a shot or layup. The ball is most likely just above his hands, near the rim of the basket. This position corresponds to the area directly under the hoop, where the ball would be in the process of going into the basket.",B6
84.png,33,"The player in white in the center of the image is reaching up with both hands towards the basketball hoop, indicating he is likely attempting a shot or a dunk. The ball is most likely just above his hands, near the rim of the basket. This position corresponds to the area near the top center of the image, close to the hoop.",B5
84.png,34,"The player in white in the center of the image is reaching up with both hands towards the basketball hoop, indicating he is likely attempting a shot or a dunk. The ball is most likely just above his hands, near the rim of the basket. This position corresponds to the area directly under the hoop.",B6
84.png,35,"The player in white in the center of the image is reaching up with both hands towards the basketball hoop, indicating he is likely attempting a shot or a dunk. The ball would most likely be near his hands, close to the rim. The position of his hands and the focus of the other players suggest the ball is just above or near the hoop.",B6
84.png,36,"The player in white in the center of the image is reaching up with both hands towards the basketball hoop, indicating he is likely attempting a shot or a dunk. The ball is most likely just above his hands, near the rim of the hoop. This position corresponds to the area near the top center of the image, close to the basket.",B6
84.png,37,"The player in white in the center of the image is reaching up towards the basketball hoop with both hands, indicating he is likely attempting a shot or a dunk. The ball would be near his hands and close to the hoop. The hoop is located around the intersection of columns 5 and 6 and rows B and C. Given the player's hand position and the hoop's location, the ball is most likely just above or near his hands, close to the rim.",B5
84.png,38,"The player in white in the center of the image is reaching up with both hands towards the basketball hoop, indicating he is likely attempting a shot or a dunk. The ball is most likely just above his hands, near the rim of the basket. This position corresponds to the area near the top center of the image, close to the hoop.",B6
84.png,39,"The player in white in the center of the image is reaching up with both hands towards the basketball hoop, indicating he is likely attempting a shot or a dunk. The ball is most likely just above his hands, near the rim of the basket. This position corresponds to the area near the top center of the image, close to the hoop.",B6
84.png,40,"The player in white in the center of the image is reaching up with both hands towards the basketball hoop, indicating he is likely attempting a shot or a dunk. The ball is most likely just above his hands, near the rim of the basket. This position corresponds to the area near the top center of the image, close to the hoop.",B6
84.png,41,"The player in white in the center of the image is reaching up towards the basketball hoop with both hands, indicating he is likely attempting a shot or a dunk. The ball is most likely just above his hands, near the rim of the hoop. This position corresponds to the area near the top center of the image, close to the basket.",B6
84.png,42,"The player in white in the center of the image is reaching up towards the basketball hoop, indicating he is likely attempting a shot or a dunk. The ball would most likely be near his hands and close to the hoop. The area just above his hands and near the rim is the most probable location for the ball.",B6
84.png,43,"The player in white in the center of the image is reaching up towards the basketball hoop with both hands, indicating he is likely attempting a shot or a dunk. The ball is most likely just above his hands, near the rim of the basket. This position corresponds to the area near the top center of the image, close to the hoop.",B6
84.png,44,"The player in white in the center of the image is reaching up with both hands towards the basketball hoop, indicating he is likely attempting a shot or a dunk. The ball is most likely just above his hands, near the rim of the basket. This position corresponds to the area near the top center of the image, close to the hoop.",B5
84.png,45,"The player in white in the center of the image is reaching up with both hands towards the basketball hoop, indicating he is likely attempting a shot or a dunk. The ball is most likely just above his hands, near the rim of the basket. This position corresponds to the area near the top center of the image, close to the hoop.",B6
84.png,46,"The player in white in the center of the image is reaching up towards the basketball hoop, indicating he is likely attempting a shot or a dunk. The ball would most likely be near his hands and close to the hoop. Given the position of his hands and the hoop, the ball is likely just above or near the rim.",B6
84.png,47,"The player in white in the center of the image is reaching up with both hands towards the basketball hoop, indicating he is likely attempting a shot or a rebound. The ball is most likely near his hands, just below the hoop. The position of his hands and the focus of the players around him suggest the ball is in the air close to the basket.",B6
84.png,48,"The player in white in the center of the image is reaching up with both hands towards the basketball hoop, indicating he is likely attempting a shot or a dunk. The ball is most likely just above his hands, near the rim of the basket. This position corresponds to the area around the hoop, which is located near the top center of the image.",B6
84.png,49,"The player in white in the center of the image is reaching up with both hands towards the basketball hoop, indicating he is likely attempting a shot or layup. The ball is most likely just above his hands, near the rim of the basket. This position corresponds to the area near the top center of the image, close to the hoop.",B6
84.png,50,"The player in white in the center of the image is reaching up with both hands towards the basketball hoop, indicating he is likely attempting a shot or a dunk. The ball is most likely just above his hands, near the rim of the basket. This position corresponds to the area near the top center of the image, close to the hoop.",B6
53.png,1,"The player in the red jersey (Stojacic) is in a position that suggests he is dribbling or about to dribble the ball. His right hand is extended downward near the ground, which is a typical position for controlling or bouncing the basketball. The ball is likely near his right hand, close to the court surface.",F6
53.png,2,"The player in the red jersey (Stojacic) is in a position that suggests he is dribbling or controlling the ball. His right foot is slightly raised and his body is angled as if he is moving with the ball. The player in white on the right appears to be reaching or moving towards the ball, indicating it is near Stojacic. The most likely location of the ball is near Stojacic's feet, around the center of the image.",F6
53.png,3,"The player in the red jersey (Stojacic) is in a position that suggests he is dribbling or controlling the ball. His right foot is slightly raised and his body is angled as if he is moving with the ball. The player in white to his right (in cell G4) is reaching out, likely trying to defend or steal the ball. Given these cues, the ball is most likely near Stojacic's feet, around the area where his right foot is positioned.",F6
53.png,4,"The player in the red jersey (Stojacic) is in a position that suggests he is dribbling or controlling the ball. His right foot is slightly raised and his body is angled as if he is moving with the ball. The player in white on the right is reaching out with his right hand, likely trying to steal or block the ball. Given these cues, the ball is most likely near Stojacic's right foot.",F6
53.png,5,"The player in the red jersey (Stojacic) is in a position that suggests he is dribbling or controlling the ball. His right foot is slightly raised and his body is angled as if he is moving forward with the ball. The other players in white are positioned defensively around him, indicating the ball is near him. The most likely location of the ball is near his right foot, which is in the grid cell F6.",F6
53.png,6,"The player in the red jersey (Stojacic) is in a position that suggests he is dribbling or controlling the ball. His right foot is slightly raised and his body is angled as if he is moving forward with the ball. The ball is likely near his feet, slightly ahead of him on the court. Given the grid, the ball would be located near the lower center of the image, close to his right foot.",F6
53.png,7,"The player in the red jersey (Stojacic) is in a position that suggests he is about to dribble or pass the ball. His right hand is extended forward and slightly downward, which is a typical position for controlling or dribbling the ball. The ball is likely near his hand, close to the ground. The most probable location is just in front of his right hand, which is around the middle of the court near the bottom of the image.",F6
53.png,8,"The player in the red jersey (Stojacic) is in a position that suggests he is controlling or dribbling the ball. His right foot is slightly raised and his body is angled as if he is moving with the ball. The other players are focused on him, indicating he has possession. The ball is likely near his feet, slightly ahead of him on the court.",F6
53.png,9,"The player in the red jersey (Stojacic) is in a position that suggests he is controlling or dribbling the ball. His right foot is slightly raised and his body is angled as if he is about to make a move. The ball is likely near his feet, slightly in front of him. The most probable location is just in front of his right foot, which is in the F6 cell.",F6
53.png,10,"The player in the red jersey (Stojacic) is in a position that suggests he is dribbling or controlling the ball. His right foot is slightly raised and his body is angled as if he is moving with the ball. The player in white on the right appears to be reaching out or preparing to defend, indicating the ball is near Stojacic. The most likely location of the ball is near Stojacic's right foot, where it would be in contact with the ground or just above it.",F6
53.png,11,"The player in the red jersey (Stojacic) is in a position that suggests he is controlling or dribbling the ball. His right foot is slightly raised and his body is angled as if he is moving forward with the ball. The player in white to his right is reaching out, likely trying to defend or steal the ball. Given this, the ball is most likely near Stojacic's feet, specifically close to his right foot.",F6
53.png,12,"The player in the red jersey (Stojacic) is in a position that suggests he is controlling or dribbling the ball. His right foot is slightly raised and his body is angled as if he is about to make a move with the ball. The other players are focused on him, indicating the ball is near him. The most likely location of the ball is near his right foot, which is in the F6 cell.",F6
53.png,13,"The player in the red jersey (Stojacic) is in a position that suggests he is dribbling or controlling the ball. His right foot is slightly raised and his body is angled as if he is moving forward with the ball. The ball is likely near his right hand or foot. The most probable location of the ball is near the lower center of the image, close to the player's right foot.",F6
53.png,14,"The player in the red jersey (Stojacic) is in a position that suggests he is controlling or dribbling the ball. His right foot is slightly raised and his body is angled as if he is about to make a move with the ball. The player in white on the right appears to be running towards him, possibly to defend or intercept. Given the typical basketball stance and positioning, the ball is most likely near Stojacic's right foot.",F6
53.png,15,"The player in the red jersey (Stojacic) is in a position that suggests he is controlling or dribbling the ball. His right foot is slightly raised and his body is angled as if he is moving with the ball. The other players are focused on him, indicating the ball is near him. The most likely location of the ball is near his right hand or foot, which would be around the center of the image.",F6
53.png,16,"The player in the red jersey (Stojacic) is in a position that suggests he is dribbling or controlling the ball. His right foot is slightly raised and his body is angled as if he is moving with the ball. The player in white on the right appears to be reaching out or preparing to defend against a dribble or pass. Given the positioning and body language, the ball is most likely near Stojacic's right foot.",F6
53.png,17,"The player in the red jersey (Stojacic) is in a position that suggests he is dribbling or controlling the ball. His right foot is slightly raised and his body is angled as if he is moving forward with the ball. The ball is likely near his right hand or foot. The most probable location of the ball is near the lower center of the image, close to Stojacic's right foot.",F6
53.png,18,"The player in the red jersey (Stojacic) is in a position that suggests he is dribbling or controlling the ball. His right foot is slightly raised and his body is angled as if he is moving forward with the ball. The player in white on the right appears to be reaching out to contest or steal the ball. Given this, the ball is most likely near Stojacic's right foot, where it would be in his control.",F6
53.png,19,"The player in the red jersey (Stojacic) is in a position that suggests he is dribbling or controlling the ball. His right foot is slightly raised and his body is angled as if he is moving forward with the ball. The ball is likely near his feet, which places it in the grid cell where his feet are located.",F6
53.png,20,"The player in the red jersey (Stojacic) is in a position that suggests he is dribbling or about to pass the ball. His right hand is extended downward and slightly forward, which is a typical position for controlling the ball. The ball is likely near his hand, close to the ground. The most probable location is just in front of his right foot, where the ball would be during a dribble or a controlled pass.",F6
53.png,21,"The player in the red jersey (Stojacic) is in a position that suggests he is dribbling or about to pass the ball. His right hand is extended downward near the center of the image, which is a typical position for controlling the ball. The ball is likely near his hand, slightly in front of him on the court.",F6
53.png,22,"The player in the red jersey (Stojacic) is in a position that suggests he is dribbling or about to pass the ball. His right hand is extended downward and slightly forward, which is a typical position for controlling or dribbling the ball. The ball is likely near his hand, close to the ground. The most probable location of the ball is near the lower part of his body, around the area where his hand is positioned.",F6
53.png,23,"The player in the red jersey (Stojacic) is in a position that suggests he is controlling or dribbling the ball. His body posture and foot placement indicate he is moving with the ball. The ball is likely near his feet, slightly ahead of him as he moves forward. The most probable location is near the lower center of the image, close to his right foot.",F6
53.png,24,"The player in the red jersey (Stojacic) is in a position that suggests he is dribbling or controlling the ball. His right foot is slightly raised and his body is angled as if he is moving forward with the ball. The other players in white are positioned defensively around him, indicating the ball is near him. The most likely location of the ball is near his right foot, which is in the grid cell F6.",F6
53.png,25,"The player in the red jersey (Stojacic) is in a position that suggests he is dribbling or about to pass the ball. His right hand is extended downward and slightly forward, which is a typical position for controlling or dribbling the basketball. The other players are looking towards him, indicating the ball is likely near him. The most probable location of the ball is near his right hand, which is around the middle of the image horizontally and slightly below center vertically.",F6
53.png,26,"The player in the red jersey (Stojacic) is in a position that suggests he is controlling or dribbling the ball. His right foot is slightly raised and his body is angled as if he is about to move or dribble. The ball is likely near his right foot, which is in the middle of the court. The other players are positioned around him, indicating he is the one with the ball.",F6
53.png,27,"The player in the red jersey (Stojacic) is in a position that suggests he is dribbling or about to pass the ball. His right hand is extended downward near the center of the image, which is a typical position for controlling the ball. The other players are looking towards him, indicating the ball is likely near his hand. The most probable location of the ball is near his right hand, around the middle of the court.",F6
53.png,28,"The player in the red jersey (Stojacic) is in a position that suggests he is dribbling or about to pass the ball. His right hand is extended downward near the area where the ball would typically be. The other players are focused on him, indicating the ball is likely close to him. The most probable location of the ball is near his right hand, which is around the middle of the image horizontally and slightly below center vertically.",F6
53.png,29,"The player in the red jersey (Stojacic) is in a position that suggests he is dribbling or about to pass the ball. His right hand is extended downward and slightly forward, which is a typical position for controlling or dribbling the ball. The ball is likely near his right hand, close to the ground. The most probable location is just in front of him, near the center of the court.",F6
53.png,30,"The player in the red jersey (Stojacic) is in a position that suggests he is dribbling or controlling the ball. His right foot is slightly raised and his body is angled as if he is moving forward with the ball. The other players in white are positioned defensively around him, focusing on his movement. The most likely location of the ball is near Stojacic's right foot, where it would be in contact with or just above the ground.",F6
53.png,31,"The player in the red jersey (Stojacic) is in a position that suggests he is dribbling or controlling the ball. His right foot is slightly raised and his body is angled as if he is moving forward with the ball. The ball is likely near his feet, specifically near his right foot, as that is the typical position for dribbling in basketball.",F6
53.png,32,"The player in the red jersey (Stojacic) is in a position that suggests he is controlling or dribbling the ball. His right foot is slightly raised and his body is angled as if he is about to make a move. The player in white on the right is running towards him, likely trying to defend or intercept. The ball is most likely near Stojacic's feet, around the area where his right foot is positioned.",F6
53.png,33,"The player in the red jersey (Stojacic) is in a position that suggests he is dribbling or about to pass the ball. His right hand is extended downward and slightly forward, which is a typical position for controlling or dribbling the ball. The other players are looking towards him, indicating the ball is likely near him. The most likely location of the ball is near his right hand, which is around the middle of the image horizontally and slightly below center vertically.",F6
53.png,34,"The player in the red jersey (Stojacic) is in a position that suggests he is dribbling or about to dribble the ball. His right hand is extended downward near the ground, which is a typical position for controlling the basketball. The ball is likely near his hand, close to the court surface.",F6
53.png,35,"The player in the red jersey (Stojacic) is in a position that suggests he is controlling or dribbling the ball. His body posture and foot placement indicate he is moving with the ball. The ball is likely near his feet, which is around the intersection of row E and column 6.",E6
53.png,36,"The player in the red jersey (Stojacic) is in a position that suggests he is dribbling or controlling the ball. His right foot is slightly raised and his body is angled as if he is moving forward with the ball. The ball is likely near his feet, which places it in the grid cell directly in front of him.",F6
53.png,37,"The player in the red jersey (Stojacic) is in a position that suggests he is dribbling or controlling the ball. His right foot is slightly raised and his body is angled as if he is moving forward with the ball. The ball is likely near his right foot, which is in the F6 cell.",F6
53.png,38,"The player in the red jersey (Stojacic) is in a position that suggests he is controlling or dribbling the ball. His body posture and foot placement indicate he is moving with the ball. The ball is likely near his feet, slightly ahead of him as he moves forward. The most probable location is near the center of the image, close to his right foot.",F6
53.png,39,"The player in the red jersey (Stojacic) is in a position that suggests he is controlling or dribbling the ball. His right foot is slightly raised and his body is angled as if he is about to move or pass the ball. The ball is likely near his feet, where a basketball would typically be during dribbling or control. The most probable location is just in front of his right foot.",F6
53.png,40,"The player in the red jersey (Stojacic) is in a position that suggests he is dribbling or controlling the ball. His right foot is slightly raised and his body is angled as if he is moving forward with the ball. The other players are positioned defensively around him, indicating the ball is near him. The most likely location of the ball is near his right foot, which is in the grid cell F6.",F6
53.png,41,"The player in the red jersey (Stojacic) is in a position that suggests he is dribbling or controlling the ball. His right foot is slightly raised and his body is angled as if he is moving forward with the ball. The ball is likely near his feet, slightly ahead of him on the court. The most probable location is near the intersection of column 6 and row E or F, where his foot is positioned.",F6
53.png,42,"The player in the red jersey (Stojacic) is in a position that suggests he is dribbling or controlling the ball. His right foot is slightly raised and his body is angled as if he is moving forward with the ball. The ball is likely near his right foot, which is in the F6 cell.",F6
53.png,43,"The player in the red jersey (Stojacic) is in a position that suggests he is dribbling or controlling the ball. His right foot is slightly raised and his body is angled as if he is moving forward with the ball. The other players in white are focused on him, indicating the ball is likely near him. The most probable location of the ball is near his right foot.",F6
53.png,44,"The player in the red jersey (Stojacic) is in a position that suggests he is controlling or dribbling the ball. His right foot is slightly raised and his body is angled as if he is moving with the ball. The player in white on the right is reaching out with his right hand, likely trying to intercept or block the ball. Given these cues, the ball is most likely near Stojacic's right foot.",F6
53.png,45,"The player in the red jersey (Stojacic) is in a position that suggests he is controlling or dribbling the ball. His right foot is slightly raised and his body is angled as if he is about to make a move or pass. The ball is likely near his feet, slightly in front of him on the court. The most probable location is just in front of his right foot, which is around the intersection of column 6 and row E.",E6
53.png,46,"The player in the red jersey (Stojacic) is in a position that suggests he is controlling or dribbling the ball. His body posture and the direction of his gaze indicate he is focused on the ball, which is likely near his feet. The other players are positioned around him, seemingly reacting to his movement. Therefore, the ball is most likely near Stojacic's feet, around the center of the image.",F6
53.png,47,"The player in the red jersey (Stojacic) is in a position that suggests he is controlling or dribbling the ball. His right foot is slightly raised and his body is angled as if he is about to make a move with the ball. The ball is likely near his feet, slightly in front of him. The most probable location is just in front of his right foot, which is in the F5 cell.",F5
53.png,48,"The player in the red jersey (Stojacic) is in a position that suggests he is controlling or dribbling the ball. His body posture and the direction of his gaze indicate he is focused on the ball, which is likely near his feet. The other players are positioned as if reacting to his movement, reinforcing the idea that the ball is close to him.",F6
53.png,49,"The player in the red jersey (Stojacic) is in a position that suggests he is about to dribble or pass the ball. His right hand is extended forward and slightly downward, which is a typical position for controlling or dribbling the ball. The ball is likely near his hand, close to the ground. The most probable location is just in front of his right foot, where the ball would be during a dribble or a controlled pass.",F6
53.png,50,"The player in the red jersey (Stojacic) is in a position that suggests he is dribbling or controlling the ball. His right foot is slightly raised and his body is angled as if he is moving forward with the ball. The player in white on the right appears to be reaching out, possibly to block or steal the ball. Given this, the ball is most likely near Stojacic's right foot.",F6
1.png,1,"The player in cell F6 is in a low, forward-leaning stance with his right hand extended and fingers spread, as if reaching to dribble or catch the ball. The player in cell D5 is also focused on this area, suggesting the ball is near the right hand of the player in F6. The ball is likely on or just above the court surface near this player's hand.",F6
1.png,2,"The player in the dark blue jersey on the right side of the image (in columns 6-7) is in a crouched, forward-leaning position with his right hand extended downward, as if reaching for or dribbling a basketball. The other players are looking towards this player, indicating he is likely in possession of the ball. The ball is most likely near his hand, close to the ground.",F6
1.png,3,"The player in the dark blue jersey on the right side of the image (around column 7) is in a low, forward-leaning stance with his right hand extended downward, as if reaching for or dribbling a basketball. The other players are positioned around him, suggesting he is in control of the ball. The ball is likely near his hand, close to the ground.",
1.png,4,"The player in the dark blue jersey in cell F6 is reaching out with his right hand close to the ground, which suggests he is about to dribble or pick up the ball. The ball is likely near his hand on the court.",F6
1.png,5,"The player in the dark blue jersey on the right side of the image (in cell E7) is reaching out with his right hand and appears to be in a position to dribble or control the ball. The ball is likely near his hand, close to the ground. The other players are focused on him, indicating he has possession. Therefore, the ball is most likely located near his hand on the court.",E7
1.png,6,"The player in the dark blue jersey on the right side of the image is in a low, forward-leaning stance with his right hand extended downward, as if reaching to dribble or control the ball. The ball is likely near his hand, close to the ground. The most probable location is just in front of his right hand, which is around the intersection of row E and column 7.",E7
1.png,7,"The player in the dark blue jersey in cell F6 is reaching out with his right hand and appears to be in the act of dribbling or controlling the ball. The ball is likely near his hand, close to the ground. The other players are focused on him, indicating he has possession of the ball.",F6
1.png,8,"The player in the dark blue jersey on the right side of the image is in a low, forward-leaning stance with his right hand extended downward, as if reaching to dribble or control the ball. The ball is likely near his hand, close to the ground. The most probable location is just in front of his right hand, near the floor.",
1.png,9,"The player in cell F6 is in a low, forward-leaning stance with his right hand extended downward, which is a typical position for dribbling or reaching for the ball. The other players are focused on him, suggesting he has possession or is about to gain possession. Therefore, the ball is most likely near his right hand.",F6
1.png,10,"The player in the dark blue jersey on the right side of the image is in a low, forward-leaning stance with his right hand extended and close to the ground, which is a typical position for dribbling or reaching for the ball. The other players are looking towards this area, indicating the ball is likely near this player's hand. The ball is most likely on or near the court surface in front of this player.",
1.png,11,"The player in cell F6 is reaching out with his right hand in a manner that suggests he is about to dribble or catch the ball. The ball is likely near his hand, close to the ground. The other players are positioned around him, indicating he is in control of the ball.",F6
1.png,12,"The player in the dark blue jersey on the right side of the image is in a low, forward-leaning stance with his right hand extended and fingers spread, as if he is about to dribble or has just dribbled the ball. The ball is likely near his hand, close to the ground. The most probable location for the ball is near the player's right hand, which is positioned around the intersection of column 7 and row E.",E7
1.png,13,"The player in the dark blue jersey on the right side of the image is in a low, forward-leaning stance with his right hand extended and fingers spread, as if he is about to dribble or has just dribbled the ball. The ball is likely near his hand, close to the ground. The most probable location for the ball is near the player's right hand, which is around the intersection of row E and column 7.",E7
1.png,14,"The player in cell E6 is reaching out with his right hand and appears to be in a position to dribble or catch the ball. The ball is likely near his hand, close to the ground, as he is in a low, athletic stance typical for handling the ball in basketball.",E6
1.png,15,"The player in cell E6 is in a low, forward-leaning stance with his right hand extended downward, which is a typical position for dribbling or reaching for the ball. The other players are positioned around him, suggesting he is controlling the ball. Therefore, the ball is most likely near his right hand, close to the ground in cell E6.",E6
1.png,16,"The player in the dark blue jersey on the right side of the image is in a low, forward-leaning stance with his right hand extended and fingers spread, as if reaching to dribble or catch the ball. The ball is likely near his hand, close to the ground. This position is around the middle-right part of the image, near the player's feet.",
1.png,17,"The player in cell E6 is in a low, defensive stance with his right hand extended forward, as if reaching for or dribbling a ball. The player in cell D5 is also focused on this area, suggesting the ball is near the interaction between these two players. Given the typical basketball posture and the positioning of the players, the ball is most likely near the ground around the right hand of the player in E6.",E6
1.png,18,"The player in cell F6 is in a low, forward-leaning stance with his right hand extended downward, suggesting he is about to dribble or has just dribbled the ball. The ball is likely near his hand on the court. No other player is in a position that indicates they are holding or reaching for the ball.",F6
1.png,19,"The player in the dark blue jersey on the right side of the image is in a low, forward-leaning stance with his right hand extended downward, as if dribbling or about to dribble the ball. The ball is likely near his hand, close to the ground. The most probable location is just in front of his right hand, near the floor.",
1.png,20,"The player in the dark blue jersey on the right side of the image (in cell E7) is reaching out with his right hand and appears to be in a position to dribble or control the ball. The ball is likely near his hand, close to the ground. The other players are focused on him, indicating he has possession of the ball.",E7
1.png,21,"The player in the dark blue jersey on the right side of the image is reaching out with his right hand and appears to be in the act of dribbling or controlling the ball. The ball is likely near his hand, close to the ground. The most probable location is just in front of his hand, near the floor.",
1.png,22,"The player in the dark blue jersey on the right side of the image is in a low, forward-leaning stance with his right hand extended downward, as if reaching to dribble or control the ball. The ball is likely near his hand, close to the ground. The most probable location is near the intersection of the player's hand and the floor.",F7
1.png,23,"The player in cell E6 is reaching out with his right hand and appears to be in a position to dribble or catch the ball. The ball is likely near his hand, close to the ground, as he is in a low, athletic stance typical for ball handling in basketball.",E6
1.png,24,"The player in cell E6 is in a low, forward-leaning stance with his right hand extended downward, as if dribbling or about to dribble the ball. The other players are positioned around him, suggesting he is in control of the ball. The ball is likely near his hand on the court.",E6
1.png,25,"The player in the dark blue jersey on the right side of the image (around columns 6-7) is in a low, forward-leaning stance with his right hand extended downward, as if dribbling or about to catch the ball. The other players are focused on this area, suggesting the ball is near his hand. The ball is likely close to the ground near his right foot.",
1.png,26,"The player in cell E6 is in a low, forward-leaning stance with his right hand extended and fingers spread, which is a typical position for dribbling or reaching for the ball. The player in cell D5 is facing him and appears to be in a defensive stance, focusing on the ball handler. Given these cues, the ball is most likely near the right hand of the player in E6, close to the ground.",E6
1.png,27,"The player in the dark blue jersey on the right side of the image is in a low, forward-leaning stance with his right hand extended downward, as if reaching to dribble or control the ball. The ball is likely near his hand, close to the ground. The most probable location is just in front of his right hand, near the floor.",
1.png,28,"The player in cell E6 is in a low, forward-leaning stance with his right hand extended downward, which is a typical position for dribbling or reaching for the ball. The other players are looking towards this area, indicating the ball is likely near this player's hand. The ball is most likely on or near the floor close to this player's right hand.",E6
1.png,29,"The player in the dark blue jersey on the right side of the image (in cells F6 and E7) is in a low, forward-leaning stance with his right hand extended and fingers spread, as if he is about to dribble or has just dribbled the ball. The player in the center (around D5) is also focused on this area, suggesting the ball is near the right player's hand. The ball is likely just in front of or under the right player's hand.",E7
1.png,30,"The player in the dark blue jersey on the right side of the image (in cell E7) is reaching out with his right hand and appears to be in a position to dribble or catch the ball. The other players are focused on this player, suggesting he has possession or is about to receive the ball. The ball is likely near his hand or just in front of it.",E7
1.png,31,"The player in the dark blue jersey with the number 8 on it is reaching out with his right hand and appears to be in the act of dribbling or catching the ball. The ball is likely near his hand, slightly in front of him and close to the ground. This position corresponds to the area just in front of his extended hand.",
1.png,32,"The player in cell E6 is reaching out with his right hand and his body posture suggests he is about to dribble or catch the ball. The ball is likely near his hand, close to the ground. The other players are focused on this player, indicating the ball is in his possession or very close to him.",E6
1.png,33,"The player in the dark blue jersey on the right side of the image (in cell F7) is in a low, forward-leaning stance with his right hand extended as if dribbling or about to catch the ball. The other players are looking towards this area, indicating the ball is likely near his hand. The ball is most likely close to the ground near his right hand.",F7
1.png,34,"The player in the dark blue jersey on the right side of the image is in a low, forward-leaning stance with his right hand extended downward, as if reaching to dribble or control the ball. The ball is likely near his hand, close to the ground. The most probable location is just in front of his right hand, near the floor.",
1.png,35,"The player in cell E6 is in a low, forward-leaning stance with his right hand extended and fingers spread, as if he is about to dribble or has just dribbled the ball. The player in cell E5 is facing him and appears to be defending closely, suggesting the ball is near the defender's position. Given the positioning and body language, the ball is most likely near the right hand of the player in E6, close to the ground.",E6
1.png,36,"The player in the dark blue jersey on the right side of the image (around columns 6-7) is in a low, forward-leaning stance with his right hand extended and fingers spread, as if he is about to dribble or catch the ball. The player in the center (around column 5) is facing him and appears to be in a defensive stance, focused on the ball handler. Given the positioning and body language, the ball is most likely near the right player's extended hand, close to the ground.",F6
1.png,37,"The player in cell E6 is in a low, forward-leaning stance with his right hand extended and fingers spread, as if he is about to dribble or has just dribbled the ball. The player in cell E5 is facing him and appears to be defending closely, suggesting the ball is near the defender's position. Given the typical basketball posture and interaction, the ball is most likely near the right hand of the player in E6, close to the ground.",E6
1.png,38,"The player in cell F6 is in a low, forward-leaning stance with his right hand extended and fingers spread, as if reaching to dribble or catch the ball. The player in cell D5 is facing him and appears to be defending closely, suggesting the ball is near the player in F6's hand. There is no visible ball, but the positioning and body language strongly indicate the ball is near the right hand of the player in F6.",F6
1.png,39,"The player in the dark blue jersey in cell F6 is in a low, forward-leaning stance with his right hand extended and fingers spread, which is a typical position for dribbling or reaching for the ball. The other players are positioned around him, suggesting he is the one controlling the ball. Therefore, the ball is most likely near his right hand.",F6
1.png,40,"The player in the dark blue jersey in cell F6 is reaching out with his right hand and appears to be in the act of dribbling or controlling the ball. The ball is likely near his hand, close to the ground. The other players are focused on him, indicating he has possession of the ball.",F6
1.png,41,"The player in cell F6 is in a low, forward-leaning stance with his right hand extended and fingers spread, which is a typical position for dribbling or reaching for the ball. The other players are looking towards this area, indicating the ball is likely near this player's hand. The ball is most likely just in front of or near the player's right hand in cell F6.",F6
1.png,42,"The player in cell E6 is in a low, forward-leaning stance with his right hand extended downward, which is a typical position for dribbling or controlling the basketball. The other players are positioned around him, seemingly focused on this player, indicating he likely has possession of the ball. Therefore, the ball is most likely near the player's right hand in cell E6.",E6
1.png,43,"The player in cell F6 is in a low, forward-leaning stance with his right hand extended and close to the ground, suggesting he is about to dribble or reach for the ball. The other players are positioned around him, indicating he is likely in control of the ball. Therefore, the ball is most likely near his right hand, close to the ground in cell F6.",F6
1.png,44,"The player in cell F6 is in a low, forward-leaning stance with his right hand extended and fingers spread, as if reaching to dribble or catch the ball. The player in cell E5 is facing him and appears to be defending closely, suggesting the ball is near the defender's position. Given the typical basketball posture and interaction, the ball is most likely near the right hand of the player in F6, around the area between E6 and F6.",F6
1.png,45,"The player in the dark blue jersey on the right side of the image is in a low, forward-leaning stance with his right hand extended downward, as if dribbling or about to dribble the ball. The ball is likely near his hand, close to the ground. The most probable location is just in front of his right hand, near the floor.",
1.png,46,"The player in the dark blue jersey on the right side of the image is reaching out with his right hand and appears to be in the act of dribbling or controlling the ball. The ball is likely near his hand, close to the ground. The most probable location is just in front of his hand, near the floor.",
1.png,47,"The player in the dark blue jersey on the right side of the image is in a low, forward-leaning stance with his right hand extended downward, as if dribbling or about to dribble the ball. The ball is likely near his hand, close to the ground. The most probable location is just in front of his right hand, near the floor.",
1.png,48,"The player in cell E6 is in a low, forward-leaning stance with his right hand extended downward, which is a typical position for dribbling or reaching for the ball. The player in cell E5 is facing him and appears to be in a defensive stance, focusing on the ball handler. Given the positioning and body language, the ball is most likely near the right hand of the player in E6, close to the ground.",E6
1.png,49,"The player in the dark blue jersey in cell E6 is reaching out with his right hand and appears to be in the act of dribbling or catching the ball. The ball is likely near his hand, slightly in front of him on the court. No other player is in a position to have the ball, and the player's posture suggests he is controlling it.",E6
1.png,50,"The player in the dark blue jersey on the right side of the image is in a low, forward-leaning stance with his right hand extended downward, as if dribbling or about to dribble the ball. The ball is likely near his hand, close to the ground. The most probable location is just in front of his right hand, near the floor.",
47.png,1,"The player in the gray uniform in cell F6 is jumping with his arm extended upwards, indicating he is likely attempting a shot or a layup. The ball is most likely just above his hand as he releases it towards the basket. The other players are looking up towards this area, supporting this inference.",E6
47.png,2,"The player in the gray uniform in cell F6 is jumping with his arm extended upward, which is a typical motion for shooting or attempting to catch the ball. The other players are looking towards this player and the space above his hand, indicating the ball is likely near his hand in the air.",F6
47.png,3,"The player in the gray uniform in cell F6 is jumping with his arm extended upward, as if attempting a shot or layup. The other players are looking towards his hand, indicating the ball is likely near his hand. Since the ball is missing, it is most likely located just above or near his outstretched hand.",F6
47.png,4,"The player in the gray uniform in cell F6 is jumping with his arm extended upward, which is a typical motion for attempting a shot or layup in basketball. The other players in yellow are looking towards his hand, indicating the ball is likely near his hand. Given the position and action, the ball is most likely just above or near his outstretched hand.",E6
47.png,5,"The player in the gray uniform in cell F6 is jumping with his arm fully extended upwards, indicating he is likely attempting a shot or a layup. The other players in yellow are looking towards his hand, suggesting the ball is near his raised hand. Therefore, the ball is most likely located just above or near his outstretched hand.",E6
47.png,6,"The player in the gray uniform in cell F6 is jumping with his arm extended upwards, which is a typical motion for shooting or attempting to catch the ball. The other players are looking towards the same area, indicating the ball is likely above or near his hand. The ball is most likely in the air just above his outstretched hand.",E6
47.png,7,"The player in the gray uniform in cell F6 is jumping with his arm extended upwards, indicating he is likely attempting a shot or a layup. The ball is most likely near his hand, above his head, as he is in the act of shooting. The other players are looking towards this area, supporting the idea that the ball is there.",F6
47.png,8,"The player in the gray uniform in cell F6 is jumping with his arm extended upward, as if attempting a shot or layup. The other players in yellow are looking towards his hand, indicating the ball is likely near his hand. The ball is most likely just above or near his outstretched hand.",E6
47.png,9,"The player in the gray uniform in cell F6 is jumping with his arm extended upward, indicating he is likely attempting a shot or layup. The ball is most likely just above his hand, near the basket. The basket is located in the upper right part of the image, around cells B7 and C7. Given the player's position and motion, the ball is probably in the space between his hand and the basket.",C7
47.png,10,"The player in the gray uniform in cell F6 is jumping with his arm extended upwards, which is a typical motion for shooting or attempting to catch the ball. The other players are looking towards the same area, indicating the ball is likely near his hand. The ball is most likely just above or near his outstretched hand.",F6
47.png,11,"The player in the gray uniform in cell F6 is jumping with his arm extended upwards, as if attempting a shot or layup. The other players are looking towards his hand, indicating the ball is likely near his outstretched hand. Since the ball is missing, it is most likely located just above or near his hand in the air.",F6
47.png,12,"The player in the gray uniform in cell E6 is jumping with his arm extended upward, which is a typical motion for shooting or attempting to catch the ball. The other players are looking towards the same area, indicating the ball is likely near his hand. Therefore, the ball is most likely located just above or near the player's outstretched hand in cell E6.",E6
47.png,13,"The player in the gray uniform in cell E6 is jumping with his arm extended upwards, as if attempting a shot or layup. The other players in yellow are looking towards his hand, indicating the ball is likely near his hand. Given the typical trajectory of a basketball shot, the ball is most likely just above or near his outstretched hand.",E6
47.png,14,"The player in the gray uniform in cell F6 is jumping with his arm extended upward, as if attempting a shot or layup. The other players are looking towards his hand, indicating the ball is likely near his hand. Since the ball is missing, it is most likely located just above or near his outstretched hand.",F6
47.png,15,"The player in the gray uniform in cell E6 is jumping with his arm extended upwards, indicating he is likely attempting a shot or layup. The other players in yellow are looking towards his hand, suggesting the ball is near his hand. Therefore, the ball is most likely located just above or near the outstretched hand of the jumping player.",E6
47.png,16,"The player in the gray uniform in cell F6 is jumping with his arm extended upward, which is a typical motion for attempting a shot or layup in basketball. The other players are looking towards his hand, indicating the ball is likely near his hand. Since the ball is missing, it is most likely located just above or near his outstretched hand.",F6
47.png,17,"The player in the gray uniform in cell F6 is jumping with his arm extended upwards, which is a typical motion for attempting a shot or a layup in basketball. The other players are looking towards his hand, indicating the ball is likely near his hand. Since the ball is missing, it is most likely located just above or near his outstretched hand.",F6
47.png,18,"The player in the gray uniform in cell F6 is jumping with his arm extended upwards, indicating he is likely attempting a shot or layup. The ball is most likely just above his hand, near the basket. The basket is located in the upper right part of the image, around cells B7 and C7, so the ball should be between the player's hand and the basket.",B7
47.png,19,"The player in the gray uniform in cell F6 is jumping with his arm extended upwards, as if attempting a shot or layup. The other players in yellow are looking towards his hand, indicating the ball is likely near his hand. The ball is most likely just above or near his outstretched hand.",E6
47.png,20,"The player in the gray uniform in cell E6 is jumping with his arm extended upward, as if attempting a shot or layup. The other players in yellow are looking towards his hand, indicating the ball is likely near his outstretched hand. The ball is most likely just above or near his hand in the air.",D6
47.png,21,"The player in the gray uniform in cell F6 is jumping with his arm extended upwards, which is a typical motion for attempting a shot or layup in basketball. The other players are looking towards his hand, indicating the ball is likely near his hand. Since the ball is missing, it is most likely located just above or near his outstretched hand.",F6
47.png,22,"The player in the gray uniform in cell F6 is jumping with his arm extended upwards, indicating he is likely attempting a shot or layup. The ball is most likely just above his hand, near the basket. The basket is located in the upper right part of the image, around cells B7 and C7, so the ball should be between the player's hand and the basket.",B7
47.png,23,"The player in the gray uniform in cell F6 is jumping with his arm extended upward, indicating he is likely attempting a shot or a pass. The ball is most likely just above his hand, in the air, as he is in the act of releasing it. The other players are looking towards that area, supporting this inference.",E6
47.png,24,"The player in the gray uniform in cell F6 is jumping with his arm extended upwards, indicating he is likely attempting a shot or layup. The ball is most likely just above his hand, near the basket. The basket is located in the upper right part of the image, around cells B7 and C7, so the ball should be between the player's hand and the basket.",C7
47.png,25,"The player in the gray uniform in cell F6 is jumping with his arm extended upwards, as if attempting a shot or layup. The ball is most likely near his hand, above the other players who are looking up towards that area. This suggests the ball is in the air near his outstretched hand.",F6
47.png,26,"The player in the gray uniform in cell F6 is jumping with his arm extended upwards, as if attempting a shot or layup. The ball is most likely near his hand, above the other players who are looking up and preparing to defend or rebound. Given the positioning and the action, the ball is probably just above or near his outstretched hand.",E6
47.png,27,"The player in the gray uniform in cell E6 is jumping with his arm extended upward, which is a typical motion for shooting or attempting to catch the ball. The other players around him are looking up towards his hand, indicating the ball is likely near his hand. Since the ball is missing, it is most likely located just above or near his outstretched hand.",E6
47.png,28,"The player in the gray uniform in cell E6 is jumping with his arm extended upward, which is a typical motion for shooting or attempting to catch the ball. The other players are looking towards this area, indicating the ball is likely near his hand. Given the height and position of his hand, the ball is most likely just above or near his outstretched hand.",D6
47.png,29,"The player in the gray uniform in cell E6 is jumping with his arm extended upward, as if attempting a shot or layup. The other players in yellow are looking towards his hand, indicating the ball is likely near his hand. Given the typical basketball play and the player's posture, the ball is most likely just above or near his outstretched hand.",D6
47.png,30,"The player in the gray uniform in cell F6 is jumping with his arm extended upward, as if attempting a shot or layup. The other players in yellow are looking towards his hand, indicating the ball is likely near his hand. Given the position and action, the ball is most likely just above or near his outstretched hand.",F6
47.png,31,"The player in the gray uniform in cell F6 is jumping with his arm extended upward, which is a typical motion for attempting a shot or a layup in basketball. The other players are looking towards his hand, indicating the ball is likely near his hand. Since the ball is missing, it is most likely located just above or near his outstretched hand.",F6
47.png,32,"The player in the gray uniform in cell F6 is jumping with his arm fully extended upwards, indicating he is likely attempting a shot or layup. The ball is most likely near his hand, above the other players who are looking up and reaching towards that area.",E6
47.png,33,"The player in the gray uniform in cell E7 is jumping with his arm extended upwards, which is a typical motion for attempting a shot or layup. The other players are looking towards his hand, indicating the ball is likely near his hand. Since the ball is missing, it is most likely located just above or near his outstretched hand.",D7
47.png,34,"The player in the gray uniform in cell F6 is jumping with his arm extended upward, which is a typical motion for shooting or attempting to catch the ball. The other players are looking towards this player and the area above him, indicating the ball is likely near his hand. Since the ball is missing, it is most likely located just above or near the player's outstretched hand.",F6
47.png,35,"The player in the gray uniform in cell F6 is jumping with his arm extended upwards, which is a typical motion for attempting a shot or layup in basketball. The other players are looking towards his hand, indicating the ball is likely near his hand. The ball is most likely just above or near his outstretched hand.",F6
47.png,36,"The player in the gray uniform in cell F6 is jumping with his arm extended upwards, which is a typical motion for shooting or attempting to catch the ball. The other players are looking towards the same area, indicating the ball is likely near his hand. The ball is most likely just above or near his outstretched hand.",E6
47.png,37,"The player in the gray uniform in cell F6 is jumping with his arm extended upwards, which is a typical motion for shooting or attempting to catch the ball. The other players are looking towards the same area, indicating the ball is likely above or near his hand. Given the height and position of his hand, the ball is most likely just above or near his outstretched hand.",E6
47.png,38,"The player in the gray uniform in cell F6 is jumping with his arm extended upwards, indicating he is likely attempting a shot or a layup. The ball is most likely just above his hand, as this is the typical position for a basketball during a shot attempt.",F6
47.png,39,"The player in the gray uniform in cell F6 is jumping with his arm extended upwards, which is a typical motion for shooting or attempting to catch the ball. The other players are looking towards this area, indicating the ball is likely near his hand. Therefore, the ball is most likely located just above or near his outstretched hand in the upper part of cell F6.",F6
47.png,40,"The player in the gray uniform in cell F6 is jumping with his arm extended upwards, as if attempting a shot or layup. The other players in yellow are looking towards his hand, indicating the ball is likely near his hand. Given the typical basketball play and the player's posture, the ball is most likely just above or near his outstretched hand.",F6
47.png,41,"The player in the gray uniform in cell F6 is jumping with his arm extended upwards, indicating he is likely attempting a shot or a layup. The ball is most likely just above his hand, near the basket. The basket is located in the upper right part of the image, around cells B7 and C7. Given the player's position and action, the ball is probably in the space between his hand and the basket.",C7
47.png,42,"The player in the gray uniform in cell F6 is jumping with his arm extended upwards, which is a typical motion for shooting or attempting to catch the ball. The other players are looking towards this player and the area above him, indicating the ball is likely near his hand. Therefore, the ball is most likely located just above or near the hand of the player in gray in cell F6.",F6
47.png,43,"The player in the gray uniform in cell E7 is jumping with his arm extended upward, indicating he is likely attempting a shot or layup. The ball is most likely near his hand, above the other players who are looking up and preparing to defend or rebound.",E7
47.png,44,"The player in the gray uniform in cell F6 is jumping with his arm extended upwards, as if attempting a shot or layup. The other players are looking towards his hand, indicating the ball is likely near his outstretched hand. Given the trajectory and positioning, the ball is most likely just above or near his hand in the air.",F6
47.png,45,"The player in the gray uniform in cell E6 is jumping with his arm extended upwards, which is a typical motion for shooting or attempting to catch the ball. The other players are looking towards this area, indicating the ball is likely near his hand. Given the height and position of his hand, the ball is most likely just above or near his outstretched hand.",E6
47.png,46,"The player in the gray uniform in cell F6 is jumping with his arm extended upwards, indicating he is likely attempting a shot or layup. The ball is most likely near his hand, above the other players who are looking up and reaching towards that area.",F6
47.png,47,"The player in the gray uniform in cell E6 is jumping with his arm extended upwards, indicating he is likely attempting a shot or a layup. The ball is most likely just above his hand, in the air, as he is in the act of shooting. The other players are looking towards this area, supporting the idea that the ball is near the shooter's hand.",D6
47.png,48,"The player in the gray uniform in cell F6 is jumping with his arm extended upwards, which is a typical motion for attempting a shot or layup in basketball. The other players are looking towards his hand, indicating the ball is likely near his hand. Therefore, the ball is most likely located just above or near the player's outstretched hand in cell F6.",F6
47.png,49,"The player in the gray uniform in cell F6 is jumping with his arm extended upwards, which is a typical motion for shooting or attempting to catch the ball. The other players are looking towards this player and the area above him, indicating the ball is likely near his hand. Therefore, the ball is most likely located just above or near the outstretched hand of the player in gray in cell F6.",F6
47.png,50,"The player in the gray uniform in cell E6 is jumping with his arm extended upwards, which is a typical motion for shooting or reaching for the ball. The other players are looking towards this area, indicating the ball is likely near his hand. Given the height and position of his hand, the ball is most likely just above or near his outstretched hand.",D6
46.png,1,"The player in white in cell E6 appears to be in a motion consistent with dribbling or preparing to catch the ball. Her hands are positioned as if she is about to receive or control the ball. The other players are looking towards this area, indicating the ball is likely near her.",E6
46.png,2,"The player in white in cell E6 appears to be in a motion that suggests she is about to catch or has just released the ball. The player in blue in cell C4 has her hands raised, likely in an attempt to block or intercept the ball. Given the positions and body language of the players, the ball is most likely in the air between these two players, around the area where their hands are directed.",D5
46.png,3,"The player in white in cell F6 is in a running stance with her right arm extended forward and her left arm bent, which suggests she is likely holding or about to catch the ball. The other players are looking towards this area, indicating the ball is likely near her. The ball is most likely in front of her right hand.",F6
46.png,4,"The player in white in cell E6 is in a running motion with her right arm extended forward and her left arm bent, which is a typical posture for someone dribbling or holding a basketball. The ball is likely near her right hand, which is just slightly to the right of her body. This places the ball in the adjacent cell to the right of E6.",E7
46.png,5,"The player in white in cell F6 is in a running motion with her right arm extended forward and her left arm bent, which is a typical posture for someone dribbling or holding a basketball. The other players are looking towards this player, indicating she likely has the ball. The ball is most likely near her right hand or slightly ahead of her in the direction she is moving.",F6
46.png,6,"The player in white in the center of the image appears to be in a motion that suggests she is about to catch or dribble the ball. Her hands are positioned in front of her body, and the other players are looking towards that area, indicating the ball is likely near her. The most probable location for the ball is just in front of her hands.",F6
46.png,7,"The player in white in cell F6 is in a running stance with her right arm extended forward and her left arm bent, which suggests she is likely holding or about to catch the ball. The other players' attention and body orientation also seem to be directed towards this area. Therefore, the ball is most likely near her right hand.",F6
46.png,8,"The player in white in cell E6 appears to be in a position to either catch or dribble the ball, with her hands and body oriented towards the space just in front of her. The player in blue in cell D4 is also reaching out, possibly trying to intercept or block the ball. Given the typical flow of basketball play and the positioning of the players, the ball is most likely located near the player in white, around her hands or just ahead of her.",E6
46.png,9,"The player in white in the center of the image appears to be in a motion consistent with dribbling or preparing to catch the ball. Her right hand is positioned as if it is about to receive or control the ball. The ball is likely near her hand, slightly in front of her. Given the positions of the players and the typical flow of basketball play, the ball is most likely located near the center of the image, around the area where her hand is extended.",E6
46.png,10,"The player in white in cell E6 is in a running motion with her right arm extended forward, which is a typical position for dribbling or holding a basketball. The other players are looking towards this area, indicating the ball is likely near her. The ball is most likely just in front of or near her right hand.",E6
46.png,11,"The player in white in cell F6 is in a running stance with her right arm extended forward, which suggests she is likely holding or about to catch the ball. The other players' attention and body orientation also seem to be directed towards this area, indicating the ball is likely near her.",F6
46.png,12,"The player in white in cell F6 appears to be in a motion that suggests she is about to catch or dribble the ball. Her hands are positioned in front of her, and the other players' attention seems to be directed towards that area. The ball is likely near her hands or just in front of her.",F6
46.png,13,"The player in white in the center of the image appears to be in a motion that suggests she is about to catch or dribble the ball. Her hands are positioned in front of her body, and the other players are looking towards that area, indicating the ball is likely near her. The ball is most likely located near her hands, which are around the intersection of row D and columns 5-6.",D5
46.png,14,"The player in white in cell F6 is in a running stance with her right arm extended forward and her left arm bent, which is a typical position for someone dribbling or holding a basketball. The other players are looking towards her, indicating she likely has the ball. The ball is most likely near her right hand, which is in the area of cell F6.",F6
46.png,15,"The player in white in cell F6 appears to be in a running motion with her right arm extended forward, which is a common position for holding or reaching for the basketball. The other players are looking towards this area, suggesting the ball is likely near her hand. The ball is most likely just in front of or near her right hand.",F6
46.png,16,"The player in white in cell E6 appears to be in a position to either catch or dribble the ball, with her hands and body oriented towards the space just in front of her. The other players are looking or moving towards that area, suggesting the ball is likely near her hands or just ahead of her. The ball is most likely in the space between her hands and the ground, which corresponds to cell E6.",E6
46.png,17,"The player in white in cell F6 is in a running motion with her right arm extended forward, which is a typical position for dribbling or holding a basketball. The other players are looking towards this area, indicating the ball is likely near her. The ball is most likely just in front of or near her right hand.",F6
46.png,18,"The player in white in cell E6 appears to be in a motion that suggests she is about to catch or dribble the ball. Her hands are positioned in front of her, and the other players' attention seems to be directed towards that area. The ball is likely near her hands or just in front of her.",E6
46.png,19,"The player in white in cell F6 is in a running stance with her right arm extended forward and her left arm bent, which suggests she is likely holding or about to catch the ball. The other players are positioned around her, indicating she is the focus of the play. The ball is most likely near her right hand.",F6
46.png,20,"The player in white in the center of the image appears to be in motion and looking slightly downward and to her left, with her right arm bent as if she is about to catch or dribble the ball. The player in blue to her left (grid D4) has her arms raised, possibly trying to block or defend. Given the positioning and body language, the ball is most likely near the white player's right hand, which is around the intersection of columns 5 and 6 and row D or E.",D5
46.png,21,"The player in white in cell E6 appears to be in a motion that suggests she has just passed or is about to catch the ball. The player in blue in cell B5 has her hands raised, likely trying to block or intercept the ball. Given the positions and gestures of the players, the ball is most likely in the air between these two players, around the middle of the image.",C5
46.png,22,"The player in white in cell E6 appears to be in a motion consistent with dribbling or controlling the ball, with her right hand positioned as if it is about to make contact with or has just released the ball. The other players are looking towards this area, indicating the ball is likely near her. The ball is most likely just in front of or slightly below her hand.",F6
46.png,23,"The player in white in cell F6 is in a running motion with her right arm extended forward, which is a typical position for dribbling or holding a basketball. The other players are looking towards this area, indicating the ball is likely near her. The ball is most likely just in front of or near her right hand.",F6
46.png,24,"The player in white in cell F6 is in a running motion with her right arm extended forward, which is a typical position for dribbling or holding a basketball. The other players are looking towards this area, indicating the ball is likely near her. The ball is most likely just in front of her right hand.",F6
46.png,25,"The player in white in cell F6 is in a running stance and appears to be looking slightly downward and to her left, suggesting she might be dribbling or about to receive the ball. The player in blue in cell D4 has her arms raised, possibly trying to block or intercept the ball. Given the positions and body language of the players, the ball is most likely near the player in white in cell F6, possibly just in front of her or near her hands.",F6
46.png,26,"The player in white in cell F6 is in a running stance with her right arm extended forward and her left arm bent, which suggests she is likely holding or about to catch the ball. The other players are looking towards this area, indicating the ball is likely near her. The ball is most likely in front of her, around the area where her right hand is positioned.",F6
46.png,27,"The player in white in cell F6 is in a running motion with her right arm extended forward and her left arm bent, which is a typical posture for someone dribbling or holding a basketball. The other players are positioned around her, suggesting she is the one controlling the ball. The ball is likely near her right hand or just in front of her.",F6
46.png,28,"The player in white in cell F6 is in a running stance with her right arm extended forward and her left arm bent, which suggests she is likely holding or about to catch the ball. The other players are looking towards this area, indicating the ball is likely near her. The ball is most likely in front of her, around the area where her right hand is positioned.",F6
46.png,29,"The player in white in cell F6 is in a running motion with her right arm extended forward and her left arm bent, which is a typical posture for someone dribbling or holding a basketball. The other players are looking towards her, indicating she likely has the ball. The ball is most likely near her right hand, which is in cell F6.",F6
46.png,30,"The player in white in cell F6 is in a running stance and appears to be looking slightly upward and to her left, which suggests she might be tracking the ball. The player in blue in cell C4 has her arms raised as if she is either about to catch or block the ball. Given the positions and body language of the players, the ball is most likely in the air between these two players, around the area where the player in blue is reaching. This places the ball near the intersection of columns 4 and 5, and rows C and D.",D4
46.png,31,"The player in white in cell F6 is in a running motion with her right arm extended forward and her left arm bent, which is a typical posture for someone dribbling or holding a basketball. The other players are looking towards this player, indicating she likely has the ball. The ball is most likely near her right hand, which is around the middle of cell F6.",F6
46.png,32,"The player in white in the center of the image appears to be in a motion consistent with dribbling or passing the ball. Her right hand is positioned as if it is about to make contact with or has just released the ball. The ball is likely near her right hand, which is around the middle of the image horizontally and slightly above the center vertically.",E6
46.png,33,"The player in white in cell F6 appears to be in a running motion with her right arm extended forward, which is a common position for holding or reaching for a basketball. The other players are looking towards this area, suggesting the ball is likely near her hand or just ahead of her. Therefore, the ball is most likely located in the cell where her hand is extended.",F6
46.png,34,"The player in white in cell F6 is in a running stance and appears to be looking slightly downward and to her left, suggesting she might be dribbling or about to catch the ball. The player in blue in cell B4 has her arms raised, possibly trying to block or defend. Given the positions and body language, the ball is most likely near the player in white's hands or just in front of her as she moves forward.",F6
46.png,35,"The player in white in cell F6 is in a running motion with her right arm extended forward and her left arm bent, which is a typical posture for someone dribbling or holding a basketball. The ball is likely near her right hand, which is just to the right of her body. This places the ball slightly to the right of the center of cell F6.",F6
46.png,36,"The player in white in cell F6 is in a running stance and appears to be looking slightly downward and to her left, which suggests she might be dribbling or about to catch the ball. The player in blue in cell B5 has her arms raised, possibly trying to block or defend. Given the positions and body language, the ball is most likely near the player in white's hands or just in front of her.",F6
46.png,37,"The player in white in cell E6 appears to be in a motion consistent with dribbling or controlling the ball, with her right hand positioned as if it is about to make contact with or is already in contact with the ball. The other players are looking towards this area, indicating the ball is likely near her. The ball is most likely near her feet or just in front of her right leg.",E6
46.png,38,"The player in white in cell E6 appears to be in a position to either catch or dribble the ball, with her hands and body oriented towards the space just in front of her. The other players are looking or moving towards that area as well, indicating the ball is likely near her. The ball is most likely in the air or just about to be caught around this location.",E6
46.png,39,"The player in white in cell E6 appears to be in a motion consistent with dribbling or controlling the ball, with her hand positioned as if she is about to catch or push the ball. The other players are looking towards this area, indicating the ball is likely near her. The ball is most likely just in front of or near her hand.",E6
46.png,40,"The player in white in cell F6 is in a running motion with her right arm extended forward and her left arm bent, which is a typical posture for someone dribbling or holding a basketball. The other players are looking towards her, indicating she likely has the ball. The ball is most likely near her right hand, which is in cell F6.",F6
46.png,41,"The player in white in cell E6 appears to be in a motion that suggests she has just passed or is about to catch the ball. The player in blue in cell B5 has her hands raised, likely trying to block or intercept the ball. Given the positions and gestures of the players, the ball is most likely in the air between these two players, around the middle of the image.",C5
46.png,42,"The player in white in cell E6 appears to be in a position to either catch or dribble the ball, with her hands and body oriented towards the space just in front of her. The other players are also looking towards this area, indicating the ball is likely near her. The ball is most likely in the space just in front of this player, around the area where her hands would be if she were holding or about to receive it.",E6
46.png,43,"The player in white in cell F6 is in a running motion with her right arm extended forward, which suggests she is likely holding or about to catch the ball. The other players' attention and body orientation also seem to be directed towards this area, indicating the ball is most likely near her.",F6
46.png,44,"The player in white in cell F6 is in a running motion with her right arm extended forward, which is a typical position for holding or dribbling a basketball. The other players are looking towards this area, indicating the ball is likely near her. The ball is most likely just in front of or near her right hand.",F6
46.png,45,"The player in white in cell F6 is in a running stance with her right arm extended forward, which suggests she is likely holding or about to catch the ball. The other players' attention and body orientation also seem to be directed towards this area, indicating the ball is most likely near her.",F6
46.png,46,"The player in white in cell F6 appears to be in a running motion with her right arm extended forward, which is a common position for holding or reaching for a basketball. The other players are looking towards this area, suggesting the ball is likely near her. The ball is most likely in front of or near her right hand.",F6
46.png,47,"The player in white in cell E6 appears to be in a position to either catch or dribble the ball, with her hands and body oriented towards the space just in front of her. The other players are looking or moving towards that area, indicating the ball is likely near her. The ball is most likely in the space just in front of her hands.",E6
46.png,48,"The player in white in the center of the image appears to be in a motion that suggests she is about to catch or dribble the ball. Her hands are positioned in front of her body, and the other players are looking towards that area, indicating the ball is likely near her. The most probable location for the ball is just in front of her hands.",F6
46.png,49,"The player in white in cell F6 is in a running stance with her right arm extended forward and her left arm bent, which is a typical position for someone dribbling or holding a basketball. The other players are looking towards this area, indicating the ball is likely near her. The ball is most likely just in front of her right hand, which would place it in the adjacent cell to the right.",F7
46.png,50,"The player in white in cell E6 appears to be in a motion consistent with dribbling or controlling the ball, with her hand positioned as if she is about to catch or push the ball. The other players are looking towards this area, indicating the ball is likely near her. The ball is most likely just in front of or near her right hand.",E6
