image,iteration,reasoning,cell
18.png,1,"The ball is likely located in the area where the player in the red jersey appears to be jumping, as this is the typical position for a volleyball player to hit the ball. Given the trajectory and the player's body posture, it is reasonable to infer that the ball was just hit by the player in the red jersey.",F3
18.png,2,"The ball is likely located in the area where the player in the red jersey appears to be jumping, as this is the typical position for a volleyball player to hit the ball. Given the trajectory and the player's body posture, it is reasonable to infer that the ball was just hit by the player in the red jersey.",F3
18.png,3,"The ball is likely located in the area where the player in the red jersey appears to be jumping, as this is the typical position for a volleyball player to hit the ball. Given the trajectory and the player's body posture, it is reasonable to infer that the ball was just hit by the player in the red jersey.",F3
18.png,4,"The ball is likely located in the area where the player in the red jersey appears to be jumping, as this is the typical position for a volleyball player to hit the ball. Given the trajectory and the player's body posture, it is reasonable to infer that the ball was just hit by the player in the red jersey.",F3
18.png,5,"The ball is likely located in the area where the player in the red jersey appears to be jumping, as this is the typical position for a volleyball player to hit the ball. Given the trajectory and the player's body posture, it is reasonable to infer that the ball was just hit by the player in the red jersey.",F3
18.png,6,"The ball is likely located in the area where the player in the red jersey appears to be jumping, as this is the typical position for a volleyball player to hit the ball. Given the trajectory and the player's body posture, it is reasonable to infer that the ball was just hit by the player in the red jersey.",F3
18.png,7,"The ball is likely located in the area where the player in the red jersey appears to be jumping, as this is the typical position for a volleyball player to hit the ball. Given the trajectory and the player's body posture, it is reasonable to infer that the ball was just hit by the player in the red jersey.",F3
18.png,8,"The ball is likely located in the area where the player in the red jersey appears to be jumping, as this is the typical position for a volleyball player to hit the ball. Given the trajectory and the player's body posture, it is reasonable to infer that the ball was just hit by the player in the red jersey.",F3
18.png,9,"The ball is likely located in the area where the player in the red jersey appears to be jumping, as this is the typical position for a volleyball player to hit the ball. Given the trajectory and the player's body posture, it is reasonable to infer that the ball was just hit by the player in the red jersey.",F3
18.png,10,"The ball is likely located in the area where the player in the red jersey appears to be jumping, as this is the typical position for a volleyball player to hit the ball. Given the trajectory and the player's body posture, it is reasonable to infer that the ball was just hit by the player in the red jersey.",F3
18.png,11,"The ball is likely located in the area where the player in the red jersey appears to be jumping, as this is the typical position for a volleyball player to hit the ball. Given the trajectory and the player's body posture, it is reasonable to infer that the ball was just hit by the player in the red jersey.",F3
18.png,12,"The ball is likely located in the area where the player in the red jersey appears to be jumping, as this is the typical position for a volleyball player to hit the ball. Given the trajectory and the player's body posture, it is reasonable to infer that the ball was just hit by the player in the red jersey.",F3
18.png,13,"The ball is likely located in the area where the player in the red jersey appears to be jumping, as this is the typical position for a volleyball player to hit the ball. Given the trajectory and the player's body posture, it is reasonable to infer that the ball was just hit by the player in the red jersey.",F3
18.png,14,"The ball is likely located in the area where the player in the red jersey appears to be jumping, as this is the typical position for a volleyball player to hit the ball. Given the trajectory and the player's body posture, it is reasonable to infer that the ball was just hit by the player in the red jersey.",F3
18.png,15,"The ball is likely located in the area where the player in the red jersey appears to be jumping, as this is the typical position for a volleyball player to hit the ball. Given the trajectory and the player's body posture, it is reasonable to infer that the ball was just hit by the player in the red jersey.",F3
18.png,16,"The ball is likely located in the area where the player in the red jersey appears to be jumping, as this is the typical position for a volleyball player to hit the ball. Given the trajectory and the player's body posture, it is reasonable to infer that the ball was just hit by the player in the red jersey.",F3
18.png,17,"The ball is likely located in the area where the player in the red jersey appears to be jumping, as this is the typical position for a volleyball player to hit the ball. Given the trajectory and the player's body posture, it is reasonable to infer that the ball was just hit by the player in the red jersey.",F3
18.png,18,"The ball is likely located in the area where the player in the red jersey appears to be jumping, as this is the typical position for a volleyball player to hit the ball. Given the trajectory and the player's body posture, it is reasonable to infer that the ball was just hit by the player in the red jersey.",F3
18.png,19,"The ball is likely located in the area where the player in the red jersey appears to be jumping, as this is the typical position for a volleyball player to hit the ball. Given the trajectory and the player's body posture, it is reasonable to infer that the ball was just hit by the player in the red jersey.",F3
18.png,20,"The ball is likely located in the area where the player in the red jersey appears to be jumping, as this is the typical position for a volleyball player to hit the ball. Given the trajectory and the player's body posture, it is reasonable to infer that the ball was just hit by the player in the red jersey.",F3
18.png,21,"The ball is likely located in the area where the player in the red jersey appears to be jumping, as this is the typical position for a volleyball player to hit the ball. Given the trajectory and the player's body posture, it is reasonable to infer that the ball was just hit by the player in the red jersey.",F3
18.png,22,"The ball is likely located in the area where the player in the red jersey appears to be jumping, as this is the typical position for a volleyball player to hit the ball. Given the trajectory and the player's body posture, it is reasonable to infer that the ball was just hit by the player in the red jersey.",F3
18.png,23,"The ball is likely located in the area where the player in the red jersey appears to be jumping, as this is the typical position for a volleyball player to hit the ball. Given the trajectory and the player's body posture, it is reasonable to infer that the ball was just hit by the player in the red jersey.",F3
18.png,24,"The ball is likely located in the area where the player in the red jersey appears to be jumping, as this is the typical position for a volleyball player to hit the ball. Given the trajectory and the player's body posture, it is reasonable to infer that the ball was just hit by the player in the red jersey.",F3
18.png,25,"The ball is likely located in the area where the player in the red jersey appears to be jumping, as this is the typical position for a volleyball player to hit the ball. Given the trajectory and the player's body posture, it is reasonable to infer that the ball was just hit by the player in the red jersey.",F3
18.png,26,"The ball is likely located in the area where the player in the red jersey appears to be jumping, as this is the typical position for a volleyball player to hit the ball. Given the trajectory and the player's body posture, it is reasonable to infer that the ball was just hit by the player in the red jersey.",F3
18.png,27,"The ball is likely located in the area where the player in the red jersey appears to be jumping, as this is the typical position for a volleyball player to hit the ball. Given the trajectory and the player's body posture, it is reasonable to infer that the ball was just hit by the player in the red jersey.",F3
18.png,28,"The ball is likely located in the area where the player in the red jersey appears to be jumping, as this is the typical position for a volleyball player to hit the ball. Given the trajectory and the player's body posture, it is reasonable to infer that the ball was just hit by the player in the red jersey.",F3
18.png,29,"The ball is likely located in the area where the player in the red jersey appears to be jumping, as this is the typical position for a volleyball player to hit the ball. Given the trajectory and the player's body posture, it is reasonable to infer that the ball was just hit by the player in the red jersey.",F3
18.png,30,"The ball is likely located in the area where the player in the red jersey appears to be jumping, as this is the typical position for a volleyball player to hit the ball. Given the trajectory and the player's body posture, it is reasonable to infer that the ball was just hit by the player in the red jersey.",F3
18.png,31,"The ball is likely located in the area where the player in the red jersey appears to be jumping, as this is the typical position for a volleyball player to hit the ball. Given the trajectory and the player's body posture, it is reasonable to infer that the ball was just hit by the player in the red jersey.",F3
18.png,32,"The ball is likely located in the area where the player in the red jersey appears to be jumping, as this is the typical position for a volleyball player to hit the ball. Given the trajectory and the player's body posture, it is reasonable to infer that the ball was just hit by the player in the red jersey.",F3
18.png,33,"The ball is likely located in the area where the player in the red jersey appears to be jumping, as this is the typical position for a volleyball player to hit the ball. Given the trajectory and the player's body posture, it is reasonable to infer that the ball was just hit by the player in the red jersey.",F3
18.png,34,"The ball is likely located in the area where the player in the red jersey appears to be jumping, as this is the typical position for a volleyball player to hit the ball. Given the trajectory and the player's body posture, it is reasonable to infer that the ball was just hit by the player in the red jersey.",F3
18.png,35,"The ball is likely located in the area where the player in the red jersey appears to be jumping, as this is the typical position for a volleyball player to hit the ball. Given the trajectory and the player's body posture, it is reasonable to infer that the ball was just hit by the player in the red jersey.",F3
18.png,36,"The ball is likely located in the area where the player in the red jersey appears to be jumping, as this is the typical position for a volleyball player to hit the ball. Given the trajectory and the player's body posture, it is reasonable to infer that the ball was just hit by the player in the red jersey.",F3
18.png,37,"The ball is likely located in the area where the player in the red jersey appears to be jumping, as this is the typical position for a volleyball player to hit the ball. Given the trajectory and the player's body posture, it is reasonable to infer that the ball was just hit by the player in the red jersey.",F3
18.png,38,"The ball is likely located in the area where the player in the red jersey appears to be jumping, as this is the typical position for a volleyball player to hit the ball. Given the trajectory and the player's body posture, it is reasonable to infer that the ball was just hit by the player in the red jersey.",F3
18.png,39,"The ball is likely located in the area where the player in the red jersey appears to be jumping, as this is the typical position for a volleyball player to hit the ball. Given the trajectory and the player's body posture, it is reasonable to infer that the ball was just hit by the player in the red jersey.",F3
18.png,40,"The ball is likely located in the area where the player in the red jersey appears to be jumping, as this is the typical position for a volleyball player to hit the ball. Given the trajectory and the player's body posture, it is reasonable to infer that the ball was just hit by the player in the red jersey.",F3
18.png,41,"The ball is likely located in the area where the player in the red jersey appears to be jumping, as this is the typical position for a volleyball player to hit the ball. Given the trajectory and the player's body posture, it is reasonable to infer that the ball was just hit by the player in the red jersey.",F3
18.png,42,"The ball is likely located in the area where the player in the red jersey appears to be jumping, as this is the typical position for a volleyball player to hit the ball. Given the trajectory and the player's body posture, it is reasonable to infer that the ball was just hit by the player in the red jersey.",F3
18.png,43,"The ball is likely located in the area where the player in the red jersey appears to be jumping, as this is the typical position for a volleyball player to hit the ball. Given the trajectory and the player's body posture, it is reasonable to infer that the ball was just hit by the player in the red jersey.",F3
18.png,44,"The ball is likely located in the area where the player in the red jersey appears to be jumping, as this is the typical position for a volleyball player to hit the ball. Given the trajectory and the player's body posture, it is reasonable to infer that the ball was just hit by the player in the red jersey.",F3
18.png,45,"The ball is likely located in the area where the player in the red jersey appears to be jumping, as this is the typical position for a volleyball player to hit the ball. Given the trajectory and the player's body posture, it is reasonable to infer that the ball was just hit by the player in the red jersey.",F3
18.png,46,"The ball is likely located in the area where the player in the red jersey appears to be jumping, as this is the typical position for a volleyball player to hit the ball. Given the trajectory and the player's body posture, it is reasonable to infer that the ball was just hit by the player in the red jersey.",F3
18.png,47,"The ball is likely located in the area where the player in the red jersey appears to be jumping, as this is the typical position for a volleyball player to hit the ball. Given the trajectory and the player's body posture, it is reasonable to infer that the ball was just hit by the player in the red jersey.",F3
18.png,48,"The ball is likely located in the area where the player in the red jersey appears to be jumping, as this is the typical position for a volleyball player to hit the ball. Given the trajectory and the player's body posture, it is reasonable to infer that the ball was just hit by the player in the red jersey.",F3
18.png,49,"The ball is likely located in the area where the player in the red jersey appears to be jumping, as this is the typical position for a volleyball player to hit the ball. Given the trajectory and the player's body posture, it is reasonable to infer that the ball was just hit by the player in the red jersey.",F3
18.png,50,"The ball is likely located in the area where the player in the red jersey appears to be jumping, as this is the typical position for a volleyball player to hit the ball. Given the trajectory and the player's body posture, it is reasonable to infer that the ball was just hit by the player in the red jersey.",F3
32.png,1,"The ball is likely located in the center of the court, near the net, as it appears that a player on the orange team has just hit the ball over the net towards the red team's side. This is a common position for a volleyball to be after a serve or a spike.",F5
32.png,2,"The ball is likely located in the center of the court, near the net, as it appears that a player on the orange team has just hit the ball over the net towards the red team's side. This is a common position for a volleyball to be after a serve or a spike.",F5
32.png,3,"The ball is likely located in the center of the court, near the net, as it appears that a player on the red team has just hit the ball over the net towards the opposing team's side. This is indicated by the positioning of the players and the direction of their movements.",F5
32.png,4,"The ball is likely located in the center of the court, near the net, as it appears that a player on the red team has just hit the ball over the net towards the opposing team's side. This is indicated by the positioning of the players and the direction of their movements.",F5
32.png,5,"The ball is likely located in the center of the court, near the net, as it appears that a player on the red team has just hit the ball over the net towards the opposing team's side. This is indicated by the positioning of the players and the direction of their movements.",F5
32.png,6,"The ball is likely located in the center of the court, near the net, as it appears that a player on the red team has just hit the ball over the net towards the opposing team's side. This is indicated by the positioning of the players and the direction of their movements.",F5
32.png,7,"The ball is likely located in the center of the court, near the net, as it appears that a player on the red team has just hit the ball over the net towards the opposing team's side. This is indicated by the positioning of the players and the direction of their movements.",F5
32.png,8,"The ball is likely located in the center of the court, near the net, as it appears that a player on the orange team has just hit the ball over the net towards the red team's side. This is a common point of contact for a volleyball during play.",F5
32.png,9,"The ball is likely located in the center of the court, near the net, as it appears that a player on the orange team has just hit the ball over the net towards the red team's side. This is a common position for a volleyball to be after a serve or a spike.",F5
32.png,10,"The ball is likely located in the center of the court, near the net, as it appears that a player on the red team has just hit the ball over the net towards the opposing team's side. This is indicated by the positioning of the players and the direction of their movements.",F5
32.png,11,"The ball is likely located in the center of the court, near the net, as it appears that a player on the orange team has just hit the ball over the net towards the red team's side. This is a common position for a volleyball to be after a serve or a spike.",F5
32.png,12,"The ball is likely located in the center of the court, near the net, as it appears that a player on the red team has just hit the ball over the net towards the opposing team's side. This is indicated by the positioning of the players and the direction of their movements.",F5
32.png,13,"The ball is likely located in the center of the court, near the net, as it appears that a player on the orange team has just hit the ball over the net towards the red team's side. This is a common position for a volleyball to be after a serve or a spike.",F5
32.png,14,"The ball is likely located in the center of the court, near the net, as it appears that a player on the red team has just hit the ball over the net towards the opposing team's side. This is indicated by the positioning of the players and the direction of their movements.",F5
32.png,15,"The ball is likely located in the center of the court, near the net, as it appears that a player on the red team has just hit the ball over the net towards the opposing team's side. This is indicated by the positioning of the players and the direction of their movements.",F5
32.png,16,"The ball is likely located in the center of the court, near the net, as it appears that a player on the red team has just hit the ball over the net towards the opposing team's side. This is indicated by the positioning of the players and the direction of their movements.",F5
32.png,17,"The ball is likely located in the center of the court, near the net, as it appears that a player on the red team has just hit the ball over the net towards the opposing team's side. This is indicated by the positioning of the players and the direction of their movements.",F5
32.png,18,"The ball is likely located in the center of the court, near the net, as it appears that a player on the red team has just hit the ball over the net towards the opposing team's side. This is indicated by the positioning of the players and the direction of their movements.",F5
32.png,19,"The ball is likely located in the center of the court, near the net, as it appears that a player on the orange team has just hit the ball over the net towards the red team's side. This is a common point of contact for a volleyball during play.",F5
32.png,20,"The ball is likely located in the center of the court, near the net, as it appears that a player on the red team has just hit the ball over the net towards the opposing team's side. This is indicated by the positioning of the players and the direction of their movements.",F5
32.png,21,"The ball is likely located in the center of the court, near the net, as it appears that a player on the orange team has just hit the ball over the net towards the red team's side. This is a common position for a volleyball to be after a serve or a spike.",F5
32.png,22,"The ball is likely located in the center of the court, near the net, as it appears that a player on the orange team has just hit the ball over the net towards the red team's side. This is a common point of contact for a volleyball during play.",F5
32.png,23,"The ball is likely located in the center of the court, near the net, as it appears that a player on the orange team has just hit the ball over the net towards the red team's side. This is a common point in volleyball where the ball is in play and players are actively trying to return it.",F5
32.png,24,"The ball is likely located in the center of the court, near the net, as it appears that a player on the orange team has just hit the ball over the net towards the red team's side. This is a common position for a volleyball to be after a serve or a spike.",F5
32.png,25,"The ball is likely located in the center of the court, near the net, as it appears that a player on the red team has just hit the ball over the net towards the opposing team's side. This is indicated by the positioning of the players and the direction of their movements.",F5
32.png,26,"The ball is likely located in the center of the court, near the net, as it appears that a player on the red team has just hit the ball over the net towards the opposing team's side. This is indicated by the positioning of the players and the direction of their movements.",F5
32.png,27,"The ball is likely located in the center of the court, near the net, as it appears that a player on the red team has just hit the ball over the net towards the opposing team's side. This is indicated by the positioning of the players and the direction of their movements.",F5
32.png,28,"The ball is likely located in the center of the court, near the net, as it appears that a player on the orange team has just hit the ball over the net towards the red team's side. This is a common point in volleyball where the ball is in play and players are actively trying to return it.",F5
32.png,29,"The ball is likely located in the center of the court, near the net, as it appears that a player on the orange team has just hit the ball over the net towards the red team's side. This is a common position for a volleyball to be after a serve or a spike.",F5
32.png,30,"The ball is likely located in the center of the court, near the net, as it appears that a player on the red team has just hit the ball over the net towards the opposing team's side. This is indicated by the positioning of the players and the direction of their movements.",F5
32.png,31,"The ball is likely located in the center of the court, near the net, as it appears that a player on the orange team has just hit the ball over the net towards the red team's side. This is a common position for a volleyball to be after a serve or a spike.",F5
32.png,32,"The ball is likely located in the center of the court, near the net, as it appears that a player on the red team has just hit the ball over the net towards the opposing team's side. This is indicated by the positioning of the players and the direction of their movements.",F5
32.png,33,"The ball is likely located in the center of the court, near the net, as it appears that a player on the orange team has just hit the ball over the net towards the red team's side. This is a common point of contact for a volleyball during play.",F5
32.png,34,"The ball is likely located in the center of the court, near the net, as it appears that a player on the red team has just hit the ball over the net towards the opposing team's side. This is indicated by the positioning of the players and the direction of their movements.",F5
32.png,35,"The ball is likely located in the center of the court, near the net, as it appears that a player on the red team has just hit the ball over the net towards the opposing team's side. This is indicated by the positioning of the players and the direction of their movements.",F5
32.png,36,"The ball is likely located in the center of the court, near the net, as it appears that a player on the orange team has just hit the ball over the net towards the red team's side. This is a common point of contact for a volleyball during play.",F5
32.png,37,"The ball is likely located in the center of the court, near the net, as it appears that a player on the red team has just hit the ball over the net towards the opposing team's side. This is indicated by the positioning of the players and the direction of their movements.",F5
32.png,38,"The ball is likely located in the center of the court, near the net, as it appears that a player on the red team has just hit the ball over the net towards the opposing team's side. This is indicated by the positioning of the players and the direction of their movements.",F5
32.png,39,"The ball is likely located in the center of the court, near the net, as it appears that a player on the orange team has just hit the ball over the net towards the red team's side. This is a common position for a volleyball to be after a serve or a spike.",F5
32.png,40,"The ball is likely located in the center of the court, near the net, as it appears that a player on the orange team has just hit the ball over the net towards the red team's side. This is a common point in volleyball where the ball is in play and players are actively trying to return it.",F5
32.png,41,"The ball is likely located in the center of the court, near the net, as it appears that a player on the orange team has just hit the ball over the net towards the red team's side. This is a common position for a volleyball to be after a serve or a spike.",F5
32.png,42,"The ball is likely located in the center of the court, near the net, as it appears that a player on the orange team has just hit the ball over the net towards the red team's side. This is a common point in volleyball where the ball is in play and players are actively trying to return it.",F5
32.png,43,"The ball is likely located in the center of the court, near the net, as it appears that a player on the orange team has just hit the ball over the net towards the red team's side. This is a common point of contact for a volleyball during play.",F5
32.png,44,"The ball is likely located in the center of the court, near the net, as it appears that a player on the red team has just hit the ball over the net towards the opposing team's side. This is indicated by the positioning of the players and the direction of their movements.",F5
32.png,45,"The ball is likely located in the center of the court, near the net, as it appears that a player on the orange team has just hit the ball over the net towards the red team's side. This is a common point of contact for a volleyball during play.",F5
32.png,46,"The ball is likely located in the center of the court, near the net, as it appears that a player on the orange team has just hit the ball over the net towards the red team's side. This is a common position for a volleyball to be after a serve or a spike.",F5
32.png,47,"The ball is likely located in the center of the court, near the net, as it appears that a player on the red team has just hit the ball over the net towards the opposing team's side. This is indicated by the positioning of the players and the direction of their movements.",F5
32.png,48,"The ball is likely located in the center of the court, near the net, as it appears that a player on the red team has just hit the ball over the net towards the opposing team's side. This is indicated by the positioning of the players and the direction of their movements.",F5
32.png,49,"The ball is likely located in the center of the court, near the net, as it appears that a player on the red team has just hit the ball over the net towards the opposing team's side. This is indicated by the positioning of the players and the direction of their movements.",F5
32.png,50,"The ball is likely located in the center of the court, near the net, as it appears that a player on the red team has just hit the ball over the net towards the opposing team's side. This is indicated by the positioning of the players and the direction of their movements.",F5
3.png,1,"The ball is likely located near the center of the court, specifically around the area where players are actively moving and jumping. This suggests that the ball was recently passed or hit by one of the players in that region. Given the positions of the players, it appears that the ball could be in the hands of the player in the center, possibly in the 5th column.",E5
3.png,2,"The ball is likely located near the center of the court, slightly towards the right side. This is because the players on both teams are positioned as if they have just hit or are about to hit the ball, indicating that it was recently passed through the net. The ball's trajectory would typically be in the middle of the court, allowing for a balanced response from both teams.",C6
3.png,3,"The ball is likely located near the center of the court, specifically around the area where players are actively moving and jumping. This suggests that the ball was recently hit or passed by one of the players, possibly in the middle of the court. Given the positions of the players, it seems the ball could be in the area between cells C6 and D6.",C6
3.png,4,"The ball is likely located near the center of the court, slightly towards the right side. This is because the players on both teams are positioned as if they have just hit or are about to hit the ball, indicating that it was recently passed through the net. The ball's trajectory would typically be in the middle of the court, allowing for the best chance of a successful hit by either team.",D6
3.png,5,"The ball is likely located near the center of the court, slightly towards the right side. This is because the players on both teams are positioned as if they have just hit or are about to hit the ball, indicating that it was recently passed through the net. The ball's trajectory would typically be in the middle of the court, allowing for a balanced response from both teams.",D6
3.png,6,"The ball is likely located near the center of the court, specifically around the area where players are actively moving and jumping. This suggests that the ball was recently hit or passed by one of the players, possibly in the middle of the court. Given the positions of the players, it seems the ball could be in the area between cells C6 and D6.",C6
3.png,7,"The ball is likely located near the center of the court, specifically around the area where players are actively moving and jumping. This suggests that the ball was recently hit or passed by one of the players, possibly in the middle of the court. Given the positions of the players, it seems the ball could be in the area between cells C6 and D6.",C6
3.png,8,"The ball is likely located near the center of the court, specifically around the area where players are actively moving and jumping. This suggests that the ball was recently hit or passed by one of the players, possibly in the middle of the court. Given the positions of the players, it seems the ball could be in the area between cells C6 and D6.",C6
3.png,9,"The ball is likely located near the center of the court, specifically around the area where players are actively moving and jumping. This suggests that the ball was recently hit or passed by one of the players, possibly in the middle of the court. Given the positions of the players, it seems the ball could be in the area between cells C6 and D6.",C6
3.png,10,"The ball is likely located near the center of the court, slightly towards the right side. This is because the players on both teams are positioned as if they have just hit or are about to hit the ball, indicating that it was recently passed through the net. The ball's trajectory would typically be in the middle of the court, allowing for the best chance of a successful hit by either team.",D6
3.png,11,"The ball is likely located near the center of the court, slightly towards the right side. This is because the players on both teams are positioned as if they have just hit or are about to hit the ball, indicating that it was recently passed through the net. The ball's trajectory would typically be in the middle of the court, allowing for the best chance of a successful hit by either team.",C6
3.png,12,"The ball is likely located near the center of the court, specifically around the area where players are actively moving and jumping. This suggests that the ball was recently hit or passed by one of the players, possibly in the middle of the court. Given the positions of the players, it seems the ball could be in the area between cells C6 and D6.",C6
3.png,13,"The ball is likely located near the center of the court, slightly towards the right side. This is because the players on both teams are positioned as if they have just hit or are about to hit the ball, indicating that it was recently passed through the net. The ball's trajectory would typically be in the middle of the court, allowing for the best chance of a successful hit by either team.",D6
3.png,14,"The ball is likely located near the center of the court, specifically around the area where players are actively moving and jumping. This suggests that the ball was recently hit or passed by one of the players, possibly in the middle of the court. Given the positions of the players, it seems the ball could be in the area between cells C6 and D6.",C6
3.png,15,"The ball is likely located near the center of the court, slightly towards the right side. This is because the players on both teams are positioned as if they have just hit or are about to hit the ball, indicating that it was recently passed through the net. The ball's trajectory would typically be in the middle of the court, allowing for a balanced response from both teams.",D6
3.png,16,"The ball is likely located near the center of the court, specifically around the area where players are actively moving and jumping. This suggests that the ball was recently hit or passed by one of the players, possibly in the middle of the court. Given the positions of the players, it seems the ball could be in the area between cells C6 and D6.",C6
3.png,17,"The ball is likely located near the center of the court, slightly towards the right side. This is because the players on both teams are positioned as if they have just hit or are about to hit the ball, indicating that it was recently passed through the net. The ball's trajectory would typically be in the middle of the court, allowing for the best chance of a successful hit by either team.",D6
3.png,18,"The ball is likely located near the center of the court, slightly towards the right side. This is because the players on both teams are positioned as if they have just hit or are about to hit the ball, indicating that it was recently passed through the net. The ball's trajectory would typically be in the middle of the court, allowing for a balanced response from both teams.",D6
3.png,19,"The ball is likely located near the center of the court, slightly towards the right side. This is because the players on both teams are positioned as if they have just hit or are about to hit the ball, indicating that it was recently passed through the net. The ball's trajectory would typically be in the middle of the court, allowing for a balanced response from both teams.",C6
3.png,20,"The ball is likely located near the center of the court, slightly towards the right side. This is because the players on both teams are positioned as if they have just hit or are about to hit the ball, indicating that it was recently passed through the net. The ball's trajectory would typically be in the middle of the court, allowing for the best chance of a successful hit by either team.",D6
3.png,21,"The ball is likely located near the center of the court, specifically around the area where players are actively moving and jumping. This suggests that the ball was recently passed or hit by one of the players in that region. Given the positions of the players, it appears that the ball could be in the hands of the player in the center, possibly in the 5th column.",E5
3.png,22,"The ball is likely located near the center of the court, specifically around the area where players are actively moving and jumping. This suggests that the ball was recently hit or passed by one of the players, possibly in the middle of the court. Given the positions of the players, it seems the ball could be in the area between cells C6 and D6.",C6
3.png,23,"The ball is likely located near the center of the court, specifically around the area where players are actively moving and jumping. This suggests that the ball was recently hit or passed by one of the players, possibly in the middle of the court. Given the positions of the players, it seems the ball could be in the area between cells C6 and D6.",C6
3.png,24,"The ball is likely located near the center of the court, slightly towards the right side. This is because the players on both teams are positioned as if they have just hit or are about to hit the ball, indicating that it was recently passed through the net. The ball's trajectory would typically be in the middle of the court, allowing for the best chance of a successful hit by either team.",D6
3.png,25,"The ball is likely located near the center of the court, specifically around the area where players are actively moving and jumping. This suggests that the ball was recently hit or passed by one of the players, possibly in the middle of the court. Given the positions of the players, it seems the ball could be in the area between cells C6 and D6.",C6
3.png,26,"The ball is likely located near the center of the court, slightly towards the right side. This is because the players on both teams are positioned as if they have just hit or are about to hit the ball, indicating that it was recently passed through the net. The ball's trajectory would typically be in the middle of the court, allowing for a balanced response from both teams.",D6
3.png,27,"The ball is likely located near the center of the court, specifically around the area where players are actively moving and jumping. This suggests that the ball was recently passed or hit by one of the players in that region. Given the positions of the players, it appears that the ball could be in the hands of the player in the center, possibly in the 5th column.",E5
3.png,28,"The ball is likely located near the center of the court, specifically around the area where players are actively moving and jumping. This suggests that the ball was recently hit or passed by one of the players, possibly in the middle of the court. Given the positions of the players, it seems the ball could be in the area between cells C6 and D6.",C6
3.png,29,"The ball is likely located near the center of the court, slightly towards the right side. This is because the players on both teams are positioned as if they have just hit or are about to hit the ball, indicating that it was recently passed through the net. The ball's trajectory would typically be in the middle of the court, allowing for the best chance of a successful hit by either team.",C6
3.png,30,"The ball is likely located near the center of the court, slightly towards the right side. This is because the players on both teams are positioned as if they have just hit or are about to hit the ball, indicating that it was recently passed through the net. The ball's trajectory would typically be in the middle of the court, allowing for the best chance of a successful hit by either team.",C6
3.png,31,"The ball is likely located near the center of the court, specifically around the area where players are actively moving and jumping. This suggests that the ball was recently passed or hit by one of the players in that region. Given the positions of the players, it seems the ball could be in the air, possibly near the middle of the court.",D5
3.png,32,"The ball is likely located near the center of the court, slightly towards the right side. This is because the players on both teams are positioned as if they have just hit or are about to hit the ball, indicating that it was recently passed through the net. The ball's trajectory would typically be in the middle of the court, allowing for the best chance of a successful hit by either team.",C6
3.png,33,"The ball is likely located near the center of the court, specifically around the area where players are actively moving and jumping. This suggests that the ball was recently hit or passed by one of the players, possibly in the middle of the court. Given the positions of the players, it seems the ball could be in the area between cells C6 and D6.",C6
3.png,34,"The ball is likely located near the center of the court, specifically around the area where players are actively moving and jumping. This suggests that the ball was recently hit or passed by one of the players, possibly in the middle of the court. Given the positions of the players, it seems the ball could be in the area between cells C6 and D6.",C6
3.png,35,"The ball is likely located near the center of the court, slightly towards the right side. This is because the players on both teams are positioned as if they have just hit or are about to hit the ball, indicating that it was recently passed through the net. The ball's trajectory would typically be in the middle of the court, allowing for the best chance of a successful hit by either team.",C6
3.png,36,"The ball is likely located near the center of the court, slightly towards the right side. This is because the players on both teams are positioned as if they have just hit or are about to hit the ball, indicating that it was recently passed through the net. The ball's trajectory would typically be in the middle of the court, allowing for the best chance of a successful hit by either team.",C6
3.png,37,"The ball is likely located near the center of the court, specifically around the area where players are actively moving and jumping. This suggests that the ball was recently passed or hit by one of the players in that region. Given the positions of the players, it appears that the ball could be in the hands of the player in the center, possibly in the 5th column.",E5
3.png,38,"The ball is likely located near the center of the court, slightly towards the right side. This is because the players on both teams are positioned as if they have just hit or are about to hit the ball, indicating that it was recently passed through the net. The ball's trajectory would typically be in the middle of the court, allowing for the best chance of a successful hit by either team.",C6
3.png,39,"The ball is likely located near the center of the court, specifically around the area where players are actively moving and jumping. This suggests that the ball was recently passed or hit by one of the players in that region. Given the positions of the players, it seems the ball could be in the air, possibly near the middle of the court.",D5
3.png,40,"The ball is likely located near the center of the court, specifically around the area where players are actively moving and jumping. This suggests that the ball was recently hit or passed by one of the players, possibly in the middle of the court. Given the positions of the players, it seems the ball could be in the area between cells C6 and D6.",C6
3.png,41,"The ball is likely located near the center of the court, specifically around the area where players are actively moving and jumping. This suggests that the ball was recently passed or hit by one of the players in that region. Given the positions of the players, it seems the ball could be in the air, possibly near the middle of the court.",C6
3.png,42,"The ball is likely located near the center of the court, specifically around the area where players are actively moving and jumping. This suggests that the ball was recently hit or passed by one of the players, possibly in the middle of the court. Given the positions of the players, it seems the ball could be in the area between cells C6 and D6.",C6
3.png,43,"The ball is likely located near the center of the court, specifically around the area where players are actively moving and jumping. This suggests that the ball was recently passed or hit by one of the players in that region. Given the positions of the players, it appears that the ball could be in the hands of the player in the center, possibly in the 5th column.",E5
3.png,44,"The ball is likely located near the center of the court, specifically around the area where players are actively moving and jumping. This suggests that the ball was recently hit or passed by one of the players, possibly in the middle of the court. Given the positions of the players, it seems the ball could be in the area between cells C6 and D6.",C6
3.png,45,"The ball is likely located near the center of the court, specifically around the area where players are actively moving and jumping. This suggests that the ball was recently passed or hit by one of the players in that region. Given the positions of the players, it appears that the ball could be in the hands of a player in the middle of the court, possibly in the 5th column.",E5
3.png,46,"The ball is likely located near the center of the court, slightly towards the right side. This is because the players on both teams are positioned as if they have just hit or are about to hit the ball, indicating that it was recently passed through the net. The ball's trajectory would typically be in the middle of the court, allowing for the best chance of a successful hit by either team.",D6
3.png,47,"The ball is likely located near the center of the court, slightly towards the right side. This is because the players on both teams are positioned as if they have just hit or are about to hit the ball, indicating that it was recently passed through the net. The ball's trajectory would typically be in the middle of the court, allowing for the best chance of a successful hit by either team.",C6
3.png,48,"The ball is likely located near the center of the court, slightly towards the right side. This is because the players on both teams are positioned as if they have just hit or are about to hit the ball, indicating that it was recently passed through the net. The ball's trajectory would typically be in the middle of the court, allowing for a balanced response from both teams.",C6
3.png,49,"The ball is likely located near the center of the court, slightly towards the right side. This is because the players on both teams are positioned as if they have just hit or are about to hit the ball, indicating that it was recently passed through the net. The ball's trajectory would typically be in the middle of the court, allowing for a balanced response from both teams.",C6
3.png,50,"The ball is likely located near the center of the court, slightly towards the right side. This is because the players on both teams are positioned as if they have just hit or are about to hit the ball, indicating that it was recently passed through the net. The ball's trajectory would typically be in the middle of the court, allowing for the best chance of a successful hit by either team.",D6
35.png,1,"The ball is likely located in the center of the court, near the net, as this is the area where players typically hit or receive the ball during a volleyball game. Given the positions of the players, it seems that the ball was recently hit by one of the players in the orange jerseys, who are positioned near the net on the right side of the court. Therefore, the ball is most likely in the central area of the court, which corresponds to the grid cell F5.",F5
35.png,2,"The ball is likely located in the center of the court, near the net, as this is the area where players typically hit or receive the ball during a volleyball game. Given the positions of the players, it appears that the ball was recently hit by one of the players in the orange jerseys, who are positioned near the net on the right side of the court. Therefore, the ball is most likely in the central area of the court, which corresponds to the grid cell F5.",F5
35.png,3,"The ball is likely located in the center of the court, near the net, as this is the area where players typically hit or receive the ball during a volleyball game. Given the positions of the players, it appears that the ball was recently hit by one of the players in the orange jerseys, who are positioned near the net on the right side of the court. Therefore, the ball is most likely in the central area of the court, which corresponds to the grid cell F5.",F5
35.png,4,"The ball is likely located in the center of the court, near the net, as this is the area where players typically hit or receive the ball during a volleyball game. Given the positions of the players, it seems that the ball was recently hit by one of the players in the orange jerseys, who are positioned near the net on the right side of the court. Therefore, the ball is most likely in the central area of the court, which corresponds to the grid cell F5.",F5
35.png,5,"The ball is likely located in the center of the court, near the net, as this is the typical area where players would be attempting to hit or receive the ball during a volleyball game. Given the positions of the players, it appears that the ball was recently passed or set by the player in orange jersey number 12, who is positioned near the center of the court. Therefore, the ball is most likely in the central cells of the court.",C6
35.png,6,"The ball is likely located in the center of the court, near the net, as this is where the players are actively engaged in the game and where the ball would typically be found during play. The players on both teams are positioned around this area, indicating that the ball is most likely in this region.",C6
35.png,7,"The ball is likely located in the center of the court, near the net, as this is the typical area where players would be attempting to hit or receive the ball during a volleyball game. Given the positions of the players, it appears that the ball was recently passed or set by the player in orange jersey number 12, who is positioned near the center of the court. Therefore, the ball is most likely in the central cells of the court.",C6
35.png,8,"The ball is likely located in the center of the court, near the net, as this is where the players are actively engaged in the game and where the ball would typically be found during play. The players on both teams are positioned around this area, indicating that the ball is most likely in this region.",C6
35.png,9,"The ball is likely located in the center of the court, near the net, as this is where the players are actively engaged in the game and where the ball would typically be found during play. The players on both teams are positioned around this area, suggesting that the ball is either about to be served or has just been hit by one of the players.",C6
35.png,10,"The ball is likely located in the center of the court, near the net, as this is the typical area where players would be attempting to hit or receive the ball during a volleyball game. Given the positions of the players, it appears that the ball was recently passed or set by the player in orange jersey number 12, who is positioned near the center of the court. Therefore, the ball is most likely in the central cells of the court.",C6
35.png,11,"The ball is likely located in the center of the court, near the net, as this is where the players are actively engaged in the game and where the ball would typically be found during play. The players on both teams are positioned around this area, suggesting that the ball is either about to be served or has just been hit by one of the players.",C6
35.png,12,"The ball is likely located in the center of the court, near the net, as this is the typical area where players would be attempting to hit or receive the ball during a volleyball game. Given the positions of the players, it appears that the ball was recently passed or set by the player in orange jersey number 12, who is positioned near the center of the court. Therefore, the ball is most likely in the central cells of the court.",C6
35.png,13,"The ball is likely located in the center of the court, near the net, as this is the area where players typically hit or receive the ball during a volleyball game. Given the positions of the players, it seems that the ball was recently hit by one of the players in the orange jerseys, who are positioned near the net on the right side of the court. Therefore, the ball is most likely in the central area of the court, which corresponds to the grid cell F5.",F5
35.png,14,"The ball is likely located in the center of the court, near the net, as this is the area where players typically hit or receive the ball during a volleyball game. Given the positions of the players, it seems that the ball was recently hit by one of the players in the orange jerseys, who are positioned near the net on the right side of the court. Therefore, the ball is most likely in the central area of the court, which corresponds to the grid cell F5.",F5
35.png,15,"The ball is likely located in the center of the court, near the net, as this is where the players are actively engaged in the game and where the ball would typically be found during play. The players' body language suggests they are preparing to receive or pass the ball, which further supports this inference.",C6
35.png,16,"The ball is likely located in the center of the court, near the net, as this is where the players are actively engaged in the game and where the ball would typically be found during play. The players on both teams are positioned around this area, suggesting that the ball is either about to be served or has just been hit by one of the players.",C6
35.png,17,"The ball is likely located in the center of the court, near the net, as this is where the players are actively engaged in the game and where the ball would typically be found during play. The players on both teams are positioned around this area, indicating that the ball is most likely in this region.",C6
35.png,18,"The ball is likely located in the center of the court, near the net, as this is the area where players typically hit or receive the ball during a volleyball game. Given the positions of the players, it seems that the ball was recently hit by one of the players in the orange jerseys, who are positioned near the net on the right side of the court. Therefore, the ball is most likely in the central area of the court, which corresponds to the grid cell F5.",F5
35.png,19,"The ball is likely located in the center of the court, near the net, as this is the typical area where players would be attempting to hit or receive the ball during a volleyball game. Given the positions of the players, it appears that the ball was recently passed or set by the player in orange jersey number 12, who is positioned near the center of the court. Therefore, the ball is most likely in the central cells of the court.",C6
35.png,20,"The ball is likely located in the center of the court, near the net, as this is where the players are actively engaged in the game and where the ball would typically be found during play. The players' body language suggests they are preparing to receive or pass the ball, which further supports this inference.",C6
35.png,21,"The ball is likely located in the center of the court, near the net, as this is where the players are actively engaged in the game and where the ball would typically be found during play. The players on both teams are positioned around this area, indicating that the ball is most likely in this region.",C6
35.png,22,"The ball is likely located in the center of the court, near the net, as this is where the players are actively engaged in the game and where the ball would typically be found during play. The players' body language suggests they are preparing to receive or pass the ball, which further supports this inference.",C6
35.png,23,"The ball is likely located in the center of the court, near the net, as this is where the players are actively engaged in the game and where the ball would typically be found during play. The players on both teams are positioned around this area, indicating that the ball is most likely in this region.",C6
35.png,24,"The ball is likely located in the center of the court, near the net, as this is the typical area where players would be attempting to hit or receive the ball during a volleyball game. Given the positions of the players, it seems that the ball was recently passed or set by one of the players in orange jerseys, who are positioned near the center of the court. Therefore, the ball is most likely in the central cells of the court.",C6
35.png,25,"The ball is likely located in the center of the court, near the net, as this is the typical area where players would be attempting to hit or receive the ball during a volleyball game. Given the positions of the players, it seems that the ball was recently passed or set by one of the players in orange jerseys, who are positioned near the center of the court. Therefore, the ball is most likely in the central cells of the court.",C6
35.png,26,"The ball is likely located in the center of the court, near the net, as this is the area where players typically hit or receive the ball during a volleyball game. Given the positions of the players, it appears that the ball was recently hit by one of the players in the orange jerseys, who are positioned near the net on the right side of the court. Therefore, the ball is most likely in the central area of the court, which corresponds to the grid cell F5.",F5
35.png,27,"The ball is likely located in the center of the court, near the net, as this is where the players are actively engaged in the game and where the ball would typically be found during play. The players on both teams are positioned around this area, suggesting that the ball is either about to be served or has just been hit by one of the players.",C6
35.png,28,"The ball is likely located in the center of the court, near the net, as this is where the players are actively engaged in the game and where the ball would typically be found during play. The players' body language suggests they are preparing to receive or pass the ball, which further supports this inference.",C6
35.png,29,"The ball is likely located in the center of the court, near the net, as this is the area where players typically hit or receive the ball during a volleyball game. Given the positions of the players, it appears that the ball was recently hit by one of the players in the orange jerseys, who are positioned near the net on the right side of the court. Therefore, the ball is most likely in the central area of the court, which corresponds to the grid cell F5.",F5
35.png,30,"The ball is likely located in the center of the court, near the net, as this is where the players are actively engaged in the game and where the ball would typically be found during play. The players on both teams are positioned around this area, indicating that the ball is most likely in this region.",C6
35.png,31,"The ball is likely located in the center of the court, near the net, as this is the area where players typically hit or receive the ball during a volleyball game. Given the positions of the players, it appears that the ball was recently hit by one of the players in the orange jerseys, who are positioned near the net on the right side of the court. Therefore, the ball is most likely in the central area of the court, which corresponds to the grid cell F5.",F5
35.png,32,"The ball is likely located in the center of the court, near the net, as this is the typical area where players would be attempting to hit or receive the ball during a volleyball game. Given the positions of the players, it appears that the ball was recently passed or set by the player in orange jersey number 12, who is positioned near the center of the court. Therefore, the ball is most likely in the central cells of the court.",C6
35.png,33,"The ball is likely located in the center of the court, near the net, as this is the typical area where players would be attempting to hit or receive the ball during a volleyball game. Given the positions of the players, it appears that the ball was recently passed or set by the player in orange jersey number 12, who is positioned near the center of the court. Therefore, the ball is most likely in the central cells of the court.",C6
35.png,34,"The ball is likely located in the center of the court, near the net, as this is the area where players typically hit or receive the ball during a volleyball game. Given the positions of the players, it appears that the ball was recently hit by one of the players in the orange jerseys, who are positioned near the net on the right side of the court. Therefore, the ball is most likely in the central area of the court, which corresponds to the grid cell F5.",F5
35.png,35,"The ball is likely located in the center of the court, near the net, as this is where the players are actively engaged in the game and where the ball would typically be found during play. The players on both teams are positioned around this area, indicating that the ball is most likely in this region.",C6
35.png,36,"The ball is likely located in the center of the court, near the net, as this is where the players are actively engaged in the game and where the ball would typically be found during play. The players on both teams are positioned around this area, indicating that the ball is most likely in this region.",C6
35.png,37,"The ball is likely located in the center of the court, near the net, as this is where the players are actively engaged in the game and where the ball would typically be found during play. The players on both teams are positioned around this area, indicating that the ball is most likely in this region.",C6
35.png,38,"The ball is likely located in the center of the court, near the net, as this is where the players are actively engaged in the game and where the ball would typically be found during play. The players' body language suggests they are preparing to receive or pass the ball, which further supports this inference.",C6
35.png,39,"The ball is likely located in the center of the court, near the net, as this is where the players are actively engaged in the game and where the ball would typically be found during play. The players on both teams are positioned around this area, indicating that the ball is most likely in this region.",C6
35.png,40,"The ball is likely located in the center of the court, near the net, as this is the typical area where players would be attempting to hit or receive the ball during a volleyball game. Given the positions of the players, it seems that the ball was recently passed or set by one of the players in orange jerseys, who are positioned near the center of the court.",C6
35.png,41,"The ball is likely located in the center of the court, near the net, as this is where the players are actively engaged in the game and where the ball would typically be found during play. The players' body language suggests they are preparing to receive or pass the ball, which further supports this inference.",C6
35.png,42,"The ball is likely located in the center of the court, near the net, as this is where the players are actively engaged in the game and where the ball would typically be found during play. The players' body language suggests they are preparing to receive or pass the ball, which further supports this inference.",C6
35.png,43,"The ball is likely located in the center of the court, near the net, as this is where the players are actively engaged in the game and where the ball would typically be found during play. The players on both teams are positioned around this area, suggesting that the ball is either about to be served or has just been hit by one of the players.",C6
35.png,44,"The ball is likely located in the center of the court, near the net, as this is where the players are actively engaged in the game and where the ball would typically be found during play. The players on both teams are positioned around this area, indicating that the ball is most likely in this region.",C6
35.png,45,"The ball is likely located in the center of the court, near the net, as this is where the players are actively engaged in the game and where the ball would typically be found during play. The players' body language suggests they are preparing to receive or pass the ball, which further supports this inference.",C6
35.png,46,"The ball is likely located in the center of the court, near the net, as this is the typical area where players would be attempting to hit or receive the ball during a volleyball game. Given the positions of the players, it appears that the ball was recently passed or set by the player in orange jersey number 12, who is positioned near the center of the court. Therefore, the ball is most likely in the central cells of the court.",C6
35.png,47,"The ball is likely located in the center of the court, near the net, as this is where the players are actively engaged in the game and where the ball would typically be found during play. The players on both teams are positioned around this area, indicating that the ball is most likely in this region.",C6
35.png,48,"The ball is likely located in the center of the court, near the net, as this is where the players are actively engaged in the game and where the ball would typically be found during play. The players' body language suggests they are preparing to receive or pass the ball, which further supports this inference.",C6
35.png,49,"The ball is likely located in the center of the court, near the net, as this is where the players are actively engaged in the game and where the ball would typically be found during play. The players on both teams are positioned around this area, indicating that the ball is most likely in this region.",C6
35.png,50,"The ball is likely located in the center of the court, near the net, as this is where the players are actively engaged in the game and where the ball would typically be found during play. The players on both teams are positioned around this area, suggesting that the ball is either about to be served or has just been hit by one of the players.",C6
27.png,1,"The ball is likely located in the center of the image, just above the net, as it is the area where the players' hands would be reaching towards if they were about to hit or receive the ball. This is also the area where the ball would typically be found during a serve or spike in volleyball.",C5
27.png,2,"The ball is likely located in the center of the image, just above the net, as it is the focal point of the players' actions. The players appear to be in the middle of a play, with one player jumping to hit the ball, which suggests that the ball is in the air between them.",C5
27.png,3,"The ball is likely located in the center of the image, just above the net, as it is the area where the players' hands would be reaching towards if they were about to hit or receive the ball. This is also the area where the ball would typically be after being served or passed by a player.",C5
27.png,4,"The ball is likely located in the center of the image, just above the net, as it is the focal point of the players' actions. The players appear to be in the middle of a play, with one player jumping to hit the ball, which suggests that the ball is in the air between them.",C5
27.png,5,"The ball is likely located in the center of the image, just above the net, as it is the area where the players' hands would be reaching towards if they were about to hit or receive the ball. This is also the area where the ball would typically be after being served or passed by a player.",C5
27.png,6,"The ball is likely located in the center of the image, just above the net, as it is the focal point of the players' actions. The players appear to be in the middle of a play, with one player jumping to hit the ball, which suggests that the ball is in the air between them.",C5
27.png,7,"The ball is likely located in the center of the image, just above the net, as it is the focal point of the players' actions. The players appear to be in the middle of a play, with one player jumping to hit the ball, which suggests that the ball is in the air between them.",C5
27.png,8,"The ball is likely located in the center of the image, just above the net, as it is the focal point of the players' actions. The players appear to be in the middle of a play, with one player jumping to hit the ball, which suggests that the ball is in the air between them.",C5
27.png,9,"The ball is likely located in the center of the image, just above the net, as it is the area where the players' hands would be reaching towards if they were about to hit or receive the ball. This is also the area where the ball would typically be found during a serve or spike in volleyball.",C5
27.png,10,"The ball is likely located in the center of the image, just above the net, as it is the focal point of the players' actions. The players appear to be in the middle of a play, with one player jumping to hit the ball, which suggests that the ball is in the air between them.",C5
27.png,11,"The ball is likely located in the center of the image, just above the net, as it is the focal point of the players' actions. The players appear to be in the middle of a play, with one player jumping to hit the ball, which suggests that the ball is in the air between them.",C5
27.png,12,"The ball is likely located in the center of the image, just above the net, as it is the focal point of the players' actions. The players appear to be in the middle of a play, with one player jumping to hit the ball, which suggests that the ball is in the air between them.",C5
27.png,13,"The ball is likely located in the center of the image, just above the net, as it is the focal point of the players' actions. The players appear to be in the middle of a play, with one player jumping to hit the ball, which suggests that the ball is in the air between them.",C5
27.png,14,"The ball is likely located in the center of the image, just above the net, as it is the area where the players' hands would be reaching towards if they were about to hit or receive the ball. This is also the area where the ball would typically be after being served or passed by a player.",C5
27.png,15,"The ball is likely located in the center of the image, just above the net, as it is the focal point of the players' actions. The players appear to be in the middle of a play, with one player jumping to hit the ball, which suggests that the ball is in the air between them.",C5
27.png,16,"The ball is likely located in the center of the image, just above the net, as it is the area where the players' hands would be reaching towards if they were about to hit or receive the ball. This is also the area where the ball would typically be found during a serve or spike in volleyball.",C5
27.png,17,"The ball is likely located in the center of the image, just above the net, as it is the area where the players' hands would be reaching towards if they were about to hit or receive the ball. This is also the area where the ball would typically be found during a serve or spike in volleyball.",C5
27.png,18,"The ball is likely located in the center of the image, just above the net, as it is the area where the players' hands would be reaching towards if they were about to hit or receive the ball. This is also the area where the ball would typically be after being served or passed by a player.",C5
27.png,19,"The ball is likely located in the center of the image, just above the net, as it is the area where the players' hands would be reaching towards if they were about to hit or receive the ball. This is also the area where the ball would typically be after being served or passed by a player.",C5
27.png,20,"The ball is likely located in the center of the image, just above the net, as it is the area where the players' hands would be reaching towards if they were about to hit or receive the ball. This is also the area where the ball would typically be after being served or passed by a player.",C5
27.png,21,"The ball is likely located in the center of the image, just above the net, as it is the focal point of the players' actions. The players appear to be in the middle of a play, with one player jumping to hit the ball, which suggests that the ball is in the air between them.",C5
27.png,22,"The ball is likely located in the center of the image, just above the net, as it is the area where the players' hands would be reaching towards if they were about to hit or receive the ball. This is also the area where the ball would typically be after being served or passed by a player.",C5
27.png,23,"The ball is likely located in the center of the image, just above the net, as it is the focal point of the players' actions. The players appear to be in the middle of a play, with one player jumping to hit the ball, which suggests that the ball is in the air between them.",C5
27.png,24,"The ball is likely located in the center of the image, just above the net, as it is the focal point of the players' actions. The players appear to be in the middle of a play, with one player jumping to hit the ball, which suggests that the ball is in the air between them.",C5
27.png,25,"The ball is likely located in the center of the image, just above the net, as it is the area where the players' hands would be reaching towards if they were about to hit or receive the ball. This is also the area where the ball would typically be after being served or passed by a player.",C5
27.png,26,"The ball is likely located in the center of the image, just above the net, as it is the focal point of the players' actions. The players appear to be in the middle of a play, with one player jumping to hit the ball, which suggests that the ball is in the air between them.",C5
27.png,27,"The ball is likely located in the center of the image, just above the net, as it is the focal point of the players' actions. The players appear to be in the middle of a play, with one player jumping to hit the ball, which suggests that the ball is in the air between them.",C5
27.png,28,"The ball is likely located in the center of the image, just above the net, as it is the focal point of the players' actions. The players appear to be in the middle of a play, with one player jumping to hit the ball, which suggests that the ball is in the air between them.",C5
27.png,29,"The ball is likely located in the center of the image, just above the net, as it is the area where the players' hands would be reaching towards if they were about to hit or receive the ball. This is also the area where the ball would typically be found during a serve or spike in volleyball.",C5
27.png,30,"The ball is likely located in the center of the image, just above the net, as it is the focal point of the players' actions. The players appear to be in the middle of a play, with one player jumping to hit the ball, which suggests that the ball is in the air between them.",C5
27.png,31,"The ball is likely located in the center of the image, just above the net, as it is the area where the players' hands would be reaching towards if they were about to hit or receive the ball. This is also the area where the ball would typically be found during a serve or spike in volleyball.",C5
27.png,32,"The ball is likely located in the center of the image, just above the net, as it is the area where the players' hands would be reaching towards if they were about to hit or receive the ball. This is also the area where the ball would typically be after being served or passed by a player.",C5
27.png,33,"The ball is likely located in the center of the image, just above the net, as it is the area where the players' hands would be reaching towards if they were about to hit or receive the ball. This is also the area where the ball would typically be found during a serve or spike in volleyball.",C5
27.png,34,"The ball is likely located in the center of the image, just above the net, as it is the focal point of the players' actions. The players appear to be in the middle of a play, with one player jumping to hit the ball, which suggests that the ball is in the air between them.",C5
27.png,35,"The ball is likely located in the center of the image, just above the net, as it is the area where the players' hands would be reaching towards if they were about to hit or receive the ball. This is also the area where the ball would typically be after being served or passed by a player.",C5
27.png,36,"The ball is likely located in the center of the image, just above the net, as it is the focal point of the players' actions. The players appear to be in the middle of a play, with one player jumping to hit the ball, which suggests that the ball is in the air between them.",C5
27.png,37,"The ball is likely located in the center of the image, just above the net, as it is the focal point of the players' actions. The players appear to be in the middle of a play, with one player jumping to hit the ball, which suggests that the ball is in the air between them.",C5
27.png,38,"The ball is likely located in the center of the image, just above the net, as it is the area where the players' hands would be reaching towards if they were about to hit or receive the ball. This is also the area where the ball would typically be found during a serve or spike in volleyball.",C5
27.png,39,"The ball is likely located in the center of the image, just above the net, as it is the area where the players' hands would be reaching towards if they were about to hit or receive the ball. This is also the area where the ball would typically be found during a serve or spike in volleyball.",C5
27.png,40,"The ball is likely located in the center of the image, just above the net, as it is the area where the players' hands would be reaching towards if they were about to hit or receive the ball. This is also the area where the ball would typically be found during a serve or spike in volleyball.",C5
27.png,41,"The ball is likely located in the center of the image, just above the net, as it is the area where the players' hands would be reaching towards if they were about to hit or receive the ball. This is also the area where the ball would typically be found during a serve or spike in volleyball.",C5
27.png,42,"The ball is likely located in the center of the image, just above the net, as it is the area where the players' hands would be reaching towards if they were about to hit or receive the ball. This is also the area where the ball would typically be found during a serve or spike in volleyball.",C5
27.png,43,"The ball is likely located in the center of the image, just above the net, as it is the area where the players' hands would be reaching towards if they were about to hit or receive the ball. This is also the area where the ball would typically be after being served or passed by a player.",C5
27.png,44,"The ball is likely located in the center of the image, just above the net, as it is the focal point of the players' actions. The players appear to be in the middle of a play, with one player jumping to hit the ball, which suggests that the ball is in the air between them.",C5
27.png,45,"The ball is likely located in the center of the image, just above the net, as it is the area where the players' hands would be reaching towards if they were about to hit or receive the ball. This is also the area where the ball would typically be after being served or passed by a player.",C5
27.png,46,"The ball is likely located in the center of the image, just above the net, as it is the area where the players' hands would be reaching towards if they were about to hit or receive the ball. This is also the area where the ball would typically be after being served or passed by a player.",C5
27.png,47,"The ball is likely located in the center of the image, just above the net, as it is the area where the players' hands would be reaching towards if they were about to hit or receive the ball. This is also the area where the ball would typically be after being served or passed by a player.",C5
27.png,48,"The ball is likely located in the center of the image, just above the net, as it is the area where the players' hands would be reaching towards if they were about to hit or receive the ball. This is also the area where the ball would typically be after being served or passed by a player.",C5
27.png,49,"The ball is likely located in the center of the image, just above the net, as it is the area where the players' hands would be reaching towards if they were about to hit or receive the ball. This is also the area where the ball would typically be after being served or passed by a player.",C5
27.png,50,"The ball is likely located in the center of the image, just above the net, as it is the area where the players' hands would be reaching towards if they were about to hit or receive the ball. This is also the area where the ball would typically be after being served or passed by a player.",C5
4.png,1,"The ball is likely located in the area where the players' hands are closest together, as this is where the action is concentrated and the ball would be most likely to be found during a play. Given the positions of the players, it appears that the ball is being passed or set by the player in white, who is positioned near the center of the court. Therefore, the ball is most likely located in the central part of the court, close to the net.",D5
4.png,2,"The ball is likely located in the area where the players' hands are closest together, as this is where the action is concentrated and the ball would be most likely to be found during a play. Given the positions of the players, it appears that the ball is being passed or set by the player in white, who is positioned near the center of the court. Therefore, the ball is most likely located in the central part of the court, close to the net.",D5
4.png,3,"The ball is likely located in the area where the players' hands are closest together, as this is where the action is concentrated and the ball would be most likely to be found during a play. Given the positions of the players, it appears that the ball is being passed or set by the player in white, who is positioned near the center of the court. Therefore, the ball is most likely located in the central part of the court, close to the net.",D5
4.png,4,"The ball is likely located in the area where the players' hands are closest together, as this is where the action is concentrated and the ball would be most likely to be found during a play. Given the positions of the players, it appears that the ball is being passed or set by the player in white, who is positioned near the center of the court. Therefore, the ball is most likely located in the central part of the court, close to the net.",D5
4.png,5,"The ball is likely located in the area where the players' hands are closest together, as this is where the action is concentrated and the ball would be most likely to be found during a play. Given the positions of the players, it appears that the ball is being passed or set by the player in white, who is positioned near the center of the court. Therefore, the ball is most likely located in the central part of the court, close to the net.",D5
4.png,6,"The ball is likely located in the area where the players' hands are closest together, as this is where the action is concentrated. Given the positions of the players, it appears that the ball was just hit by the player in white (cell D5) and is now moving towards the player in red (cell D4). Therefore, the ball is most likely in the area between these two cells.",D4
4.png,7,"The ball is likely located in the area where the players' hands are closest together, as this is where the action is concentrated. Given the positions of the players, it appears that the ball was just hit by the player in white (cell D5) and is now moving towards the player in red (cell D4). Therefore, the ball is most likely in the area between these two cells.",D4
4.png,8,"The ball is likely located in the area where the players' hands are closest together, as this is where the action is concentrated and the ball would be most likely to be found during a play. Given the positions of the players, it appears that the ball is being passed or set by the player in white, who is positioned near the center of the court. Therefore, the ball is most likely located in the central part of the court, close to the net.",D5
4.png,9,"The ball is likely located in the area where the players' hands are closest together, as this is where the action is concentrated. Given the positions of the players, it appears that the ball was just hit by the player in white (cell D5) and is now moving towards the player in red (cell D4). Therefore, the ball is most likely in the area between these two cells.",D4
4.png,10,"The ball is likely located in the area where the players' hands are closest together, as this is where the action is concentrated. Given the positions of the players, it appears that the ball was just hit by the player in white (cell D5) and is now moving towards the player in red (cell D4). Therefore, the ball is most likely in the area between these two cells.",D4
4.png,11,"The ball is likely located in the area where the players' hands are closest together, as this is where the action is concentrated and the ball would be most likely to be found during a play. Given the positions of the players, it appears that the ball is being passed or set by the player in white, who is positioned near the center of the court. Therefore, the ball is most likely located in the central part of the court, close to the net.",D5
4.png,12,"The ball is likely located in the area where the players' hands are closest together, as this is where the action is concentrated and the ball would be most likely to be found during a play. Given the positions of the players, it appears that the ball is being passed or set by the player in white, who is positioned near the center of the court. Therefore, the ball is most likely located in the central part of the court, close to the net.",D5
4.png,13,"The ball is likely located in the area where the players' hands are closest together, as this is where the action is concentrated. Given the positions of the players, it appears that the ball was just hit by the player in white (cell D5) and is now moving towards the player in red (cell D4). Therefore, the ball is most likely in the area between these two cells.",D4
4.png,14,"The ball is likely located in the area where the players' hands are closest together, as this is where the action is concentrated. Given the positions of the players, it appears that the ball was just hit by the player in white (cell D5) and is now moving towards the player in red (cell D4). Therefore, the ball is most likely in the area between these two cells.",D4
4.png,15,"The ball is likely located in the area where the players' hands are closest together, as this is where the action is concentrated. Given the positions of the players, it appears that the ball was just hit by the player in white (cell D5) and is now moving towards the player in red (cell D4). Therefore, the ball is most likely in the area between these two cells.",D4
4.png,16,"The ball is likely located in the area where the players' hands are closest together, as this is where the action is concentrated. Given the positions of the players, it appears that the ball was just hit by the player in white (cell D5) and is now moving towards the player in red (cell D4). Therefore, the ball is most likely in the area between these two cells.",D4
4.png,17,"The ball is likely located in the area where the players' hands are closest together, as this is where the action is concentrated and the ball would be most likely to be found during a play. Given the positions of the players, it appears that the ball is being passed or set by the player in white, who is positioned near the center of the court. Therefore, the ball is most likely located in the central part of the court, close to the net.",D5
4.png,18,"The ball is likely located in the area where the players' hands are closest together, as this is where the action is concentrated and the ball would be most likely to be found during a play. Given the positions of the players, it appears that the ball is being passed or set by the player in white, who is positioned near the center of the court. Therefore, the ball is most likely located in the central part of the court, close to the net.",D5
4.png,19,"The ball is likely located in the area where the players' hands are closest together, as this is where the action is concentrated and the ball would be most likely to be found during a play. Given the positions of the players, it appears that the ball is being passed or set by the player in white, who is positioned near the center of the court. Therefore, the ball is most likely located in the central part of the court, close to the net.",D5
4.png,20,"The ball is likely located in the area where the players' hands are closest together, as this is where the action is concentrated. Given the positions of the players, it appears that the ball was just hit by the player in white (cell D5) and is now moving towards the player in red (cell D4). Therefore, the ball is most likely in the area between these two cells.",D4
4.png,21,"The ball is likely located in the area where the players' hands are closest together, as this is where the action is concentrated. Given the positions of the players, it appears that the ball was just hit by the player in white (cell D5) and is now moving towards the player in red (cell D4). Therefore, the ball is most likely in the area between these two cells.",D4
4.png,22,"The ball is likely located in the area where the players' hands are closest together, as this is where the action is concentrated. Given the positions of the players, it appears that the ball was just hit by the player in white (cell D5) and is now moving towards the player in red (cell D4). Therefore, the ball is most likely in the area between these two cells.",D4
4.png,23,"The ball is likely located in the area where the players' hands are closest together, as this is where the action is concentrated. Given the positions of the players, it appears that the ball was just hit by the player in white (cell D5) and is now moving towards the player in red (cell D4). Therefore, the ball is most likely in the area between these two cells.",D4
4.png,24,"The ball is likely located in the area where the players' hands are closest together, as this is where the action is concentrated. Given the positions of the players, it appears that the ball was just hit by the player in white (cell D5) and is now moving towards the player in red (cell D4). Therefore, the ball is most likely in the area between these two cells.",D4
4.png,25,"The ball is likely located in the area where the players' hands are closest together, as this is where the action is concentrated and the ball would be most likely to be found during a play. Given the positions of the players, it appears that the ball is being passed or set by the player in white, who is positioned near the center of the court. Therefore, the ball is most likely located in the central part of the court, close to the net.",D5
4.png,26,"The ball is likely located in the area where the players' hands are closest together, as this is where the action is concentrated and the ball would be most likely to be found during a play. Given the positions of the players, it appears that the ball is being passed or set by the player in white, who is positioned near the center of the court. Therefore, the ball is most likely located in the central part of the court, close to the net.",D5
4.png,27,"The ball is likely located in the area where the players' hands are closest together, as this is where the action is concentrated and the ball would be most likely to be found during a play. Given the positions of the players, it appears that the ball is being passed or set by the player in white, who is positioned near the center of the court. Therefore, the ball is most likely located in the central part of the court, close to the net.",D5
4.png,28,"The ball is likely located in the area where the players' hands are closest together, as this is where the action is concentrated. Given the positions of the players, it appears that the ball was just hit by the player in white (cell D5) and is now moving towards the player in red (cell D4). Therefore, the ball is most likely in the area between these two cells.",D4
4.png,29,"The ball is likely located in the area where the players' hands are closest together, as this is where the action is concentrated and the ball would be most likely to be found during a play. Given the positions of the players, it appears that the ball is being passed or set by the player in white, who is positioned near the center of the court. Therefore, the ball is most likely located in the central part of the court, close to the net.",D5
4.png,30,"The ball is likely located in the area where the players' hands are closest together, as this is where the action is concentrated. Given the positions of the players, it appears that the ball was just hit by the player in white (cell D5) and is now moving towards the player in red (cell D4). Therefore, the ball is most likely in the area between these two cells.",D4
4.png,31,"The ball is likely located in the area where the players' hands are closest together, as this is where the action is concentrated. Given the positions of the players, it appears that the ball was just hit by the player in white (cell D5) and is now moving towards the player in red (cell D4). Therefore, the ball is most likely in the area between these two cells.",D4
4.png,32,"The ball is likely located in the area where the players' hands are closest together, as this is where the action is concentrated. Given the positions of the players, it appears that the ball was just hit by the player in white (cell D5) and is now moving towards the player in red (cell D4). Therefore, the ball is most likely in the area between these two cells.",D4
4.png,33,"The ball is likely located in the area where the players' hands are closest together, as this is where the action is concentrated. Given the positions of the players, it appears that the ball was just hit by the player in white (cell D5) and is now moving towards the player in red (cell D4). Therefore, the ball is most likely in the area between these two cells.",D4
4.png,34,"The ball is likely located in the area where the players' hands are closest together, as this is where the action is concentrated and the ball would be most likely to be found during a play. Given the positions of the players, it appears that the ball is being passed or set by the player in white, who is positioned near the center of the court. Therefore, the ball is most likely located in the central part of the court, close to the net.",D5
4.png,35,"The ball is likely located in the area where the players' hands are closest together, as this is where the action is concentrated and the ball would be most likely to be found during a play. Given the positions of the players, it appears that the ball is being passed or set by the player in white, who is positioned near the center of the court. Therefore, the ball is most likely located in the central part of the court, close to the net.",D5
4.png,36,"The ball is likely located in the area where the players' hands are closest together, as this is where the action is concentrated. Given the positions of the players, it appears that the ball was just hit by the player in white (cell D5) and is now moving towards the player in red (cell D4). Therefore, the ball is most likely in the area between these two cells.",D4
4.png,37,"The ball is likely located in the area where the players' hands are closest together, as this is where the action is concentrated and the ball would be most likely to be found during a play. Given the positions of the players, it appears that the ball is being passed or set by the player in white, who is positioned near the center of the court. Therefore, the ball is most likely located in the central part of the court, close to the net.",D5
4.png,38,"The ball is likely located in the area where the players' hands are closest together, as this is where the action is concentrated and the ball would be most likely to be found during a play. Given the positions of the players, it appears that the ball is being passed or set by the player in white, who is positioned near the center of the court. Therefore, the ball is most likely located in the central part of the court, close to the net.",D5
4.png,39,"The ball is likely located in the area where the players' hands are closest together, as this is where the action is concentrated. Given the positions of the players, it appears that the ball was just hit by the player in white (cell D5) and is now moving towards the player in red (cell D4). Therefore, the ball is most likely in the area between these two cells.",D4
4.png,40,"The ball is likely located in the area where the players' hands are closest together, as this is where the action is concentrated. Given the positions of the players, it appears that the ball was just hit by the player in white (cell D5) and is now moving towards the player in red (cell D4). Therefore, the ball is most likely in the area between these two cells.",D4
4.png,41,"The ball is likely located in the area where the players' hands are closest together, as this is where the action is concentrated and the ball would be most likely to be found during a play. Given the positions of the players, it appears that the ball is being passed or set by the player in white, who is positioned near the center of the court. Therefore, the ball is most likely located in the central part of the court, close to the net.",D5
4.png,42,"The ball is likely located in the area where the players' hands are closest together, as this is where the action is concentrated. Given the positions of the players, it appears that the ball was just hit by the player in white (cell D5) and is now moving towards the player in red (cell D4). Therefore, the ball is most likely in the area between these two cells.",D4
4.png,43,"The ball is likely located in the area where the players' hands are closest together, as this is where the action is concentrated and the ball would be most likely to be found during a play. Given the positions of the players, it appears that the ball is being passed or set by the player in white, who is positioned near the center of the court. Therefore, the ball is most likely located in the central part of the court, close to the net.",D5
4.png,44,"The ball is likely located in the area where the players' hands are closest together, as this is where the action is concentrated. Given the positions of the players, it appears that the ball was just hit by the player in white (cell D5) and is now moving towards the player in red (cell D4). Therefore, the ball is most likely in the area between these two cells.",D4
4.png,45,"The ball is likely located in the area where the players' hands are closest together, as this is where the action is concentrated and the ball would be most likely to be found during a play. Given the positions of the players, it appears that the ball is being passed or set by the player in white, who is positioned near the center of the court. Therefore, the ball is most likely located in the central part of the court, close to the net.",D5
4.png,46,"The ball is likely located in the area where the players' hands are closest together, as this is where the action is concentrated. Given the positions of the players, it appears that the ball was just hit by the player in white (cell D5) and is now moving towards the player in red (cell D4). Therefore, the ball is most likely in the area between these two cells.",D4
4.png,47,"The ball is likely located in the area where the players' hands are closest together, as this is where the action is concentrated and the ball would be most likely to be found during a play. Given the positions of the players, it appears that the ball is being passed or set by the player in white, who is positioned near the center of the court. Therefore, the ball is most likely located in the central part of the court, close to the net.",D5
4.png,48,"The ball is likely located in the area where the players' hands are closest together, as this is where the action is concentrated. Given the positions of the players, it appears that the ball was just hit by the player in white (cell D5) and is now moving towards the player in red (cell D4). Therefore, the ball is most likely in the area between these two cells.",D4
4.png,49,"The ball is likely located in the area where the players' hands are closest together, as this is where the action is concentrated. Given the positions of the players, it appears that the ball was just hit by the player in white (cell D5) and is now moving towards the player in red (cell D4). Therefore, the ball is most likely in the area between these two cells.",D4
4.png,50,"The ball is likely located in the area where the players' hands are closest together, as this is where the action is concentrated. Given the positions of the players, it appears that the ball was just hit by the player in white (cell D5) and is now moving towards the player in red (cell D4). Therefore, the ball is most likely in the area between these two cells.",D4
7.png,1,"The ball is likely located in the center of the court, near the net, as this is the area where players typically hit the ball during a serve or attack. Given the positions of the players, it seems that the ball was recently served or passed by one of the players on the right side of the court, which would place it in the central area of the court.",C5
7.png,2,"The ball is likely located in the center of the court, near the net, as this is the area where players typically hit the ball during a serve or attack. Given the positions of the players, it seems that the ball was recently served or passed by one of the players on the right side of the court, which would place it in the central area of the court.",C5
7.png,3,"The ball is likely located in the center of the court, near the net, as this is the area where players typically hit the ball during a serve or attack. Given the positions of the players, it appears that the ball was recently served or passed by one of the players on the right side of the court, which would place it in the central area of the court.",C5
7.png,4,"The ball is likely located in the center of the court, near the net, as this is the area where players typically hit the ball during a serve or attack. Given the positions of the players, it seems that the ball was recently served or passed by one of the players on the right side of the court, which would place it in the central area of the court.",C5
7.png,5,"The ball is likely located in the center of the court, near the net, as this is the area where players typically hit the ball during a serve or attack. Given the positions of the players, it seems that the ball was recently served or passed by one of the players on the right side of the court, which would place it in the central area of the court.",C5
7.png,6,"The ball is likely located in the center of the court, near the net, as this is the area where players typically hit the ball during a serve or attack. Given the positions of the players, it appears that the ball was recently served or passed by one of the players on the right side of the court, which would place it in the central area of the court.",C5
7.png,7,"The ball is likely located in the center of the court, near the net, as this is the area where players typically hit the ball during a serve or attack. Given the positions of the players, it appears that the ball was recently served or passed by one of the players on the right side of the court, which would place it in the central area of the court.",C5
7.png,8,"The ball is likely located in the center of the court, near the net, as this is the area where players typically hit the ball during a serve or attack. Given the positions of the players, it appears that the ball was recently served or passed by one of the players on the right side of the court, which would place it in the central area of the court.",C5
7.png,9,"The ball is likely located in the center of the court, near the net, as this is the area where players typically hit the ball during a serve or attack. Given the positions of the players, it appears that the ball was recently served or passed by one of the players on the right side of the court, which would place it in the central area of the court.",C5
7.png,10,"The ball is likely located in the center of the court, near the net, as this is the area where players typically hit the ball during a serve or attack. Given the positions of the players, it appears that the ball was recently served or passed by one of the players on the right side of the court, which would place it in the central area of the court.",C5
7.png,11,"The ball is likely located in the center of the court, near the net, as this is the area where players typically hit the ball during a serve or attack. Given the positions of the players, it seems that the ball was recently served or passed by one of the players on the right side of the court, which would place it in the central area of the court.",C5
7.png,12,"The ball is likely located in the center of the court, near the net, as this is the area where players typically hit the ball during a serve or attack. Given the positions of the players, it seems that the ball was recently served or passed by one of the players on the right side of the court, which would place it in the central area of the court.",C5
7.png,13,"The ball is likely located in the center of the court, near the net, as this is the area where players typically hit the ball during a serve or attack. Given the positions of the players, it seems that the ball was recently served or passed by one of the players on the right side of the court, which would place it in the central area of the court.",C5
7.png,14,"The ball is likely located in the center of the court, near the net, as this is the area where players typically hit the ball during a serve or attack. Given the positions of the players, it appears that the ball was recently served or passed by one of the players on the right side of the court, which would place it in the central area of the court.",C5
7.png,15,"The ball is likely located in the center of the court, near the net, as this is the area where players typically hit the ball during a serve or attack. Given the positions of the players, it seems that the ball was recently served or passed by one of the players on the right side of the court, which would place it in the central area of the court.",C5
7.png,16,"The ball is likely located in the center of the court, near the net, as this is the area where players typically hit the ball during a serve or attack. Given the positions of the players, it appears that the ball was recently served or passed by one of the players on the right side of the court, which would place it in the central area of the court.",C5
7.png,17,"The ball is likely located in the center of the court, near the net, as this is the area where players typically hit the ball during a serve or attack. Given the positions of the players, it seems that the ball was recently served or passed by one of the players on the right side of the court, which would place it in the central area of the court.",C5
7.png,18,"The ball is likely located in the center of the court, near the net, as this is the area where players typically hit the ball during a serve or attack. Given the positions of the players, it seems that the ball was recently served or passed by one of the players on the right side of the court, which would place it in the central area of the court.",C5
7.png,19,"The ball is likely located in the center of the court, near the net, as this is the area where players typically hit the ball during a serve or attack. Given the positions of the players, it seems that the ball was recently served or passed by one of the players on the right side of the court, which would place it in the central area of the court.",C5
7.png,20,"The ball is likely located in the center of the court, near the net, as this is the area where players typically hit the ball during a serve or attack. Given the positions of the players, it appears that the ball was recently served or passed by one of the players on the right side of the court, which would place it in the central area of the court.",C5
7.png,21,"The ball is likely located in the center of the court, near the net, as this is the area where players typically hit the ball during a serve or attack. Given the positions of the players, it appears that the ball was recently served or passed by one of the players on the right side of the court, which would place it in the central area of the court.",C5
7.png,22,"The ball is likely located in the center of the court, near the net, as this is the area where players typically hit the ball during a serve or attack. Given the positions of the players, it seems that the ball was recently served or passed by one of the players on the right side of the court, which would place it in the central area of the court.",C5
7.png,23,"The ball is likely located in the center of the court, near the net, as this is the area where players typically hit the ball during a serve or attack. Given the positions of the players, it seems that the ball was recently served or passed by one of the players on the right side of the court, which would place it in the central area of the court.",C5
7.png,24,"The ball is likely located in the center of the court, near the net, as this is the area where players typically hit the ball during a serve or attack. Given the positions of the players, it seems that the ball was recently served or passed by one of the players on the right side of the court, which would place it in the central area of the court.",C5
7.png,25,"The ball is likely located in the center of the court, near the net, as this is the area where players typically hit the ball during a serve or attack. Given the positions of the players, it appears that the ball was recently served or passed by one of the players on the right side of the court, which would place it in the central area of the court.",C5
7.png,26,"The ball is likely located in the center of the court, near the net, as this is the area where players typically hit the ball during a serve or attack. Given the positions of the players, it seems that the ball was recently served or passed by one of the players on the right side of the court, which would place it in the central area of the court.",C5
7.png,27,"The ball is likely located in the center of the court, near the net, as this is the area where players typically hit the ball during a serve or attack. Given the positions of the players, it seems that the ball was recently served or passed by one of the players on the right side of the court, which would place it in the central area of the court.",C5
7.png,28,"The ball is likely located in the center of the court, near the net, as this is the area where players typically hit the ball during a serve or attack. Given the positions of the players, it seems that the ball was recently served or passed by one of the players on the right side of the court, which would place it in the central area of the court.",C5
7.png,29,"The ball is likely located in the center of the court, near the net, as this is the area where players typically hit the ball during a serve or attack. Given the positions of the players, it seems that the ball was recently served or passed by one of the players on the right side of the court, which would place it in the central area of the court.",C5
7.png,30,"The ball is likely located in the center of the court, near the net, as this is the area where players typically hit the ball during a serve or attack. Given the positions of the players, it appears that the ball was recently served or passed by one of the players on the right side of the court, which would place it in the central area of the court.",C5
7.png,31,"The ball is likely located in the center of the court, near the net, as this is the area where players typically hit the ball during a serve or attack. Given the positions of the players, it appears that the ball was recently served or passed by one of the players on the right side of the court, which would place it in the central area of the court.",C5
7.png,32,"The ball is likely located in the center of the court, near the net, as this is the area where players typically hit the ball during a serve or attack. Given the positions of the players, it seems that the ball was recently served or passed by one of the players on the right side of the court, which would place it in the central area of the court.",C5
7.png,33,"The ball is likely located in the center of the court, near the net, as this is the area where players typically hit the ball during a serve or attack. Given the positions of the players, it seems that the ball was recently served or passed by one of the players on the right side of the court, which would place it in the central area of the court.",C5
7.png,34,"The ball is likely located in the center of the court, near the net, as this is the area where players typically hit the ball during a serve or attack. Given the positions of the players, it seems that the ball was recently served or passed by one of the players on the right side of the court, which would place it in the central area of the court.",C5
7.png,35,"The ball is likely located in the center of the court, near the net, as this is the area where players typically hit the ball during a serve or attack. Given the positions of the players, it appears that the ball was recently served or passed by one of the players on the right side of the court, which would place it in the central area of the court.",C5
7.png,36,"The ball is likely located in the center of the court, near the net, as this is the area where players typically hit the ball during a serve or attack. Given the positions of the players, it seems that the ball was recently served or passed by one of the players on the right side of the court, which would place it in the central area of the court.",C5
7.png,37,"The ball is likely located in the center of the court, near the net, as this is the area where players typically hit the ball during a serve or attack. Given the positions of the players, it appears that the ball was recently served or passed by one of the players on the right side of the court, which would place it in the central area of the court.",C5
7.png,38,"The ball is likely located in the center of the court, near the net, as this is the area where players typically hit the ball during a serve or attack. Given the positions of the players, it appears that the ball was recently served or passed by one of the players on the right side of the court, which would place it in the central area of the court.",C5
7.png,39,"The ball is likely located in the center of the court, near the net, as this is the area where players typically hit the ball during a serve or attack. Given the positions of the players, it appears that the ball was recently served or passed by one of the players on the right side of the court, which would place it in the central area of the court.",C5
7.png,40,"The ball is likely located in the center of the court, near the net, as this is the area where players typically hit the ball during a serve or attack. Given the positions of the players, it appears that the ball was recently served or passed by one of the players on the right side of the court, which would place it in the central area of the court.",C5
7.png,41,"The ball is likely located in the center of the court, near the net, as this is the area where players typically hit the ball during a serve or attack. Given the positions of the players, it seems that the ball was recently served or passed by one of the players on the right side of the court, which would place it in the central area of the court.",C5
7.png,42,"The ball is likely located in the center of the court, near the net, as this is the area where players typically hit the ball during a serve or attack. Given the positions of the players, it seems that the ball was recently served or passed by one of the players on the right side of the court, which would place it in the central area of the court.",C5
7.png,43,"The ball is likely located in the center of the court, near the net, as this is the area where players typically hit the ball during a serve or attack. Given the positions of the players, it seems that the ball was recently served or passed by one of the players on the right side of the court, which would place it in the central area of the court.",C5
7.png,44,"The ball is likely located in the center of the court, near the net, as this is the area where players typically hit the ball during a serve or attack. Given the positions of the players, it seems that the ball was recently served or passed by one of the players on the right side of the court, which would place it in the central area of the court.",C5
7.png,45,"The ball is likely located in the center of the court, near the net, as this is the area where players typically hit the ball during a serve or attack. Given the positions of the players, it seems that the ball was recently served or passed by one of the players on the right side of the court, which would place it in the central area of the court.",C5
7.png,46,"The ball is likely located in the center of the court, near the net, as this is the area where players typically hit the ball during a serve or attack. Given the positions of the players, it seems that the ball was recently served or passed by one of the players on the right side of the court, which would place it in the central area of the court.",C5
7.png,47,"The ball is likely located in the center of the court, near the net, as this is the area where players typically hit the ball during a serve or attack. Given the positions of the players, it seems that the ball was recently served or passed by one of the players on the right side of the court, which would place it in the central area of the court.",C5
7.png,48,"The ball is likely located in the center of the court, near the net, as this is the area where players typically hit the ball during a serve or attack. Given the positions of the players, it seems that the ball was recently served or passed by one of the players on the right side of the court, which would place it in the central area of the court.",C5
7.png,49,"The ball is likely located in the center of the court, near the net, as this is the area where players typically hit the ball during a serve or attack. Given the positions of the players, it seems that the ball was recently served or passed by one of the players on the right side of the court, which would place it in the central area of the court.",C5
7.png,50,"The ball is likely located in the center of the court, near the net, as this is the area where players typically hit the ball during a serve or attack. Given the positions of the players, it appears that the ball was recently served or passed by one of the players on the right side of the court, which would place it in the central area of the court.",C5
44.png,1,"The ball is likely located in the center of the court, as this is where players typically position themselves to receive or pass the ball during a game. Given the players' stances and the direction of their movements, it appears that the ball was recently passed or served towards the center of the court.",D5
44.png,2,"The ball is likely located in the center of the court, as this is where players typically position themselves to receive or pass the ball during a game. Given the players' stances and the direction of their movements, it appears that the ball was recently passed or served towards the center of the court.",D5
44.png,3,"The ball is likely located in the center of the court, as this is where players typically position themselves to receive or pass the ball during a game. Given the players' stances and the direction of their movements, it appears that the ball was recently passed or served towards the center of the court.",D5
44.png,4,"The ball is likely located in the center of the court, as this is where players typically position themselves to receive or pass the ball during a game. Given the players' stances and the direction of their movements, it appears that the ball was recently passed or served towards the center of the court.",D5
44.png,5,"The ball is likely located in the center of the court, as this is where players typically position themselves to receive or pass the ball during a game. Given the players' stances and the direction of their movements, it appears that the ball was recently passed or served towards the center of the court.",D5
44.png,6,"The ball is likely located in the center of the court, as this is where players typically position themselves to receive or pass the ball during a game. Given the players' stances and the direction of their movements, it appears that the ball was recently passed or served towards the center of the court.",D5
44.png,7,"The ball is likely located in the center of the court, as this is where players typically position themselves to receive or pass the ball during a game. Given the players' stances and the direction of their movements, it appears that the ball was recently passed or served towards the center of the court.",D5
44.png,8,"The ball is likely located in the center of the court, as this is where players typically position themselves to receive or pass the ball during a game. Given the players' stances and the direction of their movements, it appears that the ball was recently passed or served towards the center of the court.",D5
44.png,9,"The ball is likely located in the center of the court, as this is where players typically position themselves to receive or pass the ball during a game. Given the players' stances and the direction of their movements, it appears that the ball was recently passed or served towards the center of the court.",D5
44.png,10,"The ball is likely located in the center of the court, as this is where players typically position themselves to receive or pass the ball during a game. Given the players' stances and the direction of their movements, it appears that the ball was recently passed or served towards the center of the court.",D5
44.png,11,"The ball is likely located in the center of the court, as this is where players typically position themselves to receive or pass the ball during a game. Given the players' stances and the direction of their movements, it appears that the ball was recently passed or served towards the center of the court.",D5
44.png,12,"The ball is likely located in the center of the court, as this is where players typically position themselves to receive or pass the ball during a game. Given the players' stances and the direction of their movements, it appears that the ball was recently passed or served towards the center of the court.",D5
44.png,13,"The ball is likely located in the center of the court, as this is where players typically position themselves to receive or pass the ball during a game. Given the players' stances and the direction of their movements, it appears that the ball was recently passed or served towards the center of the court.",D5
44.png,14,"The ball is likely located in the center of the court, as this is where players typically position themselves to receive or pass the ball during a game. Given the players' stances and the direction of their movements, it appears that the ball was recently passed or served towards the center of the court.",D5
44.png,15,"The ball is likely located in the center of the court, as this is where players typically position themselves to receive or pass the ball during a game. Given the players' stances and the direction of their movements, it appears that the ball was recently passed or served towards the center of the court.",D5
44.png,16,"The ball is likely located in the center of the court, as this is where players typically position themselves to receive or pass the ball during a game. Given the players' stances and the direction of their movements, it appears that the ball was recently passed or served towards the center of the court.",D5
44.png,17,"The ball is likely located in the center of the court, as this is where players typically position themselves to receive or pass the ball during a game. Given the players' stances and the direction of their movements, it appears that the ball was recently passed or served towards the center of the court.",D5
44.png,18,"The ball is likely located in the center of the court, as this is where players typically position themselves to receive or pass the ball during a game. Given the players' stances and the direction of their movements, it appears that the ball was recently passed or served towards the center of the court.",D5
44.png,19,"The ball is likely located in the center of the court, as this is where players typically position themselves to receive or pass the ball during a game. Given the players' stances and the direction of their movements, it appears that the ball was recently passed or served towards the center of the court.",D5
44.png,20,"The ball is likely located in the center of the court, as this is where players typically position themselves to receive or pass the ball during a game. Given the players' stances and the direction of their movements, it appears that the ball was recently passed or served towards the center of the court.",D5
44.png,21,"The ball is likely located in the center of the court, as this is where players typically position themselves to receive or pass the ball during a game. Given the players' stances and the direction of their movements, it appears that the ball was recently passed or served towards the center of the court.",D5
44.png,22,"The ball is likely located in the center of the court, as this is where players typically position themselves to receive or pass the ball during a game. Given the players' stances and the direction of their movements, it appears that the ball was recently passed or served towards the center of the court.",D5
44.png,23,"The ball is likely located in the center of the court, as this is where players typically position themselves to receive or pass the ball during a game. Given the players' stances and the direction of their movements, it appears that the ball was recently passed or served towards the center of the court.",D5
44.png,24,"The ball is likely located in the center of the court, as this is where players typically position themselves to receive or pass the ball during a game. Given the players' stances and the direction of their movements, it appears that the ball was recently passed or served towards the center of the court.",D5
44.png,25,"The ball is likely located in the center of the court, as this is where players typically position themselves to receive or pass the ball during a game. Given the players' stances and the direction of their movements, it appears that the ball was recently passed or served towards the center of the court.",D5
44.png,26,"The ball is likely located in the center of the court, as this is where players typically position themselves to receive or pass the ball during a game. Given the players' stances and the direction of their movements, it appears that the ball was recently passed or served towards the center of the court.",D5
44.png,27,"The ball is likely located in the center of the court, as this is where players typically position themselves to receive or pass the ball during a game. Given the players' stances and the direction of their movements, it appears that the ball was recently passed or served towards the center of the court.",D5
44.png,28,"The ball is likely located in the center of the court, as this is where players typically position themselves to receive or pass the ball during a game. Given the players' stances and the direction of their movements, it appears that the ball was recently passed or served towards the center of the court.",D5
44.png,29,"The ball is likely located in the center of the court, as this is where players typically position themselves to receive or pass the ball during a game. Given the players' stances and the direction of their movements, it appears that the ball was recently passed or served towards the center of the court.",D5
44.png,30,"The ball is likely located in the center of the court, as this is where players typically position themselves to receive or pass the ball during a game. Given the players' stances and the direction of their movements, it appears that the ball was recently passed or served towards the center of the court.",D5
44.png,31,"The ball is likely located in the center of the court, as this is where players typically position themselves to receive or pass the ball during a game. Given the players' stances and the direction of their movements, it appears that the ball was recently passed or served towards the center of the court.",D5
44.png,32,"The ball is likely located in the center of the court, as this is where players typically position themselves to receive or pass the ball during a game. Given the players' stances and the direction of their movements, it appears that the ball was recently passed or served towards the center of the court.",D5
44.png,33,"The ball is likely located in the center of the court, as this is where players typically position themselves to receive or pass the ball during a game. Given the players' stances and the direction of their movements, it appears that the ball was recently passed or served towards the center of the court.",D5
44.png,34,"The ball is likely located in the center of the court, as this is where players typically position themselves to receive or pass the ball during a game. Given the players' stances and the direction of their movements, it appears that the ball was recently passed or served towards the center of the court.",D5
44.png,35,"The ball is likely located in the center of the court, as this is where players typically position themselves to receive or pass the ball during a game. Given the players' stances and the direction of their movements, it appears that the ball was recently passed or served towards the center of the court.",D5
44.png,36,"The ball is likely located in the center of the court, as this is where players typically position themselves to receive or pass the ball during a game. Given the players' stances and the direction of their movements, it appears that the ball was recently passed or served towards the center of the court.",D5
44.png,37,"The ball is likely located in the center of the court, as this is where players typically position themselves to receive or pass the ball during a game. Given the players' stances and the direction of their movements, it appears that the ball was recently passed or served towards the center of the court.",D5
44.png,38,"The ball is likely located in the center of the court, as this is where players typically position themselves to receive or pass the ball during a game. Given the players' stances and the direction of their movements, it appears that the ball was recently passed or served towards the center of the court.",D5
44.png,39,"The ball is likely located in the center of the court, as this is where players typically position themselves to receive or pass the ball during a game. Given the players' stances and the direction of their movements, it appears that the ball was recently passed or served towards the center of the court.",D5
44.png,40,"The ball is likely located in the center of the court, as this is where players typically position themselves to receive or pass the ball during a game. Given the players' stances and the direction of their movements, it appears that the ball was recently passed or served towards the center of the court.",D5
44.png,41,"The ball is likely located in the center of the court, as this is where players typically position themselves to receive or pass the ball during a game. Given the players' stances and the direction of their movements, it appears that the ball was recently passed or served towards the center of the court.",D5
44.png,42,"The ball is likely located in the center of the court, as this is where players typically position themselves to receive or pass the ball during a game. Given the players' stances and the direction of their movements, it appears that the ball was recently passed or served towards the center of the court.",D5
44.png,43,"The ball is likely located in the center of the court, as this is where players typically position themselves to receive or pass the ball during a game. Given the players' stances and the direction of their movements, it appears that the ball was recently passed or served towards the center of the court.",D5
44.png,44,"The ball is likely located in the center of the court, as this is where players typically position themselves to receive or pass the ball during a game. Given the players' stances and the direction of their movements, it appears that the ball was recently passed or served towards the center of the court.",D5
44.png,45,"The ball is likely located in the center of the court, as this is where players typically position themselves to receive or pass the ball during a game. Given the players' stances and the direction of their movements, it appears that the ball was recently passed or served towards the center of the court.",D5
44.png,46,"The ball is likely located in the center of the court, as this is where players typically position themselves to receive or pass the ball during a game. Given the players' stances and the direction of their movements, it appears that the ball was recently passed or served towards the center of the court.",D5
44.png,47,"The ball is likely located in the center of the court, as this is where players typically position themselves to receive or pass the ball during a game. Given the players' stances and the direction of their movements, it appears that the ball was recently passed or served towards the center of the court.",D5
44.png,48,"The ball is likely located in the center of the court, as this is where players typically position themselves to receive or pass the ball during a game. Given the players' stances and the direction of their movements, it appears that the ball was recently passed or served towards the center of the court.",D5
44.png,49,"The ball is likely located in the center of the court, as this is where players typically position themselves to receive or pass the ball during a game. Given the players' stances and the direction of their movements, it appears that the ball was recently passed or served towards the center of the court.",D5
44.png,50,"The ball is likely located in the center of the court, as this is where players typically position themselves to receive or pass the ball during a game. Given the players' stances and the direction of their movements, it appears that the ball was recently passed or served towards the center of the court.",D5
51_wball.png,1,"The ball is likely located in the center of the image, slightly above the net, as it appears to be in mid-air after being hit by one of the players. This is indicated by the trajectory of the ball and the position of the players' hands, which suggest they have just made contact with the ball.",C5
51_wball.png,2,"The ball is likely located in the center of the image, slightly above the net, as it appears to be in mid-air after being hit by one of the players. This is indicated by the trajectory of the ball and the position of the players' hands, which suggest they have just made contact with the ball.",C5
51_wball.png,3,"The ball is likely located in the center of the image, slightly above the net, as it appears to be in mid-air after being hit by one of the players. This is indicated by the trajectory of the ball and the position of the players' hands, which suggest they have just made contact with the ball.",C5
51_wball.png,4,"The ball is likely located in the center of the image, as it was recently hit by the player in the foreground. The trajectory suggests it's moving towards the top right corner of the image, which corresponds to the cell labeled B5.",B5
51_wball.png,5,"The ball is likely located in the center of the image, just above the net, as it appears to be in mid-air and heading towards the players on the right side of the court. This is the most probable trajectory for a volleyball being served or hit by a player.",C5
51_wball.png,6,"The ball is likely located in the center of the image, just above the net, as it appears to be in mid-air and heading towards the players on the right side of the court. This is the most common trajectory for a volleyball serve or spike.",D5
51_wball.png,7,"The ball is likely located in the center of the image, as it was recently hit by the player in the foreground. The trajectory suggests it's moving towards the top right corner of the image, which corresponds to the cell labeled B5.",B5
51_wball.png,8,"The ball is likely located in the center of the image, as it was recently hit by the player in the foreground. The trajectory suggests it's moving towards the top right corner of the image, which corresponds to the cell labeled B5.",B5
51_wball.png,9,"The ball is likely located in the center of the image, just above the net, as it appears to be in mid-air and heading towards the players on the right side of the court. This is the most common trajectory for a volleyball serve or spike.",C5
51_wball.png,10,"The ball is likely located in the center of the image, just above the net, as it appears to be in mid-air and heading towards the players on the right side of the court. This is the most common trajectory for a volleyball serve or spike.",D5
51_wball.png,11,"The ball is likely located in the center of the image, just above the net, as it appears to be in mid-air and heading towards the players on the right side of the court. This is the most probable trajectory for the ball given its position relative to the players and the net.",C5
51_wball.png,12,"The ball is likely located in the center of the image, just above the net, as it appears to be in mid-air and heading towards the players on the right side of the court. This is the most probable trajectory for the ball given its position relative to the players and the net.",C5
51_wball.png,13,"The ball is likely located in the center of the image, just above the net, as it appears to be in mid-air and heading towards the players on the right side of the court. This is the most probable trajectory for the ball given its position relative to the players and the net.",C5
51_wball.png,14,"The ball is likely located in the center of the image, just above the net, as it appears to be in mid-air and heading towards the players on the right side of the court. This is the most common trajectory for a volleyball serve or spike.",C5
51_wball.png,15,"The ball is likely located in the center of the image, as it was recently hit by the player in the foreground. The trajectory suggests it's moving towards the top right corner of the image, which corresponds to the cell labeled B5.",B5
51_wball.png,16,"The ball is likely located in the center of the image, slightly above the net, as it appears to be in mid-air after being hit by one of the players. This is indicated by the trajectory of the ball and the position of the players' hands, which suggest they have just made contact with the ball.",C5
51_wball.png,17,"The ball is likely located in the center of the image, just above the net, as it appears to be in mid-air and heading towards the players on the right side of the court. This is the most probable trajectory for a volleyball being served or hit by a player.",D5
51_wball.png,18,"The ball is likely located in the center of the image, slightly above the net, as it appears to be in mid-air after being hit by one of the players. This is indicated by the trajectory of the ball and the position of the players' hands, which suggest they have just made contact with the ball.",C5
51_wball.png,19,"The ball is likely located in the center of the image, as it was recently hit by the player in the foreground. The trajectory suggests it's moving towards the top right corner of the image, which corresponds to the cell labeled B5.",B5
51_wball.png,20,"The ball is likely located in the center of the image, slightly above the net, as it appears to be in mid-air after being hit by one of the players. This is indicated by the trajectory of the ball and the position of the players' hands, which suggest they have just made contact with the ball.",C5
51_wball.png,21,"The ball is likely located in the center of the image, slightly above the net, as it appears to be in mid-air after being hit by one of the players. This is indicated by the trajectory of the ball and the position of the players' hands, which suggest they have just made contact with the ball.",C5
51_wball.png,22,"The ball is likely located in the center of the image, as it was recently hit by the player in the foreground. The trajectory suggests it's moving towards the top right corner of the image, which corresponds to the cell labeled B5.",B5
51_wball.png,23,"The ball is likely located in the center of the image, just above the net, as it appears to be in mid-air and heading towards the players on the right side of the court. This is the most common trajectory for a volleyball serve or spike.",C5
51_wball.png,24,"The ball is likely located in the center of the image, just above the net, as it appears to be in mid-air and heading towards the players on the right side of the court. This is the most probable trajectory for the ball given its position relative to the players and the net.",C5
51_wball.png,25,"The ball is likely located in the center of the image, slightly above the net, as it appears to be in mid-air after being hit by one of the players. This is indicated by the trajectory of the ball and the position of the players' hands, which suggest they have just made contact with the ball.",C5
51_wball.png,26,"The ball is likely located in the center of the image, slightly above the net, as it appears to be in mid-air after being hit by one of the players. This is indicated by the trajectory of the ball and the position of the players' hands, which suggest they have just made contact with the ball.",C5
51_wball.png,27,"The ball is likely located in the center of the image, slightly above the net, as it appears to be in mid-air after being hit by one of the players. This is indicated by the trajectory of the ball and the position of the players' hands, which suggest they have just made contact with the ball.",C5
51_wball.png,28,"The ball is likely located in the center of the image, as it was recently hit by the player in the foreground. The trajectory suggests it's moving towards the top right corner of the image, which corresponds to the cell labeled B5.",B5
51_wball.png,29,"The ball is likely located in the center of the image, just above the net, as it appears to be in mid-air and heading towards the players on the right side of the court. This is the most common trajectory for a volleyball serve or spike.",C5
51_wball.png,30,"The ball is likely located in the center of the image, as it was recently hit by the player in the foreground. The trajectory suggests it's moving towards the top right corner of the image, which corresponds to the cell labeled B5.",B5
51_wball.png,31,"The ball is likely located in the center of the image, slightly above the net, as it appears to be in mid-air after being hit by one of the players. This is indicated by the trajectory of the ball and the position of the players' hands, which suggest they have just made contact with the ball.",C5
51_wball.png,32,"The ball is likely located in the center of the image, just above the net, as it appears to be in mid-air and heading towards the players on the right side of the court. This is the most probable trajectory for a volleyball being served or hit by a player.",C5
51_wball.png,33,"The ball is likely located in the center of the image, slightly above the net, as it appears to be in mid-air after being hit by one of the players. This is indicated by the trajectory of the ball and the position of the players' hands, which suggest they have just made contact with the ball.",C5
51_wball.png,34,"The ball is likely located in the center of the image, just above the net, as it appears to be in mid-air and heading towards the players on the right side of the court. This is the most common trajectory for a volleyball serve or spike.",D5
51_wball.png,35,"The ball is likely located in the center of the image, as it was recently hit by the player in the foreground. The trajectory suggests it's moving towards the top right corner of the image, which corresponds to the cell labeled B5.",B5
51_wball.png,36,"The ball is likely located in the center of the image, just above the net, as it appears to be in mid-air and heading towards the players on the right side of the court. This is the most common trajectory for a volleyball serve or spike.",C5
51_wball.png,37,"The ball is likely located in the center of the image, slightly above the net, as it appears to be in mid-air after being hit by one of the players. This is indicated by the trajectory of the ball and the position of the players' hands, which suggest they have just made contact with the ball.",C5
51_wball.png,38,"The ball is likely located in the center of the image, just above the net, as it appears to be in mid-air and heading towards the players on the right side of the court. This is the most probable trajectory for a volleyball being served or hit by a player.",C5
51_wball.png,39,"The ball is likely located in the center of the image, as it was recently hit by the player in the foreground. The trajectory suggests it's moving towards the top right corner of the image, which corresponds to the cell labeled B5.",B5
51_wball.png,40,"The ball is likely located in the center of the image, as it was recently hit by the player in the foreground. The trajectory suggests it's moving towards the top right corner of the image, which corresponds to the cell labeled B5.",B5
51_wball.png,41,"The ball is likely located in the center of the image, slightly above the net, as it appears to be in mid-air after being hit by one of the players. This is indicated by the trajectory of the ball and the position of the players' hands, which suggest they have just made contact with the ball.",C5
51_wball.png,42,"The ball is likely located in the center of the image, as it was recently hit by the player in the foreground. The trajectory suggests it's moving towards the top right corner of the image, which corresponds to the cell labeled B5.",B5
51_wball.png,43,"The ball is likely located in the center of the image, just above the net, as it appears to be in mid-air and heading towards the players on the right side of the court. This is the most common trajectory for a volleyball serve or spike.",C5
51_wball.png,44,"The ball is likely located in the center of the image, just above the net, as it appears to be in mid-air and heading towards the players on the right side of the court. This is the most common trajectory for a volleyball serve or spike.",C5
51_wball.png,45,"The ball is likely located in the center of the image, slightly above the net, as it appears to be in mid-air after being hit by one of the players. This is indicated by the trajectory of the ball and the position of the players' hands, which suggest they have just made contact with the ball.",C5
51_wball.png,46,"The ball is likely located in the center of the image, as it was recently hit by the player in the foreground. The trajectory suggests it's moving towards the top right corner of the image, which corresponds to the cell labeled B5.",B5
51_wball.png,47,"The ball is likely located in the center of the image, just above the net, as it appears to be in mid-air and heading towards the players on the right side of the court. This is the most probable trajectory for the ball given its position relative to the players and the net.",C5
51_wball.png,48,"The ball is likely located in the center of the image, just above the net, as it appears to be in mid-air and heading towards the players on the right side of the court. This is the most probable trajectory for a volleyball being served or hit by a player.",D5
51_wball.png,49,"The ball is likely located in the center of the image, slightly above the net, as it appears to be in mid-air after being hit by one of the players. This is indicated by the trajectory of the ball and the position of the players' hands, which suggest they have just made contact with the ball.",C5
51_wball.png,50,"The ball is likely located in the center of the image, as it was recently hit by the player in the foreground. The trajectory suggests it's moving towards the top right corner of the image, which corresponds to the cell labeled B5.",B5
12.png,1,"The ball is likely located in the center of the court, near the net, as it appears that a player has just hit the ball over the net. This is indicated by the positioning of the players and the direction of their movements. The ball would typically be in play after being hit, so it's reasonable to assume it's still on the court but not yet captured in the frame.",C5
12.png,2,"The ball is likely located in the center of the court, near the net, as it was recently hit by the player in white (cell C3). Given the trajectory and the position of the players, the ball would have moved towards the opposite side of the court, which is currently unoccupied by any players. Therefore, the ball is most likely in the center of the court, close to the net.",D5
12.png,3,"The ball is likely located in the center of the court, near the net, as it was recently hit by the player in white (cell C3). Given the trajectory and the position of the players, the ball would have moved towards the opposite side of the court, which is now in the red team's area (cells E5-E8).",E6
12.png,4,"The ball is likely located in the center of the court, just above the net, as it was recently hit by the player in white (cell C3). Given the trajectory and the position of the players, the ball would have moved downward and forward towards the opponent's side. Therefore, the most probable location for the ball is in the area between cells D5 and E6.",D5
12.png,5,"The ball is likely located in the center of the court, just above the net, as it was recently hit by the player in white (cell C3). Given the trajectory and the position of the players, the ball would have moved downward and slightly forward towards the center of the court.",C5
12.png,6,"The ball is likely located in the center of the court, just above the net, as it was recently hit by the player in white (cell C3). Given the trajectory and the position of the players, the ball would have moved downward and forward towards the opposing team's side. Therefore, the most probable location for the ball is in the area where the opposing team is positioned, which is in cells D5, E5, or F5.",F5
12.png,7,"The ball is likely located in the center of the court, just above the net, as it was recently hit by the player in white (cell C3). Given the trajectory and the position of the players, the ball would have moved downward and forward towards the opposing team's side. Therefore, the most probable location for the ball is in the area where the opposing team is positioned, which is in cells D5, E5, or F5.",F5
12.png,8,"The ball is likely located in the center of the court, near the net, as it was recently hit by the player in white (cell C3). Given the trajectory and the position of the players, the ball would have moved towards the opposite side of the court, which is currently unoccupied by any players. Therefore, the ball is most likely in the center of the court, close to the net.",D5
12.png,9,"The ball is likely located in the center of the court, just above the net, as it was recently hit by the player in white (cell C3). Given the trajectory and the position of the players, the ball would have moved downward and slightly forward towards the center of the court.",C5
12.png,10,"The ball is likely located in the center of the court, just above the net, as it was recently hit by the player in white (cell C3). Given the trajectory and the position of the players, the ball would have moved downward and forward towards the opponent's side of the court. Therefore, the most probable location for the ball is in the area between cells D5 and E6.",D5
12.png,11,"The ball is likely located in the center of the court, near the net, as it appears that a player has just hit the ball over the net. This is indicated by the positioning of the players and the direction of their movements. The ball would typically be in play after being hit, so it's reasonable to assume it's still within the court boundaries.",C5
12.png,12,"The ball is likely located in the center of the court, near the net, as it was recently hit by a player in white (cell C3). Given the trajectory and the position of the players, the ball would have moved towards the opposite side of the court, which is currently unoccupied by any players. Therefore, the ball is most likely in the center of the court, close to the net but not yet reached by any players.",D5
12.png,13,"The ball is likely located in the center of the court, just above the net, as it was recently hit by the player in white (cell C3). Given the trajectory and the position of the players, the ball would have moved downward and slightly forward towards the center of the court.",C5
12.png,14,"The ball is likely located in the center of the court, near the net, as it appears that a player has just hit the ball over the net. This is indicated by the positioning of the players and the direction of their movements. The ball would typically be in play during this moment, making the center of the court the most probable location.",C5
12.png,15,"The ball is likely located in the center of the court, just above the net, as it was recently hit by the player in white (cell C3). Given the trajectory and the position of the players, the ball would have moved downward and slightly forward towards the center of the court.",C5
12.png,16,"The ball is likely located in the center of the court, just above the net, as it was recently hit by the player in white (cell C3). Given the trajectory and the position of the players, the ball would have moved downward and slightly forward towards the center of the court.",C5
12.png,17,"The ball is likely located in the center of the court, near the net, as it was recently hit by the player in white (cell C3). Given the trajectory and the position of the players, the ball would have moved towards the opposite side of the court, which is now in the red team's area (cells E5-E8).",E6
12.png,18,"The ball is likely located in the center of the court, near the net, as it appears that a player has just hit the ball over the net. This is indicated by the players' positions and the direction they are facing, suggesting they have just completed a serve or spike.",C5
12.png,19,"The ball is likely located in the center of the court, just above the net, as it was recently hit by the player in white (cell C3). Given the trajectory and the position of the players, the ball would have moved downward and forward towards the opponent's side. Therefore, the most probable location for the ball is in the area between cells D5 and E6.",D5
12.png,20,"The ball is likely located in the center of the court, near the net, as it appears that a player has just hit the ball over the net. This is indicated by the positioning of the players and the direction of their movements. The ball would typically be in play between the two teams, and given the context of the image, it's reasonable to assume it's in the area where the action is taking place.",C5
12.png,21,"The ball is likely located in the center of the court, near the net, as it was recently hit by a player in white (cell C3). Given the trajectory and the position of the players, the ball would have moved towards the opposite side of the court, which is now in the red team's area (cells E5-E8).",E6
12.png,22,"The ball is likely located in the center of the court, near the net, as it appears that a player has just hit the ball over the net. This is indicated by the positioning of the players and the direction of their movements. The ball would typically be in play at this point, making the center of the court the most probable location.",C5
12.png,23,"The ball is likely located in the center of the court, just above the net, as it was recently hit by the player in white (cell C3). Given the trajectory and the position of the players, the ball would have moved downward and forward towards the opponent's side. Therefore, the most probable location for the ball is in the area between cells D5 and E6.",D5
12.png,24,"The ball is likely located in the center of the court, just above the net, as it was recently hit by the player in white (cell C3). Given the trajectory and the position of the players, the ball would have moved downward and slightly forward towards the center of the court.",C5
12.png,25,"The ball is likely located in the center of the court, near the net, as it was recently hit by the player in white (cell C3). Given the trajectory and the position of the players, the ball would have moved towards the opposite side of the court, which is now in the red team's area (cells E5-E8).",E6
12.png,26,"The ball is likely located in the center of the court, near the net, as it appears that a player has just hit the ball over the net. This is indicated by the players' positions and the direction they are facing, suggesting they have just completed a serve or spike.",C5
12.png,27,"The ball is likely located in the center of the court, near the net, as it appears that a player has just hit the ball over the net. This is indicated by the positioning of the players and the direction of their movements. The ball would typically be in play during this moment, making the center of the court the most probable location.",C5
12.png,28,"The ball is likely located in the center of the court, just above the net, as it was recently hit by the player in white (cell C3). Given the trajectory and the position of the players, the ball would have moved downward and forward towards the opposing team's side. Therefore, the most probable location for the ball is in the area where the opposing team is positioned, which is in cells D5, E5, or F5.",F5
12.png,29,"The ball is likely located in the center of the court, just above the net, as it was recently hit by the player in white (cell C3). Given the trajectory and the position of the players, the ball would have moved downward and forward towards the opponent's side. Therefore, the most probable location for the ball is in the area between cells D5 and E6.",D5
12.png,30,"The ball is likely located in the center of the court, just above the net, as it was recently hit by the player in white (cell C3). Given the trajectory and the position of the players, the ball would have moved downward and forward towards the opposing team's side. Therefore, the most probable location for the ball is in the area where the opposing team is positioned, which is in cells D5, E5, or F5.",F5
12.png,31,"The ball is likely located in the center of the court, near the net, as it was recently hit by the player in white (cell C3). Given the trajectory and the position of the players, the ball would have moved towards the opposite side of the court, which is now in the red team's area (cells E5-E8).",E6
12.png,32,"The ball is likely located in the center of the court, near the net, as it was recently hit by a player in white (cell C3). Given the trajectory and the position of the players, the ball would have moved towards the opposite side of the court, which is currently unoccupied by any players. Therefore, the ball is most likely in the center of the court, close to the net but not yet reached by any players.",D5
12.png,33,"The ball is likely located in the center of the court, just above the net, as it was recently hit by the player in white (cell C3). Given the trajectory and the position of the players, the ball would have moved downward and forward towards the opposing team's side. Therefore, the most probable location for the ball is in the area where the opposing team is positioned, which is in cells D5, E5, or F5.",F5
12.png,34,"The ball is likely located in the center of the court, just above the net, as it was recently hit by the player in white (cell C3). Given the trajectory and the position of the players, the ball would have moved downward and forward towards the opposing team's side. Therefore, the most probable location for the ball is in the area where the opposing team is positioned, which is in cells D5, E5, or F5.",F5
12.png,35,"The ball is likely located in the center of the court, near the net, as it was recently hit by the player in white (cell C3). Given the trajectory and the position of the players, the ball would have moved towards the opposite side of the court, which is now in the red team's area (cells E5-E8).",E6
12.png,36,"The ball is likely located in the center of the court, near the net, as it appears that a player has just hit the ball over the net. This is indicated by the players' positions and the direction they are facing, suggesting they have just completed a serve or spike.",C5
12.png,37,"The ball is likely located in the center of the court, near the net, as it was recently hit by the player in white (cell C3). Given the trajectory and the position of the players, the ball would have moved towards the opposite side of the court, which is now in the red team's area (cells E5-E8).",E6
12.png,38,"The ball is likely located in the center of the court, near the net, as it was recently hit by the player in white (cell C3). Given the trajectory and the position of the players, the ball would have moved towards the opposite side of the court, which is currently unoccupied by any players. Therefore, the ball is most likely in the center of the court, close to the net.",D5
12.png,39,"The ball is likely located in the center of the court, near the net, as it appears that a player has just hit the ball over the net. This is indicated by the players' positions and the direction they are facing, suggesting they have just completed a serve or spike.",C5
12.png,40,"The ball is likely located in the center of the court, near the net, as it appears that a player has just hit the ball over the net. This is indicated by the positioning of the players and the direction of their movements. The ball would typically be in play between the two teams, and given the context of the image, it's reasonable to assume it's in the area where the action is taking place.",C5
12.png,41,"The ball is likely located in the center of the court, just above the net, as it was recently hit by the player in white (cell C3). Given the trajectory and the position of the players, the ball would have moved downward and slightly forward towards the center of the court.",C5
12.png,42,"The ball is likely located in the center of the court, near the net, as it appears that a player has just hit the ball over the net. This is indicated by the players' positions and the direction they are facing, suggesting they have just completed a serve or spike.",C5
12.png,43,"The ball is likely located in the center of the court, just above the net, as it was recently hit by the player in white (cell C3). Given the trajectory and the position of the players, the ball would have moved downward and forward towards the opposing team's side. Therefore, the most probable location for the ball is in the area where the opposing team is positioned, which is in cells D5, E5, or F5.",F5
12.png,44,"The ball is likely located in the center of the court, just above the net, as it was recently hit by the player in white (cell C3). Given the trajectory and the position of the players, the ball would have moved downward and forward towards the opponent's side of the court. Therefore, the most probable location for the ball is in the area between cells D5 and E6.",D5
12.png,45,"The ball is likely located in the center of the court, just above the net, as it was recently hit by the player in white (cell C3). Given the trajectory and the position of the players, the ball would have moved downward and forward towards the opponent's side. Therefore, the most probable location for the ball is in the area between cells D5 and E6.",D5
12.png,46,"The ball is likely located in the center of the court, near the net, as it was recently hit by a player in white (cell C3). Given the trajectory and the position of the players, the ball would have moved towards the opposite side of the court, which is closest to cells D5 and E6.",D5
12.png,47,"The ball is likely located in the center of the court, just above the net, as it was recently hit by the player in white (cell C3). Given the trajectory and the position of the players, the ball would have moved downward and forward towards the opposing team's side. Therefore, the most probable location for the ball is in the area where the opposing team is positioned, which is in cells D5, E5, or F5.",F5
12.png,48,"The ball is likely located in the center of the court, just above the net, as it was recently hit by the player in white (cell C3). Given the trajectory and the position of the players, the ball would have moved downward and slightly forward towards the center of the court.",C5
12.png,49,"The ball is likely located in the center of the court, just above the net, as it was recently hit by the player in white (cell C3). Given the trajectory and the position of the players, the ball would have moved downward and forward towards the opposing team's side. Therefore, the most probable location for the ball is in the area where the opposing team is positioned, which is in cells D5, E5, or F5.",F5
12.png,50,"The ball is likely located in the center of the court, just above the net, as it was recently hit by the player in white (cell C3). Given the trajectory and the position of the players, the ball would have moved downward and slightly forward towards the center of the court.",C5
22.png,1,"The ball is likely located in the center of the court, near the net, as this is where the action typically occurs during a volleyball game. The players are positioned around this area, suggesting that the ball is either about to be served or has just been hit by one of the players.",F5
22.png,2,"The ball is likely located in the center of the court, near the net, as this is where the action typically occurs during a volleyball game. The players are positioned around this area, indicating that the ball is either about to be served or has just been hit by one of the teams.",F5
22.png,3,"The ball is likely located in the center of the court, near the net, as this is where the action typically occurs during a volleyball game. The players are positioned around this area, indicating that the ball is either about to be served or has just been hit by one of the teams.",F5
22.png,4,"The ball is likely located in the center of the court, near the net, as this is where the action typically occurs during a volleyball game. The players are positioned around this area, indicating that the ball is either about to be served or has just been hit by one of the teams.",F5
22.png,5,"The ball is likely located in the center of the court, near the net, as this is where the action typically occurs during a volleyball game. The players are positioned around this area, suggesting that the ball is either about to be served or has just been hit by one of the players.",F5
22.png,6,"The ball is likely located in the center of the court, near the net, as this is where the action typically occurs during a volleyball game. The players are positioned around this area, suggesting that the ball is either about to be served or has just been hit by one of the players.",F5
22.png,7,"The ball is likely located in the center of the court, near the net, as this is where the action typically occurs during a volleyball game. The players are positioned around this area, suggesting that the ball is either about to be served or has just been hit by one of the players.",F5
22.png,8,"The ball is likely located in the center of the court, near the net, as this is where the action typically occurs during a volleyball game. The players are positioned around this area, indicating that the ball is either about to be served or has just been hit by one of the teams.",F5
22.png,9,"The ball is likely located in the center of the court, near the net, as this is where the action typically occurs during a volleyball game. The players are positioned around this area, indicating that the ball is either about to be served or has just been hit by one of the teams.",F5
22.png,10,"The ball is likely located in the center of the court, near the net, as this is where the action typically occurs during a volleyball game. The players are positioned around this area, indicating that the ball is either about to be served or has just been hit by one of the teams.",F5
22.png,11,"The ball is likely located in the center of the court, near the net, as this is where the action typically occurs during a volleyball game. The players are positioned around this area, indicating that the ball is either about to be served or has just been hit by one of the teams.",F5
22.png,12,"The ball is likely located in the center of the court, near the net, as this is where the action typically occurs during a volleyball game. The players are positioned around this area, indicating that the ball is either about to be served or has just been hit by one of the teams.",F5
22.png,13,"The ball is likely located in the center of the court, near the net, as this is where the action typically occurs during a volleyball game. The players are positioned around this area, indicating that the ball is either about to be served or has just been hit by one of the teams.",F5
22.png,14,"The ball is likely located in the center of the court, near the net, as this is where the action typically occurs during a volleyball game. The players are positioned around this area, indicating that the ball is either about to be served or has just been hit by one of the teams.",F5
22.png,15,"The ball is likely located in the center of the court, near the net, as this is where the action typically occurs during a volleyball game. The players are positioned around this area, suggesting that the ball is either about to be served or has just been hit by one of the players.",F5
22.png,16,"The ball is likely located in the center of the court, near the net, as this is where the action typically occurs during a volleyball game. The players are positioned around this area, suggesting that the ball is either about to be served or has just been hit by one of the players.",F5
22.png,17,"The ball is likely located in the center of the court, near the net, as this is where the action typically occurs during a volleyball game. The players are positioned around this area, suggesting that the ball is either about to be served or has just been hit by one of the players.",F5
22.png,18,"The ball is likely located in the center of the court, near the net, as this is where the action typically occurs during a volleyball game. The players are positioned around this area, indicating that the ball is either about to be served or has just been hit by one of the teams.",F5
22.png,19,"The ball is likely located in the center of the court, near the net, as this is where the action typically occurs during a volleyball game. The players are positioned around this area, indicating that the ball is either about to be served or has just been hit by one of the teams.",F5
22.png,20,"The ball is likely located in the center of the court, near the net, as this is where the action typically occurs during a volleyball game. The players are positioned around this area, indicating that the ball is either about to be served or has just been hit by one of the teams.",F5
22.png,21,"The ball is likely located in the center of the court, near the net, as this is where the action typically occurs during a volleyball game. The players are positioned around this area, suggesting that the ball is either about to be served or has just been hit by one of the players.",F5
22.png,22,"The ball is likely located in the center of the court, near the net, as this is where the action typically occurs during a volleyball game. The players are positioned around this area, suggesting that the ball is either about to be served or has just been hit by one of the players.",F5
22.png,23,"The ball is likely located in the center of the court, near the net, as this is where the action typically occurs during a volleyball game. The players are positioned around this area, suggesting that the ball is either about to be served or has just been hit by one of the players.",F5
22.png,24,"The ball is likely located in the center of the court, near the net, as this is where the action typically occurs during a volleyball game. The players are positioned around this area, suggesting that the ball is either about to be served or has just been hit by one of the players.",F5
22.png,25,"The ball is likely located in the center of the court, near the net, as this is where the action typically occurs during a volleyball game. The players are positioned around this area, suggesting that the ball is either about to be served or has just been hit by one of the players.",F5
22.png,26,"The ball is likely located in the center of the court, near the net, as this is where the action typically occurs during a volleyball game. The players are positioned around this area, suggesting that the ball is either about to be served or has just been hit by one of the players.",F5
22.png,27,"The ball is likely located in the center of the court, near the net, as this is where the action typically occurs during a volleyball game. The players are positioned around this area, indicating that the ball is either about to be served or has just been hit by one of the teams.",F5
22.png,28,"The ball is likely located in the center of the court, near the net, as this is where the action typically occurs during a volleyball game. The players are positioned around this area, suggesting that the ball is either about to be served or has just been hit by one of the players.",F5
22.png,29,"The ball is likely located in the center of the court, near the net, as this is where the action typically occurs during a volleyball game. The players are positioned around this area, indicating that the ball is either about to be served or has just been hit by one of the teams.",F5
22.png,30,"The ball is likely located in the center of the court, near the net, as this is where the action typically occurs during a volleyball game. The players are positioned around this area, indicating that the ball is either about to be served or has just been hit by one of the teams.",F5
22.png,31,"The ball is likely located in the center of the court, near the net, as this is where the action typically occurs during a volleyball game. The players are positioned around this area, suggesting that the ball is either about to be served or has just been hit by one of the players.",F5
22.png,32,"The ball is likely located in the center of the court, near the net, as this is where the action typically occurs during a volleyball game. The players are positioned around this area, indicating that the ball is either about to be served or has just been hit by one of the teams.",F5
22.png,33,"The ball is likely located in the center of the court, near the net, as this is where the action typically occurs during a volleyball game. The players are positioned around this area, suggesting that the ball is either about to be served or has just been hit by one of the players.",F5
22.png,34,"The ball is likely located in the center of the court, near the net, as this is where the action typically occurs during a volleyball game. The players are positioned around this area, suggesting that the ball is either about to be served or has just been hit by one of the players.",F5
22.png,35,"The ball is likely located in the center of the court, near the net, as this is where the action typically occurs during a volleyball game. The players are positioned around this area, indicating that the ball is either about to be served or has just been hit by one of the teams.",F5
22.png,36,"The ball is likely located in the center of the court, near the net, as this is where the action typically occurs during a volleyball game. The players are positioned around this area, indicating that the ball is either about to be served or has just been hit by one of the teams.",F5
22.png,37,"The ball is likely located in the center of the court, near the net, as this is where the action typically occurs during a volleyball game. The players are positioned around this area, suggesting that the ball is either about to be served or has just been hit by one of the players.",F5
22.png,38,"The ball is likely located in the center of the court, near the net, as this is where the action typically occurs during a volleyball game. The players are positioned around this area, indicating that the ball is either about to be served or has just been hit by one of the teams.",F5
22.png,39,"The ball is likely located in the center of the court, near the net, as this is where the action typically occurs during a volleyball game. The players are positioned around this area, suggesting that the ball is either about to be served or has just been hit by one of the players.",F5
22.png,40,"The ball is likely located in the center of the court, near the net, as this is where the action typically occurs during a volleyball game. The players are positioned around this area, suggesting that the ball is either about to be served or has just been hit by one of the players.",F5
22.png,41,"The ball is likely located in the center of the court, near the net, as this is where the action typically occurs during a volleyball game. The players are positioned around this area, suggesting that the ball is either about to be served or has just been hit by one of the players.",F5
22.png,42,"The ball is likely located in the center of the court, near the net, as this is where the action typically occurs during a volleyball game. The players are positioned around this area, suggesting that the ball is either about to be served or has just been hit by one of the players.",F5
22.png,43,"The ball is likely located in the center of the court, near the net, as this is where the action typically occurs during a volleyball game. The players are positioned around this area, indicating that the ball is either about to be served or has just been hit by one of the teams.",F5
22.png,44,"The ball is likely located in the center of the court, near the net, as this is where the action typically occurs during a volleyball game. The players are positioned around this area, indicating that the ball is either about to be served or has just been hit by one of the teams.",F5
22.png,45,"The ball is likely located in the center of the court, near the net, as this is where the action typically occurs during a volleyball game. The players are positioned around this area, suggesting that the ball is either about to be served or has just been hit by one of the players.",F5
22.png,46,"The ball is likely located in the center of the court, near the net, as this is where the action typically occurs during a volleyball game. The players are positioned around this area, suggesting that the ball is either about to be served or has just been hit by one of the players.",F5
22.png,47,"The ball is likely located in the center of the court, near the net, as this is where the action typically occurs during a volleyball game. The players are positioned around this area, suggesting that the ball is either about to be served or has just been hit by one of the players.",F5
22.png,48,"The ball is likely located in the center of the court, near the net, as this is where the action typically occurs during a volleyball game. The players are positioned around this area, suggesting that the ball is either about to be served or has just been hit by one of the players.",F5
22.png,49,"The ball is likely located in the center of the court, near the net, as this is where the action typically occurs during a volleyball game. The players are positioned around this area, indicating that the ball is either about to be served or has just been hit by one of the teams.",F5
22.png,50,"The ball is likely located in the center of the court, near the net, as this is where the action typically occurs during a volleyball game. The players are positioned around this area, suggesting that the ball is either about to be served or has just been hit by one of the players.",F5
46.png,1,"The ball is likely located in the center of the court, just above the net, as it would be in the air after being spiked by the player on the right side of the image. The player's arm is extended upwards, indicating they have just hit the ball, and the ball would typically be in the air at that moment.",F6
46.png,2,"The ball is likely located in the center of the court, just above the net, as it would be in the air after being spiked by the player on the right side of the image. The player's arm is extended upwards, indicating they have just hit the ball, and the ball would typically be in the air at that moment.",F7
46.png,3,"The ball is likely located in the center of the court, just above the net, as it would be in the air after being spiked by the player on the right side of the image. The player's arm is extended upwards, indicating they have just hit the ball, and the ball would typically be in the air at that moment.",F7
46.png,4,"The ball is likely located in the center of the court, just above the net, as it would be in the air after being spiked by the player on the right side of the image. The player's arm is extended upwards, indicating they have just hit the ball, and the ball would typically be in the air at that moment.",F7
46.png,5,"The ball is likely located in the center of the court, just above the net, as it would be in the air after being spiked by the player on the right side of the image. The player's arm is extended upwards, indicating they have just hit the ball, and the ball would typically be in the air at that moment.",F6
46.png,6,"The ball is likely located in the center of the court, just above the net, as it would be in the air after being spiked by the player on the right side of the image. The player's arm is extended upwards, indicating they have just hit the ball, and the ball would typically be in the air at that moment.",F7
46.png,7,"The ball is likely located in the center of the court, just above the net, as it would be in the air after being spiked by the player on the right side of the image. The player's arm is extended upwards, indicating they have just hit the ball, and the ball would typically be in the air at that moment.",F6
46.png,8,"The ball is likely located in the center of the court, just above the net, as it would be in the air after being spiked by the player on the right side of the image. The player's arm is extended upwards, indicating they have just hit the ball, and the ball would typically be in the air at that moment.",F7
46.png,9,"The ball is likely located in the center of the court, just above the net, as it would be in the air after being spiked by the player on the right side of the image. The player's arm is extended upwards, indicating they have just hit the ball, and the ball would typically be in the air at that moment.",F6
46.png,10,"The ball is likely located in the center of the court, just above the net, as it would be in the air after being spiked by the player on the right side of the image. The player's arm is extended upwards, indicating they have just hit the ball, and the ball would typically be in the air at that moment.",F7
46.png,11,"The ball is likely located in the center of the court, just above the net, as it would be in the air after being spiked by the player on the right side of the image. The player's arm is extended upwards, indicating they have just hit the ball, and the ball would typically be in the air at that moment.",F6
46.png,12,"The ball is likely located in the center of the court, just above the net, as it would be in the air after being spiked by the player on the right side of the image. The player's arm is extended upwards, indicating they have just hit the ball, and the ball would typically be in the air at that moment.",F7
46.png,13,"The ball is likely located in the center of the court, just above the net, as it would be in the air after being spiked by the player on the right side of the image. The player's arm is extended upwards, indicating they have just hit the ball, and the ball would typically be in the air at that moment.",F6
46.png,14,"The ball is likely located in the center of the court, just above the net, as it would be in the air after being spiked by the player on the right side of the image. The player's arm is extended upwards, indicating they have just hit the ball, and the ball would typically be in the air at that moment.",F6
46.png,15,"The ball is likely located in the center of the court, just above the net, as it would be in the air after being spiked by the player on the right side of the image. The player's arm is extended upwards, indicating they have just hit the ball, and the ball would typically be in the air at that moment.",F6
46.png,16,"The ball is likely located in the center of the court, just above the net, as it would be in the air after being spiked by the player on the right side of the image. The player's arm is extended upwards, indicating they have just hit the ball, and the ball would typically be in the air at that moment.",F7
46.png,17,"The ball is likely located in the center of the court, just above the net, as it would be in the air after being spiked by the player on the right side of the image. The player's arm is extended upwards, indicating they have just hit the ball, and the ball would typically be in the air at that moment.",F7
46.png,18,"The ball is likely located in the center of the court, just above the net, as it would be in the air after being spiked by the player on the right side of the image. The player's arm is extended upwards, indicating they have just hit the ball, and the ball would typically be in the air at that moment.",F6
46.png,19,"The ball is likely located in the center of the court, just above the net, as it would be in the air after being spiked by the player on the right side of the image. The player's arm is extended upwards, indicating they have just hit the ball, and the ball would typically be in the air at that moment.",F6
46.png,20,"The ball is likely located in the center of the court, just above the net, as it would be in the air after being spiked by the player on the right side of the image. The player's arm is extended upwards, indicating they have just hit the ball, and the ball would typically be in the air at that moment.",F7
46.png,21,"The ball is likely located in the center of the court, just above the net, as it would be in the air after being spiked by the player on the right side of the image. The player's arm is extended upwards, indicating they have just hit the ball, and the ball would typically be in the air at that moment.",F6
46.png,22,"The ball is likely located in the center of the court, just above the net, as it would be in the air after being spiked by the player on the right side of the image. The player's arm is extended upwards, indicating they have just hit the ball, and the ball would typically be in the air at that moment.",F7
46.png,23,"The ball is likely located in the center of the court, just above the net, as it would be in the air after being spiked by the player on the right side of the image. The player's arm is extended upwards, indicating they have just hit the ball, and the ball would typically be in the air at that moment.",F7
46.png,24,"The ball is likely located in the center of the court, just above the net, as it would be in the air after being spiked by the player on the right side of the image. The player's arm is extended upwards, indicating they have just hit the ball, and the ball would typically be in the air at that moment.",F6
46.png,25,"The ball is likely located in the center of the court, just above the net, as it would be in the air after being spiked by the player on the right side of the image. The player's arm is extended upwards, indicating they have just hit the ball, and the ball would typically be in the air at that moment.",F7
46.png,26,"The ball is likely located in the center of the court, just above the net, as it would be in the air after being spiked by the player on the right side of the image. The player's arm is extended upwards, indicating they have just hit the ball, and the ball would typically be in the air at that moment.",F7
46.png,27,"The ball is likely located in the center of the court, just above the net, as it would be in the air after being spiked by the player on the right side of the image. The player's arm is extended upwards, indicating they have just hit the ball, and the ball would typically be in the air at that moment.",F6
46.png,28,"The ball is likely located in the center of the court, just above the net, as it would be in the air after being spiked by the player on the right side of the image. The player's arm is extended upwards, indicating they have just hit the ball, and the ball would typically be in the air at that moment.",F7
46.png,29,"The ball is likely located in the center of the court, just above the net, as it would be in the air after being spiked by the player on the right side of the image. The player's arm is extended upwards, indicating they have just hit the ball, and the ball would typically be in the air at that moment.",F6
46.png,30,"The ball is likely located in the center of the court, just above the net, as it would be in the air after being spiked by the player on the right side of the image. The player's arm is extended upwards, indicating they have just hit the ball, and the ball would typically be in the air at that moment.",F6
46.png,31,"The ball is likely located in the center of the court, just above the net, as it would be in the air after being spiked by the player on the right side of the image. The player's arm is extended upwards, indicating they have just hit the ball, and the ball would typically be in the air at that moment.",F7
46.png,32,"The ball is likely located in the center of the court, just above the net, as it would be in the air after being spiked by the player on the right side of the image. The player's arm is extended upwards, indicating they have just hit the ball, and the ball would typically be in the air at that moment.",F7
46.png,33,"The ball is likely located in the center of the court, just above the net, as it would be in the air after being spiked by the player on the right side of the image. The player's arm is extended upwards, indicating they have just hit the ball, and the ball would typically be in the air at that moment.",F7
46.png,34,"The ball is likely located in the center of the court, just above the net, as it would be in the air after being spiked by the player on the right side of the image. The player's arm is extended upwards, indicating they have just hit the ball, and the ball would typically be in the air at that moment.",F6
46.png,35,"The ball is likely located in the center of the court, just above the net, as it would be in the air after being spiked by the player on the right side of the image. The player's arm is extended upwards, indicating they have just hit the ball, and the ball would typically be in the air at that moment.",F7
46.png,36,"The ball is likely located in the center of the court, just above the net, as it would be in the air after being spiked by the player on the right side of the image. The player's arm is extended upwards, indicating they have just hit the ball, and the ball would typically be in the air at that moment.",F7
46.png,37,"The ball is likely located in the center of the court, just above the net, as it would be in the air after being spiked by the player on the right side of the image. The player's arm is extended upwards, indicating they have just hit the ball, and the ball would typically be in the air at that moment.",F7
46.png,38,"The ball is likely located in the center of the court, just above the net, as it would be in the air after being spiked by the player on the right side of the image. The player's arm is extended upwards, indicating they have just hit the ball, and the ball would typically be in the air at that moment.",F7
46.png,39,"The ball is likely located in the center of the court, just above the net, as it would be in the air after being spiked by the player on the right side of the image. The player's arm is extended upwards, indicating they have just hit the ball, and the ball would typically be in the air at that moment.",F7
46.png,40,"The ball is likely located in the center of the court, just above the net, as it would be in the air after being spiked by the player on the right side of the image. The player's arm is extended upwards, indicating they have just hit the ball, and the ball would typically be in the air at that moment.",F6
46.png,41,"The ball is likely located in the center of the court, just above the net, as it would be in the air after being spiked by the player on the right side of the image. The player's arm is extended upwards, indicating they have just hit the ball, and the ball would typically be in the air at that moment.",F6
46.png,42,"The ball is likely located in the center of the court, just above the net, as it would be in the air after being spiked by the player on the right side of the image. The player's arm is extended upwards, indicating they have just hit the ball, and the ball would typically be in the air at that moment.",F7
46.png,43,"The ball is likely located in the center of the court, just above the net, as it would be in the air after being spiked by the player on the right side of the image. The player's arm is extended upwards, indicating they have just hit the ball, and the ball would typically be in the air at that moment.",F6
46.png,44,"The ball is likely located in the center of the court, just above the net, as it would be in the air after being spiked by the player on the right side of the image. The player's arm is extended upwards, indicating they have just hit the ball, and the ball would typically be in the air at that moment.",F6
46.png,45,"The ball is likely located in the center of the court, just above the net, as it would be in the air after being spiked by the player on the right side of the image. The player's arm is extended upwards, indicating they have just hit the ball, and the ball would typically be in the air at that moment.",F7
46.png,46,"The ball is likely located in the center of the court, just above the net, as it would be in the air after being spiked by the player on the right side of the image. The player's arm is extended upwards, indicating they have just hit the ball, and the ball would typically be in the air at that moment.",F6
46.png,47,"The ball is likely located in the center of the court, just above the net, as it would be in the air after being spiked by the player on the right side of the image. The player's arm is extended upwards, indicating they have just hit the ball, and the ball would typically be in the air at that moment.",F6
46.png,48,"The ball is likely located in the center of the court, just above the net, as it would be in the air after being spiked by the player on the right side of the image. The player's arm is extended upwards, indicating they have just hit the ball, and the ball would typically be in the air at that moment.",F6
46.png,49,"The ball is likely located in the center of the court, just above the net, as it would be in the air after being spiked by the player on the right side of the image. The player's arm is extended upwards, indicating they have just hit the ball, and the ball would typically be in the air at that moment.",F7
46.png,50,"The ball is likely located in the center of the court, just above the net, as it would be in the air after being spiked by the player on the right side of the image. The player's arm is extended upwards, indicating they have just hit the ball, and the ball would typically be in the air at that moment.",F6
2.png,1,"The ball is likely located in the center of the image, just above the players' hands. This is because the players appear to be in the middle of a jump or dive, which suggests they are attempting to reach for the ball. The ball would typically be in the air between their hands, making it difficult to see but still within the frame of the image.",D5
2.png,2,"The ball is likely located in the center of the image, just above the players' hands. This is because the players appear to be in the middle of a jump or dive, which suggests they are attempting to reach for the ball. The ball would typically be in the air between their hands, making it difficult to see but still within the frame of the image.",D5
2.png,3,"The ball is likely located in the center of the image, just above the players' hands. This is because the players appear to be in the middle of a jump or dive, which suggests they are attempting to reach for the ball. The ball would typically be in the air between their hands, making it difficult to see but still within the frame of the image.",D5
2.png,4,"The ball is likely located in the center of the image, just above the players' hands. This is because the players appear to be in the middle of a jump or dive, which suggests they are attempting to reach for the ball. The ball would typically be in the air between their hands, making it difficult to see but still within the frame of the image.",D5
2.png,5,"The ball is likely located in the center of the image, just above the players' hands. This is because the players appear to be in the middle of a jump or dive, which suggests they are attempting to reach for the ball. The ball would typically be in the air between their hands, making it difficult to see but still within the frame of the image.",D5
2.png,6,"The ball is likely located in the center of the image, just above the players' hands. This is because the players appear to be in the middle of a jump or dive, which suggests they are attempting to reach for the ball. The ball would typically be in the air between their hands, making it difficult to see but still within the frame of the image.",D5
2.png,7,"The ball is likely located in the center of the image, just above the players' hands. This is because the players appear to be in the middle of a jump or dive, which suggests they are attempting to reach for the ball. The ball would typically be in the air between their hands, making it difficult to see but still within the frame of the image.",D5
2.png,8,"The ball is likely located in the center of the image, just above the players' hands. This is because the players appear to be in the middle of a jump or dive, which suggests they are attempting to reach for the ball. The ball would typically be in the air between their hands, making it difficult to see but still within the frame of the image.",D5
2.png,9,"The ball is likely located in the center of the image, just above the players' hands. This is because the players appear to be in the middle of a jump or dive, which suggests they are attempting to reach for the ball. The ball would typically be in the air between their hands, making it difficult to see but still within the frame of the image.",D5
2.png,10,"The ball is likely located in the center of the image, just above the players' hands. This is because the players appear to be in the middle of a jump or dive, which suggests they are attempting to reach for the ball. The ball would typically be in the air between their hands, making it difficult to see but still within the frame of the image.",D5
2.png,11,"The ball is likely located in the center of the image, just above the players' hands. This is because the players appear to be in the middle of a jump or dive, which suggests they are attempting to reach for the ball. The ball would typically be in the air between their hands, making it difficult to see but still within the frame of the image.",D5
2.png,12,"The ball is likely located in the center of the image, just above the players' hands. This is because the players appear to be in the middle of a jump or dive, which suggests they are attempting to reach for the ball. The ball would typically be in the air between their hands, making it difficult to see but still within the frame of the image.",D5
2.png,13,"The ball is likely located in the center of the image, just above the players' hands. This is because the players appear to be in the middle of a jump or dive, which suggests they are attempting to reach for the ball. The ball would typically be in the air between their hands, making it difficult to see but still within the frame of the image.",D5
2.png,14,"The ball is likely located in the center of the image, just above the players' hands. This is because the players appear to be in the middle of a jump or dive, which suggests they are attempting to reach for the ball. The ball would typically be in the air between their hands, making it difficult to see but still within the frame of the image.",D5
2.png,15,"The ball is likely located in the center of the image, just above the players' hands. This is because the players appear to be in the middle of a jump or dive, which suggests they are attempting to reach for the ball. The ball would typically be in the air between their hands, making it difficult to see but still within the frame of the image.",D5
2.png,16,"The ball is likely located in the center of the image, just above the players' hands. This is because the players appear to be in the middle of a jump or dive, which suggests they are attempting to reach for the ball. The ball would typically be in the air between their hands, making it difficult to see but still within the frame of the image.",D5
2.png,17,"The ball is likely located in the center of the image, just above the players' hands. This is because the players appear to be in the middle of a jump or dive, which suggests they are attempting to reach for the ball. The ball would typically be in the air between their hands, making it difficult to see but still within the frame of the image.",D5
2.png,18,"The ball is likely located in the center of the image, just above the players' hands. This is because the players appear to be in the middle of a jump or dive, which suggests they are attempting to reach for the ball. The ball would typically be in the air between their hands, making it difficult to see but still within the frame of the image.",D5
2.png,19,"The ball is likely located in the center of the image, just above the players' hands. This is because the players appear to be in the middle of a jump or dive, which suggests they are attempting to reach for the ball. The ball would typically be in the air between their hands, making it difficult to see but still within the frame of the image.",D5
2.png,20,"The ball is likely located in the center of the image, just above the players' hands. This is because the players appear to be in the middle of a jump or dive, which suggests they are attempting to reach for the ball. The ball would typically be in the air between their hands, making it difficult to see but still within the frame of the image.",D5
2.png,21,"The ball is likely located in the center of the image, just above the players' hands. This is because the players appear to be in the middle of a jump or dive, which suggests they are attempting to reach for the ball. The ball would typically be in the air between their hands, making it difficult to see but still within the frame of the image.",D5
2.png,22,"The ball is likely located in the center of the image, just above the players' hands. This is because the players appear to be in the middle of a jump or dive, which suggests they are attempting to reach for the ball. The ball would typically be in the air between their hands, making it difficult to see but still within the frame of the image.",D5
2.png,23,"The ball is likely located in the center of the image, just above the players' hands. This is because the players appear to be in the middle of a jump or dive, which suggests they are attempting to reach for the ball. The ball would typically be in the air between their hands, making it difficult to see but still within the frame of the image.",D5
2.png,24,"The ball is likely located in the center of the image, just above the players' hands. This is because the players appear to be in the middle of a jump or dive, which suggests they are attempting to reach for the ball. The ball would typically be in the air between their hands, making it difficult to see but still within the frame of the image.",D5
2.png,25,"The ball is likely located in the center of the image, just above the players' hands. This is because the players appear to be in the middle of a jump or dive, which suggests they are attempting to reach for the ball. The ball would typically be in the air between their hands, making it difficult to see but still within the frame of the image.",D5
2.png,26,"The ball is likely located in the center of the image, just above the players' hands. This is because the players appear to be in the middle of a jump or dive, which suggests they are attempting to reach for the ball. The ball would typically be in the air between their hands, making it difficult to see but still within the frame of the image.",D5
2.png,27,"The ball is likely located in the center of the image, just above the players' hands. This is because the players appear to be in the middle of a jump or dive, which suggests they are attempting to reach for the ball. The ball would typically be in the air between their hands, making it difficult to see but still within the frame of the image.",D5
2.png,28,"The ball is likely located in the center of the image, just above the players' hands. This is because the players appear to be in the middle of a jump or dive, which suggests they are attempting to reach for the ball. The ball would typically be in the air between their hands, making it difficult to see but still within the frame of the image.",D5
2.png,29,"The ball is likely located in the center of the image, just above the players' hands. This is because the players appear to be in the middle of a jump or dive, which suggests they are attempting to reach for the ball. The ball would typically be in the air between their hands, making it difficult to see but still within the frame of the image.",D5
2.png,30,"The ball is likely located in the center of the image, just above the players' hands. This is because the players appear to be in the middle of a jump or dive, which suggests they are attempting to reach for the ball. The ball would typically be in the air between their hands, making it difficult to see but still within the frame of the image.",D5
2.png,31,"The ball is likely located in the center of the image, just above the players' hands. This is because the players appear to be in the middle of a jump or dive, which suggests they are attempting to reach for the ball. The ball would typically be in the air between their hands, making it difficult to see but still within the frame of the image.",D5
2.png,32,"The ball is likely located in the center of the image, just above the players' hands. This is because the players appear to be in the middle of a jump or dive, which suggests they are attempting to reach for the ball. The ball would typically be in the air between their hands, making it difficult to see but still within the frame of the image.",D5
2.png,33,"The ball is likely located in the center of the image, just above the players' hands. This is because the players appear to be in the middle of a jump or dive, which suggests they are attempting to reach for the ball. The ball would typically be in the air between their hands, making it difficult to see but still within the frame of the image.",D5
2.png,34,"The ball is likely located in the center of the image, just above the players' hands. This is because the players appear to be in the middle of a jump or dive, which suggests they are attempting to reach for the ball. The ball would typically be in the air between their hands, making it difficult to see but still within the frame of the image.",D5
2.png,35,"The ball is likely located in the center of the image, just above the players' hands. This is because the players appear to be in the middle of a jump or dive, which suggests they are attempting to reach for the ball. The ball would typically be in the air between their hands, making it difficult to see but still within the frame of the image.",D5
2.png,36,"The ball is likely located in the center of the image, just above the players' hands. This is because the players appear to be in the middle of a jump or dive, which suggests they are attempting to reach for the ball. The ball would typically be in the air between their hands, making it difficult to see but still within the frame of the image.",D5
2.png,37,"The ball is likely located in the center of the image, just above the players' hands. This is because the players appear to be in the middle of a jump or dive, which suggests they are attempting to reach for the ball. The ball would typically be in the air between their hands, making it difficult to see but still within the frame of the image.",D5
2.png,38,"The ball is likely located in the center of the image, just above the players' hands. This is because the players appear to be in the middle of a jump or dive, which suggests they are attempting to reach for the ball. The ball would typically be in the air between their hands, making it difficult to see but still within the frame of the image.",D5
2.png,39,"The ball is likely located in the center of the image, just above the players' hands. This is because the players appear to be in the middle of a jump or dive, which suggests they are attempting to reach for the ball. The ball would typically be in the air between their hands, making it difficult to see but still within the frame of the image.",D5
2.png,40,"The ball is likely located in the center of the image, just above the players' hands. This is because the players appear to be in the middle of a jump or dive, which suggests they are attempting to reach for the ball. The ball would typically be in the air between their hands, making it difficult to see but still within the frame of the image.",D5
2.png,41,"The ball is likely located in the center of the image, just above the players' hands. This is because the players appear to be in the middle of a jump or dive, which suggests they are attempting to reach for the ball. The ball would typically be in the air between their hands, making it difficult to see but still within the frame of the image.",D5
2.png,42,"The ball is likely located in the center of the image, just above the players' hands. This is because the players appear to be in the middle of a jump or dive, which suggests they are attempting to reach for the ball. The ball would typically be in the air between their hands, making it difficult to see but still within the frame of the image.",D5
2.png,43,"The ball is likely located in the center of the image, just above the players' hands. This is because the players appear to be in the middle of a jump or dive, which suggests they are attempting to reach for the ball. The ball would typically be in the air between their hands, making it difficult to see but still within the frame of the image.",D5
2.png,44,"The ball is likely located in the center of the image, just above the players' hands. This is because the players appear to be in the middle of a jump or dive, which suggests they are attempting to reach for the ball. The ball would typically be in the air between their hands, making it difficult to see but still within the frame of the image.",D5
2.png,45,"The ball is likely located in the center of the image, just above the players' hands. This is because the players appear to be in the middle of a jump or dive, which suggests they are attempting to reach for the ball. The ball would typically be in the air between their hands, making it difficult to see but still within the frame of the image.",D5
2.png,46,"The ball is likely located in the center of the image, just above the players' hands. This is because the players appear to be in the middle of a jump or dive, which suggests they are attempting to reach for the ball. The ball would typically be in the air between their hands, making it difficult to see but still within the frame of the image.",D5
2.png,47,"The ball is likely located in the center of the image, just above the players' hands. This is because the players appear to be in the middle of a jump or dive, which suggests they are attempting to reach for the ball. The ball would typically be in the air between their hands, making it difficult to see but still within the frame of the image.",D5
2.png,48,"The ball is likely located in the center of the image, just above the players' hands. This is because the players appear to be in the middle of a jump or dive, which suggests they are attempting to reach for the ball. The ball would typically be in the air between their hands, making it difficult to see but still within the frame of the image.",D5
2.png,49,"The ball is likely located in the center of the image, just above the players' hands. This is because the players appear to be in the middle of a jump or dive, which suggests they are attempting to reach for the ball. The ball would typically be in the air between their hands, making it difficult to see but still within the frame of the image.",D5
2.png,50,"The ball is likely located in the center of the image, just above the players' hands. This is because the players appear to be in the middle of a jump or dive, which suggests they are attempting to reach for the ball. The ball would typically be in the air between their hands, making it difficult to see but still within the frame of the image.",D5
1.png,1,"The ball is likely located in the top right corner of the image, as it appears to be in the air and heading towards the right side of the court. This is indicated by the players' positions and the direction they are facing, suggesting they are preparing to receive or return the ball.",A10
1.png,2,"The ball is likely located in the top right corner of the image, as it appears to be in the air and heading towards the right side of the court. This is indicated by the players' positions and the direction they are facing, suggesting they are preparing to receive or return the ball.",A10
1.png,3,"The ball is likely located in the top right corner of the image, as it appears to be in the air and heading towards the right side of the court. This is indicated by the players' positions and the direction they are facing, suggesting they are preparing to receive or return the ball.",A10
1.png,4,"The ball is likely located in the top right corner of the image, as it appears to be in the air and heading towards the right side of the court. This is indicated by the players' positions and the direction they are facing, suggesting they are preparing to receive or return the ball.",A10
1.png,5,"The ball is likely located in the top right corner of the image, as it appears to be in the air and heading towards the right side of the court. This is indicated by the players' positions and the direction they are facing, suggesting they are preparing to receive or return the ball.",A10
1.png,6,"The ball is likely located in the top right corner of the image, as it appears to be in the air and heading towards the right side of the court. This is indicated by the players' positions and the direction they are facing, suggesting they are preparing to receive or return the ball.",A10
1.png,7,"The ball is likely located in the top right corner of the image, as it appears to be in the air and heading towards the right side of the court. This is indicated by the players' positions and the direction they are facing, suggesting they are preparing to receive or return the ball.",A10
1.png,8,"The ball is likely located in the top right corner of the image, as it appears to be in the air and heading towards the right side of the court. This is indicated by the players' positions and the direction they are facing, suggesting they are preparing to receive or return the ball.",A10
1.png,9,"The ball is likely located in the top right corner of the image, as it appears to be in the air and heading towards the right side of the court. This is indicated by the players' positions and the direction they are facing, suggesting they are preparing to receive or return the ball.",A10
1.png,10,"The ball is likely located in the top right corner of the image, as it appears to be in the air and heading towards the right side of the court. This is indicated by the players' positions and the direction they are facing, suggesting they are preparing to receive or return the ball.",A10
1.png,11,"The ball is likely located in the top right corner of the image, as it appears to be in the air and heading towards the right side of the court. This is indicated by the players' positions and the direction they are facing, suggesting they are preparing to receive or return the ball.",A10
1.png,12,"The ball is likely located in the top right corner of the image, as it appears to be in the air and heading towards the right side of the court. This is indicated by the players' positions and the direction they are facing, suggesting they are preparing to receive or return the ball.",A10
1.png,13,"The ball is likely located in the top right corner of the image, as it appears to be in the air and heading towards the right side of the court. This is indicated by the players' positions and the direction they are facing, suggesting they are preparing to receive or return the ball.",A10
1.png,14,"The ball is likely located in the top right corner of the image, as it appears to be in the air and heading towards the right side of the court. This is indicated by the players' positions and the direction they are facing, suggesting they are preparing to receive or return the ball.",A10
1.png,15,"The ball is likely located in the top right corner of the image, as it appears to be in the air and heading towards the right side of the court. This is indicated by the players' positions and the direction they are facing, suggesting they are preparing to receive or return the ball.",A10
1.png,16,"The ball is likely located in the top right corner of the image, as it appears to be in the air and heading towards the right side of the court. This is indicated by the players' positions and the direction they are facing, suggesting they are preparing to receive or return the ball.",A10
1.png,17,"The ball is likely located in the top right corner of the image, as it appears to be in the air and heading towards the right side of the court. This is indicated by the players' positions and the direction they are facing, suggesting they are preparing to receive or return the ball.",A10
1.png,18,"The ball is likely located in the top right corner of the image, as it appears to be in the air and heading towards the right side of the court. This is indicated by the players' positions and the direction they are facing, suggesting they are preparing to receive or return the ball.",A10
1.png,19,"The ball is likely located in the top right corner of the image, as it appears to be in the air and heading towards the right side of the court. This is indicated by the players' positions and the direction they are facing, suggesting they are preparing to receive or return the ball.",A10
1.png,20,"The ball is likely located in the top right corner of the image, as it appears to be in the air and heading towards the right side of the court. This is indicated by the players' positions and the direction they are facing, suggesting they are preparing to receive or return the ball.",A10
1.png,21,"The ball is likely located in the top right corner of the image, as it appears to be in the air and heading towards the right side of the court. This is indicated by the players' positions and the direction they are facing, suggesting they are preparing to receive or return the ball.",A10
1.png,22,"The ball is likely located in the top right corner of the image, as it appears to be in the air and heading towards the right side of the court. This is indicated by the players' positions and the direction they are facing, suggesting they are preparing to receive or return the ball.",A10
1.png,23,"The ball is likely located in the top right corner of the image, as it appears to be in the air and heading towards the right side of the court. This is indicated by the players' positions and the direction they are facing, suggesting they are preparing to receive or return the ball.",A10
1.png,24,"The ball is likely located in the top right corner of the image, as it appears to be in the air and heading towards the right side of the court. This is indicated by the players' positions and the direction they are facing, suggesting they are preparing to receive or return the ball.",A10
1.png,25,"The ball is likely located in the top right corner of the image, as it appears to be in the air and heading towards the right side of the court. This is indicated by the players' positions and the direction they are facing, suggesting they are preparing to receive or return the ball.",A10
1.png,26,"The ball is likely located in the top right corner of the image, as it appears to be in the air and heading towards the right side of the court. This is indicated by the players' positions and the direction they are facing, suggesting they are preparing to receive or return the ball.",A10
1.png,27,"The ball is likely located in the top right corner of the image, as it appears to be in the air and heading towards the right side of the court. This is indicated by the players' positions and the direction they are facing, suggesting they are preparing to receive or return the ball.",A10
1.png,28,"The ball is likely located in the top right corner of the image, as it appears to be in the air and heading towards the right side of the court. This is indicated by the players' positions and the direction they are facing, suggesting they are preparing to receive or return the ball.",A10
1.png,29,"The ball is likely located in the top right corner of the image, as it appears to be in the air and heading towards the right side of the court. This is indicated by the players' positions and the direction they are facing, suggesting they are preparing to receive or return the ball.",A10
1.png,30,"The ball is likely located in the top right corner of the image, as it appears to be in the air and heading towards the right side of the court. This is indicated by the players' positions and the direction they are facing, suggesting they are preparing to receive or return the ball.",A10
1.png,31,"The ball is likely located in the top right corner of the image, as it appears to be in the air and heading towards the right side of the court. This is indicated by the players' positions and the direction they are facing, suggesting they are preparing to receive or return the ball.",A10
1.png,32,"The ball is likely located in the top right corner of the image, as it appears to be in the air and heading towards the right side of the court. This is indicated by the players' positions and the direction they are facing, suggesting they are preparing to receive or return the ball.",A10
1.png,33,"The ball is likely located in the top right corner of the image, as it appears to be in the air and heading towards the right side of the court. This is indicated by the players' positions and the direction they are facing, suggesting they are preparing to receive or return the ball.",A10
1.png,34,"The ball is likely located in the top right corner of the image, as it appears to be in the air and heading towards the right side of the court. This is indicated by the players' positions and the direction they are facing, suggesting they are preparing to receive or return the ball.",A10
1.png,35,"The ball is likely located in the top right corner of the image, as it appears to be in the air and heading towards the right side of the court. This is indicated by the players' positions and the direction they are facing, suggesting they are preparing to receive or return the ball.",A10
1.png,36,"The ball is likely located in the top right corner of the image, as it appears to be in the air and heading towards the right side of the court. This is indicated by the players' positions and the direction they are facing, suggesting they are preparing to receive or return the ball.",A10
1.png,37,"The ball is likely located in the top right corner of the image, as it appears to be in the air and heading towards the right side of the court. This is indicated by the players' positions and the direction they are facing, suggesting they are preparing to receive or return the ball.",A10
1.png,38,"The ball is likely located in the top right corner of the image, as it appears to be in the air and heading towards the right side of the court. This is indicated by the players' positions and the direction they are facing, suggesting they are preparing to receive or return the ball.",A10
1.png,39,"The ball is likely located in the top right corner of the image, as it appears to be in the air and heading towards the right side of the court. This is indicated by the players' positions and the direction they are facing, suggesting they are preparing to receive or return the ball.",A10
1.png,40,"The ball is likely located in the top right corner of the image, as it appears to be in the air and heading towards the right side of the court. This is indicated by the players' positions and the direction they are facing, suggesting they are preparing to receive or return the ball.",A10
1.png,41,"The ball is likely located in the top right corner of the image, as it appears to be in the air and heading towards the right side of the court. This is indicated by the players' positions and the direction they are facing, suggesting they are preparing to receive or return the ball.",A10
1.png,42,"The ball is likely located in the top right corner of the image, as it appears to be in the air and heading towards the right side of the court. This is indicated by the players' positions and the direction they are facing, suggesting they are preparing to receive or return the ball.",A10
1.png,43,"The ball is likely located in the top right corner of the image, as it appears to be in the air and heading towards the right side of the court. This is indicated by the players' positions and the direction they are facing, suggesting they are preparing to receive or return the ball.",A10
1.png,44,"The ball is likely located in the top right corner of the image, as it appears to be in the air and heading towards the right side of the court. This is indicated by the players' positions and the direction they are facing, suggesting they are preparing to receive or return the ball.",A10
1.png,45,"The ball is likely located in the top right corner of the image, as it appears to be in the air and heading towards the right side of the court. This is indicated by the players' positions and the direction they are facing, suggesting they are preparing to receive or return the ball.",A10
1.png,46,"The ball is likely located in the top right corner of the image, as it appears to be in the air and heading towards the right side of the court. This is indicated by the players' positions and the direction they are facing, suggesting they are preparing to receive or return the ball.",A10
1.png,47,"The ball is likely located in the top right corner of the image, as it appears to be in the air and heading towards the right side of the court. This is indicated by the players' positions and the direction they are facing, suggesting they are preparing to receive or return the ball.",A10
1.png,48,"The ball is likely located in the top right corner of the image, as it appears to be in the air and heading towards the right side of the court. This is indicated by the players' positions and the direction they are facing, suggesting they are preparing to receive or return the ball.",A10
1.png,49,"The ball is likely located in the top right corner of the image, as it appears to be in the air and heading towards the right side of the court. This is indicated by the players' positions and the direction they are facing, suggesting they are preparing to receive or return the ball.",A10
1.png,50,"The ball is likely located in the top right corner of the image, as it appears to be in the air and heading towards the right side of the court. This is indicated by the players' positions and the direction they are facing, suggesting they are preparing to receive or return the ball.",A10
17.png,1,"The ball is likely located in the area where the players' hands are raised, suggesting an attempt to hit or block the ball. Given the positions of the players, it appears that the ball was just hit by the player in white jersey number 12, who is positioned near the net. Therefore, the ball is most likely in the air above the player in white jersey number 12.",D5
17.png,2,"The ball is likely located in the area where the players' hands are raised, as this suggests an attempt to hit or block the ball. Given the positions of the players, it appears that the ball was just hit by the player in blue jersey number 2, who is jumping and has his hand raised above the net. Therefore, the ball is most likely in the air between the players.",D5
17.png,3,"The ball is likely located in the area where the players' hands are raised, as this suggests an attempt to hit or block the ball. Given the positions of the players, it appears that the ball was just hit by the player in blue jersey number 2. Therefore, the ball is most likely in the air between the players.",C5
17.png,4,"The ball is likely located in the area where the players' hands are raised, suggesting an attempt to hit or block the ball. Given the positions of the players, it seems that the ball was just hit by the player in white jersey number 12, who is positioned near the net. Therefore, the ball is most likely in the air above the player in white jersey number 12.",D5
17.png,5,"The ball is likely located in the area where the players' hands are raised, suggesting an attempt to hit or block the ball. Given the positions of the players, it seems that the ball was just hit by the player in white jersey number 12, who is positioned near the net. Therefore, the ball is most likely in the air above the player in white jersey number 12.",D5
17.png,6,"The ball is likely located in the area where the players' hands are raised, as this suggests an attempt to hit or block the ball. Given the positions of the players, it appears that the ball was just hit by the player in blue jersey number 2. Therefore, the ball is most likely in the air between the players.",C5
17.png,7,"The ball is likely located in the area where the players' hands are raised, suggesting they are about to hit or have just hit the ball. Given the positions of the players and their gestures, it appears that the ball is in the air between the players in cells C5 and D5.",D5
17.png,8,"The ball is likely located in the area where the players' hands are raised, as this suggests an attempt to hit or block the ball. Given the positions of the players, it appears that the ball was just hit by the player in blue jersey number 2, who is jumping and has his hand raised above the net. Therefore, the ball is most likely in the air between the players.",C5
17.png,9,"The ball is likely located in the area where the players' hands are raised, suggesting an attempt to hit or block the ball. Given the positions of the players, it appears that the ball was just hit by the player in white jersey number 12, who is positioned near the net. Therefore, the ball is most likely in the air above the player in white jersey number 12.",D5
17.png,10,"The ball is likely located in the area where the players' hands are raised, suggesting they are about to hit or have just hit the ball. Given the positions of the players, it appears that the ball is in the air between the players in cells C5 and D5.",D5
17.png,11,"The ball is likely located in the area where the players' hands are raised, as this suggests an attempt to hit or block the ball. Given the positions of the players, it appears that the ball was just hit by the player in blue jersey number 2, who is jumping and has his hand raised above the net. Therefore, the ball is most likely in the air between the players.",D5
17.png,12,"The ball is likely located in the area where the players' hands are raised, suggesting an attempt to hit or block the ball. Given the positions of the players, it appears that the ball was just hit by the player in white jersey number 12, who is positioned near the net. Therefore, the ball is most likely in the air above the player in white jersey number 12.",D5
17.png,13,"The ball is likely located in the area where the players' hands are raised, as this suggests an attempt to hit or block the ball. Given the positions of the players, it appears that the ball was just hit by the player in blue jersey number 2, who is jumping and has his hand raised above the net. Therefore, the ball is most likely in the air between the players.",C5
17.png,14,"The ball is likely located in the area where the players' hands are raised, as this suggests an attempt to hit or block the ball. Given the positions of the players, it appears that the ball was just hit by the player in blue jersey number 2. Therefore, the ball is most likely in the air between the players.",C5
17.png,15,"The ball is likely located in the area where the players' hands are raised, suggesting they are about to hit or have just hit the ball. Given the positions of the players, it appears that the ball is in the air between the players in cells C5 and D5.",D5
17.png,16,"The ball is likely located in the area where the players' hands are raised, suggesting an attempt to hit or block the ball. Given the positions of the players, it appears that the ball was just hit by the player in white jersey number 12, who is positioned near the net. Therefore, the ball is most likely in the air above the player in white jersey number 12.",D5
17.png,17,"The ball is likely located in the area where the players' hands are raised, as this suggests an attempt to hit or block the ball. Given the positions of the players, it appears that the ball was just hit by the player in blue jersey number 2, who is jumping and has his hand raised above the net. Therefore, the ball is most likely in the air between the players.",D5
17.png,18,"The ball is likely located in the area where the players' hands are raised, suggesting an attempt to hit or block the ball. Given the positions of the players, it seems that the ball was just hit by the player in white jersey number 12, who is positioned near the net. Therefore, the ball is most likely in the air above the player in white jersey number 12.",D5
17.png,19,"The ball is likely located in the area where the players' hands are raised, as this suggests an attempt to hit or block the ball. Given the positions of the players, it appears that the ball was just hit by the player in blue jersey number 2. Therefore, the ball is most likely in the air between the players.",C5
17.png,20,"The ball is likely located in the area where the players' hands are raised, as this suggests an attempt to hit or block the ball. Given the positions of the players, it appears that the ball was just hit by the player in blue jersey number 2. Therefore, the ball is most likely in the air between the players.",C5
17.png,21,"The ball is likely located in the area where the players' hands are raised, suggesting they are about to hit or have just hit the ball. Given the positions of the players, it appears that the ball is in the air between the players in cells C5 and D5.",D5
17.png,22,"The ball is likely located in the area where the players' hands are raised, suggesting they are about to hit or have just hit the ball. Given the positions of the players and their gestures, it's reasonable to infer that the ball is in the air between the players in cells C5 and D5.",D5
17.png,23,"The ball is likely located in the area where the players' hands are raised, suggesting they are about to hit or have just hit the ball. Given the positions of the players, it appears that the ball is in the air between the players in cells C5 and D5.",D5
17.png,24,"The ball is likely located in the area where the players' hands are raised, as this suggests an attempt to hit or block the ball. Given the positions of the players, it appears that the ball was just hit by the player in blue jersey number 2, who is jumping and has his hand raised above the net. Therefore, the ball is most likely in the air between the players.",C5
17.png,25,"The ball is likely located in the area where the players' hands are raised, as this suggests an attempt to hit or block the ball. Given the positions of the players, it appears that the ball was just hit by the player in blue jersey number 2. Therefore, the ball is most likely in the air between the players.",C5
17.png,26,"The ball is likely located in the area where the players' hands are raised, suggesting they are about to hit or have just hit the ball. Given the positions of the players, it appears that the ball is in the air between the players in cells C5 and D5.",D5
17.png,27,"The ball is likely located in the area where the players' hands are raised, suggesting an attempt to hit or block the ball. Given the positions of the players, it seems that the ball was just hit by the player in white jersey number 12, who is positioned near the net. Therefore, the ball is most likely in the air above the player in white jersey number 12.",D5
17.png,28,"The ball is likely located in the area where the players' hands are raised, as this suggests an attempt to hit or block the ball. Given the positions of the players, it appears that the ball was just hit by the player in blue jersey number 2. Therefore, the ball is most likely in the air between the players.",C5
17.png,29,"The ball is likely located in the area where the players' hands are raised, as this suggests an attempt to hit or block the ball. Given the positions of the players, it appears that the ball was just hit by the player in blue jersey number 2. Therefore, the ball is most likely in the air between the players.",C5
17.png,30,"The ball is likely located in the area where the players' hands are raised, as this suggests an attempt to hit or block the ball. Given the positions of the players, it appears that the ball was just hit by the player in blue jersey number 2, who is jumping and has his hand raised above the net. Therefore, the ball is most likely in the air between the players.",D5
17.png,31,"The ball is likely located in the area where the players' hands are raised, suggesting they are about to hit or have just hit the ball. Given the positions of the players and their body language, it appears that the ball is in the air between the players in cells C5 and D5.",D5
17.png,32,"The ball is likely located in the area where the players' hands are raised, suggesting they are about to hit or have just hit the ball. Given the positions of the players, it appears that the ball is in the air between the players in cells C5 and D5.",D5
17.png,33,"The ball is likely located in the area where the players' hands are raised, as this suggests an attempt to hit or block the ball. Given the positions of the players, it appears that the ball was just hit by the player in blue jersey number 2. Therefore, the ball is most likely in the air between the players.",C5
17.png,34,"The ball is likely located in the area where the players' hands are raised, suggesting they are about to hit or have just hit the ball. Given the positions of the players and their movements, it appears that the ball is in the air between the players in cells C5 and D5.",D5
17.png,35,"The ball is likely located in the area where the players' hands are raised, as this suggests an attempt to hit or block the ball. Given the positions of the players, it appears that the ball was just hit by the player in blue jersey number 2, who is jumping and has his hand raised above the net. Therefore, the ball is most likely in the air between the players.",C5
17.png,36,"The ball is likely located in the area where the players' hands are raised, as this suggests an attempt to hit or block the ball. Given the positions of the players, it appears that the ball was just hit by the player in blue jersey number 2, who is jumping and has his hand raised above the net. Therefore, the ball is most likely in the air between the players.",C5
17.png,37,"The ball is likely located in the area where the players' hands are raised, as this suggests an attempt to hit or block the ball. Given the positions of the players, it appears that the ball was just hit by the player in blue jersey number 2. Therefore, the ball is most likely in the air between the players.",C5
17.png,38,"The ball is likely located in the area where the players' hands are raised, as this suggests an attempt to hit or block the ball. Given the positions of the players, it appears that the ball was just hit by the player in blue jersey number 2, who is jumping and has his hand raised above the net. Therefore, the ball is most likely in the air between the players.",D5
17.png,39,"The ball is likely located in the area where the players' hands are raised, suggesting an attempt to hit or block the ball. Given the positions of the players, it seems that the ball was just hit by the player in white jersey number 12, who is positioned near the net. Therefore, the ball is most likely in the air above the player in white jersey number 12.",D5
17.png,40,"The ball is likely located in the area where the players' hands are raised, as this suggests an attempt to hit or block the ball. Given the positions of the players, it appears that the ball was just hit by the player in blue jersey number 2. Therefore, the ball is most likely in the air between the players.",C5
17.png,41,"The ball is likely located in the area where the players' hands are raised, as this suggests an attempt to hit or block the ball. Given the positions of the players, it appears that the ball was just hit by the player in blue jersey number 2. Therefore, the ball is most likely in the air between the players.",C5
17.png,42,"The ball is likely located in the area where the players' hands are raised, as this suggests an attempt to hit or block the ball. Given the positions of the players, it appears that the ball was just hit by the player in blue jersey number 2. Therefore, the ball is most likely in the air between the players.",C5
17.png,43,"The ball is likely located in the area where the players' hands are raised, suggesting an attempt to hit or block the ball. Given the positions of the players, it appears that the ball was just hit by the player in white jersey number 12, who is positioned near the net. Therefore, the ball is most likely in the air above the player in white jersey number 12.",D5
17.png,44,"The ball is likely located in the area where the players' hands are raised, suggesting an attempt to hit or block the ball. Given the positions of the players, it seems that the ball was just hit by the player in white jersey number 12, who is positioned near the net. Therefore, the ball is most likely in the air above the player in white jersey number 12.",D5
17.png,45,"The ball is likely located in the area where the players' hands are raised, suggesting they are about to hit or have just hit the ball. Given the positions of the players, it appears that the ball is in the air between the players in cells C5 and D5.",D5
17.png,46,"The ball is likely located in the area where the players' hands are raised, suggesting they are about to hit or have just hit the ball. Given the positions of the players, it appears that the ball is in the air between the players in cells C5 and D5.",D5
17.png,47,"The ball is likely located in the area where the players' hands are raised, as this suggests an attempt to hit or block the ball. Given the positions of the players, it appears that the ball was just hit by the player in blue jersey number 2. Therefore, the ball is most likely in the air between the players.",C5
17.png,48,"The ball is likely located in the area where the players' hands are raised, suggesting an attempt to hit or block the ball. Given the positions of the players, it seems that the ball was just hit by the player in white jersey number 12, who is positioned near the net. Therefore, the ball is most likely in the air above the player in white jersey number 12.",D5
17.png,49,"The ball is likely located in the area where the players' hands are raised, suggesting they are about to hit or have just hit the ball. Given the positions of the players and their body language, it appears that the ball is in the air between the players in cells C5 and D5.",D5
17.png,50,"The ball is likely located in the area where the players' hands are raised, as this suggests an attempt to hit or block the ball. Given the positions of the players, it appears that the ball was just hit by the player in blue jersey number 2. Therefore, the ball is most likely in the air between the players.",C5
50.png,1,"The ball is likely located in the center of the court, near the net, as this is where the players are actively moving and jumping, indicating that they are likely to be involved in the next action which would involve the ball. The players on both teams are positioned in a way that suggests they are preparing to receive or attack the ball.",C5
50.png,2,"The ball is likely located in the center of the court, near the net, as this is where the players are actively moving and jumping, which suggests they are trying to control or hit the ball. The players on both teams are positioned in a way that indicates they are focused on the area around the net.",C5
50.png,3,"The ball is likely located in the center of the court, near the net, as this is where the players are actively moving and jumping, indicating that they are likely to be involved in the next action which would involve the ball. The players on both teams are positioned in a way that suggests they are preparing to receive or attack the ball.",C5
50.png,4,"The ball is likely located in the center of the court, near the net, as this is where the players are actively moving and jumping, which suggests they are trying to hit or block the ball. Given the positions of the players, it appears that the ball was recently hit by one of the players on the left side of the net, possibly in the area between cells C3 and D3.",C3
50.png,5,"The ball is likely located in the center of the court, near the net, as this is where the players are actively moving and jumping, indicating they are trying to control or return the ball. Given the positions of the players, it seems that the ball was just hit by one of the players on the left side of the net, possibly player number 8, who is positioned close to the net and appears to be in motion towards the center of the court.",C5
50.png,6,"The ball is likely located in the center of the court, near the net, as this is where the players are actively moving and jumping, which suggests they are trying to hit or block the ball. Given the positions of the players, it appears that the ball was recently hit by one of the players on the left side of the net, possibly in the area between cells C3 and D3.",C3
50.png,7,"The ball is likely located in the center of the court, near the net, as this is where the players are actively moving and jumping, which suggests they are trying to control or hit the ball. The players on both teams are positioned in a way that indicates they are focused on the area around the net.",C5
50.png,8,"The ball is likely located in the center of the court, near the net, as this is where the players are actively moving and jumping, which suggests they are trying to control or hit the ball. The players on both teams are positioned in a way that indicates they are focused on the area around the net, making it the most probable location for the ball.",C5
50.png,9,"The ball is likely located in the center of the court, near the net, as this is where the players are actively moving and jumping, which suggests they are trying to control or return the ball. The players on both teams are positioned in a way that indicates they are focused on the area around the net, making it the most probable location for the ball.",C5
50.png,10,"The ball is likely located in the center of the court, near the net, as this is where the players are actively moving and jumping, indicating that they are attempting to hit or block the ball. Given the positions of the players, it appears that the ball was recently hit by one of the players on the left side of the net, possibly in the area between cells C3 and D3.",C3
50.png,11,"The ball is likely located in the center of the court, near the net, as this is where the players are actively moving and jumping, which suggests they are trying to hit or block the ball. Given the positions of the players, it appears that the ball was recently hit by one of the players on the left side of the net, possibly in the area between cells C5 and D5.",C5
50.png,12,"The ball is likely located in the center of the court, near the net, as this is where the players are actively moving and jumping, indicating they are trying to hit or block the ball. Given the positions of the players, it seems that the ball was recently hit by one of the players on the left side of the net, possibly in the area between cells C3 and D3.",C3
50.png,13,"The ball is likely located in the center of the court, near the net, as this is where the players are actively moving and jumping, which suggests they are trying to control or hit the ball. The players on both teams are positioned in a way that indicates they are focused on the area around the net.",C5
50.png,14,"The ball is likely located in the center of the court, near the net, as this is where the players are actively moving and jumping, indicating they are trying to control or return the ball. Given the positions of the players, it seems that the ball was just hit by one of the players on the right side of the net, possibly player number 8, who is positioned close to the net and appears to be in motion.",C5
50.png,15,"The ball is likely located in the center of the court, near the net, as this is where the players are actively moving and jumping, indicating that they are likely to be involved in the next action which would involve the ball. The players on both teams are positioned in a way that suggests they are preparing to receive or attack the ball.",C5
50.png,16,"The ball is likely located in the center of the court, near the net, as this is where the players are actively moving and jumping, which suggests they are trying to control or return the ball. The players on both teams are positioned in a way that indicates they are focused on the area around the net.",C5
50.png,17,"The ball is likely located in the center of the court, near the net, as this is where the players are actively moving and jumping, indicating they are trying to control or hit the ball. Given the positions of the players, it seems that the ball was recently passed or set by one team and is now being attacked by the opposing team.",C5
50.png,18,"The ball is likely located in the center of the court, near the net, as this is where the players are actively moving and jumping, indicating that they are likely to be involved in the next action which would involve the ball. The players on both teams are positioned in a way that suggests they are preparing to receive or attack the ball.",C5
50.png,19,"The ball is likely located in the center of the court, near the net, as this is where the players are actively moving and jumping, which suggests they are trying to hit or block the ball. Given the positions of the players, it appears that the ball was recently hit by one of the players on the left side of the net, possibly in the area between cells C5 and D5.",C5
50.png,20,"The ball is likely located in the center of the court, near the net, as this is where the players are actively moving and jumping, which suggests they are trying to control or return the ball. The players on both teams are positioned in a way that indicates they are focused on the area around the net.",C5
50.png,21,"The ball is likely located in the center of the court, near the net, as this is where the players are actively moving and jumping, which suggests they are trying to hit or block the ball. Given the positions of the players, it appears that the ball was recently hit by one of the players on the left side of the net, possibly in the area between cells C5 and D5.",C5
50.png,22,"The ball is likely located in the center of the court, near the net, as this is where the players are actively moving and jumping, which suggests they are trying to hit or block the ball. Given the positions of the players, it appears that the ball was recently hit by one of the players on the left side of the net, possibly in the area between cells C3 and D3.",C3
50.png,23,"The ball is likely located in the center of the court, near the net, as this is where the players are actively moving and jumping, which suggests they are trying to hit or block the ball. Given the positions of the players, it appears that the ball was recently hit by one of the players on the left side of the net, possibly in the area between cells C5 and D5.",C5
50.png,24,"The ball is likely located in the center of the court, near the net, as this is where the players are actively moving and jumping, which suggests they are trying to hit or block the ball. Given the positions of the players, it appears that the ball was recently hit by one of the players on the left side of the net, possibly in the area between cells C3 and D3.",C3
50.png,25,"The ball is likely located in the center of the court, near the net, as this is where the players are actively moving and jumping, which suggests they are trying to hit or block the ball. Given the positions of the players, it appears that the ball was recently hit by one of the players on the left side of the net, possibly in the area between cells C3 and D3.",C3
50.png,26,"The ball is likely located in the center of the court, near the net, as this is where the players are actively moving and jumping, which suggests they are trying to control or hit the ball. The players on both teams are positioned in a way that indicates they are focused on the area around the net.",C5
50.png,27,"The ball is likely located in the center of the court, near the net, as this is where the players are actively moving and jumping, which suggests they are trying to hit or block the ball. Given the positions of the players, it appears that the ball was recently hit by one of the players on the left side of the net, possibly in the area between cells C3 and D3.",C3
50.png,28,"The ball is likely located in the center of the court, near the net, as this is where the players are actively moving and jumping, which suggests they are trying to hit or block the ball. Given the positions of the players, it appears that the ball was recently hit by one of the players on the left side of the net, possibly in the area between cells C3 and D3.",C3
50.png,29,"The ball is likely located in the center of the court, near the net, as this is where the players are actively moving and jumping, indicating they are trying to hit or block the ball. Given the positions of the players, it seems that the ball was recently hit by one of the players on the left side of the net, possibly in the area between cells C3 and D3.",C3
50.png,30,"The ball is likely located in the center of the court, near the net, as this is where the players are actively moving and jumping, indicating they are trying to hit or block the ball. Given the positions of the players, it seems that the ball was recently hit by one of the players on the left side of the net, possibly in the area between cells C3 and D3.",C3
50.png,31,"The ball is likely located in the center of the court, near the net, as this is where the players are actively moving and jumping, which suggests they are trying to control or hit the ball. The players on both teams are positioned in a way that indicates they are focused on the area around the net.",C5
50.png,32,"The ball is likely located in the center of the court, near the net, as this is where the players are actively moving and jumping, indicating that they are likely to be involved in the next action which would involve the ball. The players on both teams are positioned in a way that suggests they are preparing to receive or attack the ball.",C5
50.png,33,"The ball is likely located in the center of the court, near the net, as this is where the players are actively moving and jumping, indicating they are trying to hit or block the ball. Given the positions of the players, it seems that the ball was recently hit by one of the players on the left side of the net, possibly in the area between cells C3 and D3.",C3
50.png,34,"The ball is likely located in the center of the court, near the net, as this is where the players are actively moving and jumping, indicating that they are likely to be involved in the next action which would involve the ball. The players on both teams are positioned in a way that suggests they are preparing to receive or attack the ball.",C5
50.png,35,"The ball is likely located in the center of the court, near the net, as this is where the players are actively moving and jumping, indicating they are trying to control or return the ball. Given the positions of the players, it seems that the ball was recently hit by one of the players on the right side of the net, possibly player number 8, who is positioned close to the net and appears to be in motion.",C5
50.png,36,"The ball is likely located in the center of the court, near the net, as this is where the players are actively moving and jumping, which suggests they are trying to hit or block the ball. Given the positions of the players, it appears that the ball was recently hit by one of the players on the left side of the net, possibly in the area between cells C5 and D5.",C5
50.png,37,"The ball is likely located in the center of the court, near the net, as this is where the players are actively moving and jumping, indicating they are trying to control or return the ball. Given the positions of the players, it seems that the ball was just hit by one of the players on the left side of the net, possibly player number 8, who is positioned close to the net and appears to be in motion towards the center of the court.",C5
50.png,38,"The ball is likely located in the center of the court, near the net, as this is where the players are actively moving and jumping, indicating they are trying to hit or block the ball. Given the positions of the players, it seems that the ball was recently hit by one of the players on the left side of the net, possibly in the area between cells C3 and D3.",C3
50.png,39,"The ball is likely located in the center of the court, near the net, as this is where the players are actively moving and jumping, indicating that they are likely to be involved in the next action which would involve the ball. The players on both teams are positioned in a way that suggests they are preparing to receive or attack the ball.",C5
50.png,40,"The ball is likely located in the center of the court, near the net, as this is where the players are actively moving and jumping, which suggests they are trying to hit or block the ball. Given the positions of the players, it appears that the ball was recently hit by one of the players on the left side of the net, possibly in the area between cells C3 and D3.",C3
50.png,41,"The ball is likely located in the center of the court, near the net, as this is where the players are actively moving and jumping, which suggests they are trying to control or return the ball. The players on both teams are positioned in a way that indicates they are focused on the area around the net.",C5
50.png,42,"The ball is likely located in the center of the court, near the net, as this is where the players are actively moving and jumping, which suggests they are trying to control or return the ball. The players on both teams are positioned in a way that indicates they are focused on the area around the net, making it the most probable location for the ball.",C5
50.png,43,"The ball is likely located in the center of the court, near the net, as this is where the players are actively moving and jumping, indicating they are trying to control or hit the ball. Given the positions of the players, it seems that the ball was recently passed or set by one team and is now being attacked by the opposing team.",C5
50.png,44,"The ball is likely located in the center of the court, near the net, as this is where the players are actively moving and jumping, indicating that they are likely to be involved in the next action which would involve the ball. The players on both teams are positioned in a way that suggests they are preparing to receive or attack the ball.",C5
50.png,45,"The ball is likely located in the center of the court, near the net, as this is where the players are actively moving and jumping, which suggests they are trying to control or return the ball. The players on both teams are positioned in a way that indicates they are focused on the area around the net.",C5
50.png,46,"The ball is likely located in the center of the court, near the net, as this is where the players are actively moving and jumping, which suggests they are trying to control or return the ball. The players on both teams are positioned in a way that indicates they are focused on the area around the net, making it the most probable location for the ball.",C5
50.png,47,"The ball is likely located in the center of the court, near the net, as this is where the players are actively moving and jumping, which suggests they are trying to control or hit the ball. The players on both teams are positioned in a way that indicates they are focused on the area around the net, making it the most probable location for the ball.",C5
50.png,48,"The ball is likely located in the center of the court, near the net, as this is where the players are actively moving and jumping, indicating they are trying to hit or block the ball. Given the positions of the players, it seems that the ball was recently hit by one of the players on the left side of the net, possibly in the area between cells C3 and D3.",C3
50.png,49,"The ball is likely located in the center of the court, near the net, as this is where the players are actively moving and jumping, which suggests they are trying to hit or block the ball. Given the positions of the players, it appears that the ball was recently hit by one of the players on the left side of the net, possibly in the area between cells C5 and D5.",C5
50.png,50,"The ball is likely located in the center of the court, near the net, as this is where the players are actively moving and jumping, which suggests they are trying to hit or block the ball. Given the positions of the players, it appears that the ball was recently hit by one of the players on the left side of the net, possibly in the area between cells C5 and D5.",C5
47.png,1,"The ball is likely located in the center of the image, just above the net, as it is the focal point of the players' actions. The player in blue appears to be jumping to hit or block the ball, indicating that it is in mid-air between the two teams. Given the positioning of the players and the direction of their movements, the ball is most likely in the area where the players are interacting.",D5
47.png,2,"The ball is likely located in the center of the image, just above the net, as it is the focal point of the players' actions. The player in blue appears to be jumping to hit or block the ball, indicating that it is in mid-air between the two teams.",D5
47.png,3,"The ball is likely located in the center of the image, just above the net, as it is the focal point of the players' actions. The player in blue appears to be jumping to hit or block the ball, indicating that the ball is in mid-air between the two teams.",D5
47.png,4,"The ball is likely located in the center of the image, just above the net, as it is the focal point of the players' actions. The player in blue appears to be jumping to hit or block the ball, indicating that it is in mid-air between the two teams.",D5
47.png,5,"The ball is likely located in the center of the image, just above the net, as it is the focal point of the players' actions. The player in blue appears to be jumping to hit or block the ball, indicating that it is in mid-air between the two teams.",D5
47.png,6,"The ball is likely located in the center of the image, just above the net, as it is the focal point of the players' actions. The player in blue appears to be jumping to hit or block the ball, indicating that the ball is in mid-air between the two teams.",D5
47.png,7,"The ball is likely located in the center of the image, just above the net, as it is the focal point of the players' actions. The player in blue appears to be jumping to hit or block the ball, indicating that the ball is in mid-air between the two teams.",D5
47.png,8,"The ball is likely located in the center of the image, just above the net, as it is the focal point of the players' actions. The player in blue appears to be jumping to hit or block the ball, indicating that the ball is in mid-air between the two teams.",D5
47.png,9,"The ball is likely located in the center of the image, just above the net, as it is the focal point of the players' actions. The player in blue appears to be jumping to hit or block the ball, indicating that it is in mid-air between the two teams.",D5
47.png,10,"The ball is likely located in the center of the image, just above the net, as it is the focal point of the players' actions. The player in blue appears to be jumping to hit or block the ball, indicating that it is in mid-air between the two teams.",D5
47.png,11,"The ball is likely located in the center of the image, just above the net, as it is the focal point of the players' actions. The player in blue appears to be jumping to hit or block the ball, indicating that the ball is in mid-air between the two teams.",D5
47.png,12,"The ball is likely located in the center of the image, just above the net, as it is the focal point of the players' actions. The player in blue appears to be jumping to hit or block the ball, indicating that it is in mid-air between the two teams. Given the positioning of the players and the direction of their movements, the ball is most likely in the area where the players are interacting.",D5
47.png,13,"The ball is likely located in the center of the image, just above the net, as it is the focal point of the players' actions. The player in blue appears to be jumping to hit or block the ball, indicating that the ball is in mid-air between the two teams.",D5
47.png,14,"The ball is likely located in the center of the image, just above the net, as it is the focal point of the players' actions. The player in blue appears to be jumping to hit or block the ball, indicating that the ball is in mid-air between the two teams.",D5
47.png,15,"The ball is likely located in the center of the image, just above the net, as it is the focal point of the players' actions. The player in blue appears to be jumping to hit or block the ball, indicating that the ball is in mid-air between the two teams.",D5
47.png,16,"The ball is likely located in the center of the image, just above the net, as it is the focal point of the players' actions. The player in blue appears to be jumping to hit or block the ball, indicating that it is in mid-air between the two teams.",D5
47.png,17,"The ball is likely located in the center of the image, just above the net, as it is the focal point of the players' actions. The player in blue appears to be jumping to hit or block the ball, indicating that the ball is in mid-air between the two teams.",D5
47.png,18,"The ball is likely located in the center of the image, just above the net, as it is the focal point of the players' actions. The player in blue appears to be jumping to hit or block the ball, indicating that the ball is in mid-air between the two teams.",D5
47.png,19,"The ball is likely located in the center of the image, just above the net, as it is the focal point of the players' actions. The player in blue appears to be jumping to hit or block the ball, indicating that it is in mid-air between the two teams.",D5
47.png,20,"The ball is likely located in the center of the image, just above the net, as it is the focal point of the players' actions. The player in blue appears to be jumping to hit or block the ball, indicating that the ball is in mid-air between the two teams.",D5
47.png,21,"The ball is likely located in the center of the image, just above the net, as it is the focal point of the players' actions. The player in blue appears to be jumping to hit or block the ball, indicating that it is in mid-air between the two teams. Given the positioning of the players and the direction of their movements, the ball is most likely in the central area of the court.",D5
47.png,22,"The ball is likely located in the center of the image, just above the net, as it is the focal point of the players' actions. The player in blue appears to be jumping to hit or block the ball, indicating that the ball is in mid-air between the two teams.",D5
47.png,23,"The ball is likely located in the center of the image, just above the net, as it is the focal point of the players' actions. The player in blue appears to be jumping to hit or block the ball, indicating that the ball is in mid-air between the two teams.",D5
47.png,24,"The ball is likely located in the center of the image, just above the net, as it is the focal point of the players' actions. The player in blue appears to be jumping to hit or block the ball, indicating that it is in mid-air between the two teams.",D5
47.png,25,"The ball is likely located in the center of the image, just above the net, as it is the focal point of the players' actions. The player in blue appears to be jumping to hit or block the ball, indicating that the ball is in mid-air between the two teams.",D5
47.png,26,"The ball is likely located in the center of the image, just above the net, as it is the focal point of the players' actions. The player in blue appears to be jumping to hit or block the ball, indicating that it is in mid-air between the two teams. Given the positioning of the players and the direction of their movements, the ball is most likely in the area where the players are interacting.",D5
47.png,27,"The ball is likely located in the center of the image, just above the net, as it is the focal point of the players' actions. The player in blue appears to be jumping to hit or block the ball, indicating that it is in mid-air between the two teams.",D5
47.png,28,"The ball is likely located in the center of the image, just above the net, as it is the focal point of the players' actions. The player in blue appears to be jumping to hit or block the ball, indicating that the ball is in mid-air between the two teams.",D5
47.png,29,"The ball is likely located in the center of the image, just above the net, as it is the focal point of the players' actions. The player in blue appears to be jumping to hit or block the ball, indicating that it is in mid-air between the two teams. Given the positioning of the players and the direction of their movements, the ball is most likely in the area where the players are interacting.",D5
47.png,30,"The ball is likely located in the center of the image, just above the net, as it is the focal point of the players' actions. The player in blue appears to be jumping to hit or block the ball, indicating that the ball is in mid-air between the two teams.",D5
47.png,31,"The ball is likely located in the center of the image, just above the net, as it is the focal point of the players' actions. The player in blue appears to be jumping to hit or block the ball, indicating that it is in mid-air between the two teams.",D5
47.png,32,"The ball is likely located in the center of the image, just above the net, as it is the focal point of the players' actions. The player in blue appears to be jumping to hit or block the ball, indicating that it is in mid-air between the two teams.",D5
47.png,33,"The ball is likely located in the center of the image, just above the net, as it is the focal point of the players' actions. The player in blue appears to be jumping to hit or block the ball, indicating that the ball is in mid-air between the two teams.",D5
47.png,34,"The ball is likely located in the center of the image, just above the net, as it is the focal point of the players' actions. The player in blue appears to be jumping to hit or block the ball, indicating that the ball is in mid-air between the two teams.",D5
47.png,35,"The ball is likely located in the center of the image, just above the net, as it is the focal point of the players' actions. The player in blue appears to be jumping to hit or block the ball, indicating that the ball is in mid-air between the two teams.",D5
47.png,36,"The ball is likely located in the center of the image, just above the net, as it is the focal point of the players' actions. The player in blue appears to be jumping to hit or block the ball, indicating that it is in mid-air between the two teams.",D5
47.png,37,"The ball is likely located in the center of the image, just above the net, as it is the focal point of the players' actions. The player in blue appears to be jumping to hit or block the ball, indicating that it is in mid-air between the two teams.",D5
47.png,38,"The ball is likely located in the center of the image, just above the net, as it is the focal point of the players' actions. The player in blue appears to be jumping to hit or block the ball, indicating that it is in mid-air between the two teams.",D5
47.png,39,"The ball is likely located in the center of the image, just above the net, as it is the focal point of the players' actions. The player in blue appears to be jumping to hit or block the ball, indicating that it is in mid-air between the two teams.",D5
47.png,40,"The ball is likely located in the center of the image, just above the net, as it is the focal point of the players' actions. The player in blue appears to be jumping to hit or block the ball, indicating that it is in mid-air between the two teams. Given the positioning of the players and the direction of their movements, the ball is most likely in the area where the players are interacting.",D5
47.png,41,"The ball is likely located in the center of the image, just above the net, as it is the focal point of the players' actions. The player in blue appears to be jumping to hit or block the ball, indicating that the ball is in mid-air between the two teams.",D5
47.png,42,"The ball is likely located in the center of the image, just above the net, as it is the focal point of the players' actions. The player in blue appears to be jumping to hit or block the ball, indicating that it is in mid-air between the two teams. Given the positioning of the players and the direction of their movements, the ball is most likely in the area where the players are interacting.",D5
47.png,43,"The ball is likely located in the center of the image, just above the net, as it is the focal point of the players' actions. The player in blue appears to be jumping to hit or block the ball, indicating that the ball is in mid-air between the two teams.",D5
47.png,44,"The ball is likely located in the center of the image, just above the net, as it is the focal point of the players' actions. The player in blue appears to be jumping to hit or block the ball, indicating that the ball is in mid-air between the two teams.",D5
47.png,45,"The ball is likely located in the center of the image, just above the net, as it is the focal point of the players' actions. The player in blue appears to be jumping to hit or block the ball, indicating that it is in mid-air between the two teams. Given the positioning of the players and the direction of their movements, the ball is most likely in the central area of the court.",D5
47.png,46,"The ball is likely located in the center of the image, just above the net, as it is the focal point of the players' actions. The player in blue appears to be jumping to hit or block the ball, indicating that it is in mid-air between the two teams. Given the positioning of the players and the direction of their movements, the ball is most likely in the area where the players are interacting.",D5
47.png,47,"The ball is likely located in the center of the image, just above the net, as it is the focal point of the players' actions. The player in blue appears to be jumping to hit or block the ball, indicating that the ball is in mid-air between the two teams.",D5
47.png,48,"The ball is likely located in the center of the image, just above the net, as it is the focal point of the players' actions. The player in blue appears to be jumping to hit or block the ball, indicating that the ball is in mid-air between the two teams.",D5
47.png,49,"The ball is likely located in the center of the image, just above the net, as it is the focal point of the players' actions. The player in blue appears to be jumping to hit or block the ball, indicating that the ball is in mid-air between the two teams.",D5
47.png,50,"The ball is likely located in the center of the image, just above the net, as it is the focal point of the players' actions. The player in blue appears to be jumping to hit or block the ball, indicating that it is in mid-air between the two teams.",D5
11.png,1,"The ball is likely located in the center of the court, near the net, as this is where the players are positioned and the action typically occurs during a volleyball game. The players on both teams are facing each other, suggesting that the ball might be in play or about to be served.",C6
11.png,2,"The ball is likely located in the center of the court, near the net, as this is where the players are positioned and the action typically occurs during a volleyball game. The players on both teams are facing each other, suggesting that the ball might be in play or about to be served.",C6
11.png,3,"The ball is likely located in the center of the court, near the net, as this is the typical area where a volleyball would be served or passed during play. The players' positions suggest they are preparing for a serve or a pass, which would naturally involve the ball being in the middle of the court.",D6
11.png,4,"The ball is likely located in the center of the court, near the net, as this is where the players are positioned and the action typically occurs during a volleyball game. The players on both teams are facing each other, suggesting that the ball might be in play or about to be served.",C6
11.png,5,"The ball is likely located in the center of the court, near the net, as this is where the players are positioned and the action typically occurs during a volleyball game. The players on both teams are facing each other, suggesting that the ball was recently passed or served between them.",D6
11.png,6,"The ball is likely located in the center of the court, near the net, as this is the typical area where a volleyball would be served or passed during play. The players' positions suggest that they are preparing for a serve or a pass, which would naturally involve the ball being in the middle of the court.",D6
11.png,7,"The ball is likely located in the center of the court, near the net, as this is where the players are positioned and the action typically occurs during a volleyball game. The players on both teams are facing each other, suggesting that the ball might be in play or about to be served.",C6
11.png,8,"The ball is likely located in the center of the court, near the net, as this is where the players are positioned and the action typically occurs during a volleyball game. The players on both teams are facing each other, suggesting that the ball was recently passed or served between them.",D6
11.png,9,"The ball is likely located in the center of the court, near the net, as this is the typical area where a volleyball would be served or passed during play. The players' positions suggest that they are preparing for a serve or a pass, which would naturally involve the ball being in the middle of the court.",D6
11.png,10,"The ball is likely located in the center of the court, near the net, as this is the typical area where a volleyball would be served or passed during play. The players' positions suggest they are preparing for a serve or a pass, which would naturally involve the ball being in the middle of the court.",D6
11.png,11,"The ball is likely located in the center of the court, near the net, as this is where the players are positioned and the action typically occurs during a volleyball game. The players on both teams are facing each other, suggesting that the ball might be in play or about to be served.",C6
11.png,12,"The ball is likely located in the center of the court, near the net, as this is the typical area where a volleyball would be served or passed during play. The players' positions suggest that they are preparing for a serve or a pass, which would naturally involve the ball being in the middle of the court.",D6
11.png,13,"The ball is likely located in the center of the court, near the net, as this is the typical area where a volleyball would be served or passed during play. The players' positions suggest they are preparing for a serve or a pass, which would naturally involve the ball being in the central area of the court.",C6
11.png,14,"The ball is likely located in the center of the court, near the net, as this is where the players are positioned and the action typically occurs during a volleyball game. The players on both teams are facing each other, suggesting that the ball was recently passed or served between them.",D6
11.png,15,"The ball is likely located in the center of the court, near the net, as this is the typical area where a volleyball would be served or passed during play. The players' positions suggest that they are preparing for a serve or a pass, which would naturally involve the ball being in the middle of the court.",D6
11.png,16,"The ball is likely located in the center of the court, near the net, as this is the typical area where a volleyball would be served or passed during play. The players' positions suggest that they are preparing for a serve or a pass, which would naturally involve the ball being in the middle of the court.",D6
11.png,17,"The ball is likely located in the center of the court, near the net, as this is where the players are positioned and the action typically occurs during a volleyball game. The players on both teams are facing each other, suggesting that the ball was recently passed or served between them.",D6
11.png,18,"The ball is likely located in the center of the court, near the net, as this is the typical area where a volleyball would be served or passed during play. The players' positions suggest that they are preparing for a serve or a pass, which would naturally involve the ball being in the middle of the court.",D6
11.png,19,"The ball is likely located in the center of the court, near the net, as this is the typical area where a volleyball would be served or passed during play. The players' positions suggest that they are preparing for a serve or a pass, which would naturally involve the ball being in the middle of the court.",D6
11.png,20,"The ball is likely located in the center of the court, near the net, as this is the typical area where a volleyball would be served or passed during play. The players' positions suggest they are preparing for a serve or a pass, which would naturally involve the ball being in the middle of the court.",D6
11.png,21,"The ball is likely located in the center of the court, near the net, as this is where the players are positioned and the action typically occurs during a volleyball game. The players on both teams are facing each other, suggesting that the ball was recently passed or set up for a spike or block.",D6
11.png,22,"The ball is likely located in the center of the court, near the net, as this is the typical area where a volleyball would be served or passed during play. The players' positions suggest they are preparing for a serve or a pass, which would naturally involve the ball being in the middle of the court.",D6
11.png,23,"The ball is likely located in the center of the court, near the net, as this is where the players are positioned and the action typically occurs during a volleyball game. The players on both teams are facing each other, suggesting that the ball was recently passed or set up for a spike or block.",C6
11.png,24,"The ball is likely located in the center of the court, near the net, as this is where the players are positioned and the action typically occurs during a volleyball game. The players on both teams are facing each other, suggesting that the ball was recently passed or served between them.",D6
11.png,25,"The ball is likely located in the center of the court, near the net, as this is the typical area where a volleyball would be served or passed during play. The players' positions suggest that they are preparing for a serve or a pass, which would naturally involve the ball being in the middle of the court.",D6
11.png,26,"The ball is likely located in the center of the court, near the net, as this is the typical area where a volleyball would be served or passed during play. The players' positions suggest that they are preparing for a serve or a pass, which would naturally involve the ball being in the middle of the court.",D6
11.png,27,"The ball is likely located in the center of the court, near the net, as this is the typical area where a volleyball would be served or passed during play. The players' positions suggest that they are preparing for a serve or a pass, which would naturally involve the ball being in the middle of the court.",D6
11.png,28,"The ball is likely located in the center of the court, near the net, as this is where the players are positioned and the action typically occurs during a volleyball game. The players on both teams are facing each other, suggesting that the ball was recently passed or set up for a spike or block.",C6
11.png,29,"The ball is likely located in the center of the court, near the net, as this is where the players are positioned and the action typically occurs during a volleyball game. The players on both teams are facing each other, suggesting that the ball might be in play or about to be served.",C6
11.png,30,"The ball is likely located in the center of the court, near the net, as this is the typical area where a volleyball would be served or passed during play. The players' positions suggest they are preparing for a serve or a pass, which would naturally involve the ball being in the central area of the court.",C6
11.png,31,"The ball is likely located in the center of the court, near the net, as this is where the players are positioned and the action typically occurs during a volleyball game. The players on both teams are facing each other, suggesting that the ball was recently passed or served between them.",C6
11.png,32,"The ball is likely located in the center of the court, near the net, as this is the typical area where a volleyball would be served or passed during play. The players' positions suggest they are preparing for a serve or a pass, which would naturally involve the ball being in the middle of the court.",D6
11.png,33,"The ball is likely located in the center of the court, near the net, as this is the typical area where a volleyball would be served or passed during play. The players' positions suggest they are preparing for a serve or a pass, which would naturally involve the ball being in the central area of the court.",C6
11.png,34,"The ball is likely located in the center of the court, near the net, as this is the typical area where a volleyball would be served or passed during play. The players' positions suggest that they are preparing for a serve or a pass, which would naturally involve the ball being in the middle of the court.",D6
11.png,35,"The ball is likely located in the center of the court, near the net, as this is the typical area where a volleyball would be served or passed during play. The players' positions suggest that they are preparing for a serve or a pass, which would naturally involve the ball being in the middle of the court.",D6
11.png,36,"The ball is likely located in the center of the court, near the net, as this is the typical area where a volleyball would be served or passed during play. The players' positions suggest that they are preparing for a serve or a pass, which would naturally involve the ball being in the middle of the court.",D6
11.png,37,"The ball is likely located in the center of the court, near the net, as this is the typical area where a volleyball would be served or passed during play. The players' positions suggest they are preparing for a serve or a pass, which would naturally involve the ball being in the central area of the court.",C6
11.png,38,"The ball is likely located in the center of the court, near the net, as this is the typical area where a volleyball would be served or passed during play. The players' positions suggest they are preparing for a serve or a pass, which would naturally involve the ball being in the middle of the court.",D6
11.png,39,"The ball is likely located in the center of the court, near the net, as this is where the players are positioned and the action typically occurs during a volleyball game. The players on both teams are facing each other, suggesting that the ball was recently passed or served between them.",D6
11.png,40,"The ball is likely located in the center of the court, near the net, as this is where the players are positioned and the action typically occurs during a volleyball game. The players on both teams are facing each other, suggesting that the ball might be in play or about to be served.",C6
11.png,41,"The ball is likely located in the center of the court, near the net, as this is where the players are positioned and the action typically occurs during a volleyball game. The players on both teams are facing each other, suggesting that the ball might be in play or about to be served.",C6
11.png,42,"The ball is likely located in the center of the court, near the net, as this is where the players are positioned and the action typically occurs during a volleyball game. The players on both teams are facing each other, suggesting that the ball was recently passed or served between them.",C6
11.png,43,"The ball is likely located in the center of the court, near the net, as this is the typical area where a volleyball would be served or passed during play. The players' positions suggest that they are preparing for a serve or a pass, which would naturally involve the ball being in the middle of the court.",D6
11.png,44,"The ball is likely located in the center of the court, near the net, as this is the typical area where a volleyball would be served or passed during play. The players' positions suggest that they are preparing for a serve or a pass, which would naturally involve the ball being in the middle of the court.",D6
11.png,45,"The ball is likely located in the center of the court, near the net, as this is the typical area where a volleyball would be served or passed during play. The players' positions suggest that they are preparing for a serve or a pass, which would naturally involve the ball being in the middle of the court.",D6
11.png,46,"The ball is likely located in the center of the court, near the net, as this is where the players are positioned and the action typically occurs during a volleyball game. The players on both teams are facing each other, suggesting that the ball was recently passed or served between them.",C6
11.png,47,"The ball is likely located in the center of the court, near the net, as this is the typical area where a volleyball would be served or passed during play. The players' positions suggest they are preparing for a serve or a pass, which would naturally involve the ball being in the central area of the court.",C6
11.png,48,"The ball is likely located in the center of the court, near the net, as this is the typical area where a volleyball would be served or passed during play. The players' positions suggest they are preparing for a serve or a pass, which would naturally involve the ball being in the central area of the court.",C6
11.png,49,"The ball is likely located in the center of the court, near the net, as this is the typical area where a volleyball would be served or passed during play. The players' positions suggest they are preparing for a serve or a pass, which would naturally involve the ball being in the central area of the court.",C6
11.png,50,"The ball is likely located in the center of the court, near the net, as this is the typical area where a volleyball would be served or passed during play. The players' positions suggest they are preparing for a serve or a pass, which would naturally involve the ball being in the middle of the court.",D6
20.png,1,"The ball is likely located in the center of the image, just above the net, as it would be in the air during a serve or spike. The players' body positions suggest they are preparing to hit the ball, which typically occurs in the central area of the court.",D5
20.png,2,"The ball is likely located in the center of the image, just above the net, as it would be in the air during a serve or spike. The players' body positions suggest they are preparing to hit or block the ball, which typically occurs in the middle of the court.",D5
20.png,3,"The ball is likely located in the center of the image, just above the net, as it would be in the air during a serve or spike. The players' body positions suggest they are preparing to hit the ball, which typically occurs in the central area of the court.",D5
20.png,4,"The ball is likely located in the center of the image, just above the net, as it would be in the air during a serve or spike. The players' body positions suggest they are preparing to hit or block the ball, which typically occurs in the middle of the court.",D5
20.png,5,"The ball is likely located in the center of the image, just above the net, as it would be in the air during a serve or spike. The players' body positions suggest they are preparing to hit or block the ball, which typically occurs in the middle of the court.",D5
20.png,6,"The ball is likely located in the center of the image, just above the net, as it would be in the air during a serve or spike. The players' body positions suggest they are preparing to hit or block the ball, which typically occurs in the middle of the court.",D5
20.png,7,"The ball is likely located in the center of the image, just above the net, as it would be in the air during a serve or spike. The players' body positions suggest they are preparing to hit or react to the ball, which typically occurs in the central area of the court.",D5
20.png,8,"The ball is likely located in the center of the image, just above the net, as it would be in the air during a serve or spike. The players' body positions suggest they are preparing to hit or react to the ball, which typically occurs in the central area of the court.",D5
20.png,9,"The ball is likely located in the center of the image, just above the net, as it would be in the air during a serve or spike. The players' body positions suggest they are preparing to hit the ball, which typically occurs in the middle of the court.",D5
20.png,10,"The ball is likely located in the center of the image, just above the net, as it would be in the air during a serve or spike. The players' body positions suggest they are preparing to hit or block the ball, which typically occurs in the middle of the court.",D5
20.png,11,"The ball is likely located in the center of the image, just above the net, as it would be in the air during a serve or spike. The players' body positions suggest they are preparing to hit or react to the ball, which typically occurs in the central area of the court.",D5
20.png,12,"The ball is likely located in the center of the image, just above the net, as it would be in the air during a serve or spike. The players' body positions suggest they are preparing to hit or react to the ball, which typically occurs in the central area of the court.",D5
20.png,13,"The ball is likely located in the center of the image, just above the net, as it would be in the air during a serve or spike. The players' body positions suggest they are preparing to hit or react to the ball, which typically occurs in the central area of the court.",D5
20.png,14,"The ball is likely located in the center of the image, just above the net, as it would be in the air during a serve or spike. The players' body positions suggest they are preparing to hit or react to the ball, which typically occurs in the central area of the court.",D5
20.png,15,"The ball is likely located in the center of the image, just above the net, as it would be in the air during a serve or spike. The players' body positions suggest they are preparing to hit or block the ball, which typically occurs in the central area of the court.",D5
20.png,16,"The ball is likely located in the center of the image, just above the net, as it would be in the air during a serve or spike. The players' body positions suggest they are preparing to hit or react to the ball, which typically occurs in the central area of the court.",D5
20.png,17,"The ball is likely located in the center of the image, just above the net, as it would be in the air during a serve or spike. The players' body positions suggest they are preparing to hit or block the ball, which typically occurs in the middle of the court.",D5
20.png,18,"The ball is likely located in the center of the image, just above the net, as it would be in the air during a serve or spike. The players' body positions suggest they are preparing to hit or react to the ball, which typically occurs in the central area of the court.",D5
20.png,19,"The ball is likely located in the center of the image, just above the net, as it would be in the air during a serve or spike. The players' body positions suggest they are preparing to hit or block the ball, which typically occurs in the central area of the court.",D5
20.png,20,"The ball is likely located in the center of the image, just above the net, as it would be in the air during a serve or spike. The players' body positions suggest they are preparing to hit the ball, which typically occurs in the central area of the court.",D5
20.png,21,"The ball is likely located in the center of the image, just above the net, as it would be in the air during a serve or spike. The players' body positions suggest they are preparing to hit or react to the ball, which typically occurs in the central area of the court.",D5
20.png,22,"The ball is likely located in the center of the image, just above the net, as it would be in the air during a serve or spike. The players' body positions suggest they are preparing to hit or block the ball, which typically occurs in the middle of the court.",D5
20.png,23,"The ball is likely located in the center of the image, just above the net, as it would be in the air during a serve or spike. The players' body positions suggest they are preparing to hit the ball, which typically occurs in the middle of the court.",D5
20.png,24,"The ball is likely located in the center of the image, just above the net, as it would be in the air during a serve or spike. The players' body positions suggest they are preparing to hit or react to the ball, which typically occurs in the central area of the court.",D5
20.png,25,"The ball is likely located in the center of the image, just above the net, as it would be in the air during a serve or spike. The players' body positions suggest they are preparing to hit the ball, which typically occurs in the middle of the court.",D5
20.png,26,"The ball is likely located in the center of the image, just above the net, as it would be in the air during a serve or spike. The players' body positions suggest they are preparing to hit or react to the ball, which typically occurs in the central area of the court.",D5
20.png,27,"The ball is likely located in the center of the image, just above the net, as it would be in the air during a serve or spike. The players' body positions suggest they are preparing to hit the ball, which typically occurs in the central area of the court.",D5
20.png,28,"The ball is likely located in the center of the image, just above the net, as it would be in the air during a serve or spike. The players' body positions suggest they are preparing to hit or react to the ball, which typically occurs in the central area of the court.",D5
20.png,29,"The ball is likely located in the center of the image, just above the net, as it would be in the air during a serve or spike. The players' body positions suggest they are preparing to hit or react to the ball, which typically occurs in the central area of the court.",D5
20.png,30,"The ball is likely located in the center of the image, just above the net, as it would be in the air during a serve or spike. The players' body positions suggest they are preparing to hit or react to the ball, which typically occurs in the central area of the court.",D5
20.png,31,"The ball is likely located in the center of the image, just above the net, as it would be in the air during a serve or spike. The players' body positions suggest they are preparing to hit the ball, which typically occurs in the middle of the court.",D5
20.png,32,"The ball is likely located in the center of the image, just above the net, as it would be in the air during a serve or spike. The players' body positions suggest they are preparing to hit the ball, which typically occurs in the middle of the court.",D5
20.png,33,"The ball is likely located in the center of the image, just above the net, as it would be in the air during a serve or spike. The players' body positions suggest they are preparing to hit or block the ball, which typically occurs in the middle of the court.",D5
20.png,34,"The ball is likely located in the center of the image, just above the net, as it would be in the air during a serve or spike. The players' body positions suggest they are preparing to hit or block the ball, which typically occurs in the central area of the court.",D5
20.png,35,"The ball is likely located in the center of the image, just above the net, as it would be in the air during a serve or spike. The players' body positions suggest they are preparing to hit the ball, which typically occurs in the central area of the court.",D5
20.png,36,"The ball is likely located in the center of the image, just above the net, as it would be in the air during a serve or spike. The players' body positions suggest they are preparing to hit the ball, which typically occurs in the central area of the court.",D5
20.png,37,"The ball is likely located in the center of the image, just above the net, as it would be in the air during a serve or spike. The players' body positions suggest they are preparing to hit the ball, which typically occurs in the central area of the court.",D5
20.png,38,"The ball is likely located in the center of the image, just above the net, as it would be in the air during a serve or spike. The players' body positions suggest they are preparing to hit the ball, which typically occurs in the central area of the court.",D5
20.png,39,"The ball is likely located in the center of the image, just above the net, as it would be in the air during a serve or spike. The players' body positions suggest they are preparing to hit or react to the ball, which typically occurs in the central area of the court.",D5
20.png,40,"The ball is likely located in the center of the image, just above the net, as it would be in the air during a serve or spike. The players' body positions suggest they are preparing to hit or react to the ball, which typically occurs in the central area of the court.",D5
20.png,41,"The ball is likely located in the center of the image, just above the net, as it would be in the air during a serve or spike. The players' body positions suggest they are preparing to hit the ball, which typically occurs in the middle of the court.",D5
20.png,42,"The ball is likely located in the center of the image, just above the net, as it would be in the air during a serve or spike. The players' body positions suggest they are preparing to hit the ball, which typically occurs in the middle of the court.",D5
20.png,43,"The ball is likely located in the center of the image, just above the net, as it would be in the air during a serve or spike. The players' body positions suggest they are preparing to hit or react to the ball, which typically occurs in the central area of the court.",D5
20.png,44,"The ball is likely located in the center of the image, just above the net, as it would be in the air during a serve or spike. The players' body positions suggest they are preparing to hit or react to the ball, which typically occurs in the central area of the court.",D5
20.png,45,"The ball is likely located in the center of the image, just above the net, as it would be in the air during a serve or spike. The players' body positions suggest they are preparing to hit or block the ball, which typically occurs in the central area of the court.",D5
20.png,46,"The ball is likely located in the center of the image, just above the net, as it would be in the air during a serve or spike. The players' body positions suggest they are preparing to hit or block the ball, which typically occurs in the central area of the court.",D5
20.png,47,"The ball is likely located in the center of the image, just above the net, as it would be in the air during a serve or spike. The players' body positions suggest they are preparing to hit the ball, which typically occurs in the middle of the court.",D5
20.png,48,"The ball is likely located in the center of the image, just above the net, as it would be in the air during a serve or spike. The players' body positions suggest they are preparing to hit the ball, which typically occurs in the middle of the court.",D5
20.png,49,"The ball is likely located in the center of the image, just above the net, as it would be in the air during a serve or spike. The players' body positions suggest they are preparing to hit the ball, which typically occurs in the central area of the court.",D5
20.png,50,"The ball is likely located in the center of the image, just above the net, as it would be in the air during a serve or spike. The players' body positions suggest they are preparing to hit the ball, which typically occurs in the central area of the court.",D5
9.png,1,"The ball is likely located in the area where the players' hands are closest together, as this is where the action typically occurs during a serve or pass. Given the positions of the players, it appears that the ball is being passed or served towards the right side of the court. Therefore, the ball is most likely located in the area where the player in white (number 12) is jumping and reaching out, which corresponds to the grid cell F6.",F6
9.png,2,"The ball is likely located in the area where the players' hands are closest together, as this is where the action typically occurs during a serve or pass. Given the positions of the players, it appears that the ball is being passed or served towards the right side of the court. Therefore, the ball is most likely located in the area where the player in white (number 12) is jumping and reaching out, which corresponds to the grid cell F6.",F6
9.png,3,"The ball is likely located in the area where the players' hands are closest together, as this is where the action typically occurs during a serve or pass. Given the positions of the players, it appears that the ball is being passed or served by the player in white jersey number 12. Therefore, the ball is most likely in the air between the players in cells C6 and D6.",D6
9.png,4,"The ball is likely located in the area where the players' hands are closest together, as this is where the action typically occurs during a serve or pass. Given the positions of the players, it appears that the ball is being passed or served towards the right side of the court. Therefore, the ball is most likely located in the area where the player in white (number 12) is jumping and reaching out, which corresponds to the grid cell F6.",F6
9.png,5,"The ball is likely located in the area where the players' hands are closest together, as this is where the action typically occurs during a serve or pass. Given the positions of the players, it appears that the ball is being passed or served by the player in white jersey number 12. Therefore, the ball is most likely in the air between the players in cells C6 and D6.",D6
9.png,6,"The ball is likely located in the area where the players' hands are closest together, as this is where the action typically occurs during a serve or pass. Given the positions of the players, it appears that the ball is being passed or served near the center of the court, which corresponds to the intersection of cells C5 and D5.",C5
9.png,7,"The ball is likely located in the area where the players' hands are closest together, as this is where the action typically occurs during a serve or pass. Given the positions of the players, it appears that the ball is being passed or served by the player in white jersey number 12. Therefore, the ball is most likely in the air between the players' hands.",D6
9.png,8,"The ball is likely located in the area where the players' hands are closest together, as this is where the action typically occurs during a serve or pass. Given the positions of the players, it appears that the ball is being passed or served by the player in white jersey number 12. Therefore, the ball is most likely in the air between the players' hands.",D6
9.png,9,"The ball is likely located in the area where the players' hands are closest together, as this is where the action typically occurs during a serve or pass. Given the positions of the players, it appears that the ball is being passed or served between the players in the middle of the court. Therefore, the ball is most likely located in the center of the court, near the net.",D5
9.png,10,"The ball is likely located in the area where the players' hands are closest together, as this is where the action typically occurs during a serve or pass. Given the positions of the players, it appears that the ball is being passed or served between the players in the middle of the court. Therefore, the ball is most likely located in the center of the court, near the net.",D5
9.png,11,"The ball is likely located in the area where the players' hands are closest together, as this is where the action typically occurs during a serve or pass. Given the positions of the players, it appears that the ball is being passed or served by the player in white jersey number 12. Therefore, the ball is most likely in the air between the players' hands.",D6
9.png,12,"The ball is likely located in the area where the players' hands are closest together, as this is where the action typically occurs during a serve or pass. Given the positions of the players, it appears that the ball is being passed or served towards the right side of the court. Therefore, the ball is most likely located in the area where the player in white (number 12) is jumping and reaching out, which corresponds to the grid cell F6.",F6
9.png,13,"The ball is likely located in the area where the players' hands are closest together, as this is where the action typically occurs during a serve or pass. Given the positions of the players, it appears that the ball is being passed or served towards the right side of the court. Therefore, the ball is most likely located in the area where the player in white (number 12) is jumping and reaching out, which corresponds to the grid cell F6.",F6
9.png,14,"The ball is likely located in the area where the players' hands are closest together, as this is where the action typically occurs during a serve or pass. Given the positions of the players, it appears that the ball is being passed or served between the players in the middle of the court. Therefore, the ball is most likely located in the center of the court, near the net.",D5
9.png,15,"The ball is likely located in the area where the players' hands are closest together, as this is where the action typically occurs during a serve or pass. Given the positions of the players, it appears that the ball is being passed or served between the players in the middle of the court. Therefore, the ball is most likely located in the center of the court, near the net.",D5
9.png,16,"The ball is likely located in the area where the players' hands are closest together, as this is where the action typically occurs during a serve or pass. Given the positions of the players, it appears that the ball is being passed or served between the players in the middle of the court. Therefore, the ball is most likely located in the center of the court, near the net.",D5
9.png,17,"The ball is likely located in the area where the players' hands are closest together, as this is where the action typically occurs during a serve or pass. Given the positions of the players, it appears that the ball is being passed or served between the players in the middle of the court. Therefore, the ball is most likely located in the center of the court, near the net.",D5
9.png,18,"The ball is likely located in the area where the players' hands are closest together, as this is where the action typically occurs during a serve or pass. Given the positions of the players, it appears that the ball is being passed or served towards the right side of the court. Therefore, the ball is most likely located in the area where the player in white (number 12) is jumping and reaching out, which corresponds to the grid cell F6.",F6
9.png,19,"The ball is likely located in the area where the players' hands are closest together, as this is where the action typically occurs during a serve or pass. Given the positions of the players, it appears that the ball is being passed or served between the players in the middle of the court. Therefore, the ball is most likely located in the center of the court, near the net.",D5
9.png,20,"The ball is likely located in the area where the players' hands are closest together, as this is where the action typically occurs during a serve or pass. Given the positions of the players, it appears that the ball is being passed or served by the player in white jersey number 12. Therefore, the ball is most likely in the air between the players' hands.",D6
9.png,21,"The ball is likely located in the area where the players' hands are closest together, as this is where the action typically occurs during a serve or pass. Given the positions of the players, it appears that the ball is being passed or served towards the right side of the court. Therefore, the ball is most likely located in the area where the player in white (number 12) is jumping and reaching out, which corresponds to the grid cell F6.",F6
9.png,22,"The ball is likely located in the area where the players' hands are closest together, as this is where the action typically occurs during a serve or pass. Given the positions of the players, it appears that the ball is being passed or served by the player in white jersey number 12. Therefore, the ball is most likely in the air between the players in cells C6 and D6.",D6
9.png,23,"The ball is likely located in the area where the players' hands are closest together, as this is where the action typically occurs during a serve or pass. Given the positions of the players, it appears that the ball is being passed or served towards the right side of the court. Therefore, the ball is most likely located in the area where the player in white (number 12) is jumping and reaching out, which corresponds to the grid cell F6.",F6
9.png,24,"The ball is likely located in the area where the players' hands are closest together, as this is where the action typically occurs during a serve or pass. Given the positions of the players, it appears that the ball is being passed or served near the center of the court, which corresponds to the intersection of cells C5 and D5.",C5
9.png,25,"The ball is likely located in the area where the players' hands are closest together, as this is where the action typically occurs during a serve or pass. Given the positions of the players, it appears that the ball is being passed or served towards the right side of the court. Therefore, the ball is most likely located in the area where the player in white (number 12) is jumping and reaching out, which corresponds to the grid cell F6.",F6
9.png,26,"The ball is likely located in the area where the players' hands are closest together, as this is where the action typically occurs during a serve or pass. Given the positions of the players, it appears that the ball is being passed or served near the center of the court, which corresponds to the intersection of cells C5 and D5.",C5
9.png,27,"The ball is likely located in the area where the players' hands are closest together, as this is where the action typically occurs during a serve or pass. Given the positions of the players, it appears that the ball is being passed or served towards the right side of the court. Therefore, the ball is most likely located in the area where the player in white (number 12) is jumping and reaching out, which corresponds to the grid cell F6.",F6
9.png,28,"The ball is likely located in the area where the players' hands are closest together, as this is where the action typically occurs during a serve or pass. Given the positions of the players, it appears that the ball is being passed or served by the player in white jersey number 12. Therefore, the ball is most likely in the air between the players in cells C6 and D6.",D6
9.png,29,"The ball is likely located in the area where the players' hands are closest together, as this is where the action typically occurs during a serve or pass. Given the positions of the players, it appears that the ball is being passed or served by the player in white jersey number 12. Therefore, the ball is most likely in the air between the players in cells C6 and D6.",D6
9.png,30,"The ball is likely located in the area where the players' hands are closest together, as this is where the action typically occurs during a serve or pass. Given the positions of the players, it appears that the ball is being passed or served near the center of the court, which corresponds to the intersection of cells C5 and D5.",C5
9.png,31,"The ball is likely located in the area where the players' hands are closest together, as this is where the action typically occurs during a serve or pass. Given the positions of the players, it appears that the ball is being passed or served towards the right side of the court. Therefore, the ball is most likely located in the area where the player in white (number 12) is jumping and reaching out, which corresponds to the grid cell F6.",F6
9.png,32,"The ball is likely located in the area where the players' hands are closest together, as this is where the action typically occurs during a serve or pass. Given the positions of the players, it appears that the ball is being passed or served by the player in white jersey number 12. Therefore, the ball is most likely in the air between the players in cells C6 and D6.",D6
9.png,33,"The ball is likely located in the area where the players' hands are closest together, as this is where the action typically occurs during a serve or pass. Given the positions of the players, it appears that the ball is being passed or served towards the right side of the court. Therefore, the ball is most likely located in the area where the player in white (number 12) is jumping and reaching out, which corresponds to the grid cell F6.",F6
9.png,34,"The ball is likely located in the area where the players' hands are closest together, as this is where the action typically occurs during a serve or pass. Given the positions of the players, it appears that the ball is being passed or served by the player in white jersey number 12. Therefore, the ball is most likely in the air between the players' hands.",D6
9.png,35,"The ball is likely located in the area where the players' hands are closest together, as this is where the action typically occurs during a serve or pass. Given the positions of the players, it appears that the ball is being passed or served between the players in the middle of the court. Therefore, the ball is most likely located in the center of the court, near the net.",D5
9.png,36,"The ball is likely located in the area where the players' hands are closest together, as this is where the action typically occurs during a serve or pass. Given the positions of the players, it appears that the ball is being passed or served near the center of the court, which corresponds to the intersection of cells C5 and D5.",C5
9.png,37,"The ball is likely located in the area where the players' hands are closest together, as this is where the action typically occurs during a serve or pass. Given the positions of the players, it appears that the ball is being passed or served between the players in the middle of the court. Therefore, the ball is most likely located in the center of the court, near the net.",D5
9.png,38,"The ball is likely located in the area where the players' hands are closest together, as this is where the action typically occurs during a serve or pass. Given the positions of the players, it appears that the ball is being passed or served towards the right side of the court. Therefore, the ball is most likely located in the area where the player in white (number 12) is jumping and reaching out, which corresponds to the grid cell F6.",F6
9.png,39,"The ball is likely located in the area where the players' hands are closest together, as this is where the action typically occurs during a serve or pass. Given the positions of the players, it appears that the ball is being passed or served near the center of the court, which corresponds to the intersection of cells C5 and D5.",C5
9.png,40,"The ball is likely located in the area where the players' hands are closest together, as this is where the action typically occurs during a serve or pass. Given the positions of the players, it appears that the ball is being passed or served by the player in white jersey number 12. Therefore, the ball is most likely in the air between the players' hands.",D6
9.png,41,"The ball is likely located in the area where the players' hands are closest together, as this is where the action typically occurs during a serve or pass. Given the positions of the players, it appears that the ball is being passed or served by the player in white jersey number 12. Therefore, the ball is most likely in the air between the players in cells C6 and D6.",D6
9.png,42,"The ball is likely located in the area where the players' hands are closest together, as this is where the action typically occurs during a serve or pass. Given the positions of the players, it appears that the ball is being passed or served between the players in the middle of the court. Therefore, the ball is most likely located in the center of the court, near the net.",D5
9.png,43,"The ball is likely located in the area where the players' hands are closest together, as this is where the action typically occurs during a serve or pass. Given the positions of the players, it appears that the ball is being passed or served near the center of the court, which corresponds to the intersection of cells C5 and D5.",C5
9.png,44,"The ball is likely located in the area where the players' hands are closest together, as this is where the action typically occurs during a serve or pass. Given the positions of the players, it appears that the ball is being passed or served between the players in the middle of the court. Therefore, the ball is most likely located in the center of the court, near the net.",D5
9.png,45,"The ball is likely located in the area where the players' hands are closest together, as this is where the action typically occurs during a serve or pass. Given the positions of the players, it appears that the ball is being passed or served near the center of the court, which corresponds to the intersection of cells C5 and D5.",C5
9.png,46,"The ball is likely located in the area where the players' hands are closest together, as this is where the action typically occurs during a serve or pass. Given the positions of the players, it appears that the ball is being passed or served near the center of the court, which corresponds to the intersection of cells C5 and D5.",C5
9.png,47,"The ball is likely located in the area where the players' hands are closest together, as this is where the action typically occurs during a serve or pass. Given the positions of the players, it appears that the ball is being passed or served by the player in white jersey number 12. Therefore, the ball is most likely in the air between the players in cells C6 and D6.",D6
9.png,48,"The ball is likely located in the area where the players' hands are closest together, as this is where the action typically occurs during a serve or pass. Given the positions of the players, it appears that the ball is being passed or served near the center of the court, which corresponds to the intersection of cells C5 and D5.",C5
9.png,49,"The ball is likely located in the area where the players' hands are closest together, as this is where the action typically occurs during a serve or pass. Given the positions of the players, it appears that the ball is being passed or served towards the right side of the court. Therefore, the ball is most likely located in the area where the player in white (number 12) is jumping and reaching out, which corresponds to the grid cell F6.",F6
9.png,50,"The ball is likely located in the area where the players' hands are closest together, as this is where the action typically occurs during a serve or pass. Given the positions of the players, it appears that the ball is being passed or served by the player in white jersey number 12. Therefore, the ball is most likely in the air between the players' hands.",D6
23.png,1,"The ball is likely located in the center of the court, as this is where the action typically occurs during a volleyball game. The players are positioned around the center of the court, indicating that the ball is probably in play or about to be served.",F5
23.png,2,"The ball is likely located in the center of the court, as this is where the action typically occurs during a volleyball game. The players are positioned around the center of the court, indicating that the ball is probably in play or about to be served.",F5
23.png,3,"The ball is likely located in the center of the court, as this is where the action typically occurs during a volleyball game. The players are positioned around the center of the court, indicating that the ball is probably in play or about to be served.",F5
23.png,4,"The ball is likely located in the center of the court, as this is where the action typically occurs during a volleyball game. The players are positioned around the center of the court, indicating that the ball is probably in play or about to be served.",F5
23.png,5,"The ball is likely located in the center of the court, as this is where the action typically occurs during a volleyball game. The players are positioned around the center of the court, indicating that the ball is probably in play or about to be served.",F5
23.png,6,"The ball is likely located in the center of the court, as this is where the action typically occurs during a volleyball game. The players are positioned around the center of the court, indicating that the ball is probably in play or about to be served.",F5
23.png,7,"The ball is likely located in the center of the court, as this is where the action typically occurs during a volleyball game. The players are positioned around the center of the court, indicating that the ball is probably in play or about to be served.",F5
23.png,8,"The ball is likely located in the center of the court, as this is where the action typically occurs during a volleyball game. The players are positioned around the center of the court, indicating that the ball is probably in play or about to be served.",F5
23.png,9,"The ball is likely located in the center of the court, as this is where the action typically occurs during a volleyball game. The players are positioned around the center of the court, indicating that the ball is probably in play or about to be served.",F5
23.png,10,"The ball is likely located in the center of the court, as this is where the action typically occurs during a volleyball game. The players are positioned around the center of the court, indicating that the ball is probably in play or about to be served.",F5
23.png,11,"The ball is likely located in the center of the court, as this is where the action typically occurs during a volleyball game. The players are positioned around the center of the court, indicating that the ball is probably in play or about to be served.",F5
23.png,12,"The ball is likely located in the center of the court, as this is where the action typically occurs during a volleyball game. The players are positioned around the center of the court, indicating that the ball is probably in play or about to be served.",F5
23.png,13,"The ball is likely located in the center of the court, as this is where the action typically occurs during a volleyball game. The players are positioned around the center of the court, indicating that the ball is probably in play or about to be served.",F5
23.png,14,"The ball is likely located in the center of the court, as this is where the action typically occurs during a volleyball game. The players are positioned around the center of the court, indicating that the ball is probably in play or about to be served.",F5
23.png,15,"The ball is likely located in the center of the court, as this is where the action typically occurs during a volleyball game. The players are positioned around the center of the court, indicating that the ball is probably in play or about to be served.",F5
23.png,16,"The ball is likely located in the center of the court, as this is where the action typically occurs during a volleyball game. The players are positioned around the center of the court, indicating that the ball is probably in play or about to be served.",F5
23.png,17,"The ball is likely located in the center of the court, as this is where the action typically occurs during a volleyball game. The players are positioned around the center of the court, indicating that the ball is probably in play or about to be served.",F5
23.png,18,"The ball is likely located in the center of the court, as this is where the action typically occurs during a volleyball game. The players are positioned around the center of the court, indicating that the ball is probably in play or about to be served.",F5
23.png,19,"The ball is likely located in the center of the court, as this is where the action typically occurs during a volleyball game. The players are positioned around the center of the court, indicating that the ball is probably in play or about to be served.",F5
23.png,20,"The ball is likely located in the center of the court, as this is where the action typically occurs during a volleyball game. The players are positioned around the center of the court, indicating that the ball is probably in play or about to be served.",F5
23.png,21,"The ball is likely located in the center of the court, as this is where the action typically occurs during a volleyball game. The players are positioned around the center of the court, indicating that the ball is probably in play or about to be served.",F5
23.png,22,"The ball is likely located in the center of the court, as this is where the action typically occurs during a volleyball game. The players are positioned around the center of the court, indicating that the ball is probably in play or about to be served.",F5
23.png,23,"The ball is likely located in the center of the court, as this is where the action typically occurs during a volleyball game. The players are positioned around the center of the court, indicating that the ball is probably in play or about to be served.",F5
23.png,24,"The ball is likely located in the center of the court, as this is where the action typically occurs during a volleyball game. The players are positioned around the center of the court, indicating that the ball is probably in play or about to be served.",F5
23.png,25,"The ball is likely located in the center of the court, as this is where the action typically occurs during a volleyball game. The players are positioned around the center of the court, indicating that the ball is probably in play or about to be served.",F5
23.png,26,"The ball is likely located in the center of the court, as this is where the action typically occurs during a volleyball game. The players are positioned around the center of the court, indicating that the ball is probably in play or about to be served.",F5
23.png,27,"The ball is likely located in the center of the court, as this is where the action typically occurs during a volleyball game. The players are positioned around the center of the court, indicating that the ball is probably in play or about to be served.",F5
23.png,28,"The ball is likely located in the center of the court, as this is where the action typically occurs during a volleyball game. The players are positioned around the center of the court, indicating that the ball is probably in play or about to be served.",F5
23.png,29,"The ball is likely located in the center of the court, as this is where the action typically occurs during a volleyball game. The players are positioned around the center of the court, indicating that the ball is probably in play or about to be served.",F5
23.png,30,"The ball is likely located in the center of the court, as this is where the action typically occurs during a volleyball game. The players are positioned around the center of the court, indicating that the ball is probably in play or about to be served.",F5
23.png,31,"The ball is likely located in the center of the court, as this is where the action typically occurs during a volleyball game. The players are positioned around the center of the court, indicating that the ball is probably in play or about to be served.",F5
23.png,32,"The ball is likely located in the center of the court, as this is where the action typically occurs during a volleyball game. The players are positioned around the center of the court, indicating that the ball is probably in play or about to be served.",F5
23.png,33,"The ball is likely located in the center of the court, as this is where the action typically occurs during a volleyball game. The players are positioned around the center of the court, indicating that the ball is probably in play or about to be served.",F5
23.png,34,"The ball is likely located in the center of the court, as this is where the action typically occurs during a volleyball game. The players are positioned around the center of the court, indicating that the ball is probably in play or about to be served.",F5
23.png,35,"The ball is likely located in the center of the court, as this is where the action typically occurs during a volleyball game. The players are positioned around the center of the court, indicating that the ball is probably in play or about to be served.",F5
23.png,36,"The ball is likely located in the center of the court, as this is where the action typically occurs during a volleyball game. The players are positioned around the center of the court, indicating that the ball is probably in play or about to be served.",F5
23.png,37,"The ball is likely located in the center of the court, as this is where the action typically occurs during a volleyball game. The players are positioned around the center of the court, indicating that the ball is probably in play or about to be served.",F5
23.png,38,"The ball is likely located in the center of the court, as this is where the action typically occurs during a volleyball game. The players are positioned around the center of the court, indicating that the ball is probably in play or about to be served.",F5
23.png,39,"The ball is likely located in the center of the court, as this is where the action typically occurs during a volleyball game. The players are positioned around the center of the court, indicating that the ball is probably in play or about to be served.",F5
23.png,40,"The ball is likely located in the center of the court, as this is where the action typically occurs during a volleyball game. The players are positioned around the center of the court, indicating that the ball is probably in play or about to be served.",F5
23.png,41,"The ball is likely located in the center of the court, as this is where the action typically occurs during a volleyball game. The players are positioned around the center of the court, indicating that the ball is probably in play or about to be served.",F5
23.png,42,"The ball is likely located in the center of the court, as this is where the action typically occurs during a volleyball game. The players are positioned around the center of the court, indicating that the ball is probably in play or about to be served.",F5
23.png,43,"The ball is likely located in the center of the court, as this is where the action typically occurs during a volleyball game. The players are positioned around the center of the court, indicating that the ball is probably in play or about to be served.",F5
23.png,44,"The ball is likely located in the center of the court, as this is where the action typically occurs during a volleyball game. The players are positioned around the center of the court, indicating that the ball is probably in play or about to be served.",F5
23.png,45,"The ball is likely located in the center of the court, as this is where the action typically occurs during a volleyball game. The players are positioned around the center of the court, indicating that the ball is probably in play or about to be served.",F5
23.png,46,"The ball is likely located in the center of the court, as this is where the action typically occurs during a volleyball game. The players are positioned around the center of the court, indicating that the ball is probably in play or about to be served.",F5
23.png,47,"The ball is likely located in the center of the court, as this is where the action typically occurs during a volleyball game. The players are positioned around the center of the court, indicating that the ball is probably in play or about to be served.",F5
23.png,48,"The ball is likely located in the center of the court, as this is where the action typically occurs during a volleyball game. The players are positioned around the center of the court, indicating that the ball is probably in play or about to be served.",F5
23.png,49,"The ball is likely located in the center of the court, as this is where the action typically occurs during a volleyball game. The players are positioned around the center of the court, indicating that the ball is probably in play or about to be served.",F5
23.png,50,"The ball is likely located in the center of the court, as this is where the action typically occurs during a volleyball game. The players are positioned around the center of the court, indicating that the ball is probably in play or about to be served.",F5
14.png,1,"The ball is likely located in the center of the image, just above the players' hands. This is because the players appear to be jumping and reaching upwards, which suggests they are attempting to block or spike the ball. The ball would typically be in the air between their hands, making it most probable that it is in the central area of the image.",D5
14.png,2,"The ball is likely located in the center of the image, just above the players' hands. This is because the players appear to be jumping and reaching up, which suggests they are attempting to block or spike the ball. The ball would typically be in the air between their hands, making it most probable that it is in the central area of the image.",D5
14.png,3,"The ball is likely located in the center of the image, just above the players' hands. This is because the players appear to be jumping and reaching up, which suggests they are attempting to block or spike the ball. The ball would typically be in the air between their hands, making it most probable that it is in the central area of the image.",D5
14.png,4,"The ball is likely located in the center of the image, just above the players' hands. This is because the players appear to be jumping and reaching up, which suggests they are attempting to block or spike the ball. The ball would typically be in the air between their hands, making it most probable that it is in the central area of the image.",D5
14.png,5,"The ball is likely located in the center of the image, just above the players' hands. This is because the players appear to be jumping and reaching upwards, which suggests they are attempting to block or spike the ball. The ball would typically be in the air between their hands, making it most probable that it is in the central area of the image.",D5
14.png,6,"The ball is likely located in the center of the image, just above the players' hands. This is because the players appear to be jumping and reaching upwards, which suggests that the ball was recently passed or hit towards them. The ball's position would typically be at the apex of their jump, which is around the center of the image.",D5
14.png,7,"The ball is likely located in the center of the image, just above the players' hands. This is because the players appear to be jumping and reaching upwards, which suggests that the ball was recently passed or served and is now in mid-air between them.",D5
14.png,8,"The ball is likely located in the center of the image, just above the players' hands. This is because the players appear to be jumping and reaching upwards, which suggests that the ball was recently passed or hit towards them. The ball's position would typically be at the highest point of their jump, which is around the center of the image.",D5
14.png,9,"The ball is likely located in the center of the image, just above the players' hands. This is because the players appear to be jumping and reaching upwards, which suggests they are attempting to block or spike the ball. The ball would typically be in the air between their hands, making it most probable that it is in the central area of the image.",D5
14.png,10,"The ball is likely located in the center of the image, just above the players' hands. This is because the players appear to be jumping and reaching upwards, which suggests that the ball was recently passed or set near their hands. The ball's position would typically be at the apex of the jump, which is around the center of the image.",D5
14.png,11,"The ball is likely located in the center of the image, just above the players' hands. This is because the players appear to be jumping and reaching up, which suggests they are attempting to block or spike the ball. The ball would typically be in the air between their hands, making it most probable that it is in the central area of the image.",D5
14.png,12,"The ball is likely located in the center of the image, just above the players' hands. This is because the players appear to be jumping and reaching upwards, which suggests that the ball was recently passed or set near their hands. The ball's position would typically be at the apex of the jump, which is around the center of the image.",D5
14.png,13,"The ball is likely located in the center of the image, just above the players' hands. This is because the players appear to be jumping and reaching upwards, which suggests they are attempting to block or spike the ball. The ball would typically be in the air between their hands, making it most probable that it is in the central area of the image.",D5
14.png,14,"The ball is likely located in the center of the image, just above the players' hands. This is because the players appear to be jumping and reaching up, which suggests they are attempting to block or spike the ball. The ball would typically be in the area where their hands are raised, indicating it is close to them.",D5
14.png,15,"The ball is likely located in the center of the image, just above the players' hands. This is because the players appear to be jumping and reaching up, which suggests they are attempting to block or spike the ball. The ball would typically be in the air between their hands, making it most probable that it is in the central area of the image.",D5
14.png,16,"The ball is likely located in the center of the image, just above the players' hands. This is because the players appear to be jumping and reaching up, which suggests they are attempting to block or spike the ball. The ball would typically be in the area where their hands are raised, indicating it is close to them.",D5
14.png,17,"The ball is likely located in the center of the image, just above the players' hands. This is because the players appear to be jumping and reaching upwards, which suggests they are attempting to block or spike the ball. The ball would typically be in the air between their hands, making it most probable that it is in the central area of the image.",D5
14.png,18,"The ball is likely located in the center of the image, just above the players' hands. This is because the players appear to be jumping and reaching upwards, which suggests they are attempting to block or spike the ball. The ball would typically be in the air between their hands, making it most probable that it is in the central area of the image.",D5
14.png,19,"The ball is likely located in the center of the image, just above the players' hands. This is because the players appear to be jumping and reaching upwards, which suggests they are attempting to block or spike the ball. The ball would typically be in the air between their hands, making it most probable that it is in the central area of the image.",D5
14.png,20,"The ball is likely located in the center of the image, just above the players' hands. This is because the players appear to be jumping and reaching up, which suggests they are attempting to block or spike the ball. The ball would typically be in the air between their hands, making it most probable that it is in the central area of the image.",D5
14.png,21,"The ball is likely located in the center of the image, just above the players' hands. This is because the players appear to be jumping and reaching up, which suggests they are attempting to block or spike the ball. The ball would typically be in the area where their hands are raised, indicating it is close to them.",D5
14.png,22,"The ball is likely located in the center of the image, just above the players' hands. This is because the players appear to be jumping and reaching upwards, which suggests that the ball was recently passed or served and is now in mid-air between them.",D5
14.png,23,"The ball is likely located in the center of the image, just above the players' hands. This is because the players appear to be jumping and reaching upwards, which suggests they are attempting to block or spike the ball. The ball would typically be in the air between their hands, making it most probable that it is in the central area of the image.",D5
14.png,24,"The ball is likely located in the center of the image, just above the players' hands. This is because the players appear to be jumping and reaching upwards, which suggests they are attempting to block or spike the ball. The ball would typically be in the air between their hands, making it most probable that it is in the central area of the image.",D5
14.png,25,"The ball is likely located in the center of the image, just above the players' hands. This is because the players appear to be jumping and reaching upwards, which suggests they are attempting to block or spike the ball. The ball would typically be in the air between their hands, making it most probable that it is in the central area of the image.",D5
14.png,26,"The ball is likely located in the center of the image, just above the players' hands. This is because the players appear to be jumping and reaching upwards, which suggests they are attempting to block or spike the ball. The ball would typically be in the air between their hands, making it most probable that it is in the central area of the image.",D5
14.png,27,"The ball is likely located in the center of the image, just above the players' hands. This is because the players appear to be jumping and reaching upwards, which suggests they are attempting to block or spike the ball. The ball would typically be in the air between their hands, making it most probable that it is in the central area of the image.",D5
14.png,28,"The ball is likely located in the center of the image, just above the players' hands. This is because the players appear to be jumping and reaching upwards, which suggests that the ball was recently passed or set near their hands. The ball's position would typically be at the apex of the jump, which is around the center of the image.",D5
14.png,29,"The ball is likely located in the center of the image, just above the players' hands. This is because the players appear to be jumping and reaching up, which suggests they are attempting to block or spike the ball. The ball would typically be in the air between their hands, making it most probable that it is in the central area of the image.",D5
14.png,30,"The ball is likely located in the center of the image, just above the players' hands. This is because the players appear to be jumping and reaching upwards, which suggests that the ball was recently passed or hit towards them. The ball's position would typically be at the highest point of their jump, which is around the center of the image.",D5
14.png,31,"The ball is likely located in the center of the image, just above the players' hands. This is because the players appear to be jumping and reaching upwards, which suggests that the ball was recently passed or set near their hands. The ball's position would typically be at the apex of the jump, which is around the center of the image.",D5
14.png,32,"The ball is likely located in the center of the image, just above the players' hands. This is because the players appear to be jumping and reaching up, which suggests they are attempting to block or spike the ball. The ball would typically be in the air between their hands, making it most probable that it is in the central area of the image.",D5
14.png,33,"The ball is likely located in the center of the image, just above the players' hands. This is because the players appear to be jumping and reaching upwards, which suggests that the ball was recently passed or set near their hands. The ball's position would typically be at the apex of the jump, which is around the center of the image.",D5
14.png,34,"The ball is likely located in the center of the image, just above the players' hands. This is because the players appear to be jumping and reaching up, which suggests they are attempting to block or spike the ball. The ball would typically be in the air between their hands, making it most probable that it is in the central area of the image.",D5
14.png,35,"The ball is likely located in the center of the image, just above the players' hands. This is because the players appear to be jumping and reaching upwards, which suggests that the ball was recently passed or hit towards them. The ball's position would typically be at the highest point of their jump, which is around the center of the image.",D5
14.png,36,"The ball is likely located in the center of the image, just above the players' hands. This is because the players appear to be jumping and reaching up, which suggests they are attempting to block or spike the ball. The ball would typically be in the air between their hands, making it most probable that it is in the central area of the image.",D5
14.png,37,"The ball is likely located in the center of the image, just above the players' hands. This is because the players appear to be jumping and reaching upwards, which suggests they are attempting to block or spike the ball. The ball would typically be in the air between their hands, making it most probable that it is in the central area of the image.",D5
14.png,38,"The ball is likely located in the center of the image, just above the players' hands. This is because the players appear to be jumping and reaching upwards, which suggests they are attempting to block or spike the ball. The ball would typically be in the air between their hands, making it most probable that it is in the central area of the image.",D5
14.png,39,"The ball is likely located in the center of the image, just above the players' hands. This is because the players appear to be jumping and reaching upwards, which suggests that the ball was recently passed or hit towards them. The ball's position would typically be at the highest point of their jump, which is around the center of the image.",D5
14.png,40,"The ball is likely located in the center of the image, just above the players' hands. This is because the players appear to be jumping and reaching up, which suggests they are attempting to block or spike the ball. The ball would typically be in the air between their hands, making it most probable that it is in the central area of the image.",D5
14.png,41,"The ball is likely located in the center of the image, just above the players' hands. This is because the players appear to be jumping and reaching up, which suggests they are attempting to block or spike the ball. The ball would typically be in the area where their hands are raised, indicating it is close to them.",D5
14.png,42,"The ball is likely located in the center of the image, just above the players' hands. This is because the players appear to be jumping and reaching upwards, which suggests they are attempting to block or spike the ball. The ball would typically be in the air between their hands, making it most probable that it is in the central area of the image.",D5
14.png,43,"The ball is likely located in the center of the image, just above the players' hands. This is because the players appear to be jumping and reaching up, which suggests they are attempting to block or spike the ball. The ball would typically be in the air between their hands, making it most probable that it is in the central area of the image.",D5
14.png,44,"The ball is likely located in the center of the image, just above the players' hands. This is because the players appear to be jumping and reaching upwards, which suggests that the ball was recently passed or set near their hands. The ball's position would typically be at the apex of the jump, which is around the center of the image.",D5
14.png,45,"The ball is likely located in the center of the image, just above the players' hands. This is because the players appear to be jumping and reaching up, which suggests they are attempting to block or spike the ball. The ball would typically be in the area where their hands are raised, indicating it is close to them.",D5
14.png,46,"The ball is likely located in the center of the image, just above the players' hands. This is because the players appear to be jumping and reaching up, which suggests they are attempting to block or spike the ball. The ball would typically be in the air between their hands, making it most probable that it is in the central area of the image.",D5
14.png,47,"The ball is likely located in the center of the image, just above the players' hands. This is because the players appear to be jumping and reaching upwards, which suggests that the ball was recently passed or served and is now in mid-air between them.",D5
14.png,48,"The ball is likely located in the center of the image, just above the players' hands. This is because the players appear to be jumping and reaching up, which suggests they are attempting to block or spike the ball. The ball would typically be in the air between their hands, making it most probable that it is in the central area of the image.",D5
14.png,49,"The ball is likely located in the center of the image, just above the players' hands. This is because the players appear to be jumping and reaching up, which suggests they are attempting to block or spike the ball. The ball would typically be in the air between their hands, making it most probable that it is in the central area of the image.",D5
14.png,50,"The ball is likely located in the center of the image, just above the players' hands. This is because the players appear to be jumping and reaching up, which suggests they are attempting to block or spike the ball. The ball would typically be in the area where their hands are raised, indicating it is close to them.",D5
41.png,1,"The ball is likely located in the center of the court, near the net, as it is the area where the players are most actively engaged in the game. The player in the center (cell C5) appears to be jumping, which suggests they might have just hit or are about to hit the ball. Additionally, the players on both sides of the net are positioned in a way that indicates they are ready to react to the ball's movement.",C5
41.png,2,"The ball is likely located in the center of the court, just above the net, as it appears that a player has just hit or spiked the ball. This is indicated by the positioning of the players and their body movements, which suggest they are reacting to a recent hit. The ball would typically be in the air at this point, making the center of the court the most probable location.",C5
41.png,3,"The ball is likely located in the center of the court, just above the net, as it appears that a player has just hit or spiked the ball. This is indicated by the positioning of the players and their body movements, which suggest they are reacting to a recent hit. The ball would typically be in the air at this point, making the center of the court the most probable location.",C5
41.png,4,"The ball is likely located in the center of the court, just above the net, as it appears that a player has just hit or spiked the ball. This is indicated by the positioning of the players and their body movements, which suggest they are reacting to a recent hit. The ball would typically be in the air at this point, making the center of the court the most probable location.",C5
41.png,5,"The ball is likely located in the center of the court, just above the net, as it appears that a player has just hit or spiked the ball. This is indicated by the positioning of the players and their body movements, which suggest they are reacting to a recent hit. The ball would typically be in the air at this point, making the center of the court the most probable location.",C5
41.png,6,"The ball is likely located in the center of the court, near the net, as it is the area where the players are most actively engaged in the game. The player in the center (cell C5) appears to be jumping, which suggests that the ball is either about to be hit or has just been hit by her. This makes cell C5 the most probable location for the ball.",C5
41.png,7,"The ball is likely located in the center of the court, near the net, as it is the area where the players are most actively engaged in the game. The player in the center (cell C5) appears to be jumping, which suggests they might have just hit or are about to hit the ball. Additionally, the players on both sides of the net are positioned in a way that indicates they are ready to react to the ball's movement.",C5
41.png,8,"The ball is likely located in the center of the court, near the net, as it is the area where the players are most actively engaged in the game. The player in the center (cell C5) appears to be jumping, which suggests that the ball is either about to be hit or has just been hit by her. This makes cell C5 the most probable location for the ball.",C5
41.png,9,"The ball is likely located in the center of the court, just above the net, as it appears that a player has just hit or spiked the ball. This is indicated by the positioning of the players and their body movements, which suggest they are reacting to a recent hit. The ball would typically be in the air at this point, making the center of the court the most probable location.",C5
41.png,10,"The ball is likely located in the center of the court, just above the net, as it appears that a player has just hit or spiked the ball. This is indicated by the positioning of the players and their body movements, which suggest they are reacting to a recent hit. The ball would typically be in the air at this point, making the center of the court the most probable location.",C5
41.png,11,"The ball is likely located in the center of the court, just above the net, as it appears that a player has just hit or spiked the ball. This is indicated by the positioning of the players and their body movements, which suggest they are reacting to a recent hit. The ball would typically be in the air at this point, making the center of the court the most probable location.",C5
41.png,12,"The ball is likely located in the center of the court, near the net, as it is the area where the players are most actively engaged in the game. The player in the center (cell C5) appears to be jumping, which suggests they might have just hit or are about to hit the ball. Additionally, the players on both sides of the net are positioned to react to the ball's movement, indicating that it is close to the net.",C5
41.png,13,"The ball is likely located in the center of the court, near the net, as it is the area where the players are most actively engaged in the game. The player in the center (cell C5) appears to be jumping, which suggests that the ball is either about to be hit or has just been hit by her. This makes cell C5 the most probable location for the ball.",C5
41.png,14,"The ball is likely located in the center of the court, near the net, as it is the area where the players are most actively engaged in the game. The player in the center (cell C5) appears to be jumping, which suggests they might have just hit or are about to hit the ball. Additionally, the players on both sides of the net are positioned in a way that indicates they are ready to react to the ball's movement.",C5
41.png,15,"The ball is likely located in the center of the court, near the net, as it is the area where the players are most actively engaged in the game. The player in the center (cell C5) appears to be jumping, which suggests that the ball is either about to be hit or has just been hit by her. This makes it highly probable that the ball is in the vicinity of the net, specifically in the central area of the court.",C5
41.png,16,"The ball is likely located in the center of the court, just above the net, as it appears that a player has just hit or spiked the ball. This is indicated by the positioning of the players and their body movements, which suggest they are reacting to a recent hit. The ball would typically be in the air at this point, making the center of the court the most probable location.",C5
41.png,17,"The ball is likely located in the center of the court, just above the net, as it appears that a player has just hit or spiked the ball. This is indicated by the positioning of the players and their body movements, which suggest they are reacting to a recent hit. The ball would typically be in the air at this point, making the center of the court the most probable location.",C5
41.png,18,"The ball is likely located in the center of the court, near the net, as it is the area where the players are most actively engaged in the game. The player in the center (cell C5) appears to be jumping, which suggests that the ball is either about to be hit or has just been hit by her. This makes it highly probable that the ball is in the vicinity of the net, specifically in the central area of the court.",C5
41.png,19,"The ball is likely located in the center of the court, near the net, as it is the area where the players are most actively engaged in the game. The player in the center (cell C5) appears to be jumping, which suggests she might have just hit or is about to hit the ball. Additionally, the players on both sides are positioned to react to the ball's movement, indicating that it is close to the net.",C5
41.png,20,"The ball is likely located in the center of the court, near the net, as it is the area where the players are most actively engaged in the game. The player in the center (cell C5) appears to be jumping, which suggests she might have just hit or is about to hit the ball. Additionally, the players on both sides of the net are positioned to react to the ball's movement, indicating that the ball is probably in the air between them.",C5
41.png,21,"The ball is likely located in the center of the court, near the net, as it is the area where the players are most actively engaged in the game. The player in the center (cell C5) appears to be jumping, which suggests they might have just hit or are about to hit the ball. Additionally, the players on both sides of the net are positioned to react to the ball's movement, indicating that it is close to the net.",C5
41.png,22,"The ball is likely located in the center of the court, near the net, as it is the area where the players are most actively engaged in the game. The player in the center (cell C5) appears to be jumping, which suggests they might have just hit or are about to hit the ball. Additionally, the players on both sides of the net are positioned to react to the ball's movement, indicating that it is close to the net.",C5
41.png,23,"The ball is likely located in the center of the court, just above the net, as it appears that a player has just hit or spiked the ball. This is indicated by the positioning of the players and their body movements, which suggest they are reacting to a recent hit. The ball would typically be in the air at this point, making the center of the court the most probable location.",C5
41.png,24,"The ball is likely located in the center of the court, near the net, as it is the area where the players are most actively engaged in the game. The player in the center (cell C5) appears to be jumping, which suggests she might have just hit or is about to hit the ball. Additionally, the players on both sides of the net are positioned to react to the ball's movement, indicating that the ball is close to the net.",C5
41.png,25,"The ball is likely located in the center of the court, near the net, as it is the area where the players are most actively engaged in the game. The player in the center (cell C5) appears to be jumping, which suggests that the ball is either about to be hit or has just been hit by her. This makes it highly probable that the ball is in the vicinity of the net, specifically in the central area of the court.",C5
41.png,26,"The ball is likely located in the center of the court, near the net, as it is the area where the players are most actively engaged in the game. The player in the center (cell C5) appears to be jumping, which suggests that the ball is either about to be hit or has just been hit by her. This makes cell C5 the most probable location for the ball.",C5
41.png,27,"The ball is likely located in the center of the court, just above the net, as it appears that a player has just hit or spiked the ball. This is indicated by the positioning of the players and their body movements, which suggest they are reacting to a recent hit. The ball would typically be in the air at this point, making the center of the court the most probable location.",C5
41.png,28,"The ball is likely located in the center of the court, near the net, as it is the area where the players are most actively engaged in the game. The player in the center (cell C5) appears to be jumping, which suggests that the ball is either about to be hit or has just been hit by her. This makes it highly probable that the ball is in the vicinity of the net, specifically in the central area of the court.",C5
41.png,29,"The ball is likely located in the center of the court, just above the net, as it appears that a player has just hit or spiked the ball. This is indicated by the positioning of the players and their body movements, which suggest they are reacting to a recent hit. The ball would typically be in the air at this point, making the center of the court the most probable location.",C5
41.png,30,"The ball is likely located in the center of the court, just above the net, as it appears that a player has just hit or spiked the ball. This is indicated by the positioning of the players and their body movements, which suggest they are reacting to a recent hit. The ball would typically be in the air at this point, making the center of the court the most probable location.",C5
41.png,31,"The ball is likely located in the center of the court, just above the net, as it appears that a player has just hit or spiked the ball. This is indicated by the positioning of the players and their body movements, which suggest they are reacting to a recent hit. The ball would typically be in the air at this point, making the center of the court the most probable location.",C5
41.png,32,"The ball is likely located in the center of the court, just above the net, as it appears that a player has just hit or spiked the ball. This is indicated by the positioning of the players and their body movements, which suggest they are reacting to a recent hit. The ball would typically be in the air at this point, making the center of the court the most probable location.",C5
41.png,33,"The ball is likely located in the center of the court, near the net, as it is the area where the players are most actively engaged in the game. The player in the center (cell C5) appears to be jumping, which suggests she might have just hit or is about to hit the ball. Additionally, the players on both sides are positioned to react to the ball's movement, indicating that it is close to the net.",C5
41.png,34,"The ball is likely located in the center of the court, just above the net, as it appears that a player has just hit or spiked the ball. This is indicated by the positioning of the players and their body movements, which suggest they are reacting to a recent hit. The ball would typically be in the air at this point, making the center of the court the most probable location.",C5
41.png,35,"The ball is likely located in the center of the court, just above the net, as it appears that a player has just hit or spiked the ball. This is indicated by the positioning of the players and their body movements, which suggest they are reacting to a recent hit. The ball would typically be in the air at this point, making the center of the court the most probable location.",C5
41.png,36,"The ball is likely located in the center of the court, just above the net, as it appears that a player has just hit or spiked the ball. This is indicated by the positioning of the players and their body movements, which suggest they are reacting to a recent hit. The ball would typically be in the air at this point, making the center of the court the most probable location.",C5
41.png,37,"The ball is likely located in the center of the court, just above the net, as it appears that a player has just hit or spiked the ball. This is indicated by the positioning of the players and their body movements, which suggest they are reacting to a recent hit. The ball would typically be in the air at this point, making the center of the court the most probable location.",C5
41.png,38,"The ball is likely located in the center of the court, just above the net, as it appears that a player has just hit or spiked the ball. This is indicated by the positioning of the players and their body movements, which suggest they are reacting to a recent hit. The ball would typically be in the air at this point, making the center of the court the most probable location.",C5
41.png,39,"The ball is likely located in the center of the court, near the net, as it is the area where the players are most actively engaged in the game. The player in the center (cell C5) appears to be jumping, which suggests she might have just hit or is about to hit the ball. Additionally, the players on both sides are positioned to react to the ball's movement, indicating that it is close to the net.",C5
41.png,40,"The ball is likely located in the center of the court, just above the net, as it appears that a player has just hit or spiked the ball. This is indicated by the positioning of the players and their body movements, which suggest they are reacting to a recent hit. The ball would typically be in the air at this point, making the center of the court the most probable location.",C5
41.png,41,"The ball is likely located in the center of the court, just above the net, as it appears that a player has just hit or spiked the ball. This is indicated by the positioning of the players and their body movements, which suggest they are reacting to a recent hit. The ball would typically be in the air at this point, making the center of the court the most probable location.",C5
41.png,42,"The ball is likely located in the center of the court, near the net, as it is the area where the players are most actively engaged in the game. The player in the center (cell C5) appears to be jumping, which suggests she might have just hit or is about to hit the ball. Additionally, the players on both sides are positioned to react to the ball's movement, indicating that it is close to the net.",C5
41.png,43,"The ball is likely located in the center of the court, just above the net, as it appears that a player has just hit or spiked the ball. This is indicated by the positioning of the players and their body movements, which suggest they are reacting to a recent hit. The ball would typically be in the air at this point, making the center of the court the most probable location.",C5
41.png,44,"The ball is likely located in the center of the court, just above the net, as it appears that a player has just hit or spiked the ball. This is indicated by the positioning of the players and their body movements, which suggest they are reacting to a recent hit. The ball would typically be in the air at this point, making the center of the court the most probable location.",C5
41.png,45,"The ball is likely located in the center of the court, just above the net, as it appears that a player has just hit or spiked the ball. This is indicated by the positioning of the players and their body movements, which suggest they are reacting to a recent hit. The ball would typically be in the air at this point, making the center of the court the most probable location.",C5
41.png,46,"The ball is likely located in the center of the court, just above the net, as it appears that a player has just hit or spiked the ball. This is indicated by the positioning of the players and their body movements, which suggest they are reacting to a recent hit. The ball would typically be in the air at this point, making the center of the court the most probable location.",C5
41.png,47,"The ball is likely located in the center of the court, near the net, as it is the area where the players are most actively engaged in the game. The player in the center (cell C5) appears to be jumping, which suggests she might have just hit or is about to hit the ball. Additionally, the players on both sides are positioned to react to the ball's movement, indicating that it is close to the net.",C5
41.png,48,"The ball is likely located in the center of the court, just above the net, as it appears that a player has just hit or spiked the ball. This is indicated by the positioning of the players and their body movements, which suggest they are reacting to a recent hit. The ball would typically be in the air at this point, making the center of the court the most probable location.",C5
41.png,49,"The ball is likely located in the center of the court, just above the net, as it appears that a player has just hit or spiked the ball. This is indicated by the positioning of the players and their body movements, which suggest they are reacting to a recent hit. The ball would typically be in the air at this point, making the center of the court the most probable location.",C5
41.png,50,"The ball is likely located in the center of the court, near the net, as it is the area where the players are most actively engaged in the game. The player in the center (cell C5) appears to be jumping, which suggests they might have just hit or are about to hit the ball. Additionally, the players on both sides of the net are positioned to react to the ball's movement, indicating that it is close to the net.",C5
40.png,1,"The ball is likely located in the center of the court, as it is the area where players are actively jumping and reaching for the ball during a volleyball game. The players' body language suggests they are trying to control or return the ball, which typically occurs in the middle of the court.",C5
40.png,2,"The ball is likely located in the center of the court, as it is the area where players are actively jumping and reaching for the ball during a volleyball game. The players' body language suggests they are trying to control or return the ball, which typically occurs in the middle of the court.",C5
40.png,3,"The ball is likely located in the center of the court, as it is the area where players are actively jumping and reaching for the ball during a volleyball game. The players' body language suggests they are trying to control or return the ball, which typically occurs in the middle of the court.",C5
40.png,4,"The ball is likely located in the center of the court, as it is the area where players are actively jumping and reaching for the ball during a volleyball game. The players' body language suggests they are trying to control or return the ball, which typically occurs in the middle of the court.",C5
40.png,5,"The ball is likely located in the center of the court, as it is the area where players are actively jumping and reaching for the ball during a volleyball game. The players' body language suggests they are trying to control or return the ball, which typically occurs in the middle of the court.",C5
40.png,6,"The ball is likely located in the center of the court, as it is the area where players are actively jumping and reaching for the ball during a volleyball game. The players' body language suggests they are trying to control or return the ball, which typically occurs in the middle of the court.",C5
40.png,7,"The ball is likely located in the center of the court, as it is the area where players are actively jumping and reaching for the ball during a volleyball game. The players' body language suggests they are trying to control or return the ball, which typically occurs in the middle of the court.",C5
40.png,8,"The ball is likely located in the center of the court, as it is the area where players are actively jumping and reaching for the ball during a volleyball game. The players' body language suggests they are trying to control or return the ball, which typically occurs in the middle of the court.",C5
40.png,9,"The ball is likely located in the center of the court, as it is the area where players are actively jumping and reaching for the ball during a volleyball game. The players' body language suggests they are trying to control or return the ball, which typically occurs in the middle of the court.",C5
40.png,10,"The ball is likely located in the center of the court, as it is the area where players are actively jumping and reaching for the ball during a volleyball game. The players' body language suggests they are trying to control or return the ball, which typically occurs in the middle of the court.",C5
40.png,11,"The ball is likely located in the center of the court, as it is the area where players are actively jumping and reaching for the ball during a volleyball game. The players' body language suggests they are trying to control or return the ball, which typically occurs in the middle of the court.",C5
40.png,12,"The ball is likely located in the center of the court, as it is the area where players are actively jumping and reaching for the ball during a volleyball game. The players' body language suggests they are trying to control or return the ball, which typically occurs in the middle of the court.",C5
40.png,13,"The ball is likely located in the center of the court, as it is the area where players are actively jumping and reaching for the ball during a volleyball game. The players' body language suggests they are trying to control or return the ball, which typically occurs in the middle of the court.",C5
40.png,14,"The ball is likely located in the center of the court, as it is the area where players are actively jumping and reaching for the ball during a volleyball game. The players' body language suggests they are trying to control or return the ball, which typically occurs in the middle of the court.",C5
40.png,15,"The ball is likely located in the center of the court, as it is the area where players are actively jumping and reaching for the ball during a volleyball game. The players' body language suggests they are trying to control or return the ball, which typically occurs in the middle of the court.",C5
40.png,16,"The ball is likely located in the center of the court, as it is the area where players are actively jumping and reaching for the ball during a volleyball game. The players' body language suggests they are trying to control or return the ball, which typically occurs in the middle of the court.",C5
40.png,17,"The ball is likely located in the center of the court, as it is the area where players are actively jumping and reaching for the ball during a volleyball game. The players' body language suggests they are trying to control or return the ball, which typically occurs in the middle of the court.",C5
40.png,18,"The ball is likely located in the center of the court, as it is the area where players are actively jumping and reaching for the ball during a volleyball game. The players' body language suggests they are trying to control or return the ball, which typically occurs in the middle of the court.",C5
40.png,19,"The ball is likely located in the center of the court, as it is the area where players are actively jumping and reaching for the ball during a volleyball game. The players' body language suggests they are trying to control or return the ball, which typically occurs in the middle of the court.",C5
40.png,20,"The ball is likely located in the center of the court, as it is the area where players are actively jumping and reaching for the ball during a volleyball game. The players' body language suggests they are trying to control or return the ball, which typically occurs in the middle of the court.",C5
40.png,21,"The ball is likely located in the center of the court, as it is the area where players are actively jumping and reaching for the ball during a volleyball game. The players' body language suggests they are trying to control or return the ball, which typically occurs in the middle of the court.",C5
40.png,22,"The ball is likely located in the center of the court, as it is the area where players are actively jumping and reaching for the ball during a volleyball game. The players' body language suggests they are trying to control or return the ball, which typically occurs in the middle of the court.",C5
40.png,23,"The ball is likely located in the center of the court, as it is the area where players are actively jumping and reaching for the ball during a volleyball game. The players' body language suggests they are trying to control or return the ball, which typically occurs in the middle of the court.",C5
40.png,24,"The ball is likely located in the center of the court, as it is the area where players are actively jumping and reaching for the ball during a volleyball game. The players' body language suggests they are trying to control or return the ball, which typically occurs in the middle of the court.",C5
40.png,25,"The ball is likely located in the center of the court, as it is the area where players are actively jumping and reaching for the ball during a volleyball game. The players' body language suggests they are trying to control or return the ball, which typically occurs in the middle of the court.",C5
40.png,26,"The ball is likely located in the center of the court, as it is the area where players are actively jumping and reaching for the ball during a volleyball game. The players' body language suggests they are trying to control or return the ball, which typically occurs in the middle of the court.",C5
40.png,27,"The ball is likely located in the center of the court, as it is the area where players are actively jumping and reaching for the ball during a volleyball game. The players' body language suggests they are trying to control or return the ball, which typically occurs in the middle of the court.",C5
40.png,28,"The ball is likely located in the center of the court, as it is the area where players are actively jumping and reaching for the ball during a volleyball game. The players' body language suggests they are trying to control or return the ball, which typically occurs in the middle of the court.",C5
40.png,29,"The ball is likely located in the center of the court, as it is the area where players are actively jumping and reaching for the ball during a volleyball game. The players' body language suggests they are trying to control or return the ball, which typically occurs in the middle of the court.",C5
40.png,30,"The ball is likely located in the center of the court, as it is the area where players are actively jumping and reaching for the ball during a volleyball game. The players' body language suggests they are trying to control or return the ball, which typically occurs in the middle of the court.",C5
40.png,31,"The ball is likely located in the center of the court, as it is the area where players are actively jumping and reaching for the ball during a volleyball game. The players' body language suggests they are trying to control or return the ball, which typically occurs in the middle of the court.",C5
40.png,32,"The ball is likely located in the center of the court, as it is the area where players are actively jumping and reaching for the ball during a volleyball game. The players' body language suggests they are trying to control or return the ball, which typically occurs in the middle of the court.",C5
40.png,33,"The ball is likely located in the center of the court, as it is the area where players are actively jumping and reaching for the ball during a volleyball game. The players' body language suggests they are trying to control or return the ball, which typically occurs in the middle of the court.",C5
40.png,34,"The ball is likely located in the center of the court, as it is the area where players are actively jumping and reaching for the ball during a volleyball game. The players' body language suggests they are trying to control or return the ball, which typically occurs in the middle of the court.",C5
40.png,35,"The ball is likely located in the center of the court, as it is the area where players are actively jumping and reaching for the ball during a volleyball game. The players' body language suggests they are trying to control or return the ball, which typically occurs in the middle of the court.",C5
40.png,36,"The ball is likely located in the center of the court, as it is the area where players are actively jumping and reaching for the ball during a volleyball game. The players' body language suggests they are trying to control or return the ball, which typically occurs in the middle of the court.",C5
40.png,37,"The ball is likely located in the center of the court, as it is the area where players are actively jumping and reaching for the ball during a volleyball game. The players' body language suggests they are trying to control or return the ball, which typically occurs in the middle of the court.",C5
40.png,38,"The ball is likely located in the center of the court, as it is the area where players are actively jumping and reaching for the ball during a volleyball game. The players' body language suggests they are trying to control or return the ball, which typically occurs in the middle of the court.",C5
40.png,39,"The ball is likely located in the center of the court, as it is the area where players are actively jumping and reaching for the ball during a volleyball game. The players' body language suggests they are trying to control or return the ball, which typically occurs in the middle of the court.",C5
40.png,40,"The ball is likely located in the center of the court, as it is the area where players are actively jumping and reaching for the ball during a volleyball game. The players' body language suggests they are trying to control or return the ball, which typically occurs in the middle of the court.",C5
40.png,41,"The ball is likely located in the center of the court, as it is the area where players are actively jumping and reaching for the ball during a volleyball game. The players' body language suggests they are trying to control or return the ball, which typically occurs in the middle of the court.",C5
40.png,42,"The ball is likely located in the center of the court, as it is the area where players are actively jumping and reaching for the ball during a volleyball game. The players' body language suggests they are trying to control or return the ball, which typically occurs in the middle of the court.",C5
40.png,43,"The ball is likely located in the center of the court, as it is the area where players are actively jumping and reaching for the ball during a volleyball game. The players' body language suggests they are trying to control or return the ball, which typically occurs in the middle of the court.",C5
40.png,44,"The ball is likely located in the center of the court, as it is the area where players are actively jumping and reaching for the ball during a volleyball game. The players' body language suggests they are trying to control or return the ball, which typically occurs in the middle of the court.",C5
40.png,45,"The ball is likely located in the center of the court, as it is the area where players are actively jumping and reaching for the ball during a volleyball game. The players' body language suggests they are trying to control or return the ball, which typically occurs in the middle of the court.",C5
40.png,46,"The ball is likely located in the center of the court, as it is the area where players are actively jumping and reaching for the ball during a volleyball game. The players' body language suggests they are trying to control or return the ball, which typically occurs in the middle of the court.",C5
40.png,47,"The ball is likely located in the center of the court, as it is the area where players are actively jumping and reaching for the ball during a volleyball game. The players' body language suggests they are trying to control or return the ball, which typically occurs in the middle of the court.",C5
40.png,48,"The ball is likely located in the center of the court, as it is the area where players are actively jumping and reaching for the ball during a volleyball game. The players' body language suggests they are trying to control or return the ball, which typically occurs in the middle of the court.",C5
40.png,49,"The ball is likely located in the center of the court, as it is the area where players are actively jumping and reaching for the ball during a volleyball game. The players' body language suggests they are trying to control or return the ball, which typically occurs in the middle of the court.",C5
40.png,50,"The ball is likely located in the center of the court, as it is the area where players are actively jumping and reaching for the ball during a volleyball game. The players' body language suggests they are trying to control or return the ball, which typically occurs in the middle of the court.",C5
31.png,1,"The ball is likely located in the center of the court, near the net, as this is the area where players typically hit the ball during a serve or attack. Given the positions of the players, it appears that the ball was recently served or passed by one of the players on the left side of the court, which would place it in the central area of the court.",C5
31.png,2,"The ball is likely located in the center of the court, near the players who are actively moving and preparing to receive or attack it. Given the positions of the players and their body language, it appears that the ball was recently hit by one of the players in the middle of the court, possibly around the area where player number 7 is standing. This suggests that the ball is most likely in the central cells of the grid.",C5
31.png,3,"The ball is likely located in the center of the court, near the players who are actively moving and preparing to receive or attack it. Given the positions of the players and their body language, it appears that the ball was recently passed or set by one of the players in the middle of the court, possibly around the area where player number 7 is standing.",E5
31.png,4,"The ball is likely located in the center of the court, near the net, as this is the area where players typically hit the ball during a serve or attack. Given the positions of the players, it appears that the ball was recently served or passed by one of the players on the left side of the court, which would place it in the central area of the court.",C5
31.png,5,"The ball is likely located in the center of the court, near the net, as this is where the players are actively engaged in the game and where the ball would typically be after being served or passed by a player. Given the positions of the players, it appears that the ball was recently hit by one of the players in the middle of the court, possibly by player number 7 who is jumping up to hit the ball.",C5
31.png,6,"The ball is likely located in the center of the court, near the players who are actively moving and preparing to receive or attack it. Given the positions of the players and their body language, it appears that the ball was recently passed or set by one of the players in the middle of the court, possibly around the area where player number 7 is positioned.",E5
31.png,7,"The ball is likely located in the center of the court, near the net, as this is the area where players typically hit the ball during a serve or attack. Given the positions of the players, it appears that the ball was recently served or passed by one of the players on the left side of the court, which would place it in the central area of the court.",C5
31.png,8,"The ball is likely located in the center of the court, near the net, as this is where the players are actively engaged in the game and where the ball would typically be after being served or passed by a player. Given the positions of the players, it appears that the ball was recently hit by one of the players in the middle of the court, possibly by player number 7 who is jumping up to hit the ball.",C5
31.png,9,"The ball is likely located in the center of the court, near the players who are actively moving and preparing to receive or attack it. Given the positions of the players and their body language, it appears that the ball was recently passed or set by one of the players in the middle of the court. Therefore, the ball is most likely in the central area of the court.",C5
31.png,10,"The ball is likely located in the center of the court, near the net, as this is the area where players typically hit the ball during a serve or attack. Given the positions of the players, it appears that the ball was recently served or passed by one of the players on the left side of the court, which would place it in the central area of the court.",C5
31.png,11,"The ball is likely located in the center of the court, near the players who are actively moving and preparing to receive or attack it. Given the positions of the players and their body language, it appears that the ball was recently hit by one of the players in the middle of the court, possibly around the area where player number 7 is standing.",E5
31.png,12,"The ball is likely located in the center of the court, near the players who are actively moving and jumping. This suggests that it was recently hit by one of these players or is about to be hit by them. Given the positions of the players, the ball is most likely in the area where player number 7 is jumping, which is in the C5 cell.",C5
31.png,13,"The ball is likely located in the center of the court, near the players who are actively moving and jumping. This area suggests that the ball was recently hit or passed by one of these players. Given the positions of the players and their movements, it's reasonable to infer that the ball is in the air, possibly near the player in white jersey number 12, who appears to be in a defensive stance.",E5
31.png,14,"The ball is likely located in the center of the court, near the players who are actively moving and preparing to receive or attack it. Given the positions of the players and their body language, it appears that the ball was recently hit by one of the players in the middle of the court, possibly around the area where player number 7 is standing.",E5
31.png,15,"The ball is likely located in the center of the court, near the net, as this is where the players are actively engaged in the game and where the ball would typically be after being served or passed by a player. Given the positions of the players, it appears that the ball was recently hit by one of the players in the middle of the court, possibly by player number 7 who is jumping up to hit the ball.",C5
31.png,16,"The ball is likely located in the center of the court, near the net, as this is the area where players typically hit the ball during a serve or attack. Given the positions of the players, it appears that the ball was recently served or passed by one of the players on the left side of the court, which would place it in the central area of the court.",C5
31.png,17,"The ball is likely located in the center of the court, near the net, as this is the area where players typically hit the ball during a serve or attack. Given the positions of the players, it appears that the ball was recently served or passed by one of the players on the left side of the court, which would place it in the central area of the court.",C5
31.png,18,"The ball is likely located in the center of the court, near the players who are actively moving and jumping. This area suggests that the ball was recently hit or passed by one of these players. Given the positions of the players, it seems the ball is closest to the player in white jersey number 12, who appears to be in the process of hitting the ball.",E5
31.png,19,"The ball is likely located in the center of the court, near the net, as this is where the players are actively engaged in the game and where the ball would typically be after being served or passed by a player. Given the positions of the players, it appears that the ball was recently hit by one of the players in the middle of the court, possibly by player number 7 who is jumping up to hit the ball.",C5
31.png,20,"The ball is likely located in the center of the court, near the players who are actively moving and preparing to receive or attack it. Given the positions of the players and their body language, it appears that the ball was recently hit by one of the players in the middle of the court, possibly around the area where player number 7 is standing.",E5
31.png,21,"The ball is likely located in the center of the court, near the players who are actively moving and preparing to receive or attack it. Given the positions of the players and their body language, it appears that the ball was recently hit by one of the players in the middle of the court, possibly around the area where player number 7 is standing.",E5
31.png,22,"The ball is likely located in the center of the court, near the players who are actively moving and preparing to receive or attack it. Given the positions of the players and their body language, it appears that the ball was recently passed or set by one of the players in the middle of the court, possibly around the area where player number 7 is standing.",E5
31.png,23,"The ball is likely located in the center of the court, near the net, as this is the area where players typically hit the ball during a serve or attack. Given the positions of the players, it appears that the ball was recently served or passed by one of the players on the left side of the court, which would place it in the central area of the court.",C5
31.png,24,"The ball is likely located in the center of the court, near the net, as this is the area where players typically hit the ball during a serve or attack. Given the positions of the players, it appears that the ball was recently served or passed by one of the players on the left side of the court, which would place it in the central area of the court.",C5
31.png,25,"The ball is likely located in the center of the court, near the net, as this is where the players are actively engaged in the game and where the ball would typically be after being served or passed by a player. Given the positions of the players, it appears that the ball was recently hit by one of the players in the middle of the court, possibly by player number 7 who is jumping up to hit the ball.",C5
31.png,26,"The ball is likely located in the center of the court, near the net, as this is the area where players typically hit the ball during a serve or attack. Given the positions of the players, it appears that the ball was recently served or passed by one of the players on the left side of the court, which would place it in the central area of the court.",C5
31.png,27,"The ball is likely located in the center of the court, near the net, as this is the area where players typically hit the ball during a serve or attack. Given the positions of the players, it appears that the ball was recently served or passed by one of the players on the left side of the court, which would place it in the central area of the court.",C5
31.png,28,"The ball is likely located in the center of the court, near the players who are actively moving and preparing to receive or attack it. Given the positions of the players and their body language, it appears that the ball was recently passed or set by one of the players in the middle of the court, possibly around the area where player number 7 is standing.",C5
31.png,29,"The ball is likely located in the center of the court, near the players who are actively moving and jumping. This suggests that it was recently hit by one of these players or is about to be hit by them. Given the positions of the players, the ball is most likely in the area where player number 7 is jumping, which is in cell C5.",C5
31.png,30,"The ball is likely located in the center of the court, near the players who are actively moving and preparing to receive or attack it. Given the positions of the players and their body language, it appears that the ball was recently passed or set by one of the players in the middle of the court. Therefore, the ball is most likely in the central area of the court.",C5
31.png,31,"The ball is likely located in the center of the court, near the net, as this is the area where players typically hit the ball during a serve or attack. Given the positions of the players, it appears that the ball was recently served or passed by one of the players on the left side of the court, which would place it in the central area of the court.",C5
31.png,32,"The ball is likely located in the center of the court, near the players who are actively moving and jumping. This suggests that it was recently hit by one of these players or is about to be hit by them. Given the positions of the players, the ball is most likely in the area where player number 7 is jumping, which is in the C5 cell.",C5
31.png,33,"The ball is likely located in the center of the court, near the net, as this is where the players are actively engaged in the game and the ball would typically be after being served or passed. Given the positions of the players, it appears that the ball was recently hit by one of the players in the middle of the court, possibly player number 7.",C5
31.png,34,"The ball is likely located in the center of the court, near the net, as this is the area where players typically hit the ball during a serve or attack. Given the positions of the players, it appears that the ball was recently served or passed by one of the players on the left side of the court, which would place it in the central area of the court.",C5
31.png,35,"The ball is likely located in the center of the court, near the net, as this is where the players are actively engaged in the game and where the ball would typically be after being served or passed by a player. Given the positions of the players, it appears that the ball was recently hit by one of the players in the middle of the court, possibly by player number 7 who is jumping up to hit the ball.",C5
31.png,36,"The ball is likely located in the center of the court, near the players who are actively moving and jumping. This suggests that it was recently hit or passed by one of these players. Given the positions of the players and their movements, the ball is most likely in the area where player number 7 is jumping, which is in the C5 cell.",C5
31.png,37,"The ball is likely located in the center of the court, near the players who are actively moving and jumping. This suggests that it was recently hit by one of these players or is about to be hit by them. Given the positions of the players, the ball is most likely in the area where player number 7 is jumping, which is in the C5 cell.",C5
31.png,38,"The ball is likely located in the center of the court, near the players who are actively moving and preparing to receive or attack it. Given the positions of the players and their body language, it appears that the ball was recently passed or set by one of the players in the middle of the court, possibly around the area where player number 7 is positioned.",C5
31.png,39,"The ball is likely located in the center of the court, near the players who are actively moving and preparing to receive or attack it. Given the positions of the players and their body language, it appears that the ball was recently hit by one of the players in the middle of the court, possibly around the area where player number 7 is standing. This suggests that the ball is most likely in the central cells of the grid.",C5
31.png,40,"The ball is likely located in the center of the court, near the net, as this is the area where players typically hit the ball during a serve or attack. Given the positions of the players, it appears that the ball was recently served or passed by one of the players on the left side of the court, which would place it in the central area of the court.",C5
31.png,41,"The ball is likely located in the center of the court, near the net, as this is where the players are actively engaged in the game and the ball would typically be found during play. The players' body language suggests they are preparing to receive or pass the ball, which further supports this inference.",C5
31.png,42,"The ball is likely located in the center of the court, near the players who are actively moving and jumping. This area suggests that the ball was recently hit or passed by one of these players. Given the positions of the players and their movements, it's reasonable to infer that the ball is in the air, possibly near the player in white jersey number 12, who appears to be in a defensive stance.",E5
31.png,43,"The ball is likely located in the center of the court, near the net, as this is the area where players typically hit the ball during a serve or attack. Given the positions of the players, it appears that the ball was recently served or passed by one of the players on the left side of the court, which would place it in the central area of the court.",C5
31.png,44,"The ball is likely located in the center of the court, near the players who are actively moving and preparing to receive or attack it. Given the positions of the players and their body language, it appears that the ball was recently passed or set by one of the players in the middle of the court. Therefore, the ball is most likely in the central area of the court.",C5
31.png,45,"The ball is likely located in the center of the court, near the net, as this is where the players are actively engaged in the game and where the ball would typically be after being served or passed by a player. Given the positions of the players, it appears that the ball was recently hit by one of the players in the middle of the court, possibly by player number 7 who is jumping up to hit the ball.",C5
31.png,46,"The ball is likely located in the center of the court, near the players who are actively moving and preparing to receive or attack it. Given the positions of the players and their body language, it appears that the ball was recently passed or set by one of the players in the middle of the court, possibly around the area where player number 7 is positioned.",C5
31.png,47,"The ball is likely located in the center of the court, near the players who are actively moving and jumping. This area suggests that the ball was recently hit or passed by one of these players. Given the positions of the players and their movements, it's reasonable to infer that the ball is in the air, possibly near the player in white jersey number 12, who appears to be in a defensive stance.",E5
31.png,48,"The ball is likely located in the center of the court, near the players who are actively moving and jumping. This suggests that it was recently hit or passed by one of these players. Given the positions of the players, the ball is most likely in the area where player number 7 is jumping, which is in the C5 cell.",C5
31.png,49,"The ball is likely located in the center of the court, near the players who are actively moving and preparing to receive or attack it. Given the positions of the players and their body language, it appears that the ball was recently hit by one of the players in the middle of the court, possibly around the area where player number 7 is standing.",E5
31.png,50,"The ball is likely located in the center of the court, near the net, as this is the area where players typically hit the ball during a serve or attack. Given the positions of the players, it appears that the ball was recently served or passed by one of the players on the left side of the court, which would place it in the central area of the court.",C5
38.png,1,"The ball is likely located in the center of the court, as this is where the players are actively engaged in the game and where the ball would typically be found during play. Given the positions of the players, it appears that the ball might have just been hit or is about to be hit by one of the players on the right side of the net.",D5
38.png,2,"The ball is likely located in the center of the court, as this is where the players are actively engaged in the game and where the ball would typically be found during play. Given the positions of the players, it appears that the ball might have just been hit or is about to be hit by one of the players on the right side of the net.",D5
38.png,3,"The ball is likely located in the center of the court, as this is where the players are actively engaged in the game and where the ball would typically be found during play. Given the positions of the players, it appears that the ball might have just been hit or is about to be hit by one of the players on the right side of the net.",D5
38.png,4,"The ball is likely located in the center of the court, as this is where the players are actively engaged in the game, suggesting that the ball is either being served, passed, or set by one of the teams. Given the positions of the players, it appears that the ball could be near the player in red on the left side of the image (Cell D3).",D3
38.png,5,"The ball is likely located in the center of the court, as this is where the players are actively engaged in the game, suggesting that the ball is either being served, passed, or set by one of the teams. Given the positions of the players, it appears that the ball could be near the player in red who is jumping, indicating an action such as a spike or a set.",D5
38.png,6,"The ball is likely located in the center of the court, as this is where the players are actively engaged in the game and where the ball would typically be found during play. Given the positions of the players, it appears that the ball might have just been hit or is about to be hit by one of the players on the right side of the net.",D5
38.png,7,"The ball is likely located in the center of the court, as this is where the players are actively engaged in the game, suggesting that the ball is either being served, passed, or set by one of the teams. Given the positions of the players, it appears that the ball could be near the player in red on the left side of the image (Cell D3).",D3
38.png,8,"The ball is likely located in the center of the court, as this is where the players are actively engaged in the game and where the ball would typically be found during play. Given the positions of the players, it appears that the ball might have just been hit or is about to be hit by one of the players on the right side of the net.",D5
38.png,9,"The ball is likely located in the center of the court, as this is where the players are actively engaged in the game and where the ball would typically be found during play. Given the positions of the players, it appears that the ball might have just been hit or is about to be hit by one of the players on the right side of the net.",D5
38.png,10,"The ball is likely located in the center of the court, as this is where the players are actively engaged in the game, suggesting that the ball is either being served, passed, or set by one of the teams. Given the positions of the players, it appears that the ball could be near the player in red who is jumping, indicating an action such as a spike or a set.",D5
38.png,11,"The ball is likely located in the center of the court, as this is where the players are actively engaged in the game and where the ball would typically be found during play. Given the positions of the players, it appears that the ball might have just been hit or is about to be hit by one of the players on the right side of the net.",D5
38.png,12,"The ball is likely located in the center of the court, as this is where the players are actively engaged in the game and where the ball would typically be found during play. Given the positions of the players, it appears that the ball might have just been hit or is about to be hit by one of the players on the right side of the net.",D5
38.png,13,"The ball is likely located in the center of the court, as this is where the players are actively engaged in the game and where the ball would typically be found during play. Given the positions of the players, it appears that the ball might have just been hit or is about to be hit by one of the players on the right side of the net.",D5
38.png,14,"The ball is likely located in the center of the court, as this is where the players are actively engaged in the game, suggesting that the ball is either being served, passed, or set by one of the teams. Given the positions of the players, it appears that the ball could be near the player in red who is jumping, indicating an action such as a spike or a set.",D5
38.png,15,"The ball is likely located in the center of the court, as this is where the players are actively engaged in the game and where the ball would typically be found during play. Given the positions of the players, it appears that the ball might have just been hit or is about to be hit by one of the players on the right side of the net.",D5
38.png,16,"The ball is likely located in the center of the court, as this is where the players are actively engaged in the game, suggesting that the ball is either being served, passed, or set by one of the teams. Given the positions of the players, it appears that the ball could be near the player in red on the left side of the court (Cell D3).",D3
38.png,17,"The ball is likely located in the center of the court, as this is where the players are actively engaged in the game, suggesting that the ball is either being served, passed, or set by one of the teams. Given the positions of the players, it appears that the ball could be near the player in red who is jumping, indicating an action such as a spike or a set.",D5
38.png,18,"The ball is likely located in the center of the court, as this is where the players are actively engaged in the game, suggesting that the ball is either being served, passed, or set by one of the teams. Given the positions of the players, it appears that the ball could be near the player in red who is jumping, indicating an action such as a spike or a set.",D5
38.png,19,"The ball is likely located in the center of the court, as this is where the players are actively engaged in the game, suggesting that the ball is either being served, passed, or set by one of the teams. Given the positions of the players, it appears that the ball could be near the player in red on the left side of the image (Cell D3).",D3
38.png,20,"The ball is likely located in the center of the court, as this is where the players are actively engaged in the game and where the ball would typically be found during play. Given the positions of the players, it appears that the ball might have just been hit or is about to be hit by one of the players on the right side of the net.",D5
38.png,21,"The ball is likely located in the center of the court, as this is where the players are actively engaged in the game and where the ball would typically be found during play. Given the positions of the players, it appears that the ball might have just been hit or is about to be hit by one of the players on the right side of the net.",D5
38.png,22,"The ball is likely located in the center of the court, as this is where the players are actively engaged in the game and where the ball would typically be found during play. Given the positions of the players, it appears that the ball might have just been hit or is about to be hit by one of the players on the right side of the net.",D5
38.png,23,"The ball is likely located in the center of the court, as this is where the players are actively engaged in the game and where the ball would typically be found during play. Given the positions of the players, it appears that the ball might have just been hit or is about to be hit by one of the players on the right side of the net.",D5
38.png,24,"The ball is likely located in the center of the court, as this is where the players are actively engaged in the game and where the ball would typically be found during play. Given the positions of the players, it appears that the ball might have just been hit or is about to be hit by one of the players on the right side of the net.",D5
38.png,25,"The ball is likely located in the center of the court, as this is where the players are actively engaged in the game and where the ball would typically be found during play. Given the positions of the players, it appears that the ball might have just been hit or is about to be hit by one of the players on the right side of the net.",D5
38.png,26,"The ball is likely located in the center of the court, as this is where the players are actively engaged in the game, suggesting that the ball is either being served, passed, or set by one of the teams. Given the positions of the players, it appears that the ball could be near the player in red on the left side of the court (Cell D3).",D3
38.png,27,"The ball is likely located in the center of the court, as this is where the players are actively engaged in the game, suggesting that the ball is either being served, passed, or set by one of the teams. Given the positions of the players, it appears that the ball could be near the player in red on the left side of the court (Cell D3).",D3
38.png,28,"The ball is likely located in the center of the court, as this is where the players are actively engaged in the game and where the ball would typically be found during play. Given the positions of the players, it appears that the ball might have just been hit or is about to be hit by one of the players on the right side of the net.",D5
38.png,29,"The ball is likely located in the center of the court, as this is where the players are actively engaged in the game and where the ball would typically be found during play. Given the positions of the players, it appears that the ball might have just been hit or is about to be hit by one of the players on the right side of the net.",D5
38.png,30,"The ball is likely located in the center of the court, as this is where the players are actively engaged in the game, suggesting that the ball is either being served, passed, or set by one of the teams. Given the positions of the players, it appears that the ball could be near the player in red on the left side of the image (Cell D3).",D3
38.png,31,"The ball is likely located in the center of the court, as this is where the players are actively engaged in the game, suggesting that the ball is either being served, passed, or set by one of the teams. Given the positions of the players, it appears that the ball could be near the player in red who is jumping, indicating an action such as a spike or a set.",D5
38.png,32,"The ball is likely located in the center of the court, as this is where the players are actively engaged in the game and where the ball would typically be found during play. Given the positions of the players, it appears that the ball might have just been hit or is about to be hit by one of the players on the right side of the net.",D5
38.png,33,"The ball is likely located in the center of the court, as this is where the players are actively engaged in the game and where the ball would typically be found during play. Given the positions of the players, it appears that the ball might have just been hit or is about to be hit by one of the players on the right side of the net.",D5
38.png,34,"The ball is likely located in the center of the court, as this is where the players are actively engaged in the game and where the ball would typically be found during play. Given the positions of the players, it appears that the ball might have just been hit or is about to be hit by one of the players on the right side of the net.",D5
38.png,35,"The ball is likely located in the center of the court, as this is where the players are actively engaged in the game and where the ball would typically be found during play. Given the positions of the players, it appears that the ball might have just been hit or is about to be hit by one of the players on the right side of the net.",D5
38.png,36,"The ball is likely located in the center of the court, as this is where the players are actively engaged in the game and where the ball would typically be found during play. Given the positions of the players, it appears that the ball might have just been hit or is about to be hit by one of the players on the right side of the net.",D5
38.png,37,"The ball is likely located in the center of the court, as this is where the players are actively engaged in the game and where the ball would typically be found during play. Given the positions of the players, it appears that the ball might have just been hit or is about to be hit by one of the players on the right side of the net.",D5
38.png,38,"The ball is likely located in the center of the court, as this is where the players are actively engaged in the game, suggesting that the ball is either being served, passed, or set by one of the teams. Given the positions of the players, it appears that the ball could be near the player in red on the left side of the image (Cell D3).",D3
38.png,39,"The ball is likely located in the center of the court, as this is where the players are actively engaged in the game and where the ball would typically be found during play. Given the positions of the players, it appears that the ball might have just been hit or is about to be hit by one of the players on the right side of the net.",D5
38.png,40,"The ball is likely located in the center of the court, as this is where the players are actively engaged in the game, suggesting that the ball is either being served, passed, or set by one of the teams. Given the positions of the players, it appears that the ball could be near the player in red who is jumping, indicating an action such as a spike or a set.",D5
38.png,41,"The ball is likely located in the center of the court, as this is where the players are actively engaged in the game and where the ball would typically be found during play. Given the positions of the players, it appears that the ball might have just been hit or is about to be hit by one of the players on the right side of the net.",D5
38.png,42,"The ball is likely located in the center of the court, as this is where the players are actively engaged in the game, suggesting that the ball is either being served, passed, or set by one of the teams. Given the positions of the players, it appears that the ball could be near the player in red on the left side of the image (Cell D3).",D3
38.png,43,"The ball is likely located in the center of the court, as this is where the players are actively engaged in the game, suggesting that the ball is either being served, passed, or set by one of the teams. Given the positions of the players, it appears that the ball could be near the player in red who is jumping, indicating an action such as a spike or a set.",D5
38.png,44,"The ball is likely located in the center of the court, as this is where the players are actively engaged in the game, suggesting that the ball is either being served, passed, or set by one of the teams. Given the positions of the players, it appears that the ball could be near the player in red on the left side of the court (Cell D3).",D3
38.png,45,"The ball is likely located in the center of the court, as this is where the players are actively engaged in the game, suggesting that the ball is either being served, passed, or set by one of the teams. Given the positions of the players, it appears that the ball could be near the player in red on the left side of the image (Cell D3).",D3
38.png,46,"The ball is likely located in the center of the court, as this is where the players are actively engaged in the game and where the ball would typically be found during play. Given the positions of the players, it appears that the ball might have just been hit or is about to be hit by one of the players on the right side of the net.",D5
38.png,47,"The ball is likely located in the center of the court, as this is where the players are actively engaged in the game, suggesting that the ball is either being served, passed, or set by one of the teams. Given the positions of the players, it appears that the ball could be near the player in red on the left side of the court (Cell D3).",D3
38.png,48,"The ball is likely located in the center of the court, as this is where the players are actively engaged in the game and where the ball would typically be found during play. Given the positions of the players, it appears that the ball might have just been hit or is about to be hit by one of the players on the right side of the net.",D5
38.png,49,"The ball is likely located in the center of the court, as this is where the players are actively engaged in the game, suggesting that the ball is either being served, passed, or set by one of the teams. Given the positions of the players, it appears that the ball could be near the player in red on the left side of the court (Cell D3).",D3
38.png,50,"The ball is likely located in the center of the court, as this is where the players are actively engaged in the game and where the ball would typically be found during play. Given the positions of the players, it appears that the ball might have just been hit or is about to be hit by one of the players on the right side of the net.",D5
42.png,1,"The ball is likely located in the center of the court, near the net, as this is the typical area where players aim to pass or set the ball for an attack. Given the positions of the players, it seems that the ball was recently passed or set by one of the players in the red jerseys, who are positioned around the center of the court. Therefore, the ball is most likely in the central cells of the court.",C6
42.png,2,"The ball is likely located in the center of the court, near the net, as this is the typical area where players aim to pass or spike the ball during a volleyball game. The players' positions suggest they are preparing for a serve or a set, which would involve the ball being in the middle of the court.",D5
42.png,3,"The ball is likely located in the center of the court, near the net, as this is the typical area where players aim to pass or spike the ball during a volleyball game. The players' positions suggest they are preparing for a serve or a set, which would involve the ball being in the middle of the court.",D5
42.png,4,"The ball is likely located in the center of the court, near the net, as this is the typical area where players aim to pass or set the ball for an attack. Given the positions of the players, it appears that the ball was recently passed or set by one of the players in red, who is now preparing to receive it. This suggests the ball is in the air, close to the net, and possibly in the D5 or E5 cells.",D5
42.png,5,"The ball is likely located in the center of the court, near the net, as this is the typical area where players aim to pass or set the ball for an attack. Given the positions of the players, it appears that the ball was recently passed or set by one of the players in red, who is now preparing to receive it. This suggests the ball is in the air, close to the net, and possibly in the D5 or E5 cells.",D5
42.png,6,"The ball is likely located in the center of the court, near the net, as this is the typical area where players aim to pass or set the ball for an attack. Given the positions of the players, it seems that the ball was recently passed or set by one of the players in the red jerseys, who are positioned around the center of the court. Therefore, the ball is most likely in the central cells of the court.",C6
42.png,7,"The ball is likely located in the center of the court, near the net, as this is the typical area where players aim to pass or spike the ball during a volleyball game. The players' body language suggests they are preparing for a play that involves the ball being passed or set up for a spike.",C5
42.png,8,"The ball is likely located in the center of the court, near the net, as this is the typical area where players aim to pass or set the ball for an attack. Given the positions of the players, it appears that the ball was recently passed or set by one of the players in red, who is now preparing to receive it. This suggests the ball is in the air, close to the net, and possibly in the D5 or E5 cells.",D5
42.png,9,"The ball is likely located in the center of the court, near the net, as this is the typical area where players aim to pass or spike the ball during a volleyball game. The players' positions suggest they are preparing for a serve or a set, which would involve the ball being in the middle of the court.",C5
42.png,10,"The ball is likely located in the center of the court, near the net, as this is the typical area where players aim to pass or spike the ball during a volleyball game. The players' positions suggest they are preparing for a serve or a set, which would involve the ball being in the middle of the court.",D5
42.png,11,"The ball is likely located in the center of the court, near the net, as this is the typical area where players aim to pass or set the ball for an attack. Given the positions of the players, it appears that the ball was recently passed or set by one of the players in red, who is now preparing to receive it. This suggests the ball is in the air, close to the net, and possibly near the center of the court.",D5
42.png,12,"The ball is likely located in the center of the court, near the net, as this is the typical area where players aim to pass or set the ball for an attack. Given the positions of the players, it seems that the ball was recently passed or set by one of the players in the red jerseys, who are positioned closer to the net. Therefore, the ball is most likely in the central area of the court, which corresponds to the grid cell F5.",F5
42.png,13,"The ball is likely located in the center of the court, near the net, as this is the typical area where players aim to pass or spike the ball during a volleyball game. The players' positions suggest they are preparing for a serve or a set, which would involve the ball being in the middle of the court.",C5
42.png,14,"The ball is likely located in the center of the court, near the net, as this is the typical area where players aim to pass or set the ball for an attack. Given the positions of the players, it appears that the ball was recently passed or set by one of the players in red, who is now preparing to receive it. This suggests the ball is in the air, close to the net, and possibly in the D5 or E5 cells.",D5
42.png,15,"The ball is likely located in the center of the court, near the net, as this is the typical area where players aim to pass or spike the ball during a volleyball game. The players' body language suggests they are preparing for a play that involves the ball being passed or set up for a spike.",C5
42.png,16,"The ball is likely located in the center of the court, near the net, as this is the typical area where players aim to pass or set the ball for an attack. Given the positions of the players, it appears that the ball was recently passed or set by one of the players in red, who is now preparing to receive it. This suggests the ball is in the air, close to the net, and possibly in the D5 or E5 cells.",D5
42.png,17,"The ball is likely located in the center of the court, near the net, as this is the typical area where players aim to pass or set the ball for an attack. Given the positions of the players, it appears that the ball was recently passed or set by one of the players in red, who is now preparing to receive it. This suggests the ball is in the air, close to the net, and possibly near the center of the court.",D5
42.png,18,"The ball is likely located in the center of the court, near the net, as this is the typical area where players aim to pass or spike the ball during a volleyball game. The players' body language suggests they are preparing for a play that involves the ball being passed or set up for a spike.",D5
42.png,19,"The ball is likely located in the center of the court, near the net, as this is the typical area where players aim to pass or set the ball for an attack. Given the positions of the players, it appears that the ball was recently passed or set by one of the players in red, who is now preparing to receive it. This suggests the ball is in the air, close to the net, and possibly in the D5 or E5 cells.",D5
42.png,20,"The ball is likely located in the center of the court, near the net, as this is the typical area where players aim to pass or set the ball for an attack. Given the positions of the players, it appears that the ball was recently passed or set by one of the players in red, who is now preparing to receive it. This suggests the ball is in the air, close to the net, and possibly in the D5 or E5 cells.",D5
42.png,21,"The ball is likely located in the center of the court, near the net, as this is the typical area where players aim to pass or set the ball for an attack. Given the positions of the players, it seems that the ball was recently passed or set by one of the players in the red jerseys, who are positioned around the center of the court. Therefore, the ball is most likely in the central cells of the court.",C6
42.png,22,"The ball is likely located in the center of the court, near the net, as this is the typical area where players aim to pass or set the ball for an attack. Given the positions of the players, it seems that the ball was recently passed or set by one of the players in the red jerseys, who are positioned closer to the net. Therefore, the ball is most likely in the central area of the court, which corresponds to the grid cell F5.",F5
42.png,23,"The ball is likely located in the center of the court, near the net, as this is the typical area where players aim to pass or spike the ball during a volleyball game. The players' positions suggest they are preparing for a serve or a set, which would involve the ball being in the middle of the court.",D5
42.png,24,"The ball is likely located in the center of the court, near the net, as this is the typical area where players aim to pass or spike the ball during a volleyball game. The players' positions suggest they are preparing for a serve or a set, which would involve the ball being in the middle of the court.",C5
42.png,25,"The ball is likely located in the center of the court, near the net, as this is the typical area where players aim to pass or set the ball for an attack. Given the positions of the players, it seems that the ball was recently passed or set by one of the players in the red jerseys, who are positioned closer to the net. Therefore, the ball is most likely in the central area of the court, which corresponds to the grid cell F5.",F5
42.png,26,"The ball is likely located in the center of the court, near the net, as this is the typical area where players aim to pass or set the ball for an attack. Given the positions of the players, it seems that the ball was recently passed or set by one of the players in the red jerseys, who are positioned closer to the net. Therefore, the ball is most likely in the central area of the court, which corresponds to the grid cell F5.",F5
42.png,27,"The ball is likely located in the center of the court, near the net, as this is the typical area where players aim to pass or spike the ball during a volleyball game. The players' positions suggest they are preparing for a serve or a set, which would involve the ball being in the middle of the court.",C5
42.png,28,"The ball is likely located in the center of the court, near the net, as this is the typical area where players aim to pass or spike the ball during a volleyball game. The players' body language suggests they are preparing for a play that involves the ball being passed or set up for a spike.",C5
42.png,29,"The ball is likely located in the center of the court, near the net, as this is the typical area where players aim to pass or spike the ball during a volleyball game. The players' positions suggest they are preparing for a serve or a set, which would involve the ball being in the middle of the court.",D5
42.png,30,"The ball is likely located in the center of the court, near the net, as this is the typical area where players aim to pass or set the ball for an attack. Given the positions of the players, it seems that the ball was recently passed or set by one of the players in the red jerseys, who are positioned closer to the net. Therefore, the ball is most likely in the central area of the court, which corresponds to the grid cell F5.",F5
42.png,31,"The ball is likely located in the center of the court, near the net, as this is the typical area where players aim to pass or set the ball for an attack. Given the positions of the players, it seems that the ball was recently passed or set by one of the players in the red jerseys, who are positioned around the center of the court. Therefore, the ball is most likely in the central cells of the court.",C6
42.png,32,"The ball is likely located in the center of the court, near the net, as this is the typical area where players aim to pass or spike the ball during a volleyball game. The players' positions suggest they are preparing for a serve or a set, which would involve the ball being in the middle of the court.",D5
42.png,33,"The ball is likely located in the center of the court, near the net, as this is the typical area where players aim to pass or set the ball for an attack. Given the positions of the players, it appears that the ball was recently passed or set by one of the players in red, who is now preparing to receive it. This suggests the ball is in the air, close to the net, and possibly in the D5 or E5 cells.",D5
42.png,34,"The ball is likely located in the center of the court, near the net, as this is the typical area where players aim to pass or set the ball for an attack. Given the positions of the players, it appears that the ball was recently passed or set by one of the players in red, who is now preparing to receive it. This suggests the ball is in the air, close to the net, and possibly in the D5 or E5 cells.",D5
42.png,35,"The ball is likely located in the center of the court, near the net, as this is the typical area where players aim to pass or spike the ball during a volleyball game. The players' body language suggests they are preparing for a play that involves the ball being passed or set up for a spike.",D5
42.png,36,"The ball is likely located in the center of the court, near the net, as this is the typical area where players aim to pass or set the ball for an attack. Given the positions of the players, it appears that the ball was recently passed or set by one of the players in red, who is now preparing to receive it. This suggests the ball is in the air, close to the net, and possibly near the center of the court.",D5
42.png,37,"The ball is likely located in the center of the court, near the net, as this is the typical area where players aim to pass or spike the ball during a volleyball game. The players' body language suggests they are preparing for a play that involves the ball being passed or set up for a spike.",C5
42.png,38,"The ball is likely located in the center of the court, near the net, as this is the typical area where players aim to pass or set the ball for an attack. Given the positions of the players, it seems that the ball was recently passed or set by one of the players in the red jerseys, who are positioned around the center of the court.",C6
42.png,39,"The ball is likely located in the center of the court, near the net, as this is the typical area where players aim to pass or set the ball for an attack. Given the positions of the players, it seems that the ball was recently passed or set by one of the players in the red jerseys, who are positioned closer to the net. Therefore, the ball is most likely in the central area of the court, which corresponds to the grid cell F5.",F5
42.png,40,"The ball is likely located in the center of the court, near the net, as this is the typical area where players aim to pass or set the ball for an attack. Given the positions of the players, it seems that the ball was recently passed or set by one of the players in the red jerseys, who are positioned closer to the net. Therefore, the ball is most likely in the central area of the court.",C6
42.png,41,"The ball is likely located in the center of the court, near the net, as this is the typical area where players aim to pass or set the ball for an attack. Given the positions of the players, it appears that the ball was recently passed or set by one of the players in red, who is now preparing to receive it. This suggests the ball is in the air, close to the net, and possibly near the center of the court.",D5
42.png,42,"The ball is likely located in the center of the court, near the net, as this is the typical area where players aim to pass or spike the ball during a volleyball game. The players' body language suggests they are preparing for a play that involves the ball being passed or set up for a spike.",D5
42.png,43,"The ball is likely located in the center of the court, near the net, as this is the typical area where players aim to pass or set the ball for an attack. Given the positions of the players, it seems that the ball was recently passed or set by one of the players in the red jerseys, who are positioned closer to the net. Therefore, the ball is most likely in the central area of the court, which corresponds to the grid cell F5.",F5
42.png,44,"The ball is likely located in the center of the court, near the net, as this is the typical area where players aim to pass or set the ball for an attack. Given the positions of the players, it appears that the ball was recently passed or set by one of the players in red, who is now preparing to receive it. This suggests the ball is in the air, close to the net, and possibly in the D5 or E5 cells.",D5
42.png,45,"The ball is likely located in the center of the court, near the net, as this is the typical area where players aim to pass or set the ball for an attack. Given the positions of the players, it appears that the ball was recently passed or set by one of the players in red, who is now preparing to receive it. This suggests the ball is in the air, close to the net, and possibly in the D5 or E5 cells.",D5
42.png,46,"The ball is likely located in the center of the court, near the net, as this is the typical area where players aim to pass or set the ball for an attack. Given the positions of the players, it appears that the ball was recently passed or set by one of the players in red, who is now preparing to receive it. This suggests the ball is in the air, close to the net, and possibly in the D5 or E5 cells.",D5
42.png,47,"The ball is likely located in the center of the court, near the net, as this is the typical area where players aim to pass or set the ball for an attack. Given the positions of the players, it seems that the ball was recently passed or set by one of the players in the red jerseys, who are positioned closer to the net. Therefore, the ball is most likely in the central area of the court.",C6
42.png,48,"The ball is likely located in the center of the court, near the net, as this is the typical area where players aim to pass or spike the ball during a volleyball game. The players' positions suggest they are preparing for a serve or a set, which would involve the ball being in the middle of the court.",D5
42.png,49,"The ball is likely located in the center of the court, near the net, as this is the typical area where players aim to pass or spike the ball during a volleyball game. The players' body language suggests they are preparing for a play that involves the ball being passed or set up for a spike.",C5
42.png,50,"The ball is likely located in the center of the court, near the net, as this is the typical area where players aim to pass or set the ball for an attack. Given the positions of the players, it appears that the ball was recently passed or set by one of the players in red, who is now preparing to receive it. This suggests the ball is in the air, close to the net, and possibly in the D5 or E5 cells.",D5
16.png,1,"The ball is likely located in the center of the court, just above the net, as it would be in the air after being spiked by one of the players. Given the positions of the players and the direction of the spike, the ball is most likely in the area where the player on the right side of the net (cell D8) is jumping towards.",D8
16.png,2,"The ball is likely located in the center of the court, just above the net, as it would be in the air after being spiked by one of the players. Given the positions of the players and the direction of the spike, the ball is most likely in the area where the player on the right side of the image (in white) is jumping towards the net.",F5
16.png,3,"The ball is likely located in the center of the court, just above the net, as it would be in the air after being spiked by one of the players. Given the positions of the players and the direction of the spike, the ball is most likely in the area where the player on the right side of the image (in white) is jumping towards. This area corresponds to the center of the court, which is the F4 cell.",F4
16.png,4,"The ball is likely located in the center of the court, just above the net, as it would be in the air after being spiked by one of the players. Given the positions of the players and the direction of the spike, the ball is most likely in the area where the player on the right side of the image (in white) is jumping towards. This area corresponds to the center of the court, which is the F4 cell.",F4
16.png,5,"The ball is likely located in the center of the court, just above the net, as it would be in the air after being spiked by one of the players. Given the positions of the players and the direction of the spike, the ball is most likely in the area where the player on the right side of the image (in white) is jumping towards the net.",F5
16.png,6,"The ball is likely located in the center of the court, just above the net, as it would be in the air after being spiked by one of the players. Given the positions of the players and the direction of the spike, the ball is most likely in the area where the player on the right side of the net (cell D8) is jumping towards.",D8
16.png,7,"The ball is likely located in the center of the court, just above the net, as it would be in the air after being spiked by one of the players. Given the positions of the players and the direction of the spike, the ball is most likely in the area where the player on the right side of the net (cell D8) is jumping towards.",D8
16.png,8,"The ball is likely located in the center of the court, just above the net, as it would be in the air after being spiked by one of the players. Given the positions of the players and the direction of the spike, the ball is most likely in the area where the player on the right side of the net (cell B8) is jumping towards.",B8
16.png,9,"The ball is likely located in the center of the court, just above the net, as it would be in the air after being spiked by one of the players. Given the positions of the players and the direction of the spike, the ball is most likely in the area where the player on the right side of the net (cell D8) is jumping towards.",D8
16.png,10,"The ball is likely located in the center of the court, just above the net, as it would be in the air after being spiked by one of the players. Given the positions of the players and the direction of the spike, the ball is most likely in the area where the player on the right side of the image (in white) is jumping towards. This area corresponds to the center of the court, which is the F4 cell.",F4
16.png,11,"The ball is likely located in the center of the court, just above the net, as it would be in the air after being spiked by one of the players. Given the positions of the players and the direction of the spike, the ball is most likely in the area where the player on the right side of the image (in white) is jumping towards the net.",F5
16.png,12,"The ball is likely located in the center of the court, just above the net, as it would be in the air after being spiked by one of the players. Given the positions of the players and the direction of the spike, the ball is most likely in the area where the player on the right side of the image (in white) is jumping towards. This area corresponds to the center of the court, which is the F4 cell.",F4
16.png,13,"The ball is likely located in the center of the court, just above the net, as it would be in the air after being spiked by one of the players. Given the positions of the players and the direction of the spike, the ball is most likely in the area where the player on the right side of the image (in white) is jumping towards. This area corresponds to the center of the court, which is the F4 cell.",F4
16.png,14,"The ball is likely located in the center of the court, just above the net, as it would be in the air after being spiked by one of the players. Given the positions of the players and the direction of the spike, the ball is most likely in the area where the player on the right side of the net (cell B8) is jumping towards.",B8
16.png,15,"The ball is likely located in the center of the court, just above the net, as it would be in the air after being spiked by one of the players. Given the positions of the players and the direction of the spike, the ball is most likely in the area where the player on the right side of the image (in white) is jumping towards the net.",F5
16.png,16,"The ball is likely located in the center of the court, just above the net, as it would be in the air after being spiked by one of the players. Given the positions of the players and the direction of the spike, the ball is most likely in the area where the player on the right side of the image (in white) is jumping towards. This area corresponds to the center of the court, which is the F4 cell.",F4
16.png,17,"The ball is likely located in the center of the court, just above the net, as it would be in the air after being spiked by one of the players. Given the positions of the players and the direction of the spike, the ball is most likely in the area where the player on the right side of the image (in white) is jumping towards. This area corresponds to the center of the court, which is the F4 cell.",F4
16.png,18,"The ball is likely located in the center of the court, just above the net, as it would be in the air after being spiked by one of the players. Given the positions of the players and the direction of the spike, the ball is most likely in the area where the player on the right side of the net (cell B8) is jumping towards. This suggests that the ball is in the air, moving towards the opposing team's side of the court.",B8
16.png,19,"The ball is likely located in the center of the court, just above the net, as it would be in the air after being spiked by one of the players. Given the positions of the players and the direction of the spike, the ball is most likely in the area where the player on the right side of the image (in white) is jumping towards the net.",F5
16.png,20,"The ball is likely located in the center of the court, just above the net, as it would be in the air after being spiked by one of the players. Given the positions of the players and the direction of the spike, the ball is most likely in the area where the player on the right side of the image (in white) is jumping towards. This area corresponds to the center of the court, which is the F4 cell.",F4
16.png,21,"The ball is likely located in the center of the court, just above the net, as it would be in the air after being spiked by one of the players. Given the positions of the players and the direction of the spike, the ball is most likely in the area where the player on the right side of the image (in white) is jumping towards the net.",F5
16.png,22,"The ball is likely located in the center of the court, just above the net, as it would be in the air after being spiked by one of the players. Given the positions of the players and the direction of the spike, the ball is most likely in the area where the player on the right side of the net (cell B8) is jumping towards. This suggests that the ball is in the air, moving towards the opposing team's side of the court.",B8
16.png,23,"The ball is likely located in the center of the court, just above the net, as it would be in the air after being spiked by one of the players. Given the positions of the players and the direction of the spike, the ball is most likely in the area where the player on the right side of the image (in white) is jumping towards the net.",F5
16.png,24,"The ball is likely located in the center of the court, just above the net, as it would be in the air after being spiked by one of the players. Given the positions of the players and the direction of the spike, the ball is most likely in the area where the player on the right side of the image (in white) is jumping towards. This area corresponds to the center of the court, which is the F4 cell.",F4
16.png,25,"The ball is likely located in the center of the court, just above the net, as it would be in the air after being spiked by one of the players. Given the positions of the players and the direction of the spike, the ball is most likely in the area where the player on the right side of the net (cell B8) is jumping towards.",B8
16.png,26,"The ball is likely located in the center of the court, just above the net, as it would be in the air after being spiked by one of the players. Given the positions of the players and the direction of the spike, the ball is most likely in the area where the player on the right side of the image (in white) is jumping towards the net.",F5
16.png,27,"The ball is likely located in the center of the court, just above the net, as it would be in the air after being spiked by one of the players. Given the positions of the players and the direction of the spike, the ball is most likely in the area where the player on the right side of the image (in white) is jumping towards. This area corresponds to the center of the court, which is the F4 cell.",F4
16.png,28,"The ball is likely located in the center of the court, just above the net, as it would be in the air after being spiked by one of the players. Given the positions of the players and the direction of the spike, the ball is most likely in the area where the player on the right side of the image (in white) is jumping towards the net.",F5
16.png,29,"The ball is likely located in the center of the court, just above the net, as it would be in the air after being spiked by one of the players. Given the positions of the players and the direction of the spike, the ball is most likely in the area where the player on the right side of the image (in white) is jumping towards the net.",F5
16.png,30,"The ball is likely located in the center of the court, just above the net, as it would be in the air after being spiked by one of the players. Given the positions of the players and the direction of the spike, the ball is most likely in the area where the player on the right side of the net (cell B8) is jumping towards.",B8
16.png,31,"The ball is likely located in the center of the court, just above the net, as it would be in the air after being spiked by one of the players. Given the positions of the players and the direction of the spike, the ball is most likely in the area where the player on the right side of the image (in white) is jumping towards the net.",F5
16.png,32,"The ball is likely located in the center of the court, just above the net, as it would be in the air after being spiked by one of the players. Given the positions of the players and the direction of the spike, the ball is most likely in the area where the player on the right side of the image (in white) is jumping towards. This area corresponds to the center of the court, which is the F4 cell.",F4
16.png,33,"The ball is likely located in the center of the court, just above the net, as it would be in the air after being spiked by one of the players. Given the positions of the players and the direction of the spike, the ball is most likely in the area where the player on the right side of the net (cell B8) is jumping towards. This suggests that the ball is in the air, moving towards the opposing team's side of the court.",B8
16.png,34,"The ball is likely located in the center of the court, just above the net, as it would be in the air after being spiked by one of the players. Given the positions of the players and the direction of the spike, the ball is most likely in the area where the player on the right side of the image (in white) is jumping towards. This area corresponds to the center of the court, which is the F4 cell.",F4
16.png,35,"The ball is likely located in the center of the court, just above the net, as it would be in the air after being spiked by one of the players. Given the positions of the players and the direction of the spike, the ball is most likely in the area where the player on the right side of the net (cell B8) is jumping towards.",B8
16.png,36,"The ball is likely located in the center of the court, just above the net, as it would be in the air after being spiked by one of the players. Given the positions of the players and the direction of the spike, the ball is most likely in the area where the player on the right side of the image (in white) is jumping towards. This area corresponds to the center of the court, which is the F4 cell.",F4
16.png,37,"The ball is likely located in the center of the court, just above the net, as it would be in the air after being spiked by one of the players. Given the positions of the players and the direction of the spike, the ball is most likely in the area where the player on the right side of the image (in white) is jumping towards. This area corresponds to the center of the court, which is the F4 cell.",F4
16.png,38,"The ball is likely located in the center of the court, just above the net, as it would be in the air after being spiked by one of the players. Given the positions of the players and the direction of the spike, the ball is most likely in the area where the player on the right side of the image (in white) is jumping towards. This area corresponds to the center of the court, which is the F4 cell.",F4
16.png,39,"The ball is likely located in the center of the court, just above the net, as it would be in the air after being spiked by one of the players. Given the positions of the players and the direction of the spike, the ball is most likely in the area where the player on the right side of the net (cell D8) is jumping towards. This suggests that the ball is in the air, moving towards the opposing team's side of the court.",D8
16.png,40,"The ball is likely located in the center of the court, just above the net, as it would be in the air after being spiked by one of the players. Given the positions of the players and the direction of the spike, the ball is most likely in the area where the player on the right side of the image (in white) is jumping towards. This area corresponds to the center of the court, which is the F4 cell.",F4
16.png,41,"The ball is likely located in the center of the court, just above the net, as it would be in the air after being spiked by one of the players. Given the positions of the players and the direction of the spike, the ball is most likely in the area where the player on the right side of the net (cell D8) is jumping towards.",D8
16.png,42,"The ball is likely located in the center of the court, just above the net, as it would be in the air after being spiked by one of the players. Given the positions of the players and the direction of the spike, the ball is most likely in the area where the player on the right side of the image (in white) is jumping towards the net.",F5
16.png,43,"The ball is likely located in the center of the court, just above the net, as it would be in the air after being spiked by one of the players. Given the positions of the players and the direction of the spike, the ball is most likely in the area where the player on the right side of the net (cell B8) is jumping towards.",B8
16.png,44,"The ball is likely located in the center of the court, just above the net, as it would be in the air after being spiked by one of the players. Given the positions of the players and the direction of the spike, the ball is most likely in the area where the player on the right side of the image (in white) is jumping towards. This area corresponds to the center of the court, which is the F4 cell.",F4
16.png,45,"The ball is likely located in the center of the court, just above the net, as it would be in the air after being spiked by one of the players. Given the positions of the players and the direction of the spike, the ball is most likely in the area where the player on the right side of the image (in white) is jumping towards. This area corresponds to the center of the court, which is the F4 cell.",F4
16.png,46,"The ball is likely located in the center of the court, just above the net, as it would be in the air after being spiked by one of the players. Given the positions of the players and the direction of the spike, the ball is most likely in the area where the player on the right side of the image (in white) is jumping towards the net.",F5
16.png,47,"The ball is likely located in the center of the court, just above the net, as it would be in the air after being spiked by one of the players. Given the positions of the players and the direction of the spike, the ball is most likely in the area where the player on the right side of the image (in white) is jumping towards. This area corresponds to the center of the court, which is the F4 cell.",F4
16.png,48,"The ball is likely located in the center of the court, just above the net, as it would be in the air after being spiked by one of the players. Given the positions of the players and the direction of the spike, the ball is most likely in the area where the player on the right side of the image (in white) is jumping towards. This area corresponds to the center of the court, which is the F4 cell.",F4
16.png,49,"The ball is likely located in the center of the court, just above the net, as it would be in the air after being spiked by one of the players. Given the positions of the players and the direction of the spike, the ball is most likely in the area where the player on the right side of the image (in white) is jumping towards. This area corresponds to the center of the court, which is the F4 cell.",F4
16.png,50,"The ball is likely located in the center of the court, just above the net, as it would be in the air after being spiked by one of the players. Given the positions of the players and the direction of the spike, the ball is most likely in the area where the player on the right side of the net (cell D8) is jumping towards. This suggests that the ball is in the air, moving towards the opposing team's side of the court.",D8
52_wball.png,1,"The ball is likely located in the center of the image, just above the player in red who appears to be jumping. This is because the player's arm is extended upwards, suggesting they have just hit or are about to hit the ball. The ball is not visible in any other part of the image, indicating it is in mid-air between the players.",F4
52_wball.png,2,"The ball is likely located in the center of the image, as it was originally in the air between two players. Given the grid layout, the ball would be most likely in the central column (C or D) and the middle row (D or E), which corresponds to the grid cell C5 or D5.",C5
52_wball.png,3,"The ball is likely located in the center of the image, as it was originally in the air between two players. Given the grid layout, the ball would be most likely in the central column (C or D) and the middle row (D or E). Since the ball is typically in motion and not stationary, we can infer that it is still in the air and hasn't landed yet. Therefore, the most probable location is in the central column and slightly above the middle row.",D5
52_wball.png,4,"The ball is likely located in the center of the image, just above the player in red who appears to be jumping. This is because the player's arm is extended upwards, suggesting they have just hit or are about to hit the ball. The ball is not visible in any other part of the image, indicating it is in mid-air between the players.",F4
52_wball.png,5,"The ball is likely located in the center of the image, as it was originally in the air between two players. Given the grid layout, the ball would be most likely in the central column (C or D) and the middle row (D or E). Since the ball is typically in motion and not stationary, we can infer that it is still in the air and hasn't landed yet. Therefore, the most probable location is in the central column and slightly above the middle row.",D5
52_wball.png,6,"The ball is likely located in the center of the image, as it was originally in the air between two players. Given the grid layout, the ball would be most likely in the central column (C or D) and the middle row (D or E), which corresponds to the grid cell C5 or D5.",C5
52_wball.png,7,"The ball is likely located in the center of the image, as it was originally in the air between two players. Given the grid layout, the ball would be most likely in the central column (C or D) and the middle row (D or E), which corresponds to the grid cell C5 or D5.",C5
52_wball.png,8,"The ball is likely located in the center of the image, just above the player in red who appears to be jumping. This is because the player's arm is extended upwards, suggesting they have just hit or are about to hit the ball. The ball is not visible in any other part of the image, indicating it is in mid-air between the players.",F4
52_wball.png,9,"The ball is likely located in the center of the image, just above the player in red who appears to be jumping. This is because the player's arm is extended upwards, suggesting they have just hit or are about to hit the ball. The ball is not visible in any other part of the image, indicating it is in mid-air between the players.",F4
52_wball.png,10,"The ball is likely located in the center of the image, as it was originally in the air between two players. Given the grid layout, the ball would be most likely in the central column (C or D) and the middle row (D or E). Since the ball is typically in motion and not stationary, we can infer that it is still in the air and hasn't landed yet. Therefore, the most probable location is in the central column and slightly above the middle row.",D5
52_wball.png,11,"The ball is likely located in the center of the image, as it was originally in the air between two players. Given the grid layout, the ball would be most likely in the central column (C or D) and the middle row (D or E). Since the ball is typically in motion and not stationary, we can infer that it is still in the air and hasn't landed yet. Therefore, the most probable location is in the central column and slightly above the middle row.",D5
52_wball.png,12,"The ball is likely located in the center of the image, just above the player in red who appears to be jumping. This is because the player's arm is extended upwards, suggesting they have just hit or are about to hit the ball. The ball is not visible in any other part of the image, indicating it is in mid-air between the players.",F4
52_wball.png,13,"The ball is likely located in the center of the image, as it was originally in the air between two players. Given the grid layout, the ball would be most likely in the central column (C or D) and the middle row (D or E). Since the ball is typically in motion and not stationary, we can infer that it is still in the air and hasn't landed yet. Therefore, the most probable location is in the central column and slightly above the middle row.",D5
52_wball.png,14,"The ball is likely located in the center of the image, just above the player in red who appears to be jumping. This is because the player's arm is extended upwards, suggesting they have just hit or are about to hit the ball. The ball is not visible in any other part of the image, indicating it is in mid-air between the players.",F4
52_wball.png,15,"The ball is likely located in the center of the image, as it was originally in the air between two players. Given the grid layout, the ball would be most likely in the central column (C or D) and the middle row (D or E). Since the ball is typically in motion and not stationary, we can infer that it is still in the air and hasn't landed yet. Therefore, the most probable location is in the central column and slightly above the middle row.",D5
52_wball.png,16,"The ball is likely located in the center of the image, just above the player in red who appears to be jumping. This is because the player's arm is extended upwards, suggesting they have just hit or are about to hit the ball. The ball is not visible in any other part of the image, indicating it is in mid-air between the players.",F4
52_wball.png,17,"The ball is likely located in the center of the image, just above the player in red who appears to be jumping. This is because the player's arm is extended upwards, suggesting they have just hit or are about to hit the ball. The ball is not visible in any other part of the image, indicating it is in mid-air between the players.",F4
52_wball.png,18,"The ball is likely located in the center of the image, just above the player in red who appears to be jumping. This is because the player's arm is extended upwards, suggesting they have just hit or are about to hit the ball. The ball is not visible in any other part of the image, indicating it is in mid-air between the players.",F4
52_wball.png,19,"The ball is likely located in the center of the image, as it was originally in the air between two players. Given the grid layout, the ball would be most likely in the central column (C or D) and the middle row (D or E), which corresponds to the grid cell C5 or D5.",C5
52_wball.png,20,"The ball is likely located in the center of the image, as it was originally in the air between two players. Given the grid layout, the ball would be most likely in the central column (C or D) and the middle row (D or E), which corresponds to the grid cell C5 or D5.",C5
52_wball.png,21,"The ball is likely located in the center of the image, just above the player in red who appears to be jumping. This is because the player's arm is extended upwards, suggesting they have just hit or are about to hit the ball. The ball is not visible in any other part of the image, indicating it is in mid-air between the players.",F4
52_wball.png,22,"The ball is likely located in the center of the image, just above the player in red who appears to be jumping. This is because the player's arm is extended upwards, suggesting they have just hit or are about to hit the ball. The ball is not visible in any other part of the image, indicating it is in mid-air between the players.",F4
52_wball.png,23,"The ball is likely located in the center of the image, just above the player in red who appears to be jumping. This is because the player's arm is extended upwards, suggesting they have just hit or are about to hit the ball. The ball is not visible in any other part of the image, indicating it is in mid-air between the players.",F4
52_wball.png,24,"The ball is likely located in the center of the image, as it was originally in the air between two players. Given the grid layout, the ball would be most likely in the central column (C or D) and the middle row (D or E). Since the ball is typically in motion and not stationary, we can infer that it is still in the air and hasn't landed yet. Therefore, the most probable location is in the central column and slightly above the middle row.",D5
52_wball.png,25,"The ball is likely located in the center of the image, just above the player in red who appears to be jumping. This is because the player's arm is extended upwards, suggesting they have just hit or are about to hit the ball. The ball is not visible in any other part of the image, indicating it is in mid-air between the players.",F4
52_wball.png,26,"The ball is likely located in the center of the image, just above the player in red who appears to be jumping. This is because the player's arm is extended upwards, suggesting they have just hit or are about to hit the ball. The ball is not visible in any other part of the image, indicating it is in mid-air between the players.",F4
52_wball.png,27,"The ball is likely located in the center of the image, as it was originally in the air between two players. Given the grid layout, the ball would be most likely in the central column (C or D) and the middle row (D or E). Since the ball is typically in motion and not stationary, we can infer that it is still in the air and hasn't landed yet. Therefore, the most probable location is in the central column and slightly above the middle row.",D5
52_wball.png,28,"The ball is likely located in the center of the image, as it was originally in the air between two players. Given the grid layout, the ball would be most likely in the central column (C or D) and the middle row (D or E), which corresponds to the grid cell C5 or D5.",C5
52_wball.png,29,"The ball is likely located in the center of the image, just above the player in red who appears to be jumping. This is because the player's arm is extended upwards, suggesting they have just hit or are about to hit the ball. The ball is not visible in any other part of the image, indicating it is in mid-air between the players.",F4
52_wball.png,30,"The ball is likely located in the center of the image, as it was originally in the air between two players. Given the grid layout, the ball would be most likely in the central column (C or D) and the middle row (D or E). Since the ball is typically in motion and not stationary, we can infer that it is still in the air and hasn't landed yet. Therefore, the most probable location is in the central column and slightly above the middle row.",D5
52_wball.png,31,"The ball is likely located in the center of the image, as it was originally in the air between two players. Given the grid layout, the ball would be most likely in the central column (C or D) and the middle row (D or E). Since the ball is typically in motion and not stationary, we can infer that it is still in the air and hasn't landed yet. Therefore, the most probable location is in the central column and slightly above the middle row.",D5
52_wball.png,32,"The ball is likely located in the center of the image, just above the player in red who appears to be jumping. This is because the player's arm is extended upwards, suggesting they have just hit or are about to hit the ball. The ball is not visible in any other part of the image, indicating it is in mid-air between the players.",F4
52_wball.png,33,"The ball is likely located in the center of the image, just above the player in red who appears to be jumping. This is because the player's arm is extended upwards, suggesting they have just hit or are about to hit the ball. The ball is not visible in any other part of the image, indicating it is in mid-air between the players.",F4
52_wball.png,34,"The ball is likely located in the center of the image, as it was originally in the air between two players. Given the grid layout, the ball would be most likely in the central column (C or D) and the middle row (D or E). Since the ball is typically in motion and not stationary, we can infer that it is still in the air and hasn't landed yet. Therefore, the most probable location is in the central column and slightly above the middle row.",D5
52_wball.png,35,"The ball is likely located in the center of the image, as it was originally in the air between two players. Given the grid layout, the ball would be most likely in the central column (C or D) and the middle row (D or E). Since the ball is typically in motion and not stationary, we can infer that it is still in the air and hasn't landed yet. Therefore, the most probable location is in the central column and slightly above the middle row.",D5
52_wball.png,36,"The ball is likely located in the center of the image, just above the player in red who appears to be jumping. This is because the player's arm is extended upwards, suggesting they have just hit or are about to hit the ball. The ball is not visible in any other part of the image, indicating it is in mid-air between the players.",F4
52_wball.png,37,"The ball is likely located in the center of the image, just above the player in red who appears to be jumping. This is because the player's arm is extended upwards, suggesting they have just hit or are about to hit the ball. The ball is not visible in any other part of the image, indicating it is in mid-air between the players.",F4
52_wball.png,38,"The ball is likely located in the center of the image, just above the player in red who appears to be jumping. This is because the player's arm is extended upwards, suggesting they have just hit or are about to hit the ball. The ball is not visible in any other part of the image, indicating it is in mid-air between the players.",F4
52_wball.png,39,"The ball is likely located in the center of the image, just above the player in red who appears to be jumping. This is because the player's arm is extended upwards, suggesting they have just hit or are about to hit the ball. The ball is not visible in any other part of the image, indicating it is in mid-air between the players.",F4
52_wball.png,40,"The ball is likely located in the center of the image, as it was originally in the air between two players. Given the grid layout, the ball would be most likely in the central column (C or D) and the middle row (D or E). Since the ball is typically in motion and not stationary, we can infer that it is still in the air and hasn't landed yet. Therefore, the most probable location is in the central column and slightly above the middle row.",D5
52_wball.png,41,"The ball is likely located in the center of the image, just above the player in red who appears to be jumping. This is because the player's arm is extended upwards, suggesting they have just hit or are about to hit the ball. The ball is not visible in any other part of the image, indicating it is in mid-air between the players.",F4
52_wball.png,42,"The ball is likely located in the center of the image, just above the player in red who appears to be jumping. This is because the player's arm is extended upwards, suggesting they have just hit or are about to hit the ball. The ball is not visible in any other part of the image, indicating it is in mid-air between the players.",F4
52_wball.png,43,"The ball is likely located in the center of the image, as it was originally in the air between two players. Given the grid layout, the ball would be most likely in the central column (C or D) and the middle row (D or E). Since the ball is typically in motion and not stationary, we can infer that it is still in the air and hasn't landed yet. Therefore, the most probable location is in the central column and slightly above the middle row.",D5
52_wball.png,44,"The ball is likely located in the center of the image, just above the player in red who appears to be jumping. This is because the player's arm is extended upwards, suggesting they have just hit or are about to hit the ball. The ball is not visible in any other part of the image, indicating it is in mid-air between the players.",F4
52_wball.png,45,"The ball is likely located in the center of the image, just above the player in red who appears to be jumping. This is because the player's arm is extended upwards, suggesting they have just hit or are about to hit the ball. The ball is not visible in any other part of the image, indicating it is in mid-air between the players.",F4
52_wball.png,46,"The ball is likely located in the center of the image, just above the player in red who appears to be jumping. This is because the player's arm is extended upwards, suggesting they have just hit or are about to hit the ball. The ball is not visible in any other part of the image, indicating it is in mid-air between the players.",F4
52_wball.png,47,"The ball is likely located in the center of the image, as it was originally in the air between two players. Given the grid layout, the ball would be most likely in the central column (C or D) and the middle row (D or E), which corresponds to the grid cell C5 or D5.",C5
52_wball.png,48,"The ball is likely located in the center of the image, as it was originally in the air between two players. Given the grid layout, the ball would be most likely in the central column (C or D) and the middle row (D or E). Since the ball is typically in motion and not stationary, we can infer that it is still in the air and hasn't landed yet. Therefore, the most probable location is in the central column and slightly above the middle row.",D5
52_wball.png,49,"The ball is likely located in the center of the image, just above the player in red who appears to be jumping. This is because the player's arm is extended upwards, suggesting they have just hit or are about to hit the ball. The ball is not visible in any other part of the image, indicating it is in mid-air between the players.",F4
52_wball.png,50,"The ball is likely located in the center of the image, just above the player in red who appears to be jumping. This is because the player's arm is extended upwards, suggesting they have just hit or are about to hit the ball. The ball is not visible in any other part of the image, indicating it is in mid-air between the players.",F4
26.png,1,"The ball is likely located in the center of the image, just above the player in the blue uniform who appears to be diving for it. This is because the player's body position suggests she is reaching up to catch or block the ball, which would typically be in the air at that moment.",C5
26.png,2,"The ball is likely located in the center of the image, just above the player in the blue uniform who appears to be diving for it. This is because the player's body position suggests she is reaching up to catch or block the ball, which would typically be in the air at that moment.",C5
26.png,3,"The ball is likely located in the center of the image, just above the player in the yellow jersey who appears to be jumping or diving. This is because the player's body position suggests they have just hit or are about to hit the ball, and the ball would typically be in the air at that moment.",C6
26.png,4,"The ball is likely located in the center of the image, just above the player in the yellow jersey who appears to be jumping or diving. This is because the player's body position suggests they have just hit or are about to hit the ball, and the ball would typically be in the air at that moment.",C5
26.png,5,"The ball is likely located in the center of the image, just above the player in the yellow jersey who appears to be jumping or diving. This is because the player's body position suggests they have just hit or are about to hit the ball, and the ball would typically be in the air at that moment.",C6
26.png,6,"The ball is likely located in the center of the image, just above the player in the yellow jersey who appears to be jumping or diving. This is because the player's body position suggests they have just hit or are about to hit the ball, and the ball would typically be in the air at that moment.",C5
26.png,7,"The ball is likely located in the center of the image, just above the player in the blue uniform who appears to be diving for it. This is because the player's body position suggests she is reaching up to catch or block the ball, which would typically be in the air at that moment.",C5
26.png,8,"The ball is likely located in the center of the image, just above the player in the blue uniform who appears to be diving for it. This is because the player's body position suggests she is reaching up to catch or block the ball, which would typically be in the air at that moment.",C5
26.png,9,"The ball is likely located in the center of the image, just above the player in the yellow jersey who appears to be jumping or diving. This is because the player's body position suggests they have just hit or are about to hit the ball, and the ball would typically be in the air at that moment.",C5
26.png,10,"The ball is likely located in the center of the image, just above the player in the yellow jersey who appears to be jumping or diving. This is because the player's body position suggests they have just hit or are about to hit the ball, and the ball would typically be in the air at that moment.",C5
26.png,11,"The ball is likely located in the center of the image, just above the player in the blue uniform who appears to be diving for it. This is because the player's body position suggests she is reaching up to catch or block the ball, which would typically be in the air at that moment.",C5
26.png,12,"The ball is likely located in the center of the image, just above the player in the yellow jersey who appears to be jumping or diving. This is because the player's body position suggests they have just hit or are about to hit the ball, and the ball would typically be in the air at that moment.",C6
26.png,13,"The ball is likely located in the center of the image, just above the player in the blue uniform who appears to be diving for it. This is because the player's body position suggests she is reaching up to catch or block the ball, which would typically be in the air at that moment.",C5
26.png,14,"The ball is likely located in the center of the image, just above the player in the yellow jersey who appears to be jumping or diving. This is because the player's body position suggests they have just hit or are about to hit the ball, and the ball would typically be in the air at that moment.",C6
26.png,15,"The ball is likely located in the center of the image, just above the player in the yellow jersey who appears to be jumping or diving. This is because the player's body position suggests they have just hit or are about to hit the ball, and the ball would typically be in the air at that moment.",C6
26.png,16,"The ball is likely located in the center of the image, just above the player in the blue uniform who appears to be diving for it. This is because the player's body position suggests she is reaching up to catch or block the ball, which would typically be in the air at that moment.",C5
26.png,17,"The ball is likely located in the center of the image, just above the player in the yellow jersey who appears to be jumping or diving. This is because the player's body position suggests they have just hit or are about to hit the ball, and the ball would typically be in the air at that moment.",C5
26.png,18,"The ball is likely located in the center of the image, just above the player in the yellow jersey who appears to be jumping or diving. This is because the player's body position suggests they have just hit or are about to hit the ball, and the ball would typically be in the air at that moment.",C6
26.png,19,"The ball is likely located in the center of the image, just above the player in the blue uniform who appears to be diving for it. This is because the player's body position suggests she is reaching up to catch or block the ball, which would typically be in the air at that moment.",C5
26.png,20,"The ball is likely located in the center of the image, just above the player in the blue uniform who appears to be diving for it. This is because the player's body position suggests she is reaching up to catch or block the ball, which would typically be in the air at that moment.",C5
26.png,21,"The ball is likely located in the center of the image, just above the player in the blue uniform who appears to be diving for it. This is because the player's body position suggests she is reaching up to catch or block the ball, which would typically be in the air at that moment.",C5
26.png,22,"The ball is likely located in the center of the image, just above the player in the blue uniform who appears to be diving for it. This is because the player's body position suggests she is reaching up to catch or block the ball, which would typically be in the air at that moment.",C5
26.png,23,"The ball is likely located in the center of the image, just above the player in the blue uniform who appears to be diving for it. This is because the player's body position suggests she is reaching up to catch or block the ball, which would typically be in the air at that moment.",C5
26.png,24,"The ball is likely located in the center of the image, just above the player in the yellow jersey who appears to be jumping or diving. This is because the player's body position suggests they have just hit or are about to hit the ball, and the ball would typically be in the air at that moment.",C6
26.png,25,"The ball is likely located in the center of the image, just above the player in the yellow jersey who appears to be jumping or diving. This is because the player's body position suggests they have just hit or are about to hit the ball, and the ball would typically be in the air at that moment.",C6
26.png,26,"The ball is likely located in the center of the image, just above the player in the yellow jersey who appears to be jumping or diving. This is because the player's body position suggests they have just hit or are about to hit the ball, and the ball would typically be in the air at that moment.",C6
26.png,27,"The ball is likely located in the center of the image, just above the player in the yellow jersey who appears to be jumping or diving. This is because the player's body position suggests they have just hit or are about to hit the ball, and the ball would typically be in the air at that moment.",C5
26.png,28,"The ball is likely located in the center of the image, just above the player in the yellow jersey who appears to be jumping or diving. This is because the player's body position suggests they have just hit or are about to hit the ball, and the ball would typically be in the air at that moment.",C6
26.png,29,"The ball is likely located in the center of the image, just above the player in the yellow jersey who appears to be jumping or diving. This is because the player's body position suggests they have just hit or are about to hit the ball, and the ball would typically be in the air at that moment.",C5
26.png,30,"The ball is likely located in the center of the image, just above the player in the blue uniform who appears to be diving for it. This is because the player's body position suggests she is reaching up to catch or block the ball, which would typically be in the air at that moment.",C5
26.png,31,"The ball is likely located in the center of the image, just above the player in the blue uniform who appears to be diving for it. This is because the player's body position suggests she is reaching up to catch or block the ball, which would typically be in the air at that moment.",C5
26.png,32,"The ball is likely located in the center of the image, just above the player in the blue uniform who appears to be diving for it. This is because the player's body position suggests she is reaching up to catch or block the ball, which would typically be in the air at that moment.",C5
26.png,33,"The ball is likely located in the center of the image, just above the player in the yellow jersey who appears to be jumping or diving. This is because the player's body position suggests they have just hit or are about to hit the ball, and the ball would typically be in the air at that moment.",C5
26.png,34,"The ball is likely located in the center of the image, just above the player in the yellow jersey who appears to be jumping or diving. This is because the player's body position suggests they have just hit or are about to hit the ball, and the ball would typically be in the air at that moment.",C6
26.png,35,"The ball is likely located in the center of the image, just above the player in the yellow jersey who appears to be jumping or diving. This is because the player's body position suggests they have just hit or are about to hit the ball, and the ball would typically be in the air at that moment.",C5
26.png,36,"The ball is likely located in the center of the image, just above the player in the yellow jersey who appears to be jumping or diving. This is because the player's body position suggests they have just hit or are about to hit the ball, and the ball would typically be in the air at that moment.",C6
26.png,37,"The ball is likely located in the center of the image, just above the player in the yellow jersey who appears to be jumping or diving. This is because the player's body position suggests they have just hit or are about to hit the ball, and the ball would typically be in the air at that moment.",C5
26.png,38,"The ball is likely located in the center of the image, just above the player in the blue uniform who appears to be diving for it. This is because the player's body position suggests she is reaching up to catch or block the ball, which would typically be in the air at that moment.",C5
26.png,39,"The ball is likely located in the center of the image, just above the player in the yellow jersey who appears to be jumping or diving. This is because the player's body position suggests they have just hit or are about to hit the ball, and the ball would typically be in the air at that moment.",C6
26.png,40,"The ball is likely located in the center of the image, just above the player in the blue uniform who appears to be diving for it. This is because the player's body position suggests she is reaching up to catch or block the ball, which would typically be in the air at that moment.",C5
26.png,41,"The ball is likely located in the center of the image, just above the player in the blue uniform who appears to be diving for it. This is because the player's body position suggests she is reaching up to catch or block the ball, which would typically be in the air at that moment.",C5
26.png,42,"The ball is likely located in the center of the image, just above the player in the yellow jersey who appears to be jumping or diving. This is because the player's body position suggests they have just hit or are about to hit the ball, and the ball would typically be in the air at that moment.",C5
26.png,43,"The ball is likely located in the center of the image, just above the player in the yellow jersey who appears to be jumping or diving. This is because the player's body position suggests they have just hit or are about to hit the ball, and the ball would typically be in the air at that moment.",C5
26.png,44,"The ball is likely located in the center of the image, just above the player in the yellow jersey who appears to be jumping or diving. This is because the player's body position suggests they have just hit or are about to hit the ball, and the ball would typically be in the air at that moment.",C5
26.png,45,"The ball is likely located in the center of the image, just above the player in the yellow jersey who appears to be jumping or diving. This is because the player's body position suggests they have just hit or are about to hit the ball, and the ball would typically be in the air at that moment.",C5
26.png,46,"The ball is likely located in the center of the image, just above the player in the blue uniform who appears to be diving for it. This is because the player's body position suggests she is reaching up to catch or block the ball, which would typically be in the air at that moment.",C5
26.png,47,"The ball is likely located in the center of the image, just above the player in the yellow jersey who appears to be jumping or diving. This is because the player's body position suggests they have just hit or are about to hit the ball, and the ball would typically be in the air at that moment.",C6
26.png,48,"The ball is likely located in the center of the image, just above the player in the blue uniform who appears to be diving for it. This is because the player's body position suggests she is reaching up to catch or block the ball, which would typically be in the air at that moment.",C5
26.png,49,"The ball is likely located in the center of the image, just above the player in the yellow jersey who appears to be jumping or diving. This is because the player's body position suggests they have just hit or are about to hit the ball, and the ball would typically be in the air at that moment.",C5
26.png,50,"The ball is likely located in the center of the image, just above the player in the blue uniform who appears to be diving for it. This is because the player's body position suggests she is reaching up to catch or block the ball, which would typically be in the air at that moment.",C5
30.png,1,"The ball is likely located near the center of the court, as it is the area where players are actively moving and jumping, which suggests they are trying to reach the ball. The players on the right side of the court appear to be in a defensive position, indicating that the ball might have been hit towards them.",D5
30.png,2,"The ball is likely located near the center of the court, as it is the area where players are actively moving and jumping, which suggests they are trying to reach the ball. The players on the right side of the court appear to be in a defensive position, indicating that the ball might have been hit towards them.",D5
30.png,3,"The ball is likely located near the center of the court, as it is the area where players are actively moving and preparing to receive or attack the ball. Given the positions of the players, it seems that the ball was recently passed or set by the player in red jersey number 10, who is positioned near the net. Therefore, the ball is most likely in the area where the setter is standing, which is in the center of the court.",C5
30.png,4,"The ball is likely located near the center of the court, as it is the area where players are actively moving and preparing to receive or attack the ball. Given the positions of the players, the ball is probably in the hands of one of the players on the court, possibly in the middle of a serve or a pass.",C5
30.png,5,"The ball is likely located near the center of the court, as it is the area where players are actively moving and jumping, which suggests they are trying to reach the ball. The players on the right side of the court appear to be in a defensive position, indicating that the ball might have been hit towards them.",C5
30.png,6,"The ball is likely located near the center of the court, as it is the area where players are actively moving and jumping, which suggests they are trying to reach the ball. The players on the right side of the court appear to be in a defensive position, indicating that the ball might have been hit towards them.",D5
30.png,7,"The ball is likely located near the center of the court, as it is the area where players are actively moving and jumping, which suggests they are trying to reach the ball. The players on the right side of the court appear to be in a defensive position, indicating that the ball might have been hit towards them.",C5
30.png,8,"The ball is likely located near the center of the court, as it is the area where players are actively moving and preparing to receive or attack the ball. Given the positions of the players, the ball is probably in the hands of one of the players on the court, possibly near the setter or the player who just hit the ball.",C5
30.png,9,"The ball is likely located near the center of the court, as it is the area where players are actively moving and jumping, which suggests they are trying to reach the ball. The players on the right side of the court appear to be in a defensive position, indicating that the ball might have been hit towards them.",C5
30.png,10,"The ball is likely located near the center of the court, as it is the area where players are actively moving and jumping, which suggests they are trying to reach the ball. The players on the right side of the court appear to be in a defensive position, indicating that the ball might have been hit towards them.",D5
30.png,11,"The ball is likely located near the center of the court, as it is the area where players are actively moving and preparing to receive or attack the ball. Given the positions of the players, it seems that the ball was recently passed or set by the player in red jersey number 10, who is positioned near the net. Therefore, the ball is most likely in the area where the setter is standing, which is in the center of the court.",C5
30.png,12,"The ball is likely located near the center of the court, as it is the area where players are actively moving and jumping, which suggests they are trying to reach the ball. The players on the right side of the court appear to be in a defensive position, indicating that the ball might have been hit towards them.",C5
30.png,13,"The ball is likely located near the center of the court, as it is the area where players are actively moving and preparing to receive or attack the ball. Given the positions of the players, the ball is probably in the hands of one of the players on the court, possibly near the setter or the player who just hit the ball.",C5
30.png,14,"The ball is likely located near the center of the court, as it is the area where players are actively moving and jumping, which suggests they are trying to reach the ball. The players on the right side of the court appear to be in a defensive position, indicating that the ball might have been hit towards them.",D5
30.png,15,"The ball is likely located near the center of the court, as it is the area where players are actively moving and preparing to receive or attack the ball. Given the positions of the players, the ball is probably in the hands of one of the players on the court, possibly near the setter or the player who just hit the ball.",C5
30.png,16,"The ball is likely located near the center of the court, as it is the area where players are actively moving and jumping, which suggests they are trying to reach the ball. The players on the right side of the court appear to be in a defensive position, indicating that the ball might have been hit towards them.",C5
30.png,17,"The ball is likely located near the center of the court, as it is the area where players are actively moving and jumping, which suggests they are trying to reach the ball. The players on the right side of the court appear to be in a defensive position, indicating that the ball might have been hit towards them.",C5
30.png,18,"The ball is likely located near the center of the court, as it is the area where players are actively moving and jumping, which suggests they are trying to reach the ball. The players on the right side of the court appear to be in a defensive position, indicating that the ball might have been hit towards them.",D5
30.png,19,"The ball is likely located near the center of the court, as it is the area where players are actively moving and jumping, which suggests they are trying to reach the ball. The players on the right side of the court appear to be in a defensive position, indicating that the ball might have been hit towards them.",D5
30.png,20,"The ball is likely located near the center of the court, as it is the area where players are actively moving and jumping, which suggests they are trying to reach the ball. The players on the right side of the court appear to be in a defensive position, indicating that the ball might have been hit towards them.",D5
30.png,21,"The ball is likely located near the center of the court, as it is the area where players are actively moving and jumping, which suggests they are trying to reach the ball. The players on the right side of the court appear to be in a defensive position, indicating that the ball might have been hit towards them.",C5
30.png,22,"The ball is likely located near the center of the court, as it is the area where players are actively moving and jumping, which suggests they are trying to reach the ball. The players on the right side of the court appear to be in a defensive position, indicating that the ball might have been hit towards them.",D5
30.png,23,"The ball is likely located near the center of the court, as it is the area where players are actively moving and preparing to receive or attack the ball. Given the positions of the players, it seems that the ball was recently passed or set by the player in red jersey number 10, who is positioned near the net. Therefore, the ball is most likely in the area where the setter is standing, which is in the center of the court.",C5
30.png,24,"The ball is likely located near the center of the court, as it is the area where players are actively moving and jumping, which suggests they are trying to reach the ball. The players on the right side of the court appear to be in a defensive position, indicating that the ball might have been hit towards them.",D5
30.png,25,"The ball is likely located near the center of the court, as it is the area where players are actively moving and preparing to receive or attack the ball. Given the positions of the players, it seems that the ball was recently passed or set by the player in red jersey number 10, who is positioned near the net. Therefore, the ball is most likely in the area where the setter is standing, which is in the center of the court.",C5
30.png,26,"The ball is likely located near the center of the court, as it is the area where players are actively moving and preparing to receive or attack the ball. Given the positions of the players, it seems that the ball was recently passed or set by the player in red jersey number 10, who is positioned near the net. Therefore, the ball is most likely in the area where the setter is standing, which is in the center of the court.",C5
30.png,27,"The ball is likely located near the center of the court, as it is the area where players are actively moving and jumping, which suggests they are trying to reach the ball. The players on the right side of the court appear to be in a defensive position, indicating that the ball might have been hit towards them.",D5
30.png,28,"The ball is likely located near the center of the court, as it is the area where players are actively moving and preparing to receive or attack the ball. Given the positions of the players, it seems that the ball was recently passed or set by the player in red jersey number 10, who is positioned near the net. Therefore, the ball is most likely in the area where the setter is standing, which is in the center of the court.",C5
30.png,29,"The ball is likely located near the center of the court, as it is the area where players are actively moving and jumping, which suggests they are trying to reach the ball. The players on the right side of the court appear to be in a defensive position, indicating that the ball might have been hit towards them.",D5
30.png,30,"The ball is likely located near the center of the court, as it is the area where players are actively moving and jumping, which suggests they are trying to reach the ball. The players on the right side of the court appear to be in a defensive position, indicating that the ball might have been hit towards them.",D5
30.png,31,"The ball is likely located near the center of the court, as it is the area where players are actively moving and preparing to receive or attack the ball. Given the positions of the players, it seems that the ball was recently passed or set by the player in red jersey number 10, who is positioned near the net. Therefore, the ball is most likely in the area where the setter is standing, which is in the center of the court.",C5
30.png,32,"The ball is likely located near the center of the court, as it is the area where players are actively moving and preparing to receive or attack the ball. Given the positions of the players, the ball is probably in the hands of one of the players on the court, possibly near the setter or the player who just hit the ball.",C5
30.png,33,"The ball is likely located near the center of the court, as it is the area where players are actively moving and jumping, which suggests they are trying to reach the ball. The players on the right side of the court appear to be in a defensive position, indicating that the ball might have been hit towards them.",C5
30.png,34,"The ball is likely located near the center of the court, as it is the area where players are actively moving and jumping, which suggests they are trying to reach the ball. The players on the right side of the court appear to be in a defensive position, indicating that the ball might have been hit towards them.",C5
30.png,35,"The ball is likely located near the center of the court, as it is the area where players are actively moving and jumping, which suggests they are trying to reach the ball. The players on the right side of the court appear to be in a defensive position, indicating that the ball might have been hit towards them.",C5
30.png,36,"The ball is likely located near the center of the court, as it is the area where players are actively moving and preparing to receive or attack the ball. Given the positions of the players, it seems that the ball was recently passed or set by the player in red jersey number 10, who is positioned near the net. Therefore, the ball is most likely in the area where the setter is standing, which is in the center of the court.",C5
30.png,37,"The ball is likely located near the center of the court, as it is the area where players are actively moving and jumping, which suggests they are trying to reach the ball. The players on the right side of the court appear to be in a defensive position, indicating that the ball might have been hit towards them.",C5
30.png,38,"The ball is likely located near the center of the court, as it is the area where players are actively moving and jumping, which suggests they are trying to reach the ball. The players on the right side of the court appear to be in a defensive position, indicating that the ball might have been hit towards them.",C5
30.png,39,"The ball is likely located near the center of the court, as it is the area where players are actively moving and preparing to receive or attack the ball. Given the positions of the players, the ball is probably in the hands of one of the players on the court, possibly near the setter or the player who just hit the ball.",C5
30.png,40,"The ball is likely located near the center of the court, as it is the area where players are actively moving and jumping, which suggests they are trying to reach the ball. The players on the right side of the court appear to be in a defensive position, indicating that the ball might have been hit towards them.",D5
30.png,41,"The ball is likely located near the center of the court, as it is the area where players are actively moving and preparing to receive or attack the ball. Given the positions of the players, the ball is probably in the hands of one of the players on the court, possibly in the middle of a serve or a pass.",C5
30.png,42,"The ball is likely located near the center of the court, as it is the area where players are actively moving and preparing to receive or attack the ball. Given the positions of the players, it seems that the ball was recently passed or set by the player in red jersey number 10, who is positioned near the net. Therefore, the ball is most likely in the area where the setter is standing, which is in the center of the court.",C5
30.png,43,"The ball is likely located near the center of the court, as it is the area where players are actively moving and jumping, which suggests they are trying to reach the ball. The players on the right side of the court appear to be in a defensive position, indicating that the ball might have been hit towards them.",D5
30.png,44,"The ball is likely located near the center of the court, as it is the area where players are actively moving and preparing to receive or attack the ball. Given the positions of the players, the ball is probably in the hands of one of the players on the court, possibly near the setter or the player who just hit the ball.",C5
30.png,45,"The ball is likely located near the center of the court, as it is the area where players are actively moving and jumping, which suggests they are trying to reach the ball. The players on the right side of the court appear to be in a defensive position, indicating that the ball might have been hit towards them.",C5
30.png,46,"The ball is likely located near the center of the court, as it is the area where players are actively moving and jumping, which suggests they are trying to reach the ball. The players on the right side of the court appear to be in a defensive position, indicating that the ball might have been hit towards them.",C5
30.png,47,"The ball is likely located near the center of the court, as it is the area where players are actively moving and preparing to receive or attack the ball. Given the positions of the players, it seems that the ball was recently passed or set by the player in red jersey number 10, who is positioned near the net. Therefore, the ball is most likely in the area where the setter is standing, which is in the center of the court.",C5
30.png,48,"The ball is likely located near the center of the court, as it is the area where players are actively moving and preparing to receive or attack the ball. Given the positions of the players, it seems that the ball was recently passed or set by the player in red jersey number 10, who is positioned near the net. Therefore, the ball is most likely in the area where the setter is standing, which is in the center of the court.",C5
30.png,49,"The ball is likely located near the center of the court, as it is the area where players are actively moving and jumping, which suggests they are trying to reach the ball. The players on the right side of the court appear to be in a defensive position, indicating that the ball might have been hit towards them.",C5
30.png,50,"The ball is likely located near the center of the court, as it is the area where players are actively moving and preparing to receive or attack the ball. Given the positions of the players, the ball is probably in the hands of one of the players on the court, possibly in the middle of a serve or a pass.",C5
19.png,1,"The ball is likely located in the center of the court, near the net, as it appears that a player has just hit or passed the ball towards the opposing team's side. Given the positions of the players and their movements, the ball is most likely in the area where the player in white (number 10) is standing, which is in the D5 cell.",D5
19.png,2,"The ball is likely located in the center of the court, near the net, as it appears that a player has just hit or passed the ball towards the opposing team's side. Given the positions of the players and their movements, the ball is most likely in the area where the player in white (number 10) is standing, which is in cell C5.",C5
19.png,3,"The ball is likely located in the center of the court, near the net, as it appears that a player has just hit or passed the ball towards the opposing team's side. Given the positions of the players and their movements, the ball is most likely in the area where the player in white (number 10) is standing, which is in cell C5.",C5
19.png,4,"The ball is likely located in the center of the court, near the net, as it appears that a player has just hit or passed the ball towards the opposing team's side. Given the positions of the players and their movements, the ball is most likely in the area where the player in white (number 10) is standing, which is in the D5 cell.",D5
19.png,5,"The ball is likely located in the center of the court, near the net, as it appears that a player has just hit or passed the ball towards the opposing team's side. Given the positions of the players and their movements, the ball is most likely in the area where the player in white (number 10) is standing, which is in cell C5.",C5
19.png,6,"The ball is likely located in the center of the court, near the net, as it appears that a player has just hit or passed the ball towards the opposing team's side. Given the positions of the players and their movements, the ball is most likely in the area where the player in white (number 10) is standing, which is in cell C5.",C5
19.png,7,"The ball is likely located in the center of the court, near the net, as it appears that a player has just hit or passed the ball towards the opposing team's side. Given the positions of the players and their movements, the ball is most likely in the area where the player in white (number 10) is standing, which is in the D5 cell.",D5
19.png,8,"The ball is likely located in the center of the court, near the net, as it appears that a player has just hit or passed the ball towards the opposing team's side. Given the positions of the players and their movements, the ball is most likely in the area where the player in white (number 10) is standing, which is in cell C5.",C5
19.png,9,"The ball is likely located in the center of the court, near the net, as it appears that a player has just hit or passed the ball towards the opposing team's side. Given the positions of the players and their movements, the ball is most likely in the area where the player in white (number 10) is standing, which is in the D5 cell.",D5
19.png,10,"The ball is likely located in the center of the court, near the net, as it appears that a player has just hit or passed the ball towards the opposing team's side. Given the positions of the players and their movements, the ball is most likely in the area where the player in white (number 10) is standing, which is in the D5 cell.",D5
19.png,11,"The ball is likely located in the center of the court, near the net, as it appears that a player has just hit or passed the ball towards the opposing team's side. Given the positions of the players and their movements, the ball is most likely in the area where the player in white (number 10) is standing, which is in cell C5.",C5
19.png,12,"The ball is likely located in the center of the court, near the net, as it appears that a player has just hit or passed the ball towards the opposing team's side. Given the positions of the players and their movements, the ball is most likely in the area where the player in white (number 10) is standing, which is in the D5 cell.",D5
19.png,13,"The ball is likely located in the center of the court, near the net, as it appears that a player has just hit or passed the ball towards the opposing team's side. Given the positions of the players and their movements, the ball is most likely in the area where the player in white (number 10) is standing, which is in the D5 cell.",D5
19.png,14,"The ball is likely located in the center of the court, near the net, as it appears that a player has just hit or passed the ball towards the opposing team's side. Given the positions of the players and their movements, the ball is most likely in the area where the player in white (number 10) is standing, which is in the D5 cell.",D5
19.png,15,"The ball is likely located in the center of the court, near the net, as it appears that a player has just hit or passed the ball towards the opposing team's side. Given the positions of the players and their movements, the ball is most likely in the area where the player in white (number 10) is standing, which is in cell C5.",C5
19.png,16,"The ball is likely located in the center of the court, near the net, as it appears that a player has just hit or passed the ball towards the opposing team's side. Given the positions of the players and their movements, the ball is most likely in the area where the player in white (number 10) is standing, which is in the D5 cell.",D5
19.png,17,"The ball is likely located in the center of the court, near the net, as it appears that a player has just hit or passed the ball towards the opposing team's side. Given the positions of the players and their movements, the ball is most likely in the area where the player in white (number 10) is standing, which is in cell C5.",C5
19.png,18,"The ball is likely located in the center of the court, near the net, as it appears that a player has just hit or passed the ball towards the opposing team's side. Given the positions of the players and their movements, the ball is most likely in the area where the player in white (number 10) is standing, which is in cell C5.",C5
19.png,19,"The ball is likely located in the center of the court, near the net, as it appears that a player has just hit or passed the ball towards the opposing team's side. Given the positions of the players and their movements, the ball is most likely in the area where the player in white (number 10) is standing, which is in cell C5.",C5
19.png,20,"The ball is likely located in the center of the court, near the net, as it appears that a player has just hit or passed the ball towards the opposing team's side. Given the positions of the players and their movements, the ball is most likely in the area where the player in white (number 10) is standing, which is in cell C5.",C5
19.png,21,"The ball is likely located in the center of the court, near the net, as it appears that a player has just hit or passed the ball towards the opposing team's side. Given the positions of the players and their movements, the ball is most likely in the area where the player in white (number 10) is standing, which is in the D5 cell.",D5
19.png,22,"The ball is likely located in the center of the court, near the net, as it appears that a player has just hit or passed the ball towards the opposing team's side. Given the positions of the players and their movements, the ball is most likely in the area where the player in white (number 10) is standing, which is in cell C5.",C5
19.png,23,"The ball is likely located in the center of the court, near the net, as it appears that a player has just hit or passed the ball towards the opposing team's side. Given the positions of the players and their movements, the ball is most likely in the area where the player in white (number 10) is standing, which is in the D5 cell.",D5
19.png,24,"The ball is likely located in the center of the court, near the net, as it appears that a player has just hit or passed the ball towards the opposing team's side. Given the positions of the players and their movements, the ball is most likely in the area where the player in white (number 10) is standing, which is in cell C5.",C5
19.png,25,"The ball is likely located in the center of the court, near the net, as it appears that a player has just hit or passed the ball towards the opposing team's side. Given the positions of the players and their movements, the ball is most likely in the area where the player in white (number 10) is standing, which is in cell C5.",C5
19.png,26,"The ball is likely located in the center of the court, near the net, as it appears that a player has just hit or passed the ball towards the opposing team's side. Given the positions of the players and their movements, the ball is most likely in the area where the player in white (number 10) is standing, which is in the D5 cell.",D5
19.png,27,"The ball is likely located in the center of the court, near the net, as it appears that a player has just hit or passed the ball towards the opposing team's side. Given the positions of the players and their movements, the ball is most likely in the area where the player in white (number 10) is standing, which is in the D5 cell.",D5
19.png,28,"The ball is likely located in the center of the court, near the net, as it appears that a player has just hit or passed the ball towards the opposing team's side. Given the positions of the players and their movements, the ball is most likely in the area where the player in white (number 10) is standing, which is in the D5 cell.",D5
19.png,29,"The ball is likely located in the center of the court, near the net, as it appears that a player has just hit or passed the ball towards the opposing team's side. Given the positions of the players and their movements, the ball is most likely in the area where the player in white (number 10) is standing, which is in cell C5.",C5
19.png,30,"The ball is likely located in the center of the court, near the net, as it appears that a player has just hit or passed the ball towards the opposing team's side. Given the positions of the players and their movements, the ball is most likely in the area where the player in white (number 10) is standing, which is in the D5 cell.",D5
19.png,31,"The ball is likely located in the center of the court, near the net, as it appears that a player has just hit or passed the ball towards the opposing team's side. Given the positions of the players and their movements, the ball is most likely in the area where the player in white (number 10) is standing, which is in cell C5.",C5
19.png,32,"The ball is likely located in the center of the court, near the net, as it appears that a player has just hit or passed the ball towards the opposing team's side. Given the positions of the players and their movements, the ball is most likely in the area where the player in white (number 10) is standing, which is in cell C5.",C5
19.png,33,"The ball is likely located in the center of the court, near the net, as it appears that a player has just hit or passed the ball towards the opposing team's side. Given the positions of the players and their movements, the ball is most likely in the area where the player in white (number 10) is standing, which is in the D5 cell.",D5
19.png,34,"The ball is likely located in the center of the court, near the net, as it appears that a player has just hit or passed the ball towards the opposing team's side. Given the positions of the players and their movements, the ball is most likely in the area where the player in white (number 10) is standing, which is in cell C5.",C5
19.png,35,"The ball is likely located in the center of the court, near the net, as it appears that a player has just hit or passed the ball towards the opposing team's side. Given the positions of the players and their movements, the ball is most likely in the area where the player in white (number 10) is standing, which is in cell C5.",C5
19.png,36,"The ball is likely located in the center of the court, near the net, as it appears that a player has just hit or passed the ball towards the opposing team's side. Given the positions of the players and their movements, the ball is most likely in the area where the player in white (number 10) is standing, which is in cell C5.",C5
19.png,37,"The ball is likely located in the center of the court, near the net, as it appears that a player has just hit or passed the ball towards the opposing team's side. Given the positions of the players and their movements, the ball is most likely in the area where the player in white (number 10) is standing, which is in cell C5.",C5
19.png,38,"The ball is likely located in the center of the court, near the net, as it appears that a player has just hit or passed the ball towards the opposing team's side. Given the positions of the players and their movements, the ball is most likely in the area where the player in white (number 10) is standing, which is in cell C5.",C5
19.png,39,"The ball is likely located in the center of the court, near the net, as it appears that a player has just hit or passed the ball towards the opposing team's side. Given the positions of the players and their movements, the ball is most likely in the area where the player in white (number 10) is standing, which is in cell C5.",C5
19.png,40,"The ball is likely located in the center of the court, near the net, as it appears that a player has just hit or passed the ball towards the opposing team's side. Given the positions of the players and their movements, the ball is most likely in the area where the player in white (number 10) is standing, which is in the D5 cell.",D5
19.png,41,"The ball is likely located in the center of the court, near the net, as it appears that a player has just hit or passed the ball towards the opposing team's side. Given the positions of the players and their movements, the ball is most likely in the area where the player in white (number 10) is standing, which is in the D5 cell.",D5
19.png,42,"The ball is likely located in the center of the court, near the net, as it appears that a player has just hit or passed the ball towards the opposing team's side. Given the positions of the players and their movements, the ball is most likely in the area where the player in white (number 10) is standing, which is in cell C5.",C5
19.png,43,"The ball is likely located in the center of the court, near the net, as it appears that a player has just hit or passed the ball towards the opposing team's side. Given the positions of the players and their movements, the ball is most likely in the area where the player in white (number 10) is standing, which is in cell C5.",C5
19.png,44,"The ball is likely located in the center of the court, near the net, as it appears that a player has just hit or passed the ball towards the opposing team's side. Given the positions of the players and their movements, the ball is most likely in the area where the player in white (number 10) is standing, which is in cell C5.",C5
19.png,45,"The ball is likely located in the center of the court, near the net, as it appears that a player has just hit or passed the ball towards the opposing team's side. Given the positions of the players and their movements, the ball is most likely in the area where the player in white (number 10) is standing, which is in cell C5.",C5
19.png,46,"The ball is likely located in the center of the court, near the net, as it appears that a player has just hit or passed the ball towards the opposing team's side. Given the positions of the players and their movements, the ball is most likely in the area where the player in white (number 10) is standing, which is in the D5 cell.",D5
19.png,47,"The ball is likely located in the center of the court, near the net, as it appears that a player has just hit or passed the ball towards the opposing team's side. Given the positions of the players and their movements, the ball is most likely in the area where the player in white (number 10) is standing, which is in cell C5.",C5
19.png,48,"The ball is likely located in the center of the court, near the net, as it appears that a player has just hit or passed the ball towards the opposing team's side. Given the positions of the players and their movements, the ball is most likely in the area where the player in white (number 10) is standing, which is in cell C5.",C5
19.png,49,"The ball is likely located in the center of the court, near the net, as it appears that a player has just hit or passed the ball towards the opposing team's side. Given the positions of the players and their movements, the ball is most likely in the area where the player in white (number 10) is standing, which is in the D5 cell.",D5
19.png,50,"The ball is likely located in the center of the court, near the net, as it appears that a player has just hit or passed the ball towards the opposing team's side. Given the positions of the players and their movements, the ball is most likely in the area where the player in white (number 10) is standing, which is in cell C5.",C5
29.png,1,"The ball is likely located in the center of the court, just above the net, as it was recently hit by one of the players. Given the positions of the players and their movements, it's reasonable to infer that the ball is in the air, heading towards the opposing team's side of the court.",C5
29.png,2,"The ball is likely located in the center of the court, just above the net, as it was recently hit by one of the players. Given the positions of the players and their movements, it's reasonable to infer that the ball is in the air, heading towards the opposing team's side of the court.",C5
29.png,3,"The ball is likely located in the center of the court, just above the net, as it was recently hit by one of the players. Given the positions of the players and their movements, it's reasonable to infer that the ball is in the air, heading towards the opposing team's side of the court.",C5
29.png,4,"The ball is likely located in the center of the court, just above the net, as it was recently hit by one of the players. Given the positions of the players and their movements, it's reasonable to infer that the ball is in the air, heading towards the opposing team's side of the court.",C5
29.png,5,"The ball is likely located in the center of the court, just above the net, as it was recently hit by one of the players. Given the positions of the players and their movements, it's reasonable to infer that the ball is in the air, heading towards the opposing team's side.",C5
29.png,6,"The ball is likely located in the center of the court, just above the net, as it was recently hit by one of the players. Given the positions of the players and their movements, it's reasonable to infer that the ball is in the air, heading towards the opposing team's side.",C5
29.png,7,"The ball is likely located in the center of the court, just above the net, as it was recently hit by one of the players. Given the positions of the players and their movements, it's reasonable to infer that the ball is in the air, heading towards the opposing team's side of the court.",C5
29.png,8,"The ball is likely located in the center of the court, just above the net, as it was recently hit by one of the players. Given the positions of the players and their movements, it's reasonable to infer that the ball is in the air, heading towards the opposing team's side of the court.",C5
29.png,9,"The ball is likely located in the center of the court, just above the net, as it was recently hit by one of the players. Given the positions of the players and their movements, it's reasonable to infer that the ball is in the air, heading towards the opposing team's side of the court.",C5
29.png,10,"The ball is likely located in the center of the court, just above the net, as it was recently hit by one of the players. Given the positions of the players and their movements, it's reasonable to infer that the ball is in the air, heading towards the opposing team's side.",C5
29.png,11,"The ball is likely located in the center of the court, just above the net, as it was recently hit by one of the players. Given the positions of the players and their movements, it's reasonable to infer that the ball is in the air, heading towards the opposing team's side of the court.",C5
29.png,12,"The ball is likely located in the center of the court, just above the net, as it was recently hit by one of the players. Given the positions of the players and their movements, it's reasonable to infer that the ball is in the air, heading towards the opposing team's side.",C5
29.png,13,"The ball is likely located in the center of the court, just above the net, as it was recently hit by one of the players. Given the positions of the players and their movements, it's reasonable to infer that the ball is in the air, heading towards the opposing team's side.",C5
29.png,14,"The ball is likely located in the center of the court, just above the net, as it was recently hit by one of the players. Given the positions of the players and their movements, it's reasonable to infer that the ball is in the air, heading towards the opposing team's side.",C5
29.png,15,"The ball is likely located in the center of the court, just above the net, as it was recently hit by one of the players. Given the positions of the players and their movements, it's reasonable to infer that the ball is in the air, heading towards the opposing team's side.",C5
29.png,16,"The ball is likely located in the center of the court, just above the net, as it was recently hit by one of the players. Given the positions of the players and their movements, it's reasonable to infer that the ball is in the air, heading towards the opposing team's side of the court.",C5
29.png,17,"The ball is likely located in the center of the court, just above the net, as it was recently hit by one of the players. Given the positions of the players and their movements, it's reasonable to infer that the ball is in the air, heading towards the opposing team's side.",C5
29.png,18,"The ball is likely located in the center of the court, just above the net, as it was recently hit by one of the players. Given the positions of the players and their movements, it's reasonable to infer that the ball is in the air, heading towards the opposing team's side.",C5
29.png,19,"The ball is likely located in the center of the court, just above the net, as it was recently hit by one of the players. Given the positions of the players and their movements, it's reasonable to infer that the ball is in the air, heading towards the opposing team's side of the court.",C5
29.png,20,"The ball is likely located in the center of the court, just above the net, as it was recently hit by one of the players. Given the positions of the players and their movements, it's reasonable to infer that the ball is in the air, heading towards the opposing team's side.",C5
29.png,21,"The ball is likely located in the center of the court, just above the net, as it was recently hit by one of the players. Given the positions of the players and their movements, it's reasonable to infer that the ball is in the air, heading towards the opposing team's side of the court.",C5
29.png,22,"The ball is likely located in the center of the court, just above the net, as it was recently hit by one of the players. Given the positions of the players and their movements, it's reasonable to infer that the ball is in the air, heading towards the opposing team's side.",C5
29.png,23,"The ball is likely located in the center of the court, just above the net, as it was recently hit by one of the players. Given the positions of the players and their movements, it's reasonable to infer that the ball is in the air, heading towards the opposing team's side of the court.",C5
29.png,24,"The ball is likely located in the center of the court, just above the net, as it was recently hit by one of the players. Given the positions of the players and their movements, it's reasonable to infer that the ball is in the air, heading towards the opposing team's side.",C5
29.png,25,"The ball is likely located in the center of the court, just above the net, as it was recently hit by one of the players. Given the positions of the players and their movements, it's reasonable to infer that the ball is in the air, heading towards the opposing team's side of the court.",C5
29.png,26,"The ball is likely located in the center of the court, just above the net, as it was recently hit by one of the players. Given the positions of the players and their movements, it's reasonable to infer that the ball is in the air, heading towards the opposing team's side.",C5
29.png,27,"The ball is likely located in the center of the court, just above the net, as it was recently hit by one of the players. Given the positions of the players and their movements, it's reasonable to infer that the ball is in the air, heading towards the opposing team's side.",C5
29.png,28,"The ball is likely located in the center of the court, just above the net, as it was recently hit by one of the players. Given the positions of the players and their movements, it's reasonable to infer that the ball is in the air, heading towards the opposing team's side.",C5
29.png,29,"The ball is likely located in the center of the court, just above the net, as it was recently hit by one of the players. Given the positions of the players and their movements, it's reasonable to infer that the ball is in the air, heading towards the opposing team's side of the court.",C5
29.png,30,"The ball is likely located in the center of the court, just above the net, as it was recently hit by one of the players. Given the positions of the players and their movements, it's reasonable to infer that the ball is in the air, heading towards the opposing team's side of the court.",C5
29.png,31,"The ball is likely located in the center of the court, just above the net, as it was recently hit by one of the players. Given the positions of the players and their movements, it's reasonable to infer that the ball is in the air, heading towards the opposing team's side.",C5
29.png,32,"The ball is likely located in the center of the court, just above the net, as it was recently hit by one of the players. Given the positions of the players and their movements, it's reasonable to infer that the ball is in the air, heading towards the opposing team's side.",C5
29.png,33,"The ball is likely located in the center of the court, just above the net, as it was recently hit by one of the players. Given the positions of the players and their movements, it's reasonable to infer that the ball is in the air, heading towards the opposing team's side.",C5
29.png,34,"The ball is likely located in the center of the court, just above the net, as it was recently hit by one of the players. Given the positions of the players and their movements, it's reasonable to infer that the ball is in the air, heading towards the opposing team's side.",C5
29.png,35,"The ball is likely located in the center of the court, just above the net, as it was recently hit by one of the players. Given the positions of the players and their movements, it's reasonable to infer that the ball is in the air, heading towards the opposing team's side of the court.",C5
29.png,36,"The ball is likely located in the center of the court, just above the net, as it was recently hit by one of the players. Given the positions of the players and their movements, it's reasonable to infer that the ball is in the air, heading towards the opposing team's side of the court.",C5
29.png,37,"The ball is likely located in the center of the court, just above the net, as it was recently hit by one of the players. Given the positions of the players and their movements, it's reasonable to infer that the ball is in the air, heading towards the opposing team's side.",C5
29.png,38,"The ball is likely located in the center of the court, just above the net, as it was recently hit by one of the players. Given the positions of the players and their movements, it's reasonable to infer that the ball is in the air, heading towards the opposing team's side of the court.",C5
29.png,39,"The ball is likely located in the center of the court, just above the net, as it was recently hit by one of the players. Given the positions of the players and their movements, it's reasonable to infer that the ball is in the air, heading towards the opposing team's side.",C5
29.png,40,"The ball is likely located in the center of the court, just above the net, as it was recently hit by one of the players. Given the positions of the players and their movements, it's reasonable to infer that the ball is in the air, heading towards the opposing team's side.",C5
29.png,41,"The ball is likely located in the center of the court, just above the net, as it was recently hit by one of the players. Given the positions of the players and their movements, it's reasonable to infer that the ball is in the air, heading towards the opposing team's side of the court.",C5
29.png,42,"The ball is likely located in the center of the court, just above the net, as it was recently hit by one of the players. Given the positions of the players and their movements, it's reasonable to infer that the ball is in the air, heading towards the opposing team's side of the court.",C5
29.png,43,"The ball is likely located in the center of the court, just above the net, as it was recently hit by one of the players. Given the positions of the players and their movements, it's reasonable to infer that the ball is in the air, heading towards the opposing team's side.",C5
29.png,44,"The ball is likely located in the center of the court, just above the net, as it was recently hit by one of the players. Given the positions of the players and their movements, it's reasonable to infer that the ball is in the air, heading towards the opposing team's side.",C5
29.png,45,"The ball is likely located in the center of the court, just above the net, as it was recently hit by one of the players. Given the positions of the players and their movements, it's reasonable to infer that the ball is in the air, heading towards the opposing team's side.",C5
29.png,46,"The ball is likely located in the center of the court, just above the net, as it was recently hit by one of the players. Given the positions of the players and their movements, it's reasonable to infer that the ball is in the air, heading towards the opposing team's side.",C5
29.png,47,"The ball is likely located in the center of the court, just above the net, as it was recently hit by one of the players. Given the positions of the players and their movements, it's reasonable to infer that the ball is in the air, heading towards the opposing team's side.",C5
29.png,48,"The ball is likely located in the center of the court, just above the net, as it was recently hit by one of the players. Given the positions of the players and their movements, it's reasonable to infer that the ball is in the air, heading towards the opposing team's side of the court.",C5
29.png,49,"The ball is likely located in the center of the court, just above the net, as it was recently hit by one of the players. Given the positions of the players and their movements, it's reasonable to infer that the ball is in the air, heading towards the opposing team's side.",C5
29.png,50,"The ball is likely located in the center of the court, just above the net, as it was recently hit by one of the players. Given the positions of the players and their movements, it's reasonable to infer that the ball is in the air, heading towards the opposing team's side of the court.",C5
21.png,1,"The ball is likely located in the center of the court, near the net, as this is the typical area where a volleyball would be during play. The players' positions suggest they are actively engaged in a rally, which typically involves the ball being in the middle of the court.",F5
21.png,2,"The ball is likely located in the center of the court, near the net, as this is where the action typically occurs during a volleyball game. The players are positioned around this area, suggesting that the ball is either about to be served or has just been hit by one of them.",F5
21.png,3,"The ball is likely located in the center of the court, near the net, as this is where the action typically occurs during a volleyball game. The players are positioned around this area, suggesting that the ball is either about to be served or has just been hit by one of them.",F5
21.png,4,"The ball is likely located in the center of the court, near the net, as this is the typical area where a volleyball would be during play. The players' positions suggest they are actively engaged in a rally, which typically involves the ball being in the middle of the court.",F5
21.png,5,"The ball is likely located in the center of the court, near the net, as this is the typical area where a volleyball would be during play. The players' positions suggest they are actively engaged in a rally, which typically involves the ball being in the middle of the court.",F5
21.png,6,"The ball is likely located in the center of the court, near the net, as this is where the action typically occurs during a volleyball game. The players are positioned around this area, suggesting that the ball is either about to be served or has just been hit by one of them.",F5
21.png,7,"The ball is likely located in the center of the court, near the net, as this is the typical area where a volleyball would be during play. The players' positions suggest they are actively engaged in a rally, which typically involves the ball being in the middle of the court.",F5
21.png,8,"The ball is likely located in the center of the court, near the net, as this is where the action typically occurs during a volleyball game. The players are positioned around this area, suggesting that the ball is either about to be served or has just been hit by one of them.",F5
21.png,9,"The ball is likely located in the center of the court, near the net, as this is the typical area where a volleyball would be during play. The players' positions suggest they are actively engaged in a rally, which typically involves the ball being in the middle of the court.",F5
21.png,10,"The ball is likely located in the center of the court, near the net, as this is the typical area where a volleyball would be during play. The players' positions suggest they are actively engaged in a rally, which typically involves the ball being in the middle of the court.",F5
21.png,11,"The ball is likely located in the center of the court, near the net, as this is the typical area where a volleyball would be during play. The players' positions suggest they are actively engaged in a rally, which typically involves the ball being in the middle of the court.",F5
21.png,12,"The ball is likely located in the center of the court, near the net, as this is the typical area where a volleyball would be during play. The players' positions suggest they are actively engaged in a rally, which typically involves the ball being in the middle of the court.",F5
21.png,13,"The ball is likely located in the center of the court, near the net, as this is the typical area where a volleyball would be during play. The players' positions suggest they are actively engaged in a rally, which typically involves the ball being in the middle of the court.",F5
21.png,14,"The ball is likely located in the center of the court, near the net, as this is where the action typically occurs during a volleyball game. The players are positioned around this area, suggesting that the ball is either about to be served or has just been hit by one of them.",F5
21.png,15,"The ball is likely located in the center of the court, near the net, as this is where the action typically occurs during a volleyball game. The players are positioned around this area, suggesting that the ball is either about to be served or has just been hit by one of them.",F5
21.png,16,"The ball is likely located in the center of the court, near the net, as this is the typical area where a volleyball would be during play. The players' positions suggest they are actively engaged in a rally, which typically involves the ball being in the middle of the court.",F5
21.png,17,"The ball is likely located in the center of the court, near the net, as this is the typical area where a volleyball would be during play. The players' positions suggest they are actively engaged in a rally, which typically involves the ball being in the middle of the court.",F5
21.png,18,"The ball is likely located in the center of the court, near the net, as this is the typical area where a volleyball would be during play. The players' positions suggest they are actively engaged in a rally, which typically involves the ball being in the middle of the court.",F5
21.png,19,"The ball is likely located in the center of the court, near the net, as this is where the action typically occurs during a volleyball game. The players are positioned around this area, suggesting that the ball is either about to be served or has just been hit by one of them.",F5
21.png,20,"The ball is likely located in the center of the court, near the net, as this is the typical area where a volleyball would be during play. The players' positions suggest they are actively engaged in a rally, which typically involves the ball being in the middle of the court.",F5
21.png,21,"The ball is likely located in the center of the court, near the net, as this is the typical area where a volleyball would be during play. The players' positions suggest they are actively engaged in a rally, which typically involves the ball being in the middle of the court.",F5
21.png,22,"The ball is likely located in the center of the court, near the net, as this is the typical area where a volleyball would be during play. The players' positions suggest they are actively engaged in a rally, which typically involves the ball being in the middle of the court.",F5
21.png,23,"The ball is likely located in the center of the court, near the net, as this is the typical area where a volleyball would be during play. The players' positions suggest they are actively engaged in a rally, which typically involves the ball being in the middle of the court.",F5
21.png,24,"The ball is likely located in the center of the court, near the net, as this is the typical area where a volleyball would be during play. The players' positions suggest they are actively engaged in a rally, which typically involves the ball being in the middle of the court.",F5
21.png,25,"The ball is likely located in the center of the court, near the net, as this is the typical area where a volleyball would be during play. The players' positions suggest they are actively engaged in a rally, which typically involves the ball being in the middle of the court.",F5
21.png,26,"The ball is likely located in the center of the court, near the net, as this is where the action typically occurs during a volleyball game. The players are positioned around this area, suggesting that the ball is either about to be served or has just been hit by one of them.",F5
21.png,27,"The ball is likely located in the center of the court, near the net, as this is the typical area where a volleyball would be during play. The players' positions suggest they are actively engaged in a rally, which typically involves the ball being in the middle of the court.",F5
21.png,28,"The ball is likely located in the center of the court, near the net, as this is where the action typically occurs during a volleyball game. The players are positioned around this area, suggesting that the ball is either about to be served or has just been hit by one of them.",F5
21.png,29,"The ball is likely located in the center of the court, near the net, as this is the typical area where a volleyball would be during play. The players' positions suggest they are actively engaged in a rally, which typically involves the ball being in the middle of the court.",F5
21.png,30,"The ball is likely located in the center of the court, near the net, as this is where the action typically occurs during a volleyball game. The players are positioned around this area, suggesting that the ball is either about to be served or has just been hit by one of them.",F5
21.png,31,"The ball is likely located in the center of the court, near the net, as this is the typical area where a volleyball would be during play. The players' positions suggest they are actively engaged in a rally, which typically involves the ball being in the middle of the court.",F5
21.png,32,"The ball is likely located in the center of the court, near the net, as this is the typical area where a volleyball would be during play. The players' positions suggest they are actively engaged in a rally, which typically involves the ball being in the middle of the court.",F5
21.png,33,"The ball is likely located in the center of the court, near the net, as this is where the action typically occurs during a volleyball game. The players are positioned around this area, suggesting that the ball is either about to be served or has just been hit by one of them.",F5
21.png,34,"The ball is likely located in the center of the court, near the net, as this is where the action typically occurs during a volleyball game. The players are positioned around this area, suggesting that the ball is either about to be served or has just been hit by one of them.",F5
21.png,35,"The ball is likely located in the center of the court, near the net, as this is the typical area where a volleyball would be during play. The players' positions suggest they are actively engaged in a rally, which typically involves the ball being in the middle of the court.",F5
21.png,36,"The ball is likely located in the center of the court, near the net, as this is where the action typically occurs during a volleyball game. The players are positioned around this area, suggesting that the ball is either about to be served or has just been hit by one of them.",F5
21.png,37,"The ball is likely located in the center of the court, near the net, as this is where the action typically occurs during a volleyball game. The players are positioned around this area, suggesting that the ball is either about to be served or has just been hit by one of them.",F5
21.png,38,"The ball is likely located in the center of the court, near the net, as this is where the action typically occurs during a volleyball game. The players are positioned around this area, suggesting that the ball is either about to be served or has just been hit by one of them.",F5
21.png,39,"The ball is likely located in the center of the court, near the net, as this is where the action typically occurs during a volleyball game. The players are positioned around this area, suggesting that the ball is either about to be served or has just been hit by one of them.",F5
21.png,40,"The ball is likely located in the center of the court, near the net, as this is the typical area where a volleyball would be during play. The players' positions suggest they are actively engaged in a rally, which typically involves the ball being in the middle of the court.",F5
21.png,41,"The ball is likely located in the center of the court, near the net, as this is the typical area where a volleyball would be during play. The players' positions suggest they are actively engaged in a rally, which typically involves the ball being in the middle of the court.",F5
21.png,42,"The ball is likely located in the center of the court, near the net, as this is the typical area where a volleyball would be during play. The players' positions suggest they are actively engaged in a rally, which typically involves the ball being in the middle of the court.",F5
21.png,43,"The ball is likely located in the center of the court, near the net, as this is the typical area where a volleyball would be during play. The players' positions suggest they are actively engaged in a rally, which typically involves the ball being in the middle of the court.",F5
21.png,44,"The ball is likely located in the center of the court, near the net, as this is where the action typically occurs during a volleyball game. The players are positioned around this area, suggesting that the ball is either about to be served or has just been hit by one of them.",F5
21.png,45,"The ball is likely located in the center of the court, near the net, as this is where the action typically occurs during a volleyball game. The players are positioned around this area, suggesting that the ball is either about to be served or has just been hit by one of them.",F5
21.png,46,"The ball is likely located in the center of the court, near the net, as this is the typical area where a volleyball would be during play. The players' positions suggest they are actively engaged in a rally, which typically involves the ball being in the middle of the court.",F5
21.png,47,"The ball is likely located in the center of the court, near the net, as this is the typical area where a volleyball would be during play. The players' positions suggest they are actively engaged in a rally, which typically involves the ball being in the middle of the court.",F5
21.png,48,"The ball is likely located in the center of the court, near the net, as this is the typical area where a volleyball would be during play. The players' positions suggest they are actively engaged in a rally, which typically involves the ball being in the middle of the court.",F5
21.png,49,"The ball is likely located in the center of the court, near the net, as this is where the action typically occurs during a volleyball game. The players are positioned around this area, suggesting that the ball is either about to be served or has just been hit by one of them.",F5
21.png,50,"The ball is likely located in the center of the court, near the net, as this is the typical area where a volleyball would be during play. The players' positions suggest they are actively engaged in a rally, which typically involves the ball being in the middle of the court.",F5
5.png,1,"The ball is likely located in the center of the court, just above the net, as it is the area where the players are actively jumping and reaching for the ball. This is typical behavior during a volleyball game when the ball is in play.",F5
5.png,2,"The ball is likely located in the center of the court, just above the net, as it is the area where the players are actively jumping and reaching for the ball. This is typical behavior during a volleyball game when the ball is in play.",F5
5.png,3,"The ball is likely located in the center of the court, just above the net, as it is the area where the players are actively jumping and reaching for the ball. This is typical behavior during a volleyball game when players are trying to set up a spike or block the opposing team's attack.",C5
5.png,4,"The ball is likely located in the center of the court, just above the net, as it is the area where the players are actively jumping and reaching for the ball. This is typical behavior during a volleyball game when players are trying to set up a spike or block the opposing team's attack.",C5
5.png,5,"The ball is likely located in the center of the court, just above the net, as it is the area where the players are actively jumping and reaching for the ball. This is typical behavior during a volleyball game when players are trying to set up a spike or block the opposing team's attack.",C5
5.png,6,"The ball is likely located in the center of the court, just above the net, as it is the area where the players are actively jumping and reaching for the ball. This is typical behavior during a volleyball game when players are trying to set up a spike or block the opposing team's attack.",C5
5.png,7,"The ball is likely located in the center of the court, just above the net, as it is the area where the players are actively jumping and reaching for the ball. This is typical behavior during a volleyball game when players are trying to set up a spike or block the opposing team's attack.",C5
5.png,8,"The ball is likely located in the center of the court, just above the net, as it is the area where the players are actively jumping and reaching for the ball. This is typical behavior during a volleyball game when the ball is in play.",F5
5.png,9,"The ball is likely located in the center of the court, just above the net, as it is the area where the players are actively jumping and reaching for the ball. This is typical behavior during a volleyball game when the ball is in play.",F5
5.png,10,"The ball is likely located in the center of the court, just above the net, as it is the area where the players are actively jumping and reaching for the ball. This is typical behavior during a volleyball game when players are trying to set up a spike or block the opposing team's attack.",C5
5.png,11,"The ball is likely located in the center of the court, just above the net, as it is the area where the players are actively jumping and reaching for the ball. This is typical behavior during a volleyball game when the ball is in play.",F5
5.png,12,"The ball is likely located in the center of the court, just above the net, as it is the area where the players are actively jumping and reaching for the ball. This is typical behavior during a volleyball game when players are trying to set up a spike or block the opposing team's attack.",C5
5.png,13,"The ball is likely located in the center of the court, just above the net, as it is the area where the players are actively jumping and reaching for the ball. This is typical behavior during a volleyball game when the ball is in play.",F5
5.png,14,"The ball is likely located in the center of the court, just above the net, as it is the area where the players are actively jumping and reaching for the ball. This is typical behavior during a volleyball game when the ball is in play.",F5
5.png,15,"The ball is likely located in the center of the court, just above the net, as it is the area where the players are actively jumping and reaching for the ball. This is typical behavior during a volleyball game when players are trying to set up a spike or block the opposing team's attack.",C5
5.png,16,"The ball is likely located in the center of the court, just above the net, as it is the area where the players are actively jumping and reaching for the ball. This is typical behavior during a volleyball game when players are trying to set up a spike or block the opposing team's attack.",C5
5.png,17,"The ball is likely located in the center of the court, just above the net, as it is the area where the players are actively jumping and reaching for the ball. This is typical behavior during a volleyball game when players are trying to set up a spike or block the opposing team's attack.",C5
5.png,18,"The ball is likely located in the center of the court, just above the net, as it is the area where the players are actively jumping and reaching for the ball. This is typical behavior during a volleyball game when the ball is in play.",F5
5.png,19,"The ball is likely located in the center of the court, just above the net, as it is the area where the players are actively jumping and reaching for the ball. This is typical behavior during a volleyball game when the ball is in play.",F5
5.png,20,"The ball is likely located in the center of the court, just above the net, as it is the area where the players are actively jumping and reaching for the ball. This is typical behavior during a volleyball game when players are trying to set up a spike or block the opposing team's attack.",C5
5.png,21,"The ball is likely located in the center of the court, just above the net, as it is the area where the players are actively jumping and reaching for the ball. This is typical behavior during a volleyball game when players are trying to set up a spike or block the opposing team's attack.",C5
5.png,22,"The ball is likely located in the center of the court, just above the net, as it is the area where the players are actively jumping and reaching for the ball. This is typical behavior during a volleyball game when the ball is in play.",F5
5.png,23,"The ball is likely located in the center of the court, just above the net, as it is the area where the players are actively jumping and reaching for the ball. This is typical behavior during a volleyball game when players are trying to set up a spike or block the opposing team's attack.",C5
5.png,24,"The ball is likely located in the center of the court, just above the net, as it is the area where the players are actively jumping and reaching for the ball. This is typical behavior during a volleyball game when the ball is in play.",F5
5.png,25,"The ball is likely located in the center of the court, just above the net, as it is the area where the players are actively jumping and reaching for the ball. This is typical behavior during a volleyball game when players are trying to set up a spike or block the opposing team's attack.",C5
5.png,26,"The ball is likely located in the center of the court, just above the net, as it is the area where the players are actively jumping and reaching for the ball. This is typical behavior during a volleyball game when the ball is in play.",F5
5.png,27,"The ball is likely located in the center of the court, just above the net, as it is the area where the players are actively jumping and reaching for the ball. This is typical behavior during a volleyball game when the ball is in play.",F5
5.png,28,"The ball is likely located in the center of the court, just above the net, as it is the area where the players are actively jumping and reaching for the ball. This is typical behavior during a volleyball game when the ball is in play.",F5
5.png,29,"The ball is likely located in the center of the court, just above the net, as it is the area where the players are actively jumping and reaching for the ball. This is typical behavior during a volleyball game when the ball is in play.",F5
5.png,30,"The ball is likely located in the center of the court, just above the net, as it is the area where the players are actively jumping and reaching for the ball. This is typical behavior during a volleyball game when players are trying to set up a spike or block the opposing team's attack.",C5
5.png,31,"The ball is likely located in the center of the court, just above the net, as it is the area where the players are actively jumping and reaching for the ball. This is typical behavior during a volleyball game when the ball is in play.",F5
5.png,32,"The ball is likely located in the center of the court, just above the net, as it is the area where the players are actively jumping and reaching for the ball. This is typical behavior during a volleyball game when players are trying to set up a spike or block the opposing team's attack.",C5
5.png,33,"The ball is likely located in the center of the court, just above the net, as it is the area where the players are actively jumping and reaching for the ball. This is typical behavior during a volleyball game when players are trying to set up a spike or block the opposing team's attack.",C5
5.png,34,"The ball is likely located in the center of the court, just above the net, as it is the area where the players are actively jumping and reaching for the ball. This is typical behavior during a volleyball game when the ball is in play.",F5
5.png,35,"The ball is likely located in the center of the court, just above the net, as it is the area where the players are actively jumping and reaching for the ball. This is typical behavior during a volleyball game when the ball is in play.",F5
5.png,36,"The ball is likely located in the center of the court, just above the net, as it is the area where the players are actively jumping and reaching for the ball. This is typical behavior during a volleyball game when players are trying to set up a spike or block the opposing team's attack.",C5
5.png,37,"The ball is likely located in the center of the court, just above the net, as it is the area where the players are actively jumping and reaching for the ball. This is typical behavior during a volleyball game when the ball is in play.",F5
5.png,38,"The ball is likely located in the center of the court, just above the net, as it is the area where the players are actively jumping and reaching for the ball. This is typical behavior during a volleyball game when the ball is in play.",F5
5.png,39,"The ball is likely located in the center of the court, just above the net, as it is the area where the players are actively jumping and reaching for the ball. This is typical behavior during a volleyball game when the ball is in play.",F5
5.png,40,"The ball is likely located in the center of the court, just above the net, as it is the area where the players are actively jumping and reaching for the ball. This is typical behavior during a volleyball game when the ball is in play.",F5
5.png,41,"The ball is likely located in the center of the court, just above the net, as it is the area where the players are actively jumping and reaching for the ball. This is typical behavior during a volleyball game when players are trying to set up a spike or block the opposing team's attack.",C5
5.png,42,"The ball is likely located in the center of the court, just above the net, as it is the area where the players are actively jumping and reaching for the ball. This is typical behavior during a volleyball game when players are trying to set up a spike or block the opposing team's attack.",C5
5.png,43,"The ball is likely located in the center of the court, just above the net, as it is the area where the players are actively jumping and reaching for the ball. This is typical behavior during a volleyball game when players are trying to set up a spike or block the opposing team's attack.",C5
5.png,44,"The ball is likely located in the center of the court, just above the net, as it is the area where the players are actively jumping and reaching for the ball. This is typical behavior during a volleyball game when the ball is in play.",F5
5.png,45,"The ball is likely located in the center of the court, just above the net, as it is the area where the players are actively jumping and reaching for the ball. This is typical behavior during a volleyball game when players are trying to set up a spike or block the opposing team's attack.",C5
5.png,46,"The ball is likely located in the center of the court, just above the net, as it is the area where the players are actively jumping and reaching for the ball. This is typical behavior during a volleyball game when the ball is in play.",F5
5.png,47,"The ball is likely located in the center of the court, just above the net, as it is the area where the players are actively jumping and reaching for the ball. This is typical behavior during a volleyball game when the ball is in play.",F5
5.png,48,"The ball is likely located in the center of the court, just above the net, as it is the area where the players are actively jumping and reaching for the ball. This is typical behavior during a volleyball game when the ball is in play.",F5
5.png,49,"The ball is likely located in the center of the court, just above the net, as it is the area where the players are actively jumping and reaching for the ball. This is typical behavior during a volleyball game when the ball is in play.",F5
5.png,50,"The ball is likely located in the center of the court, just above the net, as it is the area where the players are actively jumping and reaching for the ball. This is typical behavior during a volleyball game when the ball is in play.",F5
13.png,1,"The ball is likely located in the center of the image, just below the net, as it is a common position for a volleyball during play. The players' body positions suggest they are actively engaged in the game, which typically involves the ball being near the net area.",D5
13.png,2,"The ball is likely located in the center of the image, just below the net, as it is a common position for a volleyball during play. The players' body positions suggest they are actively engaged in the game, which typically involves the ball being near the net area.",D5
13.png,3,"The ball is likely located in the center of the image, just below the net, as it is a common position for a volleyball during play. The players' body positions suggest they are actively engaged in the game, which typically involves the ball being near the net area.",D5
13.png,4,"The ball is likely located in the center of the image, just below the net, as it is a common position for a volleyball during play. The players' body positions suggest they are actively engaged in the game, which typically involves the ball being near the net area.",D5
13.png,5,"The ball is likely located in the center of the image, just below the net, as it is a common position for a volleyball during play. The players' body positions suggest they are actively engaged in the game, which typically involves the ball being near the net area.",D5
13.png,6,"The ball is likely located in the center of the image, just below the net, as it is a common position for a volleyball during play. The players' body positions suggest they are actively engaged in the game, which typically involves the ball being near the net area.",D5
13.png,7,"The ball is likely located in the center of the image, just below the net, as it is a common position for a volleyball during play. The players' body positions suggest they are actively engaged in the game, which typically involves the ball being near the net area.",D5
13.png,8,"The ball is likely located in the center of the image, just below the net, as it is a common position for a volleyball during play. The players' body positions suggest they are actively engaged in the game, which typically involves the ball being near the net area.",D5
13.png,9,"The ball is likely located in the center of the image, just below the net, as it is a common position for a volleyball during play. The players' body positions suggest they are actively engaged in the game, which typically involves the ball being near the net area.",D5
13.png,10,"The ball is likely located in the center of the image, just below the net, as it is a common position for a volleyball during play. The players' body positions suggest they are actively engaged in the game, which typically involves the ball being near the net area.",D5
13.png,11,"The ball is likely located in the center of the image, just below the net, as it is a common position for a volleyball during play. The players' body positions suggest they are actively engaged in the game, which typically involves the ball being near the net area.",D5
13.png,12,"The ball is likely located in the center of the image, just below the net, as it is a common position for a volleyball during play. The players' body positions suggest they are actively engaged in the game, which typically involves the ball being near the net area.",D5
13.png,13,"The ball is likely located in the center of the image, just below the net, as it is a common position for a volleyball during play. The players' body positions suggest they are actively engaged in the game, which typically involves the ball being near the net area.",D5
13.png,14,"The ball is likely located in the center of the image, just below the net, as it is a common position for a volleyball during play. The players' body positions suggest they are actively engaged in the game, which typically involves the ball being near the net area.",D5
13.png,15,"The ball is likely located in the center of the image, just below the net, as it is a common position for a volleyball during play. The players' body positions suggest they are actively engaged in the game, which typically involves the ball being near the net area.",D5
13.png,16,"The ball is likely located in the center of the image, just below the net, as it is a common position for a volleyball during play. The players' body positions suggest they are actively engaged in the game, which typically involves the ball being near the net area.",D5
13.png,17,"The ball is likely located in the center of the image, just below the net, as it is a common position for a volleyball during play. The players' body positions suggest they are actively engaged in the game, which typically involves the ball being near the net area.",D5
13.png,18,"The ball is likely located in the center of the image, just below the net, as it is a common position for a volleyball during play. The players' body positions suggest they are actively engaged in the game, which typically involves the ball being near the net area.",D5
13.png,19,"The ball is likely located in the center of the image, just below the net, as it is a common position for a volleyball during play. The players' body positions suggest they are actively engaged in the game, which typically involves the ball being near the net area.",D5
13.png,20,"The ball is likely located in the center of the image, just below the net, as it is a common position for a volleyball during play. The players' body positions suggest they are actively engaged in the game, which typically involves the ball being near the net area.",D5
13.png,21,"The ball is likely located in the center of the image, just below the net, as it is a common position for a volleyball during play. The players' body positions suggest they are actively engaged in the game, which typically involves the ball being near the net area.",D5
13.png,22,"The ball is likely located in the center of the image, just below the net, as it is a common position for a volleyball during play. The players' body positions suggest they are actively engaged in the game, which typically involves the ball being near the net area.",D5
13.png,23,"The ball is likely located in the center of the image, just below the net, as it is a common position for a volleyball during play. The players' body positions suggest they are actively engaged in the game, which typically involves the ball being near the net area.",D5
13.png,24,"The ball is likely located in the center of the image, just below the net, as it is a common position for a volleyball during play. The players' body positions suggest they are actively engaged in the game, which typically involves the ball being near the net area.",D5
13.png,25,"The ball is likely located in the center of the image, just below the net, as it is a common position for a volleyball during play. The players' body positions suggest they are actively engaged in the game, which typically involves the ball being near the net area.",D5
13.png,26,"The ball is likely located in the center of the image, just below the net, as it is a common position for a volleyball during play. The players' body positions suggest they are actively engaged in the game, which typically involves the ball being near the net area.",D5
13.png,27,"The ball is likely located in the center of the image, just below the net, as it is a common position for a volleyball during play. The players' body positions suggest they are actively engaged in the game, which typically involves the ball being near the net area.",D5
13.png,28,"The ball is likely located in the center of the image, just below the net, as it is a common position for a volleyball during play. The players' body positions suggest they are actively engaged in the game, which typically involves the ball being near the net area.",D5
13.png,29,"The ball is likely located in the center of the image, just below the net, as it is a common position for a volleyball during play. The players' body positions suggest they are actively engaged in the game, which typically involves the ball being near the net area.",D5
13.png,30,"The ball is likely located in the center of the image, just below the net, as it is a common position for a volleyball during play. The players' body positions suggest they are actively engaged in the game, which typically involves the ball being near the net area.",D5
13.png,31,"The ball is likely located in the center of the image, just below the net, as it is a common position for a volleyball during play. The players' body positions suggest they are actively engaged in the game, which typically involves the ball being near the net area.",D5
13.png,32,"The ball is likely located in the center of the image, just below the net, as it is a common position for a volleyball during play. The players' body positions suggest they are actively engaged in the game, which typically involves the ball being near the net area.",D5
13.png,33,"The ball is likely located in the center of the image, just below the net, as it is a common position for a volleyball during play. The players' body positions suggest they are actively engaged in the game, which typically involves the ball being near the net area.",D5
13.png,34,"The ball is likely located in the center of the image, just below the net, as it is a common position for a volleyball during play. The players' body positions suggest they are actively engaged in the game, which typically involves the ball being near the net area.",D5
13.png,35,"The ball is likely located in the center of the image, just below the net, as it is a common position for a volleyball during play. The players' body positions suggest they are actively engaged in the game, which typically involves the ball being near the net area.",D5
13.png,36,"The ball is likely located in the center of the image, just below the net, as it is a common position for a volleyball during play. The players' body positions suggest they are actively engaged in the game, which typically involves the ball being near the net area.",D5
13.png,37,"The ball is likely located in the center of the image, just below the net, as it is a common position for a volleyball during play. The players' body positions suggest they are actively engaged in the game, which typically involves the ball being near the net area.",D5
13.png,38,"The ball is likely located in the center of the image, just below the net, as it is a common position for a volleyball during play. The players' body positions suggest they are actively engaged in the game, which typically involves the ball being near the net area.",D5
13.png,39,"The ball is likely located in the center of the image, just below the net, as it is a common position for a volleyball during play. The players' body positions suggest they are actively engaged in the game, which typically involves the ball being near the net area.",D5
13.png,40,"The ball is likely located in the center of the image, just below the net, as it is a common position for a volleyball during play. The players' body positions suggest they are actively engaged in the game, which typically involves the ball being near the net area.",D5
13.png,41,"The ball is likely located in the center of the image, just below the net, as it is a common position for a volleyball during play. The players' body positions suggest they are actively engaged in the game, which typically involves the ball being near the net area.",D5
13.png,42,"The ball is likely located in the center of the image, just below the net, as it is a common position for a volleyball during play. The players' body positions suggest they are actively engaged in the game, which typically involves the ball being near the net area.",D5
13.png,43,"The ball is likely located in the center of the image, just below the net, as it is a common position for a volleyball during play. The players' body positions suggest they are actively engaged in the game, which typically involves the ball being near the net area.",D5
13.png,44,"The ball is likely located in the center of the image, just below the net, as it is a common position for a volleyball during play. The players' body positions suggest they are actively engaged in the game, which typically involves the ball being near the net area.",D5
13.png,45,"The ball is likely located in the center of the image, just below the net, as it is a common position for a volleyball during play. The players' body positions suggest they are actively engaged in the game, which typically involves the ball being near the net area.",D5
13.png,46,"The ball is likely located in the center of the image, just below the net, as it is a common position for a volleyball during play. The players' body positions suggest they are actively engaged in the game, which typically involves the ball being near the net area.",D5
13.png,47,"The ball is likely located in the center of the image, just below the net, as it is a common position for a volleyball during play. The players' body positions suggest they are actively engaged in the game, which typically involves the ball being near the net area.",D5
13.png,48,"The ball is likely located in the center of the image, just below the net, as it is a common position for a volleyball during play. The players' body positions suggest they are actively engaged in the game, which typically involves the ball being near the net area.",D5
13.png,49,"The ball is likely located in the center of the image, just below the net, as it is a common position for a volleyball during play. The players' body positions suggest they are actively engaged in the game, which typically involves the ball being near the net area.",D5
13.png,50,"The ball is likely located in the center of the image, just below the net, as it is a common position for a volleyball during play. The players' body positions suggest they are actively engaged in the game, which typically involves the ball being near the net area.",D5
15.png,1,"The ball is likely located in the area where the players' hands are closest together, as this is where the action typically occurs during a serve or spike in volleyball. Given the positions of the players, it appears that the ball is being served by the player in the center of the image, who is jumping and has their arm extended upwards. Therefore, the ball is most likely in the air above the player's hand.",E5
15.png,2,"The ball is likely located in the area where the players' hands are closest together, as this is where the action typically occurs during a serve or spike in volleyball. Given the positions of the players, it appears that the ball is being served by the player in the center of the image, who is jumping and has their arm extended upwards. Therefore, the ball is most likely located in the cell directly below the player's hand, which is F5.",F5
15.png,3,"The ball is likely located in the area where the players' hands are closest together, as this is where the action typically occurs during a serve or spike in volleyball. Given the positions of the players, it appears that the ball is being served by the player in the center of the image, who is jumping and has their arm extended upwards. Therefore, the ball is most likely located in the cell directly below the player's hand, which is F5.",F5
15.png,4,"The ball is likely located in the area where the players' hands are closest together, as this is where the action typically occurs during a serve or spike in volleyball. Given the positions of the players, it appears that the ball is being served by the player in the center of the image, who is jumping and has their arm extended upwards. Therefore, the ball is most likely in the air above the player's hand.",E5
15.png,5,"The ball is likely located in the area where the players' hands are closest together, as this is where the action typically occurs during a serve or spike in volleyball. Given the positions of the players, it appears that the ball is being served by the player in the center of the image, who is jumping and has their arm extended upwards. Therefore, the ball is most likely located in the cell directly below the player's hand, which is F5.",F5
15.png,6,"The ball is likely located in the area where the players' hands are closest together, as this is where the action typically occurs during a serve or spike in volleyball. Given the positions of the players, it appears that the ball is being served by the player in the center of the image, who is jumping and has their arm extended upwards. Therefore, the ball is most likely located in the cell directly below the player's hand, which is F5.",F5
15.png,7,"The ball is likely located in the area where the players' hands are closest together, as this is where the action typically occurs during a serve or spike in volleyball. Given the positions of the players, it appears that the ball is being served by the player in the center of the image, who is jumping and has their arm extended upwards. Therefore, the ball is most likely located in the cell directly below the player's hand, which is F5.",F5
15.png,8,"The ball is likely located in the area where the players' hands are closest together, as this is where the action typically occurs during a serve or spike in volleyball. Given the positions of the players, it appears that the ball is being served by the player in the center of the image, who is jumping and has their arm extended upwards. Therefore, the ball is most likely located in the cell directly below the player's hand, which is F5.",F5
15.png,9,"The ball is likely located in the area where the players' hands are closest together, as this is where the action typically occurs during a serve or spike in volleyball. Given the positions of the players, it appears that the ball is being served by the player in the center of the image, who is jumping and has their arm extended upwards. Therefore, the ball is most likely located in the cell directly below the player's hand, which is F5.",F5
15.png,10,"The ball is likely located in the area where the players' hands are closest together, as this is where the action typically occurs during a serve or spike in volleyball. Given the positions of the players, it appears that the ball is being served by the player in the center of the image, who is jumping and has their arm extended upwards. Therefore, the ball is most likely located in the cell directly below the player's hand, which is F5.",F5
15.png,11,"The ball is likely located in the area where the players' hands are closest together, as this is where the action typically occurs during a serve or spike in volleyball. Given the positions of the players, it appears that the ball is being served by the player in the center of the image, who is jumping and has their arm extended upwards. Therefore, the ball is most likely located in the cell directly below the player's hand, which is F5.",F5
15.png,12,"The ball is likely located in the area where the players' hands are closest together, as this is where the action typically occurs during a serve or spike in volleyball. Given the positions of the players, it appears that the ball is being served by the player in the center of the image, who is jumping and has their arm extended upwards. Therefore, the ball is most likely located in the cell directly below the player's hand, which is F5.",F5
15.png,13,"The ball is likely located in the area where the players' hands are closest together, as this is where the action typically occurs during a serve or spike in volleyball. Given the positions of the players, it appears that the ball is being served by the player in the center of the image, who is jumping and has their arm extended upwards. Therefore, the ball is most likely located in the cell directly below the player's hand, which is F5.",F5
15.png,14,"The ball is likely located in the area where the players' hands are closest together, as this is where the action typically occurs during a serve or spike in volleyball. Given the positions of the players, it appears that the ball is being served by the player in the center of the image, who is jumping and has their arm extended upwards. Therefore, the ball is most likely in the air above this player's hand.",E5
15.png,15,"The ball is likely located in the area where the players' hands are closest together, as this is where the action typically occurs during a serve or spike in volleyball. Given the positions of the players, it appears that the ball is being served by the player in the center of the image, who is jumping and has their arm extended upwards. Therefore, the ball is most likely in the air above the player's hand.",E5
15.png,16,"The ball is likely located in the area where the players' hands are closest together, as this is where the action typically occurs during a serve or spike in volleyball. Given the positions of the players, it appears that the ball is being served by the player in the center of the image, who is jumping and has their arm extended upwards. Therefore, the ball is most likely in the air above this player's hand.",E5
15.png,17,"The ball is likely located in the area where the players' hands are closest together, as this is where the action typically occurs during a serve or spike in volleyball. Given the positions of the players, it appears that the ball is being served by the player in the center of the image, who is jumping and has their arm extended upwards. Therefore, the ball is most likely located in the cell directly below the player's hand, which is F5.",F5
15.png,18,"The ball is likely located in the area where the players' hands are closest together, as this is where the action typically occurs during a serve or spike in volleyball. Given the positions of the players, it appears that the ball is being served by the player in the center of the image, who is jumping and has their arm extended upwards. Therefore, the ball is most likely located in the cell directly below the player's hand, which is F5.",F5
15.png,19,"The ball is likely located in the area where the players' hands are closest together, as this is where the action typically occurs during a serve or spike in volleyball. Given the positions of the players, it appears that the ball is being served by the player in the center of the image, who is jumping and has their arm extended upwards. Therefore, the ball is most likely located in the cell directly below the player's hand, which is F5.",F5
15.png,20,"The ball is likely located in the area where the players' hands are closest together, as this is where the action typically occurs during a serve or spike in volleyball. Given the positions of the players, it appears that the ball is being served by the player in the center of the image, who is jumping and has their arm extended upwards. Therefore, the ball is most likely located in the cell directly below the player's hand, which is F5.",F5
15.png,21,"The ball is likely located in the area where the players' hands are closest together, as this is where the action typically occurs during a serve or spike in volleyball. Given the positions of the players, it appears that the ball is being served by the player in the center of the image, who is jumping and has their arm extended upwards. Therefore, the ball is most likely located in the cell directly below the player's hand, which is F5.",F5
15.png,22,"The ball is likely located in the area where the players' hands are closest together, as this is where the action typically occurs during a serve or spike in volleyball. Given the positions of the players, it appears that the ball is being served by the player in the center of the image, who is jumping and has their arm extended upwards. Therefore, the ball is most likely in the air above this player's hand.",E5
15.png,23,"The ball is likely located in the area where the players' hands are closest together, as this is where the action typically occurs during a serve or spike in volleyball. Given the positions of the players, it appears that the ball is being served by the player in the center of the image, who is jumping and has their arm extended upwards. Therefore, the ball is most likely in the air above this player's hand.",E5
15.png,24,"The ball is likely located in the area where the players' hands are closest together, as this is where the action typically occurs during a serve or spike in volleyball. Given the positions of the players, it appears that the ball is being served by the player in the center of the image, who is jumping and has their arm extended upwards. Therefore, the ball is most likely in the air above the player's hand.",E5
15.png,25,"The ball is likely located in the area where the players' hands are closest together, as this is where the action typically occurs during a serve or spike in volleyball. Given the positions of the players, it appears that the ball is being served by the player in the center of the image, who is jumping and has their arm extended upwards. Therefore, the ball is most likely in the air above the player's hand.",E5
15.png,26,"The ball is likely located in the area where the players' hands are closest together, as this is where the action typically occurs during a serve or spike in volleyball. Given the positions of the players, it appears that the ball is being served by the player in the center of the image, who is jumping and has their arm extended upwards. Therefore, the ball is most likely in the air above the player's hand.",E5
15.png,27,"The ball is likely located in the area where the players' hands are closest together, as this is where the action typically occurs during a serve or spike in volleyball. Given the positions of the players, it appears that the ball is being served by the player in the center of the image, who is jumping and has their arm extended upwards. Therefore, the ball is most likely located in the cell directly below the player's hand, which is F5.",F5
15.png,28,"The ball is likely located in the area where the players' hands are closest together, as this is where the action typically occurs during a serve or spike in volleyball. Given the positions of the players, it appears that the ball is being served by the player in the center of the image, who is jumping and has their arm extended upwards. Therefore, the ball is most likely in the air above this player's hand.",E5
15.png,29,"The ball is likely located in the area where the players' hands are closest together, as this is where the action typically occurs during a serve or spike in volleyball. Given the positions of the players, it appears that the ball is being served by the player in the center of the image, who is jumping and has their arm extended upwards. Therefore, the ball is most likely in the air above the player's hand.",E5
15.png,30,"The ball is likely located in the area where the players' hands are closest together, as this is where the action typically occurs during a serve or spike in volleyball. Given the positions of the players, it appears that the ball is being served by the player in the center of the image, who is jumping and has their arm extended upwards. Therefore, the ball is most likely located in the cell directly below the player's hand, which is F5.",F5
15.png,31,"The ball is likely located in the area where the players' hands are closest together, as this is where the action typically occurs during a serve or spike in volleyball. Given the positions of the players, it appears that the ball is being served by the player in the center of the image, who is jumping and has their arm extended upwards. Therefore, the ball is most likely located in the cell directly below the player's hand, which is F5.",F5
15.png,32,"The ball is likely located in the area where the players' hands are closest together, as this is where the action typically occurs during a serve or spike in volleyball. Given the positions of the players, it appears that the ball is being served by the player in the center of the image, who is jumping and has their arm extended upwards. Therefore, the ball is most likely in the air above this player's hand.",E5
15.png,33,"The ball is likely located in the area where the players' hands are closest together, as this is where the action typically occurs during a serve or spike in volleyball. Given the positions of the players, it appears that the ball is being served by the player in the center of the image, who is jumping and has their arm extended upwards. Therefore, the ball is most likely located in the cell directly below the player's hand, which is F5.",F5
15.png,34,"The ball is likely located in the area where the players' hands are closest together, as this is where the action typically occurs during a serve or spike in volleyball. Given the positions of the players, it appears that the ball is being served by the player in the center of the image, who is jumping and has their arm extended upwards. Therefore, the ball is most likely in the air above the player's hand.",E5
15.png,35,"The ball is likely located in the area where the players' hands are closest together, as this is where the action typically occurs during a serve or spike in volleyball. Given the positions of the players, it appears that the ball is being served by the player in the center of the image, who is jumping and has their arm extended upwards. Therefore, the ball is most likely in the air above this player's hand.",E5
15.png,36,"The ball is likely located in the area where the players' hands are closest together, as this is where the action typically occurs during a serve or spike in volleyball. Given the positions of the players, it appears that the ball is being served by the player in the center of the image, who is jumping and has their arm extended upwards. Therefore, the ball is most likely in the air above the player's hand.",E5
15.png,37,"The ball is likely located in the area where the players' hands are closest together, as this is where the action typically occurs during a serve or spike in volleyball. Given the positions of the players, it appears that the ball is being served by the player in the center of the image, who is jumping and has their arm extended upwards. Therefore, the ball is most likely in the air above the player's hand.",E5
15.png,38,"The ball is likely located in the area where the players' hands are closest together, as this is where the action typically occurs during a serve or spike in volleyball. Given the positions of the players, it appears that the ball is being served by the player in the center of the image, who is jumping and has their arm extended upwards. Therefore, the ball is most likely located in the cell directly below the player's hand, which is F5.",F5
15.png,39,"The ball is likely located in the area where the players' hands are closest together, as this is where the action typically occurs during a serve or spike in volleyball. Given the positions of the players, it appears that the ball is being served by the player in the center of the image, who is jumping and has their arm extended upwards. Therefore, the ball is most likely in the air above this player's hand.",E5
15.png,40,"The ball is likely located in the area where the players' hands are closest together, as this is where the action typically occurs during a serve or spike in volleyball. Given the positions of the players, it appears that the ball is being served by the player in the center of the image, who is jumping and has their arm extended upwards. Therefore, the ball is most likely in the air above this player's hand.",E5
15.png,41,"The ball is likely located in the area where the players' hands are closest together, as this is where the action typically occurs during a serve or spike in volleyball. Given the positions of the players, it appears that the ball is being served by the player in the center of the image, who is jumping and has their arm extended upwards. Therefore, the ball is most likely located in the cell directly below the player's hand, which is F5.",F5
15.png,42,"The ball is likely located in the area where the players' hands are closest together, as this is where the action typically occurs during a serve or spike in volleyball. Given the positions of the players, it appears that the ball is being served by the player in the center of the image, who is jumping and has their arm extended upwards. Therefore, the ball is most likely in the air above this player's hand.",E5
15.png,43,"The ball is likely located in the area where the players' hands are closest together, as this is where the action typically occurs during a serve or spike in volleyball. Given the positions of the players, it appears that the ball is being served by the player in the center of the image, who is jumping and has their arm extended upwards. Therefore, the ball is most likely in the air above this player's hand.",E5
15.png,44,"The ball is likely located in the area where the players' hands are closest together, as this is where the action typically occurs during a serve or spike in volleyball. Given the positions of the players, it appears that the ball is being served by the player in the center of the image, who is jumping and has their arm extended upwards. Therefore, the ball is most likely in the air above the player's hand.",E5
15.png,45,"The ball is likely located in the area where the players' hands are closest together, as this is where the action typically occurs during a serve or spike in volleyball. Given the positions of the players, it appears that the ball is being served by the player in the center of the image, who is jumping and has their arm extended upwards. Therefore, the ball is most likely in the air above the player's hand.",E5
15.png,46,"The ball is likely located in the area where the players' hands are closest together, as this is where the action typically occurs during a serve or spike in volleyball. Given the positions of the players, it appears that the ball is being served by the player in the center of the image, who is jumping and has their arm extended upwards. Therefore, the ball is most likely located in the cell directly below the player's hand, which is F5.",F5
15.png,47,"The ball is likely located in the area where the players' hands are closest together, as this is where the action typically occurs during a serve or spike in volleyball. Given the positions of the players, it appears that the ball is being served by the player in the center of the image, who is jumping and has their arm extended upwards. Therefore, the ball is most likely in the air above this player's hand.",E5
15.png,48,"The ball is likely located in the area where the players' hands are closest together, as this is where the action typically occurs during a serve or spike in volleyball. Given the positions of the players, it appears that the ball is being served by the player in the center of the image, who is jumping and has their arm extended upwards. Therefore, the ball is most likely located in the cell directly below the player's hand, which is F5.",F5
15.png,49,"The ball is likely located in the area where the players' hands are closest together, as this is where the action typically occurs during a serve or spike in volleyball. Given the positions of the players, it appears that the ball is being served by the player in the center of the image, who is jumping and has their arm extended upwards. Therefore, the ball is most likely located in the cell directly below the player's hand, which is F5.",F5
15.png,50,"The ball is likely located in the area where the players' hands are closest together, as this is where the action typically occurs during a serve or spike in volleyball. Given the positions of the players, it appears that the ball is being served by the player in the center of the image, who is jumping and has their arm extended upwards. Therefore, the ball is most likely in the air above the player's hand.",E5
39.png,1,"The ball is likely located in the center of the court, near the net, as it is the area where players are actively moving towards and preparing to hit the ball. Given the positions of the players, it appears that the ball was recently passed or set by one of the players in the middle of the court, making F5 the most probable location for the ball.",F5
39.png,2,"The ball is likely located in the center of the court, near the net, as it is the area where players are actively moving towards and preparing to hit the ball. This suggests that the ball was recently passed or served into this region.",D5
39.png,3,"The ball is likely located in the center of the court, near the net, as it is the area where players are actively moving towards and preparing to hit the ball. This suggests that the ball was recently passed or served into this region.",D5
39.png,4,"The ball is likely located in the center of the court, near the net, as it is the area where players are actively moving towards and preparing to hit the ball. Given the positions of the players, it appears that the ball was recently passed or set by one of the players in the middle of the court, making F5 the most probable location for the ball.",F5
39.png,5,"The ball is likely located in the center of the court, near the net, as it is the area where players are actively moving towards and preparing to hit the ball. This suggests that the ball was recently passed or served into this region.",D5
39.png,6,"The ball is likely located in the center of the court, near the net, as it is the area where players are actively moving towards and preparing to hit the ball. This suggests that the ball was recently passed or served into this region.",D5
39.png,7,"The ball is likely located in the center of the court, near the net, as it is the area where players are actively moving towards and preparing to hit the ball. This suggests that the ball was recently passed or served into this region.",D5
39.png,8,"The ball is likely located in the center of the court, near the net, as it is the area where players are actively moving towards and preparing to hit the ball. This suggests that the ball was recently passed or served into this region.",D5
39.png,9,"The ball is likely located in the center of the court, near the net, as it is the area where players are actively moving towards and preparing to hit the ball. This suggests that the ball was recently passed or served into this region.",D5
39.png,10,"The ball is likely located in the center of the court, near the net, as it is the area where players are actively moving towards and preparing to hit the ball. Given the positions of the players, it appears that the ball was recently passed or set by one of the players in the middle of the court, making F5 the most probable location for the ball.",F5
39.png,11,"The ball is likely located in the center of the court, near the net, as it is the area where players are actively moving towards and preparing to hit the ball. This suggests that the ball was recently passed or served into this region.",D5
39.png,12,"The ball is likely located in the center of the court, near the net, as it is the area where players are actively moving towards and preparing to hit the ball. This suggests that the ball was recently passed or served into this region.",D5
39.png,13,"The ball is likely located in the center of the court, near the net, as it is the area where players are actively moving towards and preparing to hit the ball. Given the positions of the players, it appears that the ball was recently passed or set by one of the players in the middle of the court, making F5 the most probable location for the ball.",F5
39.png,14,"The ball is likely located in the center of the court, near the net, as it is the area where players are actively moving towards and preparing to hit the ball. Given the positions of the players, it appears that the ball was recently passed or set by one of the players in the middle of the court, making F5 the most probable location for the ball.",F5
39.png,15,"The ball is likely located in the center of the court, near the net, as it is the area where players are actively moving towards and preparing to hit the ball. This suggests that the ball was recently passed or served into this region.",D5
39.png,16,"The ball is likely located in the center of the court, near the net, as it is the area where players are actively moving towards and preparing to hit the ball. This suggests that the ball was recently passed or served into this region.",D5
39.png,17,"The ball is likely located in the center of the court, near the net, as it is the area where players are actively moving towards and preparing to hit the ball. Given the positions of the players, it appears that the ball was recently passed or set by one of the players in the middle of the court, making F5 the most probable location for the ball.",F5
39.png,18,"The ball is likely located in the center of the court, near the net, as it is the area where players are actively moving towards and preparing to hit the ball. Given the positions of the players, it appears that the ball was recently passed or set by one of the players in the middle of the court, making F5 the most probable location for the ball.",F5
39.png,19,"The ball is likely located in the center of the court, near the net, as it is the area where players are actively moving towards and preparing to hit the ball. This suggests that the ball was recently passed or served into this region.",D5
39.png,20,"The ball is likely located in the center of the court, near the net, as it is the area where players are actively moving towards and preparing to hit the ball. Given the positions of the players, it appears that the ball was recently passed or set by one of the players in the middle of the court, making F5 the most probable location for the ball.",F5
39.png,21,"The ball is likely located in the center of the court, near the net, as it is the area where players are actively moving towards and preparing to hit the ball. This suggests that the ball was recently passed or served into this region.",D5
39.png,22,"The ball is likely located in the center of the court, near the net, as it is the area where players are actively moving towards and preparing to hit the ball. This suggests that the ball was recently passed or served into this region.",D5
39.png,23,"The ball is likely located in the center of the court, near the net, as it is the area where players are actively moving towards and preparing to hit the ball. Given the positions of the players, it appears that the ball was recently passed or set by one of the players in the middle of the court, making F5 the most probable location for the ball.",F5
39.png,24,"The ball is likely located in the center of the court, near the net, as it is the area where players are actively moving towards and preparing to hit the ball. Given the positions of the players, it appears that the ball was recently passed or set by one of the players in the middle of the court, making F5 the most probable location for the ball.",F5
39.png,25,"The ball is likely located in the center of the court, near the net, as it is the area where players are actively moving towards and preparing to hit the ball. Given the positions of the players, it appears that the ball was recently passed or set by one of the players in the middle of the court, making F5 the most probable location for the ball.",F5
39.png,26,"The ball is likely located in the center of the court, near the net, as it is the area where players are actively moving towards and preparing to hit the ball. This suggests that the ball was recently passed or served into this region.",D5
39.png,27,"The ball is likely located in the center of the court, near the net, as it is the area where players are actively moving towards and preparing to hit the ball. This suggests that the ball was recently passed or served into this region.",D5
39.png,28,"The ball is likely located in the center of the court, near the net, as it is the area where players are actively moving towards and preparing to hit the ball. This suggests that the ball was recently passed or served into this region.",D5
39.png,29,"The ball is likely located in the center of the court, near the net, as it is the area where players are actively moving towards and preparing to hit the ball. Given the positions of the players, it appears that the ball was recently passed or set by one of the players in the middle of the court, making F5 the most probable location for the ball.",F5
39.png,30,"The ball is likely located in the center of the court, near the net, as it is the area where players are actively moving towards and preparing to hit the ball. This suggests that the ball was recently passed or served into this region.",D5
39.png,31,"The ball is likely located in the center of the court, near the net, as it is the area where players are actively moving towards and preparing to hit the ball. This suggests that the ball was recently passed or served into this region.",D5
39.png,32,"The ball is likely located in the center of the court, near the net, as it is the area where players are actively moving towards and preparing to hit the ball. This suggests that the ball was recently passed or served into this region.",D5
39.png,33,"The ball is likely located in the center of the court, near the net, as it is the area where players are actively moving towards and preparing to hit the ball. Given the positions of the players, it appears that the ball was recently passed or set by one of the players in the middle of the court, making F5 the most probable location for the ball.",F5
39.png,34,"The ball is likely located in the center of the court, near the net, as it is the area where players are actively moving towards and preparing to hit the ball. Given the positions of the players, it appears that the ball was recently passed or set by one of the players in the middle of the court, making F5 the most probable location for the ball.",F5
39.png,35,"The ball is likely located in the center of the court, near the net, as it is the area where players are actively moving towards and preparing to hit the ball. Given the positions of the players, it appears that the ball was recently passed or set by one of the players in the middle of the court, making F5 the most probable location for the ball.",F5
39.png,36,"The ball is likely located in the center of the court, near the net, as it is the area where players are actively moving towards and preparing to hit the ball. This suggests that the ball was recently passed or served into this region.",D5
39.png,37,"The ball is likely located in the center of the court, near the net, as it is the area where players are actively moving towards and preparing to hit the ball. Given the positions of the players, it appears that the ball was recently passed or set by one of the players in the middle of the court, making F5 the most probable location for the ball.",F5
39.png,38,"The ball is likely located in the center of the court, near the net, as it is the area where players are actively moving towards and preparing to hit the ball. Given the positions of the players, it appears that the ball was recently passed or set by one of the players in the middle of the court, making F5 the most probable location for the ball.",F5
39.png,39,"The ball is likely located in the center of the court, near the net, as it is the area where players are actively moving towards and preparing to hit the ball. Given the positions of the players, it appears that the ball was recently passed or set by one of the players in the middle of the court, making F5 the most probable location for the ball.",F5
39.png,40,"The ball is likely located in the center of the court, near the net, as it is the area where players are actively moving towards and preparing to hit the ball. This suggests that the ball was recently passed or served into this region.",D5
39.png,41,"The ball is likely located in the center of the court, near the net, as it is the area where players are actively moving towards and preparing to hit the ball. Given the positions of the players, it appears that the ball was recently passed or set by one of the players in the middle of the court, making F5 the most probable location for the ball.",F5
39.png,42,"The ball is likely located in the center of the court, near the net, as it is the area where players are actively moving towards and preparing to hit the ball. This suggests that the ball was recently passed or served into this region.",D5
39.png,43,"The ball is likely located in the center of the court, near the net, as it is the area where players are actively moving towards and preparing to hit the ball. This suggests that the ball was recently passed or served into this region.",D5
39.png,44,"The ball is likely located in the center of the court, near the net, as it is the area where players are actively moving towards and preparing to hit the ball. Given the positions of the players, it appears that the ball was recently passed or set by one of the players in the middle of the court, making F5 the most probable location for the ball.",F5
39.png,45,"The ball is likely located in the center of the court, near the net, as it is the area where players are actively moving towards and preparing to hit the ball. This suggests that the ball was recently passed or served into this region.",D5
39.png,46,"The ball is likely located in the center of the court, near the net, as it is the area where players are actively moving towards and preparing to hit the ball. This suggests that the ball was recently passed or served into this region.",D5
39.png,47,"The ball is likely located in the center of the court, near the net, as it is the area where players are actively moving towards and preparing to hit the ball. This suggests that the ball was recently passed or served into this region.",D5
39.png,48,"The ball is likely located in the center of the court, near the net, as it is the area where players are actively moving towards and preparing to hit the ball. This suggests that the ball was recently passed or served into this region.",D5
39.png,49,"The ball is likely located in the center of the court, near the net, as it is the area where players are actively moving towards and preparing to hit the ball. This suggests that the ball was recently passed or served into this region.",D5
39.png,50,"The ball is likely located in the center of the court, near the net, as it is the area where players are actively moving towards and preparing to hit the ball. Given the positions of the players, it appears that the ball was recently passed or set by one of the players in the middle of the court, making F5 the most probable location for the ball.",F5
33.png,1,"The ball is likely located in the center of the court, as this is where players typically position themselves to receive or pass the ball during a volleyball game. Given the positions of the players and their movements, it appears that the ball was recently passed or set by one of the players in the middle of the court.",C5
33.png,2,"The ball is likely located in the center of the court, as this is where players typically position themselves to receive or pass the ball during a game. Given the positions of the players and their stances, it appears that the ball was recently passed or served towards the center of the court.",C5
33.png,3,"The ball is likely located in the center of the court, as this is where players typically position themselves to receive or pass the ball during a game. Given the positions of the players and the direction they are facing, it seems that the ball was recently passed or served towards the center of the court.",C5
33.png,4,"The ball is likely located in the center of the court, as this is where players typically position themselves to receive or pass the ball during a game. Given the positions of the players and the direction they are facing, it appears that the ball was recently passed or served towards the center of the court.",C5
33.png,5,"The ball is likely located in the center of the court, as this is where players typically position themselves to receive or pass the ball during a volleyball game. Given the positions of the players and their movements, it appears that the ball was recently passed or set by one of the players in the middle of the court.",C5
33.png,6,"The ball is likely located in the center of the court, as this is where players typically position themselves to receive or pass the ball during a game. Given the positions of the players and the direction they are facing, it appears that the ball was recently passed or served towards the center of the court.",C5
33.png,7,"The ball is likely located in the center of the court, as this is where players typically position themselves to receive or pass the ball during a game. Given the positions of the players and the direction they are facing, it seems that the ball was recently passed or served towards the center of the court.",C5
33.png,8,"The ball is likely located in the center of the court, as this is where players typically position themselves to receive or pass the ball during a volleyball game. Given the positions of the players and their movements, it appears that the ball was recently passed or set by one of the players in the middle of the court.",C5
33.png,9,"The ball is likely located in the center of the court, as this is where players typically position themselves to receive or pass the ball during a volleyball game. Given the positions of the players and their movements, it appears that the ball was recently passed or set by one of the players in the middle of the court.",C5
33.png,10,"The ball is likely located in the center of the court, as this is where players typically position themselves to receive or pass the ball during a game. Given the positions of the players and the direction they are facing, it appears that the ball was recently passed or served towards the center of the court.",C5
33.png,11,"The ball is likely located in the center of the court, as this is where players typically position themselves to receive or pass the ball during a volleyball game. Given the positions of the players and their movements, it appears that the ball was recently passed or set by one of the players in the middle of the court.",C5
33.png,12,"The ball is likely located in the center of the court, as this is where players typically position themselves to receive or pass the ball during a game. Given the positions of the players and the direction they are facing, it appears that the ball was recently passed or served towards the center of the court.",C5
33.png,13,"The ball is likely located in the center of the court, as this is where players typically position themselves to receive or pass the ball during a volleyball game. Given the positions of the players and their movements, it appears that the ball was recently passed or set by one of the players in the middle of the court.",C5
33.png,14,"The ball is likely located in the center of the court, as this is where players typically position themselves to receive or pass the ball during a volleyball game. Given the positions of the players and their movements, it appears that the ball was recently passed or set by one of the players in the middle of the court.",C5
33.png,15,"The ball is likely located in the center of the court, as this is where players typically position themselves to receive or pass the ball during a game. Given the positions of the players and the direction they are facing, it seems that the ball was recently passed or served towards the center of the court.",C5
33.png,16,"The ball is likely located in the center of the court, as this is where players typically position themselves to receive or pass the ball during a game. Given the positions of the players and the direction they are facing, it seems that the ball was recently passed or served towards the center of the court.",C5
33.png,17,"The ball is likely located in the center of the court, as this is where players typically position themselves to receive or pass the ball during a volleyball game. Given the positions of the players and their movements, it appears that the ball was recently passed or set by one of the players in the middle of the court.",C5
33.png,18,"The ball is likely located in the center of the court, as this is where players typically position themselves to receive or pass the ball during a game. Given the positions of the players and the direction they are facing, it appears that the ball was recently passed or served towards the center of the court.",C5
33.png,19,"The ball is likely located in the center of the court, as this is where players typically position themselves to receive or pass the ball during a volleyball game. Given the positions of the players and their movements, it appears that the ball was recently passed or set by one of the players in the middle of the court.",C5
33.png,20,"The ball is likely located in the center of the court, as this is where players typically position themselves to receive or pass the ball during a volleyball game. Given the positions of the players and their movements, it appears that the ball was recently passed or set by one of the players in the middle of the court.",C5
33.png,21,"The ball is likely located in the center of the court, as this is where players typically position themselves to receive or pass the ball during a game. Given the positions of the players and their movements, it appears that the ball was recently passed or served towards the center of the court.",C5
33.png,22,"The ball is likely located in the center of the court, as this is where players typically position themselves to receive or pass the ball during a game. Given the positions of the players and the direction they are facing, it seems that the ball was recently passed or served towards the center of the court.",C5
33.png,23,"The ball is likely located in the center of the court, as this is where players typically position themselves to receive or pass the ball during a game. Given the positions of the players and the direction they are facing, it appears that the ball was recently passed or served towards the center of the court.",C5
33.png,24,"The ball is likely located in the center of the court, as this is where players typically position themselves to receive or pass the ball during a volleyball game. Given the positions of the players and their movements, it appears that the ball was recently passed or set by one of the players in the middle of the court.",C5
33.png,25,"The ball is likely located in the center of the court, as this is where players typically position themselves to receive or pass the ball during a volleyball game. Given the positions of the players and their movements, it appears that the ball was recently passed or set by one of the players in the middle of the court.",C5
33.png,26,"The ball is likely located in the center of the court, as this is where players typically position themselves to receive or pass the ball during a game. Given the positions of the players and the direction they are facing, it appears that the ball was recently passed or served towards the center of the court.",C5
33.png,27,"The ball is likely located in the center of the court, as this is where players typically position themselves to receive or pass the ball during a game. Given the positions of the players and their stances, it appears that the ball was recently passed or served towards the center of the court.",C5
33.png,28,"The ball is likely located in the center of the court, as this is where players typically position themselves to receive or pass the ball during a game. Given the positions of the players and the direction they are facing, it appears that the ball was recently passed or served towards the center of the court.",C5
33.png,29,"The ball is likely located in the center of the court, as this is where players typically position themselves to receive or pass the ball during a game. Given the positions of the players and the direction they are facing, it seems that the ball was recently passed or served towards the center of the court.",C5
33.png,30,"The ball is likely located in the center of the court, as this is where players typically position themselves to receive or pass the ball during a game. Given the positions of the players and the direction they are facing, it seems that the ball was recently passed or served towards the center of the court.",C5
33.png,31,"The ball is likely located in the center of the court, as this is where players typically position themselves to receive or pass the ball during a game. Given the positions of the players and the direction they are facing, it seems that the ball was recently passed or served towards the center of the court.",C5
33.png,32,"The ball is likely located in the center of the court, as this is where players typically position themselves to receive or pass the ball during a volleyball game. Given the positions of the players and their movements, it appears that the ball was recently passed or set by one of the players in the middle of the court.",C5
33.png,33,"The ball is likely located in the center of the court, as this is where players typically position themselves to receive or pass the ball during a game. Given the positions of the players and the direction they are facing, it seems that the ball was recently passed or served towards the center of the court.",C5
33.png,34,"The ball is likely located in the center of the court, as this is where players typically position themselves to receive or pass the ball during a volleyball game. Given the positions of the players and their movements, it appears that the ball was recently passed or set by one of the players in the middle of the court.",C5
33.png,35,"The ball is likely located in the center of the court, as this is where players typically position themselves to receive or pass the ball during a volleyball game. Given the positions of the players and their movements, it appears that the ball was recently passed or set by one of the players in the middle of the court.",C5
33.png,36,"The ball is likely located in the center of the court, as this is where players typically position themselves to receive or pass the ball during a game. Given the positions of the players and the direction they are facing, it seems that the ball was recently passed or served towards the center of the court.",C5
33.png,37,"The ball is likely located in the center of the court, as this is where players typically position themselves to receive or pass the ball during a game. Given the positions of the players and the direction they are facing, it appears that the ball was recently passed or served towards the center of the court.",C5
33.png,38,"The ball is likely located in the center of the court, as this is where players typically position themselves to receive or pass the ball during a game. Given the positions of the players and the direction they are facing, it appears that the ball was recently passed or served towards the center of the court.",C5
33.png,39,"The ball is likely located in the center of the court, as this is where players typically position themselves to receive or pass the ball during a game. Given the positions of the players and the direction they are facing, it appears that the ball was recently passed or served towards the center of the court.",C5
33.png,40,"The ball is likely located in the center of the court, as this is where players typically position themselves to receive or pass the ball during a game. Given the positions of the players and the direction they are facing, it appears that the ball was recently passed or served towards the center of the court.",C5
33.png,41,"The ball is likely located in the center of the court, as this is where players typically position themselves to receive or pass the ball during a volleyball game. Given the positions of the players and their movements, it appears that the ball was recently passed or set by one of the players in the middle of the court.",C5
33.png,42,"The ball is likely located in the center of the court, as this is where players typically position themselves to receive or pass the ball during a volleyball game. Given the positions of the players and their movements, it appears that the ball was recently passed or set by one of the players in the middle of the court.",C5
33.png,43,"The ball is likely located in the center of the court, as this is where players typically position themselves to receive or pass the ball during a volleyball game. Given the positions of the players and their movements, it appears that the ball was recently passed or set by one of the players in the middle of the court.",C5
33.png,44,"The ball is likely located in the center of the court, as this is where players typically position themselves to receive or pass the ball during a game. Given the positions of the players and their stances, it appears that the ball was recently passed or served towards the center of the court.",C5
33.png,45,"The ball is likely located in the center of the court, as this is where players typically position themselves to receive or pass the ball during a volleyball game. Given the positions of the players and their movements, it appears that the ball was recently passed or set by one of the players in the middle of the court.",C5
33.png,46,"The ball is likely located in the center of the court, as this is where players typically position themselves to receive or pass the ball during a game. Given the positions of the players and the direction they are facing, it appears that the ball was recently passed or served towards the center of the court.",C5
33.png,47,"The ball is likely located in the center of the court, as this is where players typically position themselves to receive or pass the ball during a game. Given the positions of the players and the direction they are facing, it seems that the ball was recently passed or served towards the center of the court.",C5
33.png,48,"The ball is likely located in the center of the court, as this is where players typically position themselves to receive or pass the ball during a game. Given the positions of the players and the direction they are facing, it appears that the ball was recently passed or served towards the center of the court.",C5
33.png,49,"The ball is likely located in the center of the court, as this is where players typically position themselves to receive or pass the ball during a game. Given the positions of the players and the direction they are facing, it seems that the ball was recently passed or served towards the center of the court.",C5
33.png,50,"The ball is likely located in the center of the court, as this is where players typically position themselves to receive or pass the ball during a game. Given the positions of the players and the direction they are facing, it seems that the ball was recently passed or served towards the center of the court.",C5
24.png,1,"The ball is likely located in the center of the court, just above the net, as it appears that a player on the left side of the court (cell A5) has just hit the ball over the net towards the right side of the court. This suggests the ball is in the air, moving from left to right across the net.",D5
24.png,2,"The ball is likely located in the center of the court, just above the net, as it appears that a player on the left side of the court (cell A5) has just hit the ball over the net towards the right side of the court. This suggests the ball is in the air, moving from the left to the right side of the court.",E5
24.png,3,"The ball is likely located in the center of the court, just above the net, as it appears that a player on the left side of the court (cell A5) has just hit the ball over the net towards the right side of the court. This suggests the ball is in the air, moving from the left to the right side of the court.",E5
24.png,4,"The ball is likely located in the center of the court, just above the net, as it appears that a player on the left side of the court (cell A5) has just hit the ball over the net towards the right side of the court. This suggests the ball is in the air, moving from the left to the right side of the court.",E5
24.png,5,"The ball is likely located in the center of the court, just above the net, as it appears that a player on the left side of the court (cell A5) has just hit the ball over the net towards the right side of the court. This suggests the ball is in the air, moving from the left to the right side of the court.",E5
24.png,6,"The ball is likely located in the center of the court, just above the net, as it appears that a player on the left side of the court (cell A5) has just hit the ball over the net towards the right side of the court. This suggests the ball is in the air, moving from left to right across the net.",E5
24.png,7,"The ball is likely located in the center of the court, just above the net, as it appears that a player on the left side of the court (cell A5) has just hit the ball over the net towards the right side of the court. This suggests the ball is in the air, moving from left to right across the net.",E5
24.png,8,"The ball is likely located in the center of the court, just above the net, as it appears that a player on the left side of the court (cell A5) has just hit the ball over the net towards the right side of the court. This suggests the ball is in the air, moving from the left to the right side of the court.",E5
24.png,9,"The ball is likely located in the center of the court, just above the net, as it appears that a player on the left side of the court (cell A5) has just hit the ball over the net towards the right side of the court. This suggests the ball is in the air, moving from the left to the right side of the court.",E5
24.png,10,"The ball is likely located in the center of the court, just above the net, as it appears that a player on the left side of the court (cell A5) has just hit the ball over the net towards the right side of the court. This suggests the ball is in the air, moving from left to right across the net.",E5
24.png,11,"The ball is likely located in the center of the court, just above the net, as it appears that a player on the left side of the court (cell A5) has just hit the ball over the net towards the right side of the court. This suggests the ball is in the air, moving from the left to the right side of the court.",E5
24.png,12,"The ball is likely located in the center of the court, just above the net, as it appears that a player on the left side of the court (cell A5) has just hit the ball over the net towards the right side of the court. This suggests the ball is in the air, moving from the left to the right side of the court.",E5
24.png,13,"The ball is likely located in the center of the court, just above the net, as it appears that a player on the left side of the court (cell A5) has just hit the ball over the net towards the right side of the court. This suggests the ball is in the air, moving from left to right across the net.",D5
24.png,14,"The ball is likely located in the center of the court, just above the net, as it appears that a player on the left side of the court (cell A5) has just hit the ball over the net towards the right side of the court. This suggests the ball is in the air, moving from the left to the right side of the court.",E5
24.png,15,"The ball is likely located in the center of the court, just above the net, as it appears that a player on the left side of the court (cell A5) has just hit the ball over the net towards the right side of the court. This suggests the ball is in the air, moving from the left to the right side of the court.",E5
24.png,16,"The ball is likely located in the center of the court, just above the net, as it appears that a player on the left side of the court (cell A5) has just hit the ball over the net towards the right side of the court. This suggests the ball is in the air, moving from the left to the right side of the court.",E5
24.png,17,"The ball is likely located in the center of the court, just above the net, as it appears that a player on the left side of the court (cell A5) has just hit the ball over the net towards the right side of the court. This suggests the ball is in the air, moving from the left to the right side of the court.",E5
24.png,18,"The ball is likely located in the center of the court, just above the net, as it appears that a player on the left side of the court (cell A5) has just hit the ball over the net towards the right side of the court. This suggests the ball is in the air, moving from left to right across the net.",E5
24.png,19,"The ball is likely located in the center of the court, just above the net, as it appears that a player on the left side of the court (cell A5) has just hit the ball over the net towards the right side of the court. This suggests the ball is in the air, moving from the left to the right side of the court.",E5
24.png,20,"The ball is likely located in the center of the court, just above the net, as it appears that a player on the left side of the court (cell A5) has just hit the ball over the net towards the right side of the court. This suggests the ball is in the air, moving from the left to the right side of the court.",E5
24.png,21,"The ball is likely located in the center of the court, just above the net, as it appears that a player on the left side of the court (cell A5) has just hit the ball over the net towards the right side of the court. This suggests the ball is in the air, moving from left to right across the net.",D5
24.png,22,"The ball is likely located in the center of the court, just above the net, as it appears that a player on the left side of the court (cell A5) has just hit the ball over the net towards the right side of the court. This suggests the ball is in the air, moving from the left to the right side of the court.",E5
24.png,23,"The ball is likely located in the center of the court, just above the net, as it appears that a player on the left side of the court (cell A5) has just hit the ball over the net towards the right side of the court. This suggests the ball is in the air, moving from left to right across the net.",D5
24.png,24,"The ball is likely located in the center of the court, just above the net, as it appears that a player on the left side of the court (cell A5) has just hit the ball over the net towards the right side of the court. This suggests the ball is in the air, moving from left to right across the net.",E5
24.png,25,"The ball is likely located in the center of the court, just above the net, as it appears that a player on the left side of the court (cell A5) has just hit the ball over the net towards the right side of the court. This suggests the ball is in the air, moving from the left to the right side of the court.",E5
24.png,26,"The ball is likely located in the center of the court, just above the net, as it appears that a player on the left side of the court (cell A5) has just hit the ball over the net towards the right side of the court. This suggests the ball is in the air, moving from left to right across the net.",D5
24.png,27,"The ball is likely located in the center of the court, just above the net, as it appears that a player on the left side of the court (cell A5) has just hit the ball over the net towards the right side of the court. This suggests the ball is in the air, moving from left to right across the net.",D5
24.png,28,"The ball is likely located in the center of the court, just above the net, as it appears that a player on the left side of the court (cell A5) has just hit the ball over the net towards the right side of the court. This suggests the ball is in the air, moving from left to right across the net.",D5
24.png,29,"The ball is likely located in the center of the court, just above the net, as it appears that a player on the left side of the court (cell A5) has just hit the ball over the net towards the right side of the court. This suggests the ball is in the air, moving from the left to the right side of the court.",E5
24.png,30,"The ball is likely located in the center of the court, just above the net, as it appears that a player on the left side of the court (cell A5) has just hit the ball over the net towards the right side of the court. This suggests the ball is in the air, moving from the left to the right side of the court.",E5
24.png,31,"The ball is likely located in the center of the court, just above the net, as it appears that a player on the left side of the court (cell A5) has just hit the ball over the net towards the right side of the court. This suggests the ball is in the air, moving from the left to the right side of the court.",E5
24.png,32,"The ball is likely located in the center of the court, just above the net, as it appears that a player on the left side of the court (cell A5) has just hit the ball over the net towards the right side of the court. This suggests the ball is in the air, moving from the left to the right side of the court.",E5
24.png,33,"The ball is likely located in the center of the court, just above the net, as it appears that a player on the left side of the court (cell A5) has just hit the ball over the net towards the right side of the court. This suggests the ball is in the air, moving from the left to the right side of the court.",E5
24.png,34,"The ball is likely located in the center of the court, just above the net, as it appears that a player on the left side of the court (cell A5) has just hit the ball over the net towards the right side of the court. This suggests the ball is in the air, moving from the left to the right side of the court.",E5
24.png,35,"The ball is likely located in the center of the court, just above the net, as it appears that a player on the left side of the court (cell A5) has just hit the ball over the net towards the right side of the court. This suggests the ball is in the air, moving from the left to the right side of the court.",E5
24.png,36,"The ball is likely located in the center of the court, just above the net, as it appears that a player on the left side of the court (cell A5) has just hit the ball over the net towards the right side of the court. This suggests the ball is in the air, moving from left to right across the net.",E5
24.png,37,"The ball is likely located in the center of the court, just above the net, as it appears that a player on the left side of the court (cell A5) has just hit the ball over the net towards the right side of the court. This suggests the ball is in the air, moving from the left to the right side of the court.",E5
24.png,38,"The ball is likely located in the center of the court, just above the net, as it appears that a player on the left side of the court (cell A5) has just hit the ball over the net towards the right side of the court. This suggests the ball is in the air, moving from left to right across the net.",E5
24.png,39,"The ball is likely located in the center of the court, just above the net, as it appears that a player on the left side of the court (cell A5) has just hit the ball over the net towards the right side of the court. This suggests the ball is in the air, moving from left to right across the net.",E5
24.png,40,"The ball is likely located in the center of the court, just above the net, as it appears that a player on the left side of the court (cell A5) has just hit the ball over the net towards the right side of the court. This suggests the ball is in the air, moving from left to right across the net.",E5
24.png,41,"The ball is likely located in the center of the court, just above the net, as it appears that a player on the left side of the court (cell A5) has just hit the ball over the net towards the right side of the court. This suggests the ball is in the air, moving from left to right across the net.",D5
24.png,42,"The ball is likely located in the center of the court, just above the net, as it appears that a player on the left side of the court (cell A5) has just hit the ball over the net towards the right side of the court. This suggests the ball is in the air, moving from left to right across the net.",E5
24.png,43,"The ball is likely located in the center of the court, just above the net, as it appears that a player on the left side of the court (cell A5) has just hit the ball over the net towards the right side of the court. This suggests the ball is in the air, moving from left to right across the net.",D5
24.png,44,"The ball is likely located in the center of the court, just above the net, as it appears that a player on the left side of the court (cell A5) has just hit the ball over the net towards the right side of the court. This suggests the ball is in the air, moving from the left to the right side of the court.",E5
24.png,45,"The ball is likely located in the center of the court, just above the net, as it appears that a player on the left side of the court (cell A5) has just hit the ball over the net towards the right side of the court. This suggests the ball is in the air, moving from left to right across the net.",D5
24.png,46,"The ball is likely located in the center of the court, just above the net, as it appears that a player on the left side of the court (cell A5) has just hit the ball over the net towards the right side of the court. This suggests the ball is in the air, moving from left to right across the net.",E5
24.png,47,"The ball is likely located in the center of the court, just above the net, as it appears that a player on the left side of the court (cell A5) has just hit the ball over the net towards the right side of the court. This suggests the ball is in the air, moving from left to right across the net.",D5
24.png,48,"The ball is likely located in the center of the court, just above the net, as it appears that a player on the left side of the court (cell A5) has just hit the ball over the net towards the right side of the court. This suggests the ball is in the air, moving from left to right across the net.",E5
24.png,49,"The ball is likely located in the center of the court, just above the net, as it appears that a player on the left side of the court (cell A5) has just hit the ball over the net towards the right side of the court. This suggests the ball is in the air, moving from the left to the right side of the court.",E5
24.png,50,"The ball is likely located in the center of the court, just above the net, as it appears that a player on the left side of the court (cell A5) has just hit the ball over the net towards the right side of the court. This suggests the ball is in the air, moving from left to right across the net.",D5
34.png,1,"The ball is likely located in the top right corner of the image, just above the net. This is because the players' body language suggests they are reacting to a ball that was recently hit or passed, and the ball would typically be in the air above the net when players are preparing to receive it.",A10
34.png,2,"The ball is likely located in the top right corner of the image, just above the net. This is because the players' body language suggests they are reacting to a ball that was recently hit or passed, and the ball would typically be in the air above the net when players are preparing to receive it.",A10
34.png,3,"The ball is likely located in the top right corner of the image, just above the net. This is because the players' body positions suggest they are reacting to a ball that was recently hit or passed, and the ball would typically be in the air above the net at this moment.",A10
34.png,4,"The ball is likely located in the top right corner of the image, just above the net. This is because the players' body positions suggest they are reacting to a ball that was recently hit or passed, and the ball would typically be in the air above the net at this moment.",A10
34.png,5,"The ball is likely located in the top right corner of the image, just above the net. This is because the players' body language suggests they are reacting to a ball that was recently hit or passed, and the ball would typically be in the air above the net after being served or passed by one of the players.",A10
34.png,6,"The ball is likely located in the top right corner of the image, just above the net. This is because the players' body language suggests they are reacting to a ball that was recently hit or passed, and the ball would typically be in the air above the net at this moment.",A10
34.png,7,"The ball is likely located in the top right corner of the image, just above the net. This is because the players' body language suggests they are reacting to a ball that was recently hit or passed, and the ball would typically be in the air above the net during a volleyball game.",A10
34.png,8,"The ball is likely located in the top right corner of the image, just above the net. This is because the players' body language suggests they are reacting to a ball that was recently hit or passed, and the ball would typically be in the air above the net when players are preparing to receive it.",A10
34.png,9,"The ball is likely located in the top right corner of the image, just above the net. This is because the players' body language suggests they are reacting to a ball that was recently hit or passed, and the ball would typically be in the air above the net when players are preparing to receive it.",A10
34.png,10,"The ball is likely located in the top right corner of the image, just above the net. This is because the players' body positions suggest they are reacting to a ball that was recently hit or passed, and the ball would typically be in the air above the net at this moment.",A10
34.png,11,"The ball is likely located in the top right corner of the image, just above the net. This is because the players' body language suggests they are reacting to a ball that was recently hit or passed, and the ball would typically be in the air above the net during a volleyball game.",A10
34.png,12,"The ball is likely located in the top right corner of the image, just above the net. This is because the players' body positions suggest they are reacting to a ball that was recently hit or passed, and the ball would typically be in the air above the net at this moment.",A10
34.png,13,"The ball is likely located in the top right corner of the image, just above the net. This is because the players' body language suggests they are reacting to a ball that was recently hit or passed, and the ball would typically be in the air above the net during a volleyball game.",A10
34.png,14,"The ball is likely located in the top right corner of the image, just above the net. This is because the players' body positions suggest they are reacting to a ball that was recently hit or passed, and the ball would typically be in the air above the net at this moment.",A10
34.png,15,"The ball is likely located in the top right corner of the image, just above the net. This is because the players' body positions suggest they are reacting to a ball that was recently hit or passed, and the ball would typically be in the air above the net at this moment.",A10
34.png,16,"The ball is likely located in the top right corner of the image, just above the net. This is because the players' body language suggests they are reacting to a ball that was recently hit or passed, and the ball would typically be in the air above the net during a volleyball game.",A10
34.png,17,"The ball is likely located in the top right corner of the image, just above the net. This is because the players' body language suggests they are reacting to a ball that was recently hit or passed, and the ball would typically be in the air above the net after being served or passed by one of the players.",A10
34.png,18,"The ball is likely located in the top right corner of the image, just above the net. This is because the players' body positions suggest they are reacting to a ball that was recently hit or passed, and the ball would typically be in the air above the net at this moment.",A10
34.png,19,"The ball is likely located in the top right corner of the image, just above the net. This is because the players' body positions suggest they are reacting to a ball that was recently hit or passed, and the ball would typically be in the air above the net at this moment.",A10
34.png,20,"The ball is likely located in the top right corner of the image, just above the net. This is because the players' body language suggests they are reacting to a ball that was recently hit or passed, and the ball would typically be in the air above the net at this point.",A10
34.png,21,"The ball is likely located in the top right corner of the image, just above the net. This is because the players' body positions suggest they are reacting to a ball that was recently hit or passed, and the ball would typically be in the air above the net at this moment.",A10
34.png,22,"The ball is likely located in the top right corner of the image, just above the net. This is because the players' body language suggests they are reacting to a ball that was recently hit or passed, and the ball would typically be in the air above the net at this point.",A10
34.png,23,"The ball is likely located in the top right corner of the image, just above the net. This is because the players' body language suggests they are reacting to a ball that was recently hit or passed, and the ball would typically be in the air above the net during a volleyball game.",A10
34.png,24,"The ball is likely located in the top right corner of the image, just above the net. This is because the players' body language suggests they are reacting to a ball that was recently hit or passed, and the ball would typically be in the air above the net after being served or passed by an opponent.",A10
34.png,25,"The ball is likely located in the top right corner of the image, just above the net. This is because the players' body positions suggest they are reacting to a ball that was recently hit or passed, and the ball would typically be in the air above the net at this moment.",A10
34.png,26,"The ball is likely located in the top right corner of the image, just above the net. This is because the players' body positions suggest they are reacting to a ball that was recently hit or passed, and the ball would typically be in the air above the net at this moment.",A10
34.png,27,"The ball is likely located in the top right corner of the image, just above the net. This is because the players' body language suggests they are reacting to a ball that was recently hit or passed, and the ball would typically be in the air above the net when players are preparing to receive it.",A10
34.png,28,"The ball is likely located in the top right corner of the image, just above the net. This is because the players' body language suggests they are reacting to a ball that was recently hit or passed, and the ball would typically be in the air above the net during a volleyball game.",A10
34.png,29,"The ball is likely located in the top right corner of the image, just above the net. This is because the players' body positions suggest they are reacting to a ball that was recently hit or passed, and the ball would typically be in the air above the net at this moment.",A10
34.png,30,"The ball is likely located in the top right corner of the image, just above the net. This is because the players' body positions suggest they are reacting to a ball that was recently hit or passed, and the ball would typically be in the air above the net at this moment.",A10
34.png,31,"The ball is likely located in the top right corner of the image, just above the net. This is because the players' body language suggests they are reacting to a ball that was recently hit or passed, and the ball would typically be in the air above the net when players are preparing to receive it.",A10
34.png,32,"The ball is likely located in the top right corner of the image, just above the net. This is because the players' body positions suggest they are reacting to a ball that was recently hit or passed, and the ball would typically be in the air above the net at this moment.",A10
34.png,33,"The ball is likely located in the top right corner of the image, just above the net. This is because the players' body language suggests they are reacting to a ball that was recently hit or passed, and the ball would typically be in the air above the net at this moment.",A10
34.png,34,"The ball is likely located in the top right corner of the image, just above the net. This is because the players' body positions suggest they are reacting to a ball that was recently hit or passed, and the ball would typically be in the air above the net at this moment.",A10
34.png,35,"The ball is likely located in the top right corner of the image, just above the net. This is because the players' body positions suggest they are reacting to a ball that was recently hit or passed, and the ball would typically be in the air above the net at this moment.",A10
34.png,36,"The ball is likely located in the top right corner of the image, just above the net. This is because the players' body language suggests they are reacting to a ball that was recently hit or passed, and the ball would typically be in the air above the net after being served or passed by one of the players.",A10
34.png,37,"The ball is likely located in the top right corner of the image, just above the net. This is because the players' body language suggests they are reacting to a ball that was recently hit or passed, and the ball would typically be in the air above the net when players are preparing to receive it.",A10
34.png,38,"The ball is likely located in the top right corner of the image, just above the net. This is because the players' body language suggests they are reacting to a ball that was recently hit or passed, and the ball would typically be in the air above the net after being served or passed by one of the players.",A10
34.png,39,"The ball is likely located in the top right corner of the image, just above the net. This is because the players' body positions suggest they are reacting to a ball that was recently hit or passed, and the ball would typically be in the air above the net at this moment.",A10
34.png,40,"The ball is likely located in the top right corner of the image, just above the net. This is because the players' body positions suggest they are reacting to a ball that was recently hit or passed, and the ball would typically be in the air above the net at this moment.",A10
34.png,41,"The ball is likely located in the top right corner of the image, just above the net. This is because the players' body language suggests they are reacting to a ball that was recently hit or passed, and the ball would typically be in the air above the net at this moment.",A10
34.png,42,"The ball is likely located in the top right corner of the image, just above the net. This is because the players' body language suggests they are reacting to a ball that was recently hit or passed, and the ball would typically be in the air above the net after being served or passed by an opponent.",A10
34.png,43,"The ball is likely located in the top right corner of the image, just above the net. This is because the players' body positions suggest they are reacting to a ball that was recently hit or passed, and the ball would typically be in the air above the net at this moment.",A10
34.png,44,"The ball is likely located in the top right corner of the image, just above the net. This is because the players' body positions suggest they are reacting to a ball that was recently hit or passed, and the ball would typically be in the air above the net at this moment.",A10
34.png,45,"The ball is likely located in the top right corner of the image, just above the net. This is because the players' body language suggests they are reacting to a ball that was recently hit or passed, and the ball would typically be in the air above the net after being served or passed by an opponent.",A10
34.png,46,"The ball is likely located in the top right corner of the image, just above the net. This is because the players' body positions suggest they are reacting to a ball that was recently hit or passed, and the ball would typically be in the air above the net at this moment.",A10
34.png,47,"The ball is likely located in the top right corner of the image, just above the net. This is because the players' body positions suggest they are reacting to a ball that was recently hit or passed, and the ball would typically be in the air above the net at this moment.",A10
34.png,48,"The ball is likely located in the top right corner of the image, just above the net. This is because the players' body positions suggest they are reacting to a ball that was recently hit or passed, and the ball would typically be in the air above the net at this moment.",A10
34.png,49,"The ball is likely located in the top right corner of the image, just above the net. This is because the players' body positions suggest they are reacting to a ball that was recently hit or passed, and the ball would typically be in the air above the net at this moment.",A10
34.png,50,"The ball is likely located in the top right corner of the image, just above the net. This is because the players' body language suggests they are reacting to a ball that was recently hit or passed, and the ball would typically be in the air above the net when players are preparing to receive it.",A10
49.png,1,"The ball is likely located near the center of the court, as it appears that the players are positioned around the middle of the court, suggesting they are preparing for a serve or a spike. The player in black, who is typically the setter, is positioned centrally, indicating that the ball is probably close to him.",D5
49.png,2,"The ball is likely located near the center of the court, as it appears that the players are positioned around this area, suggesting they are preparing for a serve or a spike. The player in black, who is typically the setter, is positioned centrally, which further supports the idea that the ball is close to him.",D5
49.png,3,"The ball is likely located near the center of the court, as it appears that the players are positioned around the middle of the court, suggesting they are preparing for a serve or a spike. The player in black, who is typically the setter, is positioned centrally, which further supports the idea that the ball is close to him.",D5
49.png,4,"The ball is likely located near the center of the court, as it appears that the players are positioned around the middle of the court, suggesting they are preparing for a serve or a spike. The player in black, who is typically the setter, is positioned centrally, which further supports the idea that the ball is close to him.",D5
49.png,5,"The ball is likely located near the center of the court, as it appears that the players are positioned around this area, suggesting they are preparing for a serve or a spike. The player in black, who is typically the setter, is positioned centrally, which further supports the idea that the ball is close to him.",D5
49.png,6,"The ball is likely located near the center of the court, as it appears that the players are positioned around this area, suggesting they are preparing for a serve or a spike. The player in black, who is typically the setter, is positioned centrally, which further supports the idea that the ball is close to him.",D5
49.png,7,"The ball is likely located near the center of the court, as it appears that the players are positioned around the middle of the court, suggesting they are preparing for a serve or a spike. The player in black, who is typically the setter, is positioned centrally, indicating that the ball is probably close to him.",D5
49.png,8,"The ball is likely located near the center of the court, as it appears that the players are positioned around the middle of the court, suggesting they are preparing for a serve or a spike. The player in black, who is typically the setter, is positioned centrally, indicating that the ball is probably close to him.",D5
49.png,9,"The ball is likely located near the center of the court, as it appears that the players are positioned around this area, suggesting they are preparing for a serve or a spike. The player in black, who is typically the setter, is positioned centrally, which further supports the idea that the ball is close to him.",C5
49.png,10,"The ball is likely located near the center of the court, as it appears that the players are positioned around the middle of the court, suggesting they are preparing for a serve or a spike. The player in black, who is typically the setter, is positioned centrally, indicating that the ball is probably close to him.",D5
49.png,11,"The ball is likely located near the center of the court, as it appears that the players are positioned around the middle of the court, suggesting they are preparing for a serve or a spike. The player in black, who is typically the setter, is positioned centrally, which further supports the idea that the ball is close to him.",C5
49.png,12,"The ball is likely located near the center of the court, as it appears that the players are positioned around this area, suggesting they are preparing for a serve or a spike. The player in black, who is typically the setter, is positioned centrally, which further supports the idea that the ball is close to him.",D5
49.png,13,"The ball is likely located near the center of the court, as it appears that the players are positioned around the middle of the court, suggesting they are preparing for a serve or a spike. The player in black, who is typically the setter, is positioned centrally, which further supports the idea that the ball is close to him.",C5
49.png,14,"The ball is likely located near the center of the court, as it appears that the players are positioned around this area, suggesting they are preparing for a serve or a spike. The player in black, who is typically the setter, is positioned centrally, indicating that the ball is probably close to him.",D5
49.png,15,"The ball is likely located near the center of the court, as it appears that the players are positioned around this area, suggesting they are preparing for a serve or a spike. The player in black, who is typically the setter, is positioned centrally, indicating that the ball is probably close to him.",C5
49.png,16,"The ball is likely located near the center of the court, as it appears that the players are positioned around the middle of the court, suggesting they are preparing for a serve or a spike. The player in black, who is typically the setter, is positioned centrally, which further supports the idea that the ball is close to him.",C5
49.png,17,"The ball is likely located near the center of the court, as it appears that the players are positioned around the middle of the court, suggesting they are preparing for a serve or a spike. The player in black, who is typically the setter, is positioned centrally, indicating that the ball is probably close to him.",D5
49.png,18,"The ball is likely located near the center of the court, as it appears that the players are positioned around this area, suggesting they are preparing for a serve or a spike. The player in black, who is typically the setter, is positioned centrally, which further supports the idea that the ball is close to him.",D5
49.png,19,"The ball is likely located near the center of the court, as it appears that the players are positioned around the middle of the court, suggesting they are preparing for a serve or a spike. The player in black, who is typically the setter, is positioned centrally, which further supports the idea that the ball is close to him.",D5
49.png,20,"The ball is likely located near the center of the court, as it appears that the players are positioned around this area, suggesting they are preparing for a serve or a spike. The player in black, who is typically the setter, is positioned centrally, indicating that the ball is probably close to him.",D5
49.png,21,"The ball is likely located near the center of the court, as it appears that the players are positioned around the middle of the court, suggesting they are preparing for a serve or a spike. The player in black, who is typically the setter, is positioned centrally, indicating that the ball is probably close to him.",D5
49.png,22,"The ball is likely located near the center of the court, as it appears that the players are positioned around this area, suggesting they are preparing for a serve or a spike. The player in black, who is typically the setter, is positioned centrally, which further supports the idea that the ball is close to him.",C5
49.png,23,"The ball is likely located near the center of the court, as it appears that the players are positioned around the middle of the court, suggesting they are preparing for a serve or a spike. The player in black, who is typically the setter, is positioned centrally, which further supports the idea that the ball is close to him.",D5
49.png,24,"The ball is likely located near the center of the court, as it appears that the players are positioned around the middle of the court, suggesting they are preparing for a serve or a spike. The player in black, who is typically the setter, is positioned centrally, which further supports the idea that the ball is close to him.",C5
49.png,25,"The ball is likely located near the center of the court, as it appears that the players are positioned around this area, suggesting they are preparing for a serve or a spike. The player in black, who is typically the setter, is positioned centrally, indicating that the ball is probably close to him.",D5
49.png,26,"The ball is likely located near the center of the court, as it appears that the players are positioned around this area, suggesting they are preparing for a serve or a spike. The player in black, who is typically the setter, is positioned centrally, indicating that the ball is probably close to him.",C5
49.png,27,"The ball is likely located near the center of the court, as it appears that the players are positioned around the middle of the court, suggesting they are preparing for a serve or a spike. The player in black, who is typically the setter, is positioned centrally, which further supports the idea that the ball is close to him.",C5
49.png,28,"The ball is likely located near the center of the court, as it appears that the players are positioned around the middle of the court, suggesting they are preparing for a serve or a spike. The player in black, who is typically the setter, is positioned centrally, which further supports the idea that the ball is close to him.",D5
49.png,29,"The ball is likely located near the center of the court, as it appears that the players are positioned around the middle of the court, suggesting they are preparing for a serve or a spike. The player in black, who is typically the setter, is positioned centrally, indicating that the ball is probably close to him.",D5
49.png,30,"The ball is likely located near the center of the court, as it appears that the players are positioned around this area, suggesting they are preparing for a serve or a spike. The player in black, who is typically the setter, is positioned centrally, indicating that the ball is probably close to him.",C5
49.png,31,"The ball is likely located near the center of the court, as it appears that the players are positioned around this area, suggesting they are preparing for a serve or a spike. The player in black, who is typically the setter, is positioned centrally, which further supports the idea that the ball is close to him.",D5
49.png,32,"The ball is likely located near the center of the court, as it appears that the players are positioned around the middle of the court, suggesting they are preparing for a serve or a spike. The player in black, who is typically the setter, is positioned centrally, indicating that the ball is probably close to him.",D5
49.png,33,"The ball is likely located near the center of the court, as it appears that the players are positioned around this area, suggesting they are preparing for a serve or a spike. The player in black, who is typically the setter, is positioned centrally, which further supports the idea that the ball is close to him.",C5
49.png,34,"The ball is likely located near the center of the court, as it appears that the players are positioned around this area, suggesting they are preparing for a serve or a spike. The player in black, who is typically the setter, is positioned centrally, indicating that the ball is probably close to him.",D5
49.png,35,"The ball is likely located near the center of the court, as it appears that the players are positioned around this area, suggesting they are preparing for a serve or a spike. The player in black, who is typically the setter, is positioned centrally, which further supports the idea that the ball is close to him.",D5
49.png,36,"The ball is likely located near the center of the court, as it appears that the players are positioned around the middle of the court, suggesting they are preparing for a serve or a spike. The player in black, who is typically the setter, is positioned centrally, which further supports the idea that the ball is close to him.",C5
49.png,37,"The ball is likely located near the center of the court, as it appears that the players are positioned around this area, suggesting they are preparing for a serve or a spike. The player in black, who is typically the setter, is positioned centrally, indicating that the ball is probably close to him.",C5
49.png,38,"The ball is likely located near the center of the court, as it appears that the players are positioned around this area, suggesting they are preparing for a serve or a spike. The player in black, who is typically the setter, is positioned centrally, indicating that the ball is probably close to him.",C5
49.png,39,"The ball is likely located near the center of the court, as it appears that the players are positioned around this area, suggesting they are preparing for a serve or a spike. The player in black, who is typically the setter, is positioned centrally, which further supports the idea that the ball is close to him.",D5
49.png,40,"The ball is likely located near the center of the court, as it appears that the players are positioned around this area, suggesting they are preparing for a serve or a spike. The player in black, who is typically the setter, is positioned centrally, indicating that the ball is probably close to him.",D5
49.png,41,"The ball is likely located near the center of the court, as it appears that the players are positioned around this area, suggesting they are preparing for a serve or a spike. The player in black, who is typically the setter, is positioned centrally, which further supports the idea that the ball is close to him.",C5
49.png,42,"The ball is likely located near the center of the court, as it appears that the players are positioned around the middle of the court, suggesting they are preparing for a serve or a spike. The player in black, who is typically the setter, is positioned centrally, indicating that the ball is probably close to him.",D5
49.png,43,"The ball is likely located near the center of the court, as it appears that the players are positioned around this area, suggesting they are preparing for a serve or a spike. The player in black, who is typically the setter, is positioned centrally, which further supports the idea that the ball is close to him.",D5
49.png,44,"The ball is likely located near the center of the court, as it appears that the players are positioned around the middle of the court, suggesting they are preparing for a serve or a spike. The player in black, who is typically the setter, is positioned centrally, indicating that the ball is probably close to him.",D5
49.png,45,"The ball is likely located near the center of the court, as it appears that the players are positioned around the middle of the court, suggesting they are preparing for a serve or a spike. The player in black, who is typically the setter, is positioned centrally, which further supports the idea that the ball is close to him.",D5
49.png,46,"The ball is likely located near the center of the court, as it appears that the players are positioned around the middle of the court, suggesting they are preparing for a serve or a spike. The player in black, who is typically the setter, is positioned centrally, which further supports the idea that the ball is close to him.",C5
49.png,47,"The ball is likely located near the center of the court, as it appears that the players are positioned around the middle of the court, suggesting they are preparing for a serve or a spike. The player in black, who is typically the setter, is positioned centrally, indicating that the ball is probably close to him.",D5
49.png,48,"The ball is likely located near the center of the court, as it appears that the players are positioned around the middle of the court, suggesting they are preparing for a serve or a spike. The player in black, who is typically the setter, is positioned centrally, which further supports the idea that the ball is close to him.",D5
49.png,49,"The ball is likely located near the center of the court, as it appears that the players are positioned around the middle of the court, suggesting they are preparing for a serve or a spike. The player in black, who is typically the setter, is positioned centrally, which further supports the idea that the ball is close to him.",C5
49.png,50,"The ball is likely located near the center of the court, as it appears that the players are positioned around the middle of the court, suggesting they are preparing for a serve or a spike. The player in black, who is typically the setter, is positioned centrally, which further supports the idea that the ball is close to him.",D5
36.png,1,"The ball is likely located in the center of the court, near the net, as this is the typical area where the ball would be during play. The players' positions suggest they are actively engaged in the game, and the ball is not visible in any of the cells around them, indicating it is either in the net or just out of frame.",F5
36.png,2,"The ball is likely located in the center of the court, near the net, as this is the typical area where the ball would be during play. The players' positions suggest they are actively engaged in the game, and the ball is not visible in any of the cells around them, indicating it is either in the net or just out of frame.",F5
36.png,3,"The ball is likely located in the center of the court, near the net, as this is the typical area where the ball would be during play. The players' positions suggest they are actively engaged in the game, and the ball is not visible in any of the cells around them, indicating it is either in the net or just out of frame.",F5
36.png,4,"The ball is likely located in the center of the court, near the net, as this is the typical area where the ball would be during play. The players' positions suggest they are actively engaged in the game, and the ball is not visible in any of the cells around them, indicating it is either in the net or just out of frame.",F5
36.png,5,"The ball is likely located in the center of the court, near the net, as this is the typical area where the ball would be during play. The players' positions suggest they are actively engaged in the game, and the ball is not visible in any of the cells around them, indicating it is either in the net or just out of frame.",F5
36.png,6,"The ball is likely located in the center of the court, near the net, as this is the typical area where the ball would be during play. The players' positions suggest they are actively engaged in the game, and the ball is not visible in any of the cells around them, indicating it is either in the net or just out of frame.",F5
36.png,7,"The ball is likely located in the center of the court, near the net, as this is the typical area where the ball would be during play. The players' positions suggest they are actively engaged in the game, and the ball is not visible in any of the cells around them, indicating it is either in the net or just out of frame.",F5
36.png,8,"The ball is likely located in the center of the court, near the net, as this is the typical area where the ball would be during play. The players' positions suggest they are actively engaged in the game, and the ball is not visible in any of the cells around them, indicating it is either in the net or just out of frame.",F5
36.png,9,"The ball is likely located in the center of the court, near the net, as this is the typical area where the ball would be during play. The players' positions suggest they are actively engaged in the game, and the ball is not visible in any of the cells around them, indicating it is either in the net or just out of frame.",F5
36.png,10,"The ball is likely located in the center of the court, near the net, as this is the typical area where the ball would be during play. The players' positions suggest they are actively engaged in the game, and the ball is not visible in any of the cells around them, indicating it is either in the net or just out of frame.",F5
36.png,11,"The ball is likely located in the center of the court, near the net, as this is the typical area where the ball would be during play. The players' positions suggest they are actively engaged in the game, and the ball is not visible in any of the cells around them, indicating it is either in the net or just out of frame.",F5
36.png,12,"The ball is likely located in the center of the court, near the net, as this is the typical area where the ball would be during play. The players' positions suggest they are actively engaged in the game, and the ball is not visible in any of the cells around them, indicating it is either in the net or just out of frame.",F5
36.png,13,"The ball is likely located in the center of the court, near the net, as this is the typical area where the ball would be during play. The players' positions suggest they are actively engaged in the game, and the ball is not visible in any of the cells around them, indicating it is either in the net or just out of frame.",F5
36.png,14,"The ball is likely located in the center of the court, near the net, as this is the typical area where the ball would be during play. The players' positions suggest they are actively engaged in the game, and the ball is not visible in any of the cells around them, indicating it is either in the net or just out of frame.",F5
36.png,15,"The ball is likely located in the center of the court, near the net, as this is the typical area where the ball would be during play. The players' positions suggest they are actively engaged in the game, and the ball is not visible in any of the cells around them, indicating it is either in the net or just out of frame.",F5
36.png,16,"The ball is likely located in the center of the court, near the net, as this is the typical area where the ball would be during play. The players' positions suggest they are actively engaged in the game, and the ball is not visible in any of the cells around them, indicating it is either in the net or just out of frame.",F5
36.png,17,"The ball is likely located in the center of the court, near the net, as this is the typical area where the ball would be during play. The players' positions suggest they are actively engaged in the game, and the ball is not visible in any of the cells around them, indicating it is either in the net or just out of frame.",F5
36.png,18,"The ball is likely located in the center of the court, near the net, as this is the typical area where the ball would be during play. The players' positions suggest they are actively engaged in the game, and the ball is not visible in any of the cells around them, indicating it is either in the net or just out of frame.",F5
36.png,19,"The ball is likely located in the center of the court, near the net, as this is the typical area where the ball would be during play. The players' positions suggest they are actively engaged in the game, and the ball is not visible in any of the cells around them, indicating it is either in the net or just out of frame.",F5
36.png,20,"The ball is likely located in the center of the court, near the net, as this is the typical area where the ball would be during play. The players' positions suggest they are actively engaged in the game, and the ball is not visible in any of the cells around them, indicating it is either in the net or just out of frame.",F5
36.png,21,"The ball is likely located in the center of the court, near the net, as this is the typical area where the ball would be during play. The players' positions suggest they are actively engaged in the game, and the ball is not visible in any of the cells around them, indicating it is either in the net or just out of frame.",F5
36.png,22,"The ball is likely located in the center of the court, near the net, as this is the typical area where the ball would be during play. The players' positions suggest they are actively engaged in the game, and the ball is not visible in any of the cells around them, indicating it is either in the net or just out of frame.",F5
36.png,23,"The ball is likely located in the center of the court, near the net, as this is the typical area where the ball would be during play. The players' positions suggest they are actively engaged in the game, and the ball is not visible in any of the cells around them, indicating it is either in the net or just out of frame.",F5
36.png,24,"The ball is likely located in the center of the court, near the net, as this is the typical area where the ball would be during play. The players' positions suggest they are actively engaged in the game, and the ball is not visible in any of the cells around them, indicating it is either in the net or just out of frame.",F5
36.png,25,"The ball is likely located in the center of the court, near the net, as this is the typical area where the ball would be during play. The players' positions suggest they are actively engaged in the game, and the ball is not visible in any of the cells around them, indicating it is either in the net or just out of frame.",F5
36.png,26,"The ball is likely located in the center of the court, near the net, as this is the typical area where the ball would be during play. The players' positions suggest they are actively engaged in the game, and the ball is not visible in any of the cells around them, indicating it is either in the net or just out of frame.",F5
36.png,27,"The ball is likely located in the center of the court, near the net, as this is the typical area where the ball would be during play. The players' positions suggest they are actively engaged in the game, and the ball is not visible in any of the cells around them, indicating it is either in the net or just out of frame.",F5
36.png,28,"The ball is likely located in the center of the court, near the net, as this is the typical area where the ball would be during play. The players' positions suggest they are actively engaged in the game, and the ball is not visible in any of the cells around them, indicating it is either in the net or just out of frame.",F5
36.png,29,"The ball is likely located in the center of the court, near the net, as this is the typical area where the ball would be during play. The players' positions suggest they are actively engaged in the game, and the ball is not visible in any of the cells around them, indicating it is either in the net or just out of frame.",F5
36.png,30,"The ball is likely located in the center of the court, near the net, as this is the typical area where the ball would be during play. The players' positions suggest they are actively engaged in the game, and the ball is not visible in any of the cells around them, indicating it is either in the net or just out of frame.",F5
36.png,31,"The ball is likely located in the center of the court, near the net, as this is the typical area where the ball would be during play. The players' positions suggest they are actively engaged in the game, and the ball is not visible in any of the cells around them, indicating it is either in the net or just out of frame.",F5
36.png,32,"The ball is likely located in the center of the court, near the net, as this is the typical area where the ball would be during play. The players' positions suggest they are actively engaged in the game, and the ball is not visible in any of the cells around them, indicating it is either in the net or just out of frame.",F5
36.png,33,"The ball is likely located in the center of the court, near the net, as this is the typical area where the ball would be during play. The players' positions suggest they are actively engaged in the game, and the ball is not visible in any of the cells around them, indicating it is either in the net or just out of frame.",F5
36.png,34,"The ball is likely located in the center of the court, near the net, as this is the typical area where the ball would be during play. The players' positions suggest they are actively engaged in the game, and the ball is not visible in any of the cells around them, indicating it is either in the net or just out of frame.",F5
36.png,35,"The ball is likely located in the center of the court, near the net, as this is the typical area where the ball would be during play. The players' positions suggest they are actively engaged in the game, and the ball is not visible in any of the cells around them, indicating it is either in the net or just out of frame.",F5
36.png,36,"The ball is likely located in the center of the court, near the net, as this is the typical area where the ball would be during play. The players' positions suggest they are actively engaged in the game, and the ball is not visible in any of the cells around them, indicating it is either in the net or just out of frame.",F5
36.png,37,"The ball is likely located in the center of the court, near the net, as this is the typical area where the ball would be during play. The players' positions suggest they are actively engaged in the game, and the ball is not visible in any of the cells around them, indicating it is either in the net or just out of frame.",F5
36.png,38,"The ball is likely located in the center of the court, near the net, as this is the typical area where the ball would be during play. The players' positions suggest they are actively engaged in the game, and the ball is not visible in any of the cells around them, indicating it is either in the net or just out of frame.",F5
36.png,39,"The ball is likely located in the center of the court, near the net, as this is the typical area where the ball would be during play. The players' positions suggest they are actively engaged in the game, and the ball is not visible in any of the cells around them, indicating it is either in the net or just out of frame.",F5
36.png,40,"The ball is likely located in the center of the court, near the net, as this is the typical area where the ball would be during play. The players' positions suggest they are actively engaged in the game, and the ball is not visible in any of the cells around them, indicating it is either in the net or just out of frame.",F5
36.png,41,"The ball is likely located in the center of the court, near the net, as this is the typical area where the ball would be during play. The players' positions suggest they are actively engaged in the game, and the ball is not visible in any of the cells around them, indicating it is either in the net or just out of frame.",F5
36.png,42,"The ball is likely located in the center of the court, near the net, as this is the typical area where the ball would be during play. The players' positions suggest they are actively engaged in the game, and the ball is not visible in any of the cells around them, indicating it is either in the net or just out of frame.",F5
36.png,43,"The ball is likely located in the center of the court, near the net, as this is the typical area where the ball would be during play. The players' positions suggest they are actively engaged in the game, and the ball is not visible in any of the cells around them, indicating it is either in the net or just out of frame.",F5
36.png,44,"The ball is likely located in the center of the court, near the net, as this is the typical area where the ball would be during play. The players' positions suggest they are actively engaged in the game, and the ball is not visible in any of the cells around them, indicating it is either in the net or just out of frame.",F5
36.png,45,"The ball is likely located in the center of the court, near the net, as this is the typical area where the ball would be during play. The players' positions suggest they are actively engaged in the game, and the ball is not visible in any of the cells around them, indicating it might have just been hit or is about to be hit by one of the players.",F5
36.png,46,"The ball is likely located in the center of the court, near the net, as this is the typical area where the ball would be during play. The players' positions suggest they are actively engaged in the game, and the ball is not visible in any of the cells around them, indicating it is either in the net or just out of frame.",F5
36.png,47,"The ball is likely located in the center of the court, near the net, as this is the typical area where the ball would be during play. The players' positions suggest they are actively engaged in the game, and the ball is not visible in any of the cells around them, indicating it is either in the net or just out of frame.",F5
36.png,48,"The ball is likely located in the center of the court, near the net, as this is the typical area where the ball would be during play. The players' positions suggest they are actively engaged in the game, and the ball is not visible in any of the cells around them, indicating it is either in the net or just out of frame.",F5
36.png,49,"The ball is likely located in the center of the court, near the net, as this is the typical area where the ball would be during play. The players' positions suggest they are actively engaged in the game, and the ball is not visible in any of the cells around them, indicating it is either in the net or just out of frame.",F5
36.png,50,"The ball is likely located in the center of the court, near the net, as this is the typical area where the ball would be during play. The players' positions suggest they are actively engaged in the game, and the ball is not visible in any of the cells around them, indicating it is either in the net or just out of frame.",F5
25.png,1,"The ball is likely located in the top right corner of the image, as it appears to be in the air and moving towards that area. The players' body language suggests they are preparing to receive or set the ball, which typically occurs near the net.",A10
25.png,2,"The ball is likely located in the top right corner of the image, as it appears to be in the air and moving towards that area. The players' body language suggests they are preparing to receive or set the ball, which typically occurs near the net.",A10
25.png,3,"The ball is likely located in the top right corner of the image, as it appears to be in the air and moving towards that area. The players' body language suggests they are preparing to receive or set the ball, which typically occurs near the net.",A10
25.png,4,"The ball is likely located in the top right corner of the image, as it appears to be in the air and moving towards that area. The players' body language suggests they are preparing to receive or return the ball, which typically occurs near the net.",A10
25.png,5,"The ball is likely located in the top right corner of the image, as it appears to be in the air and moving towards that area. The players' body language suggests they are preparing to receive or set the ball, which typically occurs near the net.",A10
25.png,6,"The ball is likely located in the top right corner of the image, as it appears to be in the air and moving towards that area. The players' body language suggests they are preparing to receive or return the ball, which typically occurs near the net.",A10
25.png,7,"The ball is likely located in the top right corner of the image, as it appears to be in the air and moving towards that area. The players' body language suggests they are preparing to receive or set the ball, which typically occurs near the net.",A10
25.png,8,"The ball is likely located in the top right corner of the image, as it appears to be in the air and moving towards that area. The players' body language suggests they are preparing to receive or return the ball, which typically occurs near the net.",A10
25.png,9,"The ball is likely located in the top right corner of the image, as it appears to be in the air and moving towards that area. The players' body language suggests they are preparing to receive or return the ball, which typically occurs near the net.",A10
25.png,10,"The ball is likely located in the top right corner of the image, as it appears to be in the air and moving towards that area. The players' body language suggests they are preparing to receive or return the ball, which typically occurs near the net.",A10
25.png,11,"The ball is likely located in the top right corner of the image, as it appears to be in the air and moving towards that area. The players' body language suggests they are preparing to receive or return the ball, which typically occurs near the net.",A10
25.png,12,"The ball is likely located in the top right corner of the image, as it appears to be in the air and moving towards that area. The players' body language suggests they are preparing to receive or return the ball, which typically occurs near the net.",A10
25.png,13,"The ball is likely located in the top right corner of the image, as it appears to be in the air and moving towards that area. The players' body language suggests they are preparing to receive or set the ball, which typically occurs near the net.",A10
25.png,14,"The ball is likely located in the top right corner of the image, as it appears to be in the air and moving towards that area. The players' body language suggests they are preparing to receive or return the ball, which typically occurs near the net.",A10
25.png,15,"The ball is likely located in the top right corner of the image, as it appears to be in the air and moving towards that area. The players' body language suggests they are preparing to receive or set the ball, which typically occurs near the net.",A10
25.png,16,"The ball is likely located in the top right corner of the image, as it appears to be in the air and moving towards that area. The players' body language suggests they are preparing to receive or set the ball, which typically occurs near the net.",A10
25.png,17,"The ball is likely located in the top right corner of the image, as it appears to be in the air and moving towards that area. The players' body language suggests they are preparing to receive or set the ball, which typically occurs near the net.",A10
25.png,18,"The ball is likely located in the top right corner of the image, as it appears to be in the air and moving towards that area. The players' body language suggests they are preparing to receive or return the ball, which typically occurs near the net.",A10
25.png,19,"The ball is likely located in the top right corner of the image, as it appears to be in the air and moving towards that area. The players' body language suggests they are preparing to receive or return the ball, which typically occurs near the net.",A10
25.png,20,"The ball is likely located in the top right corner of the image, as it appears to be in the air and moving towards that area. The players' body language suggests they are preparing to receive or return the ball, which typically occurs near the net.",A10
25.png,21,"The ball is likely located in the top right corner of the image, as it appears to be in the air and moving towards that area. The players' body language suggests they are preparing to receive or set the ball, which typically occurs near the net.",A10
25.png,22,"The ball is likely located in the top right corner of the image, as it appears to be in the air and moving towards that area. The players' body language suggests they are preparing to receive or return the ball, which typically occurs near the net.",A10
25.png,23,"The ball is likely located in the top right corner of the image, as it appears to be in the air and moving towards that area. The players' body language suggests they are preparing to receive or return the ball, which typically occurs near the net.",A10
25.png,24,"The ball is likely located in the top right corner of the image, as it appears to be in the air and moving towards that area. The players' body language suggests they are preparing to receive or return the ball, which typically occurs near the net.",A10
25.png,25,"The ball is likely located in the top right corner of the image, as it appears to be in the air and moving towards that area. The players' body language suggests they are preparing to receive or set the ball, which typically occurs near the net.",A10
25.png,26,"The ball is likely located in the top right corner of the image, as it appears to be in the air and moving towards that area. The players' body language suggests they are preparing to receive or set the ball, which typically occurs near the net.",A10
25.png,27,"The ball is likely located in the top right corner of the image, as it appears to be in the air and moving towards that area. The players' body language suggests they are preparing to receive or return the ball, which typically occurs near the net.",A10
25.png,28,"The ball is likely located in the top right corner of the image, as it appears to be in the air and moving towards that area. The players' body language suggests they are preparing to receive or set the ball, which typically occurs near the net.",A10
25.png,29,"The ball is likely located in the top right corner of the image, as it appears to be in the air and moving towards that area. The players' body language suggests they are preparing to receive or set the ball, which typically occurs near the net.",A10
25.png,30,"The ball is likely located in the top right corner of the image, as it appears to be in the air and moving towards that area. The players' body language suggests they are preparing to receive or set the ball, which typically occurs near the net.",A10
25.png,31,"The ball is likely located in the top right corner of the image, as it appears to be in the air and moving towards that area. The players' body language suggests they are preparing to receive or set the ball, which typically occurs near the net.",A10
25.png,32,"The ball is likely located in the top right corner of the image, as it appears to be in the air and moving towards that area. The players' body language suggests they are preparing to receive or set the ball, which typically occurs near the net.",A10
25.png,33,"The ball is likely located in the top right corner of the image, as it appears to be in the air and moving towards that area. The players' body language suggests they are preparing to receive or return the ball, which typically occurs near the net.",A10
25.png,34,"The ball is likely located in the top right corner of the image, as it appears to be in the air and moving towards that area. The players' body language suggests they are preparing to receive or set the ball, which typically occurs near the net.",A10
25.png,35,"The ball is likely located in the top right corner of the image, as it appears to be in the air and moving towards that area. The players' body language suggests they are preparing to receive or return the ball, which typically occurs near the net.",A10
25.png,36,"The ball is likely located in the top right corner of the image, as it appears to be in the air and moving towards that area. The players' body language suggests they are preparing to receive or set the ball, which typically occurs near the net.",A10
25.png,37,"The ball is likely located in the top right corner of the image, as it appears to be in the air and moving towards that area. The players' body language suggests they are preparing to receive or set the ball, which typically occurs near the net.",A10
25.png,38,"The ball is likely located in the top right corner of the image, as it appears to be in the air and moving towards that area. The players' body language suggests they are preparing to receive or return the ball, which typically occurs near the net.",A10
25.png,39,"The ball is likely located in the top right corner of the image, as it appears to be in the air and moving towards that area. The players' body language suggests they are preparing to receive or return the ball, which typically occurs near the net.",A10
25.png,40,"The ball is likely located in the top right corner of the image, as it appears to be in the air and moving towards that area. The players' body language suggests they are preparing to receive or set the ball, which typically occurs near the net.",A10
25.png,41,"The ball is likely located in the top right corner of the image, as it appears to be in the air and moving towards that area. The players' body language suggests they are preparing to receive or set the ball, which typically occurs near the net.",A10
25.png,42,"The ball is likely located in the top right corner of the image, as it appears to be in the air and moving towards that area. The players' body language suggests they are preparing to receive or set the ball, which typically occurs near the net.",A10
25.png,43,"The ball is likely located in the top right corner of the image, as it appears to be in the air and moving towards that area. The players' body language suggests they are preparing to receive or return the ball, which typically occurs near the net.",A10
25.png,44,"The ball is likely located in the top right corner of the image, as it appears to be in the air and moving towards that area. The players' body language suggests they are preparing to receive or return the ball, which typically occurs near the net.",A10
25.png,45,"The ball is likely located in the top right corner of the image, as it appears to be in the air and moving towards that area. The players' body language suggests they are preparing to receive or return the ball, which typically occurs near the net.",A10
25.png,46,"The ball is likely located in the top right corner of the image, as it appears to be in the air and moving towards that area. The players' body language suggests they are preparing to receive or set the ball, which typically occurs near the net.",A10
25.png,47,"The ball is likely located in the top right corner of the image, as it appears to be in the air and moving towards that area. The players' body language suggests they are preparing to receive or return the ball, which typically occurs near the net.",A10
25.png,48,"The ball is likely located in the top right corner of the image, as it appears to be in the air and moving towards that area. The players' body language suggests they are preparing to receive or return the ball, which typically occurs near the net.",A10
25.png,49,"The ball is likely located in the top right corner of the image, as it appears to be in the air and moving towards that area. The players' body language suggests they are preparing to receive or return the ball, which typically occurs near the net.",A10
25.png,50,"The ball is likely located in the top right corner of the image, as it appears to be in the air and moving towards that area. The players' body language suggests they are preparing to receive or return the ball, which typically occurs near the net.",A10
45.png,1,"The ball is likely located in the center of the net, as this is the typical area where a volleyball would be served or hit during play. The image shows players on both sides of the net, indicating an active game, and the ball's position would need to be within reach for a player to hit it effectively.",F5
45.png,2,"The ball is likely located in the center of the net, as this is the typical area where a volleyball would be served or hit during play. The image shows players on both sides of the net, suggesting an active game, and the ball's position would need to be within reach for a player to hit it effectively.",F5
45.png,3,"The ball is likely located in the center of the net, as this is the typical area where a volleyball would be served or hit during play. The image shows players on both sides of the net, indicating an active game, and the ball's position would need to be within reach for a player to hit it effectively.",F5
45.png,4,"The ball is likely located in the center of the net, as this is the typical area where a volleyball would be served or hit during play. The image shows players on both sides of the net, indicating an active game, and the ball's position would need to be within reach for a player to hit it effectively.",F5
45.png,5,"The ball is likely located in the center of the net, as this is the typical area where a volleyball would be served or hit during play. The image shows players on both sides of the net, suggesting an active game, and the ball's position would need to be within reach for a player to hit it effectively.",F5
45.png,6,"The ball is likely located in the center of the net, as this is the typical area where a volleyball would be served or hit during play. The image shows players on both sides of the net, suggesting an active game, and the ball's position would need to be within reach for a player to hit it effectively.",F5
45.png,7,"The ball is likely located in the center of the net, as this is the typical area where a volleyball would be served or hit during play. The image shows players on both sides of the net, indicating an active game, and the ball's position would need to be within reach for a player to hit it effectively.",F5
45.png,8,"The ball is likely located in the center of the net, as this is the typical area where a volleyball would be served or hit during play. The image shows players on both sides of the net, suggesting an active game, and the ball's position would need to be within reach for a player to hit it effectively.",F5
45.png,9,"The ball is likely located in the center of the net, as this is the typical area where a volleyball would be served or hit during play. The image shows players on both sides of the net, indicating an active game, and the ball's position would need to be within reach for a player to hit it effectively.",F5
45.png,10,"The ball is likely located in the center of the net, as this is the typical area where a volleyball would be served or hit during play. The image shows players on both sides of the net, suggesting an active game, and the ball's position would need to be within reach for a player to hit it effectively.",F5
45.png,11,"The ball is likely located in the center of the net, as this is the typical area where a volleyball would be served or hit during play. The image shows players on both sides of the net, suggesting an active game, and the ball's position would need to be within reach for a player to hit it effectively.",F5
45.png,12,"The ball is likely located in the center of the net, as this is the typical area where a volleyball would be served or hit during play. The image shows players on both sides of the net, suggesting an active game, and the ball's position would need to be within reach for a player to hit it effectively.",F5
45.png,13,"The ball is likely located in the center of the net, as this is the typical area where a volleyball would be served or hit during play. The image shows players on both sides of the net, suggesting an active game, and the ball's position would need to be within reach for a player to hit it effectively.",F5
45.png,14,"The ball is likely located in the center of the net, as this is the typical area where a volleyball would be served or hit during play. The image shows players on both sides of the net, indicating an active game, and the ball's position would need to be within reach for a player to hit it effectively.",F5
45.png,15,"The ball is likely located in the center of the net, as this is the typical area where a volleyball would be served or hit during play. The image shows players on both sides of the net, indicating an active game, and the ball's position would need to be within reach for a player to hit it effectively.",F5
45.png,16,"The ball is likely located in the center of the net, as this is the typical area where a volleyball would be served or hit during play. The image shows players on both sides of the net, suggesting an active game, and the ball's position would need to be within reach for a player to hit it effectively.",F5
45.png,17,"The ball is likely located in the center of the net, as this is the typical area where a volleyball would be served or hit during play. The image shows players on both sides of the net, suggesting an active game, and the ball's position would need to be within reach for a player to hit it effectively.",F5
45.png,18,"The ball is likely located in the center of the net, as this is the typical area where a volleyball would be served or hit during play. The image shows players on both sides of the net, indicating an active game, and the ball's position would need to be within reach for a player to hit it effectively.",F5
45.png,19,"The ball is likely located in the center of the net, as this is the typical area where a volleyball would be served or hit during play. The image shows players on both sides of the net, suggesting an active game, and the ball's position would need to be within reach for a player to hit it effectively.",F5
45.png,20,"The ball is likely located in the center of the net, as this is the typical area where a volleyball would be served or hit during play. The image shows players on both sides of the net, indicating an active game, and the ball's position would need to be within reach for a player to hit it effectively.",F5
45.png,21,"The ball is likely located in the center of the net, as this is the typical area where a volleyball would be served or hit during play. The image shows players on both sides of the net, suggesting an active game, and the ball's position would need to be within reach for a player to hit it effectively.",F5
45.png,22,"The ball is likely located in the center of the net, as this is the typical area where a volleyball would be served or hit during play. The image shows players on both sides of the net, suggesting an active game, and the ball's position would need to be within reach for a player to hit it effectively.",F5
45.png,23,"The ball is likely located in the center of the net, as this is the typical area where a volleyball would be served or hit during play. The image shows players on both sides of the net, suggesting an active game, and the ball's position would need to be within reach for a player to hit it effectively.",F5
45.png,24,"The ball is likely located in the center of the net, as this is the typical area where a volleyball would be served or hit during play. The image shows players on both sides of the net, suggesting an active game, and the ball's position would need to be within reach for a player to hit it effectively.",F5
45.png,25,"The ball is likely located in the center of the net, as this is the typical area where a volleyball would be served or hit during play. The image shows players on both sides of the net, indicating an active game, and the ball's position would need to be within reach for a player to hit it effectively.",F5
45.png,26,"The ball is likely located in the center of the net, as this is the typical area where a volleyball would be served or hit during play. The image shows players on both sides of the net, indicating an active game, and the ball's position would need to be within reach for a player to hit it effectively.",F5
45.png,27,"The ball is likely located in the center of the net, as this is the typical area where a volleyball would be served or hit during play. The image shows players on both sides of the net, indicating an active game, and the ball's position would need to be within reach for a player to hit it effectively.",F5
45.png,28,"The ball is likely located in the center of the net, as this is the typical area where a volleyball would be served or hit during play. The image shows players on both sides of the net, suggesting an active game, and the ball's position would need to be within reach for a player to hit it effectively.",F5
45.png,29,"The ball is likely located in the center of the net, as this is the typical area where a volleyball would be served or hit during play. The image shows players on both sides of the net, suggesting an active game, and the ball's position would need to be within reach for a player to hit it effectively.",F5
45.png,30,"The ball is likely located in the center of the net, as this is the typical area where a volleyball would be served or hit during play. The image shows players on both sides of the net, indicating an active game, and the ball's position would need to be within reach for a player to hit it effectively.",F5
45.png,31,"The ball is likely located in the center of the net, as this is the typical area where a volleyball would be served or hit during play. The image shows players on both sides of the net, indicating an active game, and the ball's position would need to be within reach for a player to hit it effectively.",F5
45.png,32,"The ball is likely located in the center of the net, as this is the typical area where a volleyball would be served or hit during play. The image shows players on both sides of the net, suggesting an active game, and the ball's position would need to be within reach for a player to hit it effectively.",F5
45.png,33,"The ball is likely located in the center of the net, as this is the typical area where a volleyball would be served or hit during play. The image shows players on both sides of the net, indicating an active game, and the ball's position would need to be within reach for a player to hit it effectively.",F5
45.png,34,"The ball is likely located in the center of the net, as this is the typical area where a volleyball would be served or hit during play. The image shows players on both sides of the net, suggesting an active game, and the ball's position would need to be within reach for a player to hit it effectively.",F5
45.png,35,"The ball is likely located in the center of the net, as this is the typical area where a volleyball would be served or hit during play. The image shows players on both sides of the net, indicating an active game, and the ball's position would need to be within reach for a player to hit it effectively.",F5
45.png,36,"The ball is likely located in the center of the net, as this is the typical area where a volleyball would be served or hit during play. The image shows players on both sides of the net, suggesting an active game, and the ball's position would need to be within reach for a player to hit it effectively.",F5
45.png,37,"The ball is likely located in the center of the net, as this is the typical area where a volleyball would be served or hit during play. The image shows players on both sides of the net, suggesting an active game, and the ball's position would need to be within reach for a player to hit it effectively.",F5
45.png,38,"The ball is likely located in the center of the net, as this is the typical area where a volleyball would be served or hit during play. The image shows players on both sides of the net, suggesting an active game, and the ball's position would need to be within reach for a player to hit it effectively.",F5
45.png,39,"The ball is likely located in the center of the net, as this is the typical area where a volleyball would be served or hit during play. The image shows players on both sides of the net, suggesting an active game, and the ball's position would need to be within reach for a player to hit it effectively.",F5
45.png,40,"The ball is likely located in the center of the net, as this is the typical area where a volleyball would be served or hit during play. The image shows players on both sides of the net, indicating an active game, and the ball's position would need to be within reach for a player to hit it effectively.",F5
45.png,41,"The ball is likely located in the center of the net, as this is the typical area where a volleyball would be served or hit during play. The image shows players on both sides of the net, indicating an active game, and the ball's position would need to be within reach for a player to hit it effectively.",F5
45.png,42,"The ball is likely located in the center of the net, as this is the typical area where a volleyball would be served or hit during play. The image shows players on both sides of the net, indicating an active game, and the ball's position would need to be within reach for a player to hit it effectively.",F5
45.png,43,"The ball is likely located in the center of the net, as this is the typical area where a volleyball would be served or hit during play. The image shows players on both sides of the net, indicating an active game, and the ball's position would need to be within reach for a player to hit it effectively.",F5
45.png,44,"The ball is likely located in the center of the net, as this is the typical area where a volleyball would be served or hit during play. The image shows players on both sides of the net, indicating an active game, and the ball's position would need to be within reach for a player to hit it effectively.",F5
45.png,45,"The ball is likely located in the center of the net, as this is the typical area where a volleyball would be served or hit during play. The image shows players on both sides of the net, suggesting an active game, and the ball's position would need to be within reach for a player to hit it effectively.",F5
45.png,46,"The ball is likely located in the center of the net, as this is the typical area where a volleyball would be served or hit during play. The image shows players on both sides of the net, indicating an active game, and the ball's position would need to be within reach for a player to hit it effectively.",F5
45.png,47,"The ball is likely located in the center of the net, as this is the typical area where a volleyball would be served or hit during play. The image shows players on both sides of the net, indicating an active game, and the ball's position would need to be within reach for a player to hit it effectively.",F5
45.png,48,"The ball is likely located in the center of the net, as this is the typical area where a volleyball would be served or hit during play. The image shows players on both sides of the net, suggesting an active game, and the ball's position would need to be within reach for a player to hit it effectively.",F5
45.png,49,"The ball is likely located in the center of the net, as this is the typical area where a volleyball would be served or hit during play. The image shows players on both sides of the net, indicating an active game, and the ball's position would need to be within reach for a player to hit it effectively.",F5
45.png,50,"The ball is likely located in the center of the net, as this is the typical area where a volleyball would be served or hit during play. The image shows players on both sides of the net, suggesting an active game, and the ball's position would need to be within reach for a player to hit it effectively.",F5
10.png,1,"The ball is likely located in the center of the court, near the net, as this is where the players are actively engaged in the game and where the ball would typically be found during play. Given the players' positions and the direction of their movements, it appears that the ball was recently passed or hit towards the opponent's side.",E6
10.png,2,"The ball is likely located in the center of the court, near the net, as this is where the players are actively engaged in the game and where the ball would typically be found during play. Given the players' positions and the direction of their movements, it appears that the ball was recently passed or hit towards the opponent's side.",E6
10.png,3,"The ball is likely located in the center of the court, near the net, as this is where the players are actively engaged in the game and where the ball would typically be found during play. Given the players' positions and the direction of their movements, it appears that the ball was recently passed or hit towards the opposing team's side.",E6
10.png,4,"The ball is likely located in the center of the court, near the net, as this is where the players are actively engaged in the game and where the ball would typically be found during play. Given the players' positions and the direction of their movements, it appears that the ball was recently passed or hit towards the opposing team's side.",E6
10.png,5,"The ball is likely located in the center of the court, near the net, as this is where the players are actively engaged in the game and where the ball would typically be found during play. Given the players' positions and the direction of their movements, it appears that the ball was recently passed or hit towards the opposing team's side.",E6
10.png,6,"The ball is likely located in the center of the court, near the net, as this is where the players are actively engaged in the game and where the ball would typically be found during play. Given the players' positions and the direction of their movements, it appears that the ball was recently passed or hit towards the opponent's side.",E6
10.png,7,"The ball is likely located in the center of the court, near the net, as this is where the players are actively engaged in the game and where the ball would typically be found during play. Given the players' positions and the direction of their movements, it appears that the ball was recently passed or hit towards the opponent's side.",E6
10.png,8,"The ball is likely located in the center of the court, near the net, as this is where the players are actively engaged in the game and where the ball would typically be found during play. Given the players' positions and the direction of their movements, it appears that the ball was recently passed or hit towards the opposing team's side.",E6
10.png,9,"The ball is likely located in the center of the court, near the net, as this is where the players are actively engaged in the game and where the ball would typically be found during play. Given the players' positions and the direction of their movements, it appears that the ball was recently passed or hit towards the opposing team's side.",E6
10.png,10,"The ball is likely located in the center of the court, near the net, as this is where the players are actively engaged in the game and where the ball would typically be found during play. Given the players' positions and the direction of their movements, it appears that the ball was recently passed or hit towards the opponent's side.",E6
10.png,11,"The ball is likely located in the center of the court, near the net, as this is where the players are actively engaged in the game and where the ball would typically be found during play. Given the players' positions and the direction of their movements, it appears that the ball was recently passed or hit towards the opposing team's side.",E6
10.png,12,"The ball is likely located in the center of the court, near the net, as this is where the players are actively engaged in the game and where the ball would typically be found during play. Given the players' positions and the direction of their movements, it appears that the ball was recently passed or hit towards the opposing team's side.",E6
10.png,13,"The ball is likely located in the center of the court, near the net, as this is where the players are actively engaged in the game and where the ball would typically be found during play. Given the players' positions and the direction of their movements, it appears that the ball was recently passed or hit towards the opposing team's side.",E6
10.png,14,"The ball is likely located in the center of the court, near the net, as this is where the players are actively engaged in the game and where the ball would typically be found during play. Given the players' positions and the direction of their movements, it appears that the ball was recently passed or hit towards the opponent's side.",E6
10.png,15,"The ball is likely located in the center of the court, near the net, as this is where the players are actively engaged in the game and where the ball would typically be found during play. Given the players' positions and the direction of their movements, it appears that the ball was recently passed or hit towards the opposing team's side.",E6
10.png,16,"The ball is likely located in the center of the court, near the net, as this is where the players are actively engaged in the game and where the ball would typically be found during play. Given the players' positions and the direction of their movements, it appears that the ball was recently passed or hit towards the opponent's side.",E6
10.png,17,"The ball is likely located in the center of the court, near the net, as this is where the players are actively engaged in the game and where the ball would typically be found during play. Given the players' positions and the direction of their movements, it appears that the ball was recently passed or hit towards the opposing team's side.",E6
10.png,18,"The ball is likely located in the center of the court, near the net, as this is where the players are actively engaged in the game and where the ball would typically be found during play. Given the players' positions and the direction of their movements, it appears that the ball was recently passed or hit towards the opponent's side.",E6
10.png,19,"The ball is likely located in the center of the court, near the net, as this is where the players are actively engaged in the game and where the ball would typically be found during play. Given the players' positions and the direction of their movements, it appears that the ball was recently passed or hit towards the opponent's side.",E6
10.png,20,"The ball is likely located in the center of the court, near the net, as this is where the players are actively engaged in the game and where the ball would typically be found during play. Given the players' positions and the direction of their movements, it appears that the ball was recently passed or hit towards the opponent's side.",E6
10.png,21,"The ball is likely located in the center of the court, near the net, as this is where the players are actively engaged in the game and where the ball would typically be found during play. Given the players' positions and the direction of their movements, it appears that the ball was recently passed or hit towards the opposing team's side.",E6
10.png,22,"The ball is likely located in the center of the court, near the net, as this is where the players are actively engaged in the game and where the ball would typically be found during play. Given the players' positions and the direction of their movements, it appears that the ball was recently passed or hit towards the opponent's side.",E6
10.png,23,"The ball is likely located in the center of the court, near the net, as this is where the players are actively engaged in the game and where the ball would typically be found during play. Given the players' positions and the direction of their movements, it appears that the ball was recently passed or hit towards the opposing team's side.",E6
10.png,24,"The ball is likely located in the center of the court, near the net, as this is where the players are actively engaged in the game and where the ball would typically be found during play. Given the players' positions and the direction of their movements, it appears that the ball was recently passed or hit towards the opposing team's side.",E6
10.png,25,"The ball is likely located in the center of the court, near the net, as this is where the players are actively engaged in the game and where the ball would typically be found during play. Given the players' positions and the direction of their movements, it appears that the ball was recently passed or hit towards the opponent's side.",E6
10.png,26,"The ball is likely located in the center of the court, near the net, as this is where the players are actively engaged in the game and where the ball would typically be found during play. Given the players' positions and the direction of their movements, it appears that the ball was recently passed or hit towards the opposing team's side.",E6
10.png,27,"The ball is likely located in the center of the court, near the net, as this is where the players are actively engaged in the game and where the ball would typically be found during play. Given the players' positions and the direction of their movements, it appears that the ball was recently passed or hit towards the opponent's side.",E6
10.png,28,"The ball is likely located in the center of the court, near the net, as this is where the players are actively engaged in the game and where the ball would typically be found during play. Given the players' positions and the direction of their movements, it appears that the ball was recently passed or hit towards the opponent's side.",E6
10.png,29,"The ball is likely located in the center of the court, near the net, as this is where the players are actively engaged in the game and where the ball would typically be found during play. Given the players' positions and the direction of their movements, it appears that the ball was recently passed or hit towards the opponent's side.",E6
10.png,30,"The ball is likely located in the center of the court, near the net, as this is where the players are actively engaged in the game and where the ball would typically be found during play. Given the players' positions and the direction of their movements, it appears that the ball was recently passed or hit towards the opposing team's side.",E6
10.png,31,"The ball is likely located in the center of the court, near the net, as this is where the players are actively engaged in the game and where the ball would typically be found during play. Given the players' positions and the direction of their movements, it appears that the ball was recently passed or hit towards the opponent's side.",E6
10.png,32,"The ball is likely located in the center of the court, near the net, as this is where the players are actively engaged in the game and where the ball would typically be found during play. Given the players' positions and the direction of their movements, it appears that the ball was recently passed or hit towards the opposing team's side.",E6
10.png,33,"The ball is likely located in the center of the court, near the net, as this is where the players are actively engaged in the game and where the ball would typically be found during play. Given the players' positions and the direction of their movements, it appears that the ball was recently passed or hit towards the opponent's side.",E6
10.png,34,"The ball is likely located in the center of the court, near the net, as this is where the players are actively engaged in the game and where the ball would typically be found during play. Given the players' positions and the direction of their movements, it appears that the ball was recently passed or hit towards the opposing team's side.",E6
10.png,35,"The ball is likely located in the center of the court, near the net, as this is where the players are actively engaged in the game and where the ball would typically be found during play. Given the players' positions and the direction of their movements, it appears that the ball was recently passed or hit towards the opponent's side.",E6
10.png,36,"The ball is likely located in the center of the court, near the net, as this is where the players are actively engaged in the game and where the ball would typically be found during play. Given the players' positions and the direction of their movements, it appears that the ball was recently passed or hit towards the opponent's side.",E6
10.png,37,"The ball is likely located in the center of the court, near the net, as this is where the players are actively engaged in the game and where the ball would typically be found during play. Given the players' positions and the direction of their movements, it appears that the ball was recently passed or hit towards the opposing team's side.",E6
10.png,38,"The ball is likely located in the center of the court, near the net, as this is where the players are actively engaged in the game and where the ball would typically be found during play. Given the players' positions and the direction of their movements, it appears that the ball was recently passed or hit towards the opponent's side.",E6
10.png,39,"The ball is likely located in the center of the court, near the net, as this is where the players are actively engaged in the game and where the ball would typically be found during play. Given the players' positions and the direction of their movements, it appears that the ball was recently passed or hit towards the opposing team's side.",E6
10.png,40,"The ball is likely located in the center of the court, near the net, as this is where the players are actively engaged in the game and where the ball would typically be found during play. Given the players' positions and the direction of their movements, it appears that the ball was recently passed or hit towards the opposing team's side.",E6
10.png,41,"The ball is likely located in the center of the court, near the net, as this is where the players are actively engaged in the game and where the ball would typically be found during play. Given the players' positions and the direction of their movements, it appears that the ball was recently passed or hit towards the opponent's side.",E6
10.png,42,"The ball is likely located in the center of the court, near the net, as this is where the players are actively engaged in the game and where the ball would typically be found during play. Given the players' positions and the direction of their movements, it appears that the ball was recently passed or hit towards the opponent's side.",E6
10.png,43,"The ball is likely located in the center of the court, near the net, as this is where the players are actively engaged in the game and where the ball would typically be found during play. Given the players' positions and the direction of their movements, it appears that the ball was recently passed or hit towards the opponent's side.",E6
10.png,44,"The ball is likely located in the center of the court, near the net, as this is where the players are actively engaged in the game and where the ball would typically be found during play. Given the players' positions and the direction of their movements, it appears that the ball was recently passed or hit towards the opposing team's side.",E6
10.png,45,"The ball is likely located in the center of the court, near the net, as this is where the players are actively engaged in the game and where the ball would typically be found during play. Given the players' positions and the direction of their movements, it appears that the ball was recently passed or hit towards the opposing team's side.",E6
10.png,46,"The ball is likely located in the center of the court, near the net, as this is where the players are actively engaged in the game and where the ball would typically be found during play. Given the players' positions and the direction of their movements, it appears that the ball was recently passed or hit towards the opposing team's side.",E6
10.png,47,"The ball is likely located in the center of the court, near the net, as this is where the players are actively engaged in the game and where the ball would typically be found during play. Given the players' positions and the direction of their movements, it appears that the ball was recently passed or hit towards the opposing team's side.",E6
10.png,48,"The ball is likely located in the center of the court, near the net, as this is where the players are actively engaged in the game and where the ball would typically be found during play. Given the players' positions and the direction of their movements, it appears that the ball was recently passed or hit towards the opponent's side.",E6
10.png,49,"The ball is likely located in the center of the court, near the net, as this is where the players are actively engaged in the game and where the ball would typically be found during play. Given the players' positions and the direction of their movements, it appears that the ball was recently passed or hit towards the opposing team's side.",E6
10.png,50,"The ball is likely located in the center of the court, near the net, as this is where the players are actively engaged in the game and where the ball would typically be found during play. Given the players' positions and the direction of their movements, it appears that the ball was recently passed or hit towards the opposing team's side.",E6
6.png,1,"The ball is likely located in the center of the court, near the net, as this is the typical area where a volleyball would be served or hit during play. Given the positions of the players, it appears that the ball was recently hit by one of the players in the middle of the court, possibly by player number 24 in yellow, who is positioned close to the net.",C5
6.png,2,"The ball is likely located in the center of the court, near the net, as this is where the players are actively engaged in the game and the ball would typically be found during play. The players' body language suggests they are preparing to receive or attack the ball, which further supports this inference.",C5
6.png,3,"The ball is likely located in the center of the court, near the net, as this is where the action typically occurs during a volleyball game. The players are positioned around this area, suggesting that the ball is either about to be served or has just been hit by one of the players.",C5
6.png,4,"The ball is likely located in the center of the court, near the net, as this is the typical area where a volleyball would be served or hit during play. Given the players' positions and the direction of their movements, it appears that the ball was recently hit towards the center of the court.",C5
6.png,5,"The ball is likely located in the center of the court, near the net, as this is where the action typically occurs during a volleyball game. The players are positioned around this area, suggesting that the ball is either about to be served or has just been hit by one of the players.",C5
6.png,6,"The ball is likely located in the center of the court, near the net, as this is where the players are actively engaged in the game and the ball would typically be found during play. The players' body language suggests they are preparing to receive or set the ball, which is common in volleyball.",C5
6.png,7,"The ball is likely located in the center of the court, near the net, as this is where the action typically occurs during a volleyball game. The players are positioned around this area, suggesting that the ball is either about to be served or has just been hit by one of the players.",C5
6.png,8,"The ball is likely located in the center of the court, near the net, as this is where the players are actively engaged in the game and the ball would typically be found during play. The players' body language suggests they are preparing to receive or attack the ball, which further supports this inference.",C5
6.png,9,"The ball is likely located in the center of the court, near the net, as this is the typical area where a volleyball would be served or hit during play. Given the players' positions and the direction of their movements, it appears that the ball was recently hit towards the center of the court.",C5
6.png,10,"The ball is likely located in the center of the court, near the net, as this is where the action typically occurs during a volleyball game. The players are positioned around this area, suggesting that the ball is either about to be served or has just been hit by one of the players.",C5
6.png,11,"The ball is likely located in the center of the court, near the net, as this is the typical area where a volleyball would be served or hit during play. Given the players' positions and the direction of their movements, it appears that the ball was recently hit towards the center of the court.",C5
6.png,12,"The ball is likely located in the center of the court, near the net, as this is the typical area where a volleyball would be served or hit during play. Given the players' positions and the direction of their movements, it appears that the ball was recently hit towards the center of the court.",C5
6.png,13,"The ball is likely located in the center of the court, near the net, as this is where the players are actively engaged in the game and the ball would typically be found during play. The players' body language suggests they are preparing to receive or set the ball, which is common in volleyball.",C5
6.png,14,"The ball is likely located in the center of the court, near the net, as this is where the players are actively engaged in the game and the ball would typically be found during play. The players' body language suggests they are preparing to receive or attack the ball, which further supports this inference.",C5
6.png,15,"The ball is likely located in the center of the court, near the net, as this is where the players are actively engaged in the game and the ball would typically be found during play. The players' body language suggests they are preparing to receive or set the ball, which is common in volleyball.",C5
6.png,16,"The ball is likely located in the center of the court, near the net, as this is the typical area where a volleyball would be served or hit during play. Given the positions of the players, it appears that the ball was recently hit by one of the players in the middle of the court, possibly by player number 24 in yellow, who is positioned close to the net and facing towards the opposing team's side.",E5
6.png,17,"The ball is likely located in the center of the court, near the net, as this is the typical area where a volleyball would be served or hit during play. Given the players' positions and the direction of their movements, it appears that the ball was recently hit towards the center of the court.",C5
6.png,18,"The ball is likely located in the center of the court, near the net, as this is where the players are actively engaged in the game and the ball would typically be found during play. The players' body language suggests they are preparing to receive or set the ball, which is common in volleyball.",C5
6.png,19,"The ball is likely located in the center of the court, near the net, as this is the typical area where a volleyball would be served or hit during play. Given the players' positions and the direction of their movements, it appears that the ball was recently hit towards the center of the court.",C5
6.png,20,"The ball is likely located in the center of the court, near the net, as this is where the action typically occurs during a volleyball game. The players are positioned around this area, suggesting that the ball is either about to be served or has just been hit by one of the players.",C5
6.png,21,"The ball is likely located in the center of the court, near the net, as this is the typical area where a volleyball would be served or hit during play. Given the players' positions and the direction of their movements, it appears that the ball was recently hit towards the center of the court.",C5
6.png,22,"The ball is likely located in the center of the court, near the net, as this is the typical area where a volleyball would be served or hit during play. Given the players' positions and the direction of their movements, it appears that the ball was recently hit towards the center of the court.",C5
6.png,23,"The ball is likely located in the center of the court, near the net, as this is where the action typically occurs during a volleyball game. The players are positioned around this area, suggesting that the ball is either about to be served or has just been hit by one of the players.",C5
6.png,24,"The ball is likely located in the center of the court, near the net, as this is the typical area where a volleyball would be served or hit during play. Given the players' positions and the direction of their movements, it appears that the ball was recently hit towards the center of the court.",C5
6.png,25,"The ball is likely located in the center of the court, near the net, as this is the typical area where a volleyball would be served or hit during play. Given the positions of the players, it appears that the ball was recently hit by one of the players in the middle of the court, possibly by player number 24 in yellow, who is positioned close to the net and facing towards the opposing team's side.",E5
6.png,26,"The ball is likely located in the center of the court, near the net, as this is the typical area where a volleyball would be served or hit during play. Given the players' positions and the direction of their movements, it appears that the ball was recently hit towards the center of the court.",C5
6.png,27,"The ball is likely located in the center of the court, near the net, as this is the typical area where a volleyball would be served or hit during play. Given the players' positions and the direction of their movements, it appears that the ball was recently hit towards the center of the court.",C5
6.png,28,"The ball is likely located in the center of the court, near the net, as this is where the action typically occurs during a volleyball game. The players are positioned around this area, suggesting that the ball is either about to be served or has just been hit by one of the players.",C5
6.png,29,"The ball is likely located in the center of the court, near the net, as this is where the players are actively engaged in the game and the ball would typically be found during play. The players' body language suggests they are preparing to receive or set the ball, which is common in volleyball.",C5
6.png,30,"The ball is likely located in the center of the court, near the net, as this is where the players are actively engaged in the game and the ball would typically be found during play. The players' body language suggests they are preparing to receive or attack the ball, which further supports this inference.",C5
6.png,31,"The ball is likely located in the center of the court, near the net, as this is where the players are actively engaged in the game and the ball would typically be found during play. The players' body language suggests they are preparing to receive or attack the ball, which further supports this inference.",C5
6.png,32,"The ball is likely located in the center of the court, near the net, as this is where the action typically occurs during a volleyball game. The players are positioned around this area, suggesting that the ball is either about to be served or has just been hit by one of the players.",C5
6.png,33,"The ball is likely located in the center of the court, near the net, as this is the typical area where a volleyball would be served or hit during play. Given the players' positions and the direction of their movements, it appears that the ball was recently hit towards the center of the court.",C5
6.png,34,"The ball is likely located in the center of the court, near the net, as this is the typical area where a volleyball would be served or hit during play. Given the positions of the players, it appears that a player on the right side of the court (cell B5) is preparing to hit the ball, suggesting the ball is close to them.",B5
6.png,35,"The ball is likely located in the center of the court, near the net, as this is where the action typically occurs during a volleyball game. The players are positioned around this area, suggesting that the ball is either about to be served or has just been hit by one of the players.",C5
6.png,36,"The ball is likely located in the center of the court, near the net, as this is where the action typically occurs during a volleyball game. The players are positioned around this area, suggesting that the ball is either about to be served or has just been hit by one of the players.",C5
6.png,37,"The ball is likely located in the center of the court, near the net, as this is where the action typically occurs during a volleyball game. The players are positioned around this area, suggesting that the ball is either about to be served or has just been hit by one of the players.",C5
6.png,38,"The ball is likely located in the center of the court, near the net, as this is the typical area where a volleyball would be served or hit during play. Given the positions of the players, it appears that a player on the right side of the court (cell B5) is preparing to hit the ball, suggesting that the ball is in the air heading towards the left side of the court.",B5
6.png,39,"The ball is likely located in the center of the court, near the net, as this is where the players are actively engaged in the game and the ball would typically be found during play. The players' body language suggests they are preparing to receive or attack the ball, which further supports this inference.",C5
6.png,40,"The ball is likely located in the center of the court, near the net, as this is where the players are actively engaged in the game and the ball would typically be found during play. The players' body language suggests they are preparing to receive or set the ball, which is common in volleyball.",C5
6.png,41,"The ball is likely located in the center of the court, near the net, as this is the typical area where a volleyball would be served or hit during play. Given the players' positions and the direction of their movements, it appears that the ball was recently hit towards the center of the court.",C5
6.png,42,"The ball is likely located in the center of the court, near the net, as this is where the players are actively engaged in the game and the ball would typically be found during play. The players' body language suggests they are preparing to receive or set the ball, which is common in volleyball.",C5
6.png,43,"The ball is likely located in the center of the court, near the net, as this is the typical area where a volleyball would be served or hit during play. Given the players' positions and the direction of their movements, it appears that the ball was recently hit towards the center of the court.",C5
6.png,44,"The ball is likely located in the center of the court, near the net, as this is where the players are actively engaged in the game and the ball would typically be found during play. The players' body language suggests they are preparing to receive or set the ball, which is common in volleyball.",C5
6.png,45,"The ball is likely located in the center of the court, near the net, as this is where the action typically occurs during a volleyball game. The players are positioned around this area, suggesting that the ball is either about to be served or has just been hit by one of the players.",C5
6.png,46,"The ball is likely located in the center of the court, near the net, as this is the typical area where a volleyball would be served or hit during play. Given the positions of the players, it appears that the ball was recently hit by one of the players in the middle of the court, possibly by player number 24 in yellow, who is positioned close to the net.",C5
6.png,47,"The ball is likely located in the center of the court, near the net, as this is where the action typically occurs during a volleyball game. The players are positioned around this area, suggesting that the ball is either about to be served or has just been hit by one of the players.",C5
6.png,48,"The ball is likely located in the center of the court, near the net, as this is where the players are actively engaged in the game and the ball would typically be found during play. The players' body language suggests they are preparing to receive or set the ball, which is common in volleyball.",C5
6.png,49,"The ball is likely located in the center of the court, near the net, as this is the typical area where a volleyball would be served or hit during play. Given the players' positions and the direction of their movements, it appears that the ball was recently hit towards the center of the court.",C5
6.png,50,"The ball is likely located in the center of the court, near the net, as this is where the players are actively engaged in the game and the ball would typically be found during play. The players' body language suggests they are preparing to receive or set the ball, which is common in volleyball.",C5
48.png,1,"The ball is likely located in the center of the court, near the players who are actively moving and preparing to hit or receive the ball. Given the positions of the players and their movements, it appears that the ball was recently passed or set by one of the players in the middle of the court.",D5
48.png,2,"The ball is likely located in the center of the court, near the players who are actively moving and preparing to hit or receive the ball. Given the positions of the players and their movements, it appears that the ball was recently passed or set by one of the players in the middle of the court.",D5
48.png,3,"The ball is likely located in the center of the court, near the players who are actively moving and preparing to hit or receive the ball. Given the positions of the players and their movements, it appears that the ball was recently passed or set by one of the players in the middle of the court.",D5
48.png,4,"The ball is likely located in the center of the court, near the players who are actively moving and preparing to hit or receive the ball. Given the positions of the players and their movements, it appears that the ball was recently passed or set by one of the players in the middle of the court, possibly around the area where the setter is positioned.",D5
48.png,5,"The ball is likely located in the center of the court, near the players who are actively moving and preparing to hit or receive the ball. Given the positions of the players and their movements, it appears that the ball was recently passed or set by one of the players in the middle of the court. Therefore, the ball is most likely in the central area of the court.",D5
48.png,6,"The ball is likely located in the center of the court, near the players who are actively moving and preparing to hit or receive the ball. Given the positions of the players and their movements, it appears that the ball was recently passed or set by one of the players in the middle of the court, possibly around the area where the setter is positioned.",D5
48.png,7,"The ball is likely located in the center of the court, near the players who are actively moving and preparing to hit or receive the ball. Given the positions of the players and their movements, it appears that the ball was recently passed or set by one of the players in the middle of the court. Therefore, the ball is most likely in the central area of the court.",D5
48.png,8,"The ball is likely located in the center of the court, near the players who are actively moving and preparing to hit or receive the ball. Given the positions of the players and their movements, it appears that the ball was recently passed or set by one of the players in the middle of the court.",D5
48.png,9,"The ball is likely located in the center of the court, near the players who are actively moving and preparing to hit or receive the ball. Given the positions of the players and their movements, it appears that the ball was recently passed or set by one of the players in the middle of the court. Therefore, the ball is most likely in the central area of the court.",D5
48.png,10,"The ball is likely located in the center of the court, near the players who are actively moving and preparing to hit or receive the ball. Given the positions of the players and their movements, it appears that the ball was recently passed or set by one of the players in the middle of the court, possibly around the area where the setter is positioned.",D5
48.png,11,"The ball is likely located in the center of the court, near the players who are actively moving and preparing to hit or receive the ball. Given the positions of the players and their movements, it appears that the ball was recently passed or set by one of the players in the middle of the court, possibly around the area where the setter is positioned.",D5
48.png,12,"The ball is likely located in the center of the court, near the players who are actively moving and preparing to hit or receive the ball. Given the positions of the players and their movements, it appears that the ball was recently passed or set by one of the players in the middle of the court, possibly around the area where the setter is positioned.",D5
48.png,13,"The ball is likely located in the center of the court, near the players who are actively moving and preparing to hit or receive the ball. Given the positions of the players and their movements, it appears that the ball was recently passed or set by one of the players in the middle of the court. Therefore, the ball is most likely in the central area of the court.",D5
48.png,14,"The ball is likely located in the center of the court, near the players who are actively moving and preparing to hit or receive the ball. Given the positions of the players and their movements, it appears that the ball was recently passed or set by one of the players in the middle of the court.",D5
48.png,15,"The ball is likely located in the center of the court, near the players who are actively moving and preparing to hit or receive the ball. Given the positions of the players and their movements, it appears that the ball was recently passed or set by one of the players in the middle of the court.",D5
48.png,16,"The ball is likely located in the center of the court, near the players who are actively moving and preparing to hit or receive the ball. Given the positions of the players and their movements, it appears that the ball was recently passed or set by one of the players in the middle of the court.",D5
48.png,17,"The ball is likely located in the center of the court, near the players who are actively moving and preparing to hit or receive the ball. Given the positions of the players and their movements, it appears that the ball was recently passed or set by one of the players in the middle of the court, possibly around the area where the setter is positioned.",D5
48.png,18,"The ball is likely located in the center of the court, near the players who are actively moving and preparing to hit or receive the ball. Given the positions of the players and their movements, it appears that the ball was recently passed or set by one of the players in the middle of the court, possibly around the area where the setter is positioned.",D5
48.png,19,"The ball is likely located in the center of the court, near the players who are actively moving and preparing to hit or receive the ball. Given the positions of the players and their movements, it appears that the ball was recently passed or set by one of the players in the middle of the court.",D5
48.png,20,"The ball is likely located in the center of the court, near the players who are actively moving and preparing to hit or receive the ball. Given the positions of the players and their movements, it appears that the ball was recently passed or set by one of the players in the middle of the court.",D5
48.png,21,"The ball is likely located in the center of the court, near the players who are actively moving and preparing to hit or receive the ball. Given the positions of the players and their movements, it appears that the ball was recently passed or set by one of the players in the middle of the court. Therefore, the ball is most likely in the central area of the court.",D5
48.png,22,"The ball is likely located in the center of the court, near the players who are actively moving and preparing to hit or receive the ball. Given the positions of the players and their movements, it appears that the ball was recently passed or set by one of the players in the middle of the court. Therefore, the ball is most likely in the central area of the court.",D5
48.png,23,"The ball is likely located in the center of the court, near the players who are actively moving and preparing to hit or receive the ball. Given the positions of the players and their movements, it appears that the ball was recently passed or set by one of the players in the middle of the court, possibly around the area where the setter is positioned.",D5
48.png,24,"The ball is likely located in the center of the court, near the players who are actively moving and preparing to hit or receive the ball. Given the positions of the players and their movements, it appears that the ball was recently passed or set by one of the players in the middle of the court, possibly around the area where the setter is positioned.",D5
48.png,25,"The ball is likely located in the center of the court, near the players who are actively moving and preparing to hit or receive the ball. Given the positions of the players and their movements, it appears that the ball was recently passed or set by one of the players in the middle of the court.",D5
48.png,26,"The ball is likely located in the center of the court, near the players who are actively moving and preparing to hit or receive the ball. Given the positions of the players and their movements, it appears that the ball was recently passed or set by one of the players in the middle of the court. Therefore, the ball is most likely in the central area of the court.",D5
48.png,27,"The ball is likely located in the center of the court, near the players who are actively moving and preparing to hit or receive the ball. Given the positions of the players and their movements, it appears that the ball was recently passed or set by one of the players in the middle of the court, possibly around the area where the setter is positioned.",D5
48.png,28,"The ball is likely located in the center of the court, near the players who are actively moving and preparing to hit or receive the ball. Given the positions of the players and their movements, it appears that the ball was recently passed or set by one of the players in the middle of the court, possibly around the area where the setter is positioned.",D5
48.png,29,"The ball is likely located in the center of the court, near the players who are actively moving and preparing to hit or receive the ball. Given the positions of the players and their movements, it appears that the ball was recently passed or set by one of the players in the middle of the court.",D5
48.png,30,"The ball is likely located in the center of the court, near the players who are actively moving and preparing to hit or receive the ball. Given the positions of the players and their movements, it appears that the ball was recently passed or set by one of the players in the middle of the court, possibly around the area where the setter is positioned.",D5
48.png,31,"The ball is likely located in the center of the court, near the players who are actively moving and preparing to hit or receive the ball. Given the positions of the players and their movements, it appears that the ball was recently passed or set by one of the players in the middle of the court. Therefore, the ball is most likely in the central area of the court.",D5
48.png,32,"The ball is likely located in the center of the court, near the players who are actively moving and preparing to hit or receive the ball. Given the positions of the players and their movements, it appears that the ball was recently passed or set by one of the players in the middle of the court.",D5
48.png,33,"The ball is likely located in the center of the court, near the players who are actively moving and preparing to hit or receive the ball. Given the positions of the players and their movements, it appears that the ball was recently passed or set by one of the players in the middle of the court, possibly around the area where the setter is positioned.",D5
48.png,34,"The ball is likely located in the center of the court, near the players who are actively moving and preparing to hit or receive the ball. Given the positions of the players and their movements, it appears that the ball was recently passed or set by one of the players in the middle of the court.",D5
48.png,35,"The ball is likely located in the center of the court, near the players who are actively moving and preparing to hit or receive the ball. Given the positions of the players and their movements, it appears that the ball was recently passed or set by one of the players in the middle of the court.",D5
48.png,36,"The ball is likely located in the center of the court, near the players who are actively moving and preparing to hit or receive the ball. Given the positions of the players and their movements, it appears that the ball was recently passed or set by one of the players in the middle of the court, possibly around the area where the setter is positioned.",D5
48.png,37,"The ball is likely located in the center of the court, near the players who are actively moving and preparing to hit or receive the ball. Given the positions of the players and their movements, it appears that the ball was recently passed or set by one of the players in the middle of the court. Therefore, the ball is most likely in the central area of the court.",D5
48.png,38,"The ball is likely located in the center of the court, near the players who are actively moving and preparing to hit or receive the ball. Given the positions of the players and their movements, it appears that the ball was recently passed or set by one of the players in the middle of the court.",D5
48.png,39,"The ball is likely located in the center of the court, near the players who are actively moving and preparing to hit or receive the ball. Given the positions of the players and their movements, it appears that the ball was recently passed or set by one of the players in the middle of the court, possibly around the area where the setter is positioned.",D5
48.png,40,"The ball is likely located in the center of the court, near the players who are actively moving and preparing to hit or receive the ball. Given the positions of the players and their movements, it appears that the ball was recently passed or set by one of the players in the middle of the court, possibly around the area where the setter is positioned.",D5
48.png,41,"The ball is likely located in the center of the court, near the players who are actively moving and preparing to hit or receive the ball. Given the positions of the players and their movements, it appears that the ball was recently passed or set by one of the players in the middle of the court. Therefore, the ball is most likely in the central area of the court.",D5
48.png,42,"The ball is likely located in the center of the court, near the players who are actively moving and preparing to hit or receive the ball. Given the positions of the players and their movements, it appears that the ball was recently passed or set by one of the players in the middle of the court.",D5
48.png,43,"The ball is likely located in the center of the court, near the players who are actively moving and preparing to hit or receive the ball. Given the positions of the players and their movements, it appears that the ball was recently passed or set by one of the players in the middle of the court, possibly around the area where the setter is positioned.",D5
48.png,44,"The ball is likely located in the center of the court, near the players who are actively moving and preparing to hit or receive the ball. Given the positions of the players and their movements, it appears that the ball was recently passed or set by one of the players in the middle of the court, possibly around the area where the setter is positioned.",D5
48.png,45,"The ball is likely located in the center of the court, near the players who are actively moving and preparing to hit or receive the ball. Given the positions of the players and their movements, it appears that the ball was recently passed or set by one of the players in the middle of the court. Therefore, the ball is most likely in the central area of the court.",D5
48.png,46,"The ball is likely located in the center of the court, near the players who are actively moving and preparing to hit or receive the ball. Given the positions of the players and their movements, it appears that the ball was recently passed or set by one of the players in the middle of the court.",D5
48.png,47,"The ball is likely located in the center of the court, near the players who are actively moving and preparing to hit or receive the ball. Given the positions of the players and their movements, it appears that the ball was recently passed or set by one of the players in the middle of the court.",D5
48.png,48,"The ball is likely located in the center of the court, near the players who are actively moving and preparing to hit or receive the ball. Given the positions of the players and their movements, it appears that the ball was recently passed or set by one of the players in the middle of the court, possibly around the area where the setter is positioned.",D5
48.png,49,"The ball is likely located in the center of the court, near the players who are actively moving and preparing to hit or receive the ball. Given the positions of the players and their movements, it appears that the ball was recently passed or set by one of the players in the middle of the court.",D5
48.png,50,"The ball is likely located in the center of the court, near the players who are actively moving and preparing to hit or receive the ball. Given the positions of the players and their movements, it appears that the ball was recently passed or set by one of the players in the middle of the court. Therefore, the ball is most likely in the central area of the court.",D5
37.png,1,"The ball is likely located in the center of the image, just above the net, as it would be in the middle of the action where players are jumping and preparing to hit or block. This area is typically where the ball is most active during a volleyball game.",D5
37.png,2,"The ball is likely located in the center of the image, just above the net, as it would be in the middle of the action where players are jumping and preparing to hit or block. Given the positions of the players, the ball is most likely in the area where the player in white (cell D5) is looking up, indicating that the ball is in the air above him.",D5
37.png,3,"The ball is likely located in the center of the image, just above the net, as it would be in the middle of the action where players are jumping and preparing to hit or block. This area is typically where the ball is most active during a volleyball game.",D5
37.png,4,"The ball is likely located in the center of the image, just above the net, as it would be in the middle of the action where players are jumping and preparing to hit or block the ball. Given the positions of the players, the ball is most likely in the area where the player in white (cell D5) is looking up, indicating that the ball is in the air above him.",D5
37.png,5,"The ball is likely located in the center of the image, just above the net, as it would be in the middle of the action where players are jumping and preparing to hit or block the ball. Given the positions of the players, the ball is most likely in the area where the player in white (cell D5) is looking up, indicating that the ball is in the air above him.",D5
37.png,6,"The ball is likely located in the center of the image, just above the net, as it would be in the middle of the action where players are jumping and preparing to hit or block. Given the positions of the players, the ball is most likely in the area where the player in white (cell D5) is looking up, indicating that the ball is in the air above him.",D5
37.png,7,"The ball is likely located in the center of the image, just above the net, as it would be in the middle of the action where players are jumping and preparing to hit or block the ball. Given the positions of the players, the ball is most likely in the area where the player in white (cell D5) is looking up, indicating that the ball is in the air above him.",D5
37.png,8,"The ball is likely located in the center of the image, just above the net, as it would be in the middle of the action where players are jumping and preparing to hit or block the ball. Given the positions of the players, the ball is most likely in the area where the player in white (cell D5) is looking up, indicating that the ball is in the air above him.",D5
37.png,9,"The ball is likely located in the center of the image, just above the net, as it would be in the middle of the action where players are jumping and preparing to hit or block the ball. Given the positions of the players, the ball is most likely in the area where the player in white (cell D5) is looking up, indicating that the ball is in the air above him.",D5
37.png,10,"The ball is likely located in the center of the image, just above the net, as it would be in the middle of the action where players are jumping and preparing to hit or block the ball. Given the positions of the players, the ball is most likely in the area where the player in white (cell D5) is looking up, indicating that the ball is in the air above him.",D5
37.png,11,"The ball is likely located in the center of the image, just above the net, as it would be in the middle of the action where players are jumping and preparing to hit or block the ball. Given the positions of the players, the ball is most likely in the area where the player in white (cell D5) is looking up, indicating that the ball is in the air above him.",D5
37.png,12,"The ball is likely located in the center of the image, just above the net, as it would be in the middle of the action where players are jumping and preparing to hit or block. Given the positions of the players, the ball is most likely in the area where the player in white (cell D5) is looking up, indicating that the ball is in the air above him.",D5
37.png,13,"The ball is likely located in the center of the image, just above the net, as it would be in the middle of the action where players are jumping and preparing to hit or block the ball. Given the positions of the players, the ball is most likely in the area where the player in white (cell D5) is looking up, indicating that the ball is in the air above him.",D5
37.png,14,"The ball is likely located in the center of the image, just above the net, as it would be in the middle of the action where players are jumping and preparing to hit or block the ball. Given the positions of the players, the ball is most likely in the area where the player in white (cell D5) is looking up, indicating that the ball is in the air above him.",D5
37.png,15,"The ball is likely located in the center of the image, just above the net, as it would be in the middle of the action where players are jumping and preparing to hit or block the ball. Given the positions of the players, the ball is most likely in the area where the player in white (cell D5) is looking up, indicating that the ball is in the air above him.",D5
37.png,16,"The ball is likely located in the center of the image, just above the net, as it would be in the middle of the action where players are jumping and preparing to hit or block. Given the positions of the players, the ball is most likely in the area where the player in white (cell D5) is looking up, indicating that the ball is in the air above him.",D5
37.png,17,"The ball is likely located in the center of the image, just above the net, as it would be in the middle of the action where players are jumping and preparing to hit or block. Given the positions of the players, the ball is most likely in the area where the player in white (cell D5) is looking up, indicating that the ball is in the air above him.",D5
37.png,18,"The ball is likely located in the center of the image, just above the net, as it would be in the middle of the action where players are jumping and preparing to hit or block. This area is typically where the ball is most active during a volleyball game.",D5
37.png,19,"The ball is likely located in the center of the image, just above the net, as it would be in the middle of the action where players are jumping and preparing to hit or block. Given the positions of the players, the ball is most likely in the area where the player in white (cell D5) is looking up, indicating that the ball is in the air above him.",D5
37.png,20,"The ball is likely located in the center of the image, just above the net, as it would be in the middle of the action where players are jumping and preparing to hit or block. This area is typically where the ball is most active during a volleyball game.",D5
37.png,21,"The ball is likely located in the center of the image, just above the net, as it would be in the middle of the action where players are jumping and preparing to hit or block the ball. Given the positions of the players, the ball is most likely in the area where the player in white (cell D5) is looking up, indicating that the ball is in the air above him.",D5
37.png,22,"The ball is likely located in the center of the image, just above the net, as it would be in the middle of the action where players are jumping and preparing to hit or block the ball. Given the positions of the players, the ball is most likely in the area where the player in white (cell D5) is looking up, indicating that the ball is in the air above him.",D5
37.png,23,"The ball is likely located in the center of the image, just above the net, as it would be in the middle of the action where players are jumping and preparing to hit or block the ball. Given the positions of the players, the ball is most likely in the area where the player in white (cell D5) is looking up, indicating that the ball is in the air above him.",D5
37.png,24,"The ball is likely located in the center of the image, just above the net, as it would be in the middle of the action where players are jumping and preparing to hit or block. This area is typically where the ball is most active during a volleyball game.",D5
37.png,25,"The ball is likely located in the center of the image, just above the net, as it would be in the middle of the action where players are jumping and preparing to hit or block. Given the positions of the players, the ball is most likely in the area where the player in white (cell D5) is looking up, indicating that the ball is in the air above him.",D5
37.png,26,"The ball is likely located in the center of the image, just above the net, as it would be in the middle of the action where players are jumping and preparing to hit or block the ball. Given the positions of the players, the ball is most likely in the area where the player in white (cell D5) is looking up, indicating that the ball is in the air above him.",D5
37.png,27,"The ball is likely located in the center of the image, just above the net, as it would be in the middle of the action where players are jumping and preparing to hit or block. This area is typically where the ball is most active during a volleyball game.",D5
37.png,28,"The ball is likely located in the center of the image, just above the net, as it would be in the middle of the action where players are jumping and preparing to hit or block the ball. Given the positions of the players, the ball is most likely in the area where the player in white (cell D5) is looking up, indicating that the ball is in the air above him.",D5
37.png,29,"The ball is likely located in the center of the image, just above the net, as it would be in the middle of the action where players are jumping and preparing to hit or block. Given the positions of the players, the ball is most likely in the area where the player in white (cell D5) is looking up, indicating that the ball is above him and in play.",D5
37.png,30,"The ball is likely located in the center of the image, just above the net, as it would be in the middle of the action where players are jumping and preparing to hit or block. This area is typically where the ball is most active during a volleyball game.",D5
37.png,31,"The ball is likely located in the center of the image, just above the net, as it would be in the middle of the action where players are jumping and preparing to hit or block the ball. Given the positions of the players, the ball is most likely in the area where the player in white (cell D5) is looking up, indicating that the ball is in the air above him.",D5
37.png,32,"The ball is likely located in the center of the image, just above the net, as it would be in the middle of the action where players are jumping and preparing to hit or block the ball. Given the positions of the players, the ball is most likely in the area where the player in white (cell D5) is looking up, indicating that the ball is in the air above him.",D5
37.png,33,"The ball is likely located in the center of the image, just above the net, as it would be in the middle of the action where players are jumping and preparing to hit or block the ball. Given the positions of the players, the ball is most likely in the area where the player in white (cell D5) is looking up, indicating that the ball is in the air above him.",D5
37.png,34,"The ball is likely located in the center of the image, just above the net, as it would be in the middle of the action where players are jumping and preparing to hit or block. This area is typically where the ball is most active during a volleyball game.",D5
37.png,35,"The ball is likely located in the center of the image, just above the net, as it would be in the middle of the action where players are jumping and preparing to hit or block. This area is typically where the ball is most active during a volleyball game.",D5
37.png,36,"The ball is likely located in the center of the image, just above the net, as it would be in the middle of the action where players are jumping and preparing to hit or block. Given the positions of the players, the ball is most likely in the area where the player in white (cell D5) is looking up, indicating that the ball is above him and in play.",D5
37.png,37,"The ball is likely located in the center of the image, just above the net, as it would be in the middle of the action where players are jumping and preparing to hit or block the ball. Given the positions of the players, the ball is most likely in the area where the player in white (cell D5) is looking up, indicating that the ball is in the air above him.",D5
37.png,38,"The ball is likely located in the center of the image, just above the net, as it would be in the middle of the action where players are jumping and preparing to hit or block. This area is typically where the ball is most active during a volleyball game.",D5
37.png,39,"The ball is likely located in the center of the image, just above the net, as it would be in the middle of the action where players are jumping and preparing to hit or block. Given the positions of the players, the ball is most likely in the area where the player in white (cell D5) is looking up, indicating that the ball is above him and in play.",D5
37.png,40,"The ball is likely located in the center of the image, just above the net, as it would be in the middle of the action where players are jumping and preparing to hit or block. This area is typically where the ball is most active during a volleyball game.",D5
37.png,41,"The ball is likely located in the center of the image, just above the net, as it would be in the middle of the action where players are jumping and preparing to hit or block the ball. Given the positions of the players, the ball is most likely in the area where the player in white (cell D5) is looking up, indicating that the ball is in the air above him.",D5
37.png,42,"The ball is likely located in the center of the image, just above the net, as it would be in the middle of the action where players are jumping and preparing to hit or block. Given the positions of the players, the ball is most likely in the area where the player in white (cell D5) is looking up, indicating that the ball is in the air above him.",D5
37.png,43,"The ball is likely located in the center of the image, just above the net, as it would be in the middle of the action where players are jumping and preparing to hit or block. This area is typically where the ball is most active during a volleyball game.",D5
37.png,44,"The ball is likely located in the center of the image, just above the net, as it would be in the middle of the action where players are jumping and preparing to hit or block. This area is typically where the ball is most active during a volleyball game.",D5
37.png,45,"The ball is likely located in the center of the image, just above the net, as it would be in the middle of the action where players are jumping and preparing to hit or block. This area is typically where the ball is most active during a volleyball game.",D5
37.png,46,"The ball is likely located in the center of the image, just above the net, as it would be in the middle of the action where players are jumping and preparing to hit or block the ball. Given the positions of the players, the ball is most likely in the area where the player in white (cell D5) is looking up, indicating that the ball is in the air above him.",D5
37.png,47,"The ball is likely located in the center of the image, just above the net, as it would be in the middle of the action where players are jumping and preparing to hit or block. Given the positions of the players, the ball is most likely in the area where the player in white (cell D5) is looking up, indicating that the ball is above him and in play.",D5
37.png,48,"The ball is likely located in the center of the image, just above the net, as it would be in the middle of the action where players are jumping and preparing to hit or block. This area is typically where the ball is most active during a volleyball game.",D5
37.png,49,"The ball is likely located in the center of the image, just above the net, as it would be in the middle of the action where players are jumping and preparing to hit or block the ball. Given the positions of the players, the ball is most likely in the area where the player in white (cell D5) is looking up, indicating that the ball is in the air above him.",D5
37.png,50,"The ball is likely located in the center of the image, just above the net, as it would be in the middle of the action where players are jumping and preparing to hit or block. This area is typically where the ball is most active during a volleyball game.",D5
43.png,1,"The ball is likely located in the center of the court, just above the net, as it is a common position for a volleyball during play. The players' body positions suggest they are preparing to receive or set the ball, which typically occurs near the center of the court.",D5
43.png,2,"The ball is likely located in the center of the court, just above the net, as it is a common position for a volleyball during play. The players' body positions suggest they are preparing to receive or set the ball, which typically occurs near the center of the court.",D5
43.png,3,"The ball is likely located in the center of the court, just above the net, as it is a common position for a volleyball during play. The players' body positions suggest they are preparing to hit or block the ball, which typically occurs near the center of the court.",D5
43.png,4,"The ball is likely located in the center of the court, just above the net, as it is a common position for a volleyball during play. The players' body positions suggest they are preparing to hit or block the ball, which typically occurs near the center of the court.",D5
43.png,5,"The ball is likely located in the center of the court, just above the net, as it is a common position for a volleyball during play. The players' body positions suggest they are preparing to hit or block the ball, which typically occurs near the center of the court.",D5
43.png,6,"The ball is likely located in the center of the court, just above the net, as it is a common position for a volleyball during play. The players' body positions suggest they are preparing to hit or block the ball, which typically occurs near the center of the court.",D5
43.png,7,"The ball is likely located in the center of the court, just above the net, as it is a common position for a volleyball during play. The players' body positions suggest they are preparing to hit or block the ball, which typically occurs near the center of the court.",D5
43.png,8,"The ball is likely located in the center of the court, just above the net, as it is a common position for a volleyball during play. The players' body positions suggest they are preparing to hit or block the ball, which typically occurs near the center of the court.",D5
43.png,9,"The ball is likely located in the center of the court, just above the net, as it is a common position for a volleyball during play. The players' body positions suggest they are preparing to receive or set the ball, which typically occurs near the center of the court.",D5
43.png,10,"The ball is likely located in the center of the court, just above the net, as it is a common position for a volleyball during play. The players' body positions suggest they are preparing to receive or set the ball, which typically occurs near the center of the court.",D5
43.png,11,"The ball is likely located in the center of the court, just above the net, as it is a common position for a volleyball during play. The players' body positions suggest they are preparing to receive or set the ball, which typically occurs near the center of the court.",D5
43.png,12,"The ball is likely located in the center of the court, just above the net, as it is a common position for a volleyball during play. The players' body positions suggest they are preparing to receive or set the ball, which typically occurs near the center of the court.",D5
43.png,13,"The ball is likely located in the center of the court, just above the net, as it is a common position for a volleyball during play. The players' body positions suggest they are preparing to receive or set the ball, which typically occurs near the center of the court.",D5
43.png,14,"The ball is likely located in the center of the court, just above the net, as it is a common position for a volleyball during play. The players' body positions suggest they are preparing to receive or set the ball, which typically occurs near the center of the court.",D5
43.png,15,"The ball is likely located in the center of the court, just above the net, as it is a common position for a volleyball during play. The players' body positions suggest they are preparing to receive or set the ball, which typically occurs near the center of the court.",D5
43.png,16,"The ball is likely located in the center of the court, just above the net, as it is a common position for a volleyball during play. The players' body positions suggest they are preparing to hit or block the ball, which typically occurs near the center of the court.",D5
43.png,17,"The ball is likely located in the center of the court, just above the net, as it is a common position for a volleyball during play. The players' body positions suggest they are preparing to hit or block the ball, which typically occurs near the center of the court.",D5
43.png,18,"The ball is likely located in the center of the court, just above the net, as it is a common position for a volleyball during play. The players' body positions suggest they are preparing to hit or block the ball, which typically occurs near the center of the court.",D5
43.png,19,"The ball is likely located in the center of the court, just above the net, as it is a common position for a volleyball during play. The players' body positions suggest they are preparing to hit or block the ball, which typically occurs near the center of the court.",D5
43.png,20,"The ball is likely located in the center of the court, just above the net, as it is a common position for a volleyball during play. The players' body positions suggest they are preparing to receive or set the ball, which typically occurs near the center of the court.",D5
43.png,21,"The ball is likely located in the center of the court, just above the net, as it is a common position for a volleyball during play. The players' body positions suggest they are preparing to receive or set the ball, which typically occurs near the center of the court.",D5
43.png,22,"The ball is likely located in the center of the court, just above the net, as it is a common position for a volleyball during play. The players' body positions suggest they are preparing to receive or set the ball, which typically occurs near the center of the court.",D5
43.png,23,"The ball is likely located in the center of the court, just above the net, as it is a common position for a volleyball during play. The players' body positions suggest they are preparing to receive or set the ball, which typically occurs near the center of the court.",D5
43.png,24,"The ball is likely located in the center of the court, just above the net, as it is a common position for a volleyball during play. The players' body positions suggest they are preparing to receive or set the ball, which typically occurs near the center of the court.",D5
43.png,25,"The ball is likely located in the center of the court, just above the net, as it is a common position for a volleyball during play. The players' body positions suggest they are preparing to receive or set the ball, which typically occurs near the center of the court.",D5
43.png,26,"The ball is likely located in the center of the court, just above the net, as it is a common position for a volleyball during play. The players' body positions suggest they are preparing to hit or block the ball, which typically occurs near the center of the court.",D5
43.png,27,"The ball is likely located in the center of the court, just above the net, as it is a common position for a volleyball during play. The players' body positions suggest they are preparing to receive or set the ball, which typically occurs near the center of the court.",D5
43.png,28,"The ball is likely located in the center of the court, just above the net, as it is a common position for a volleyball during play. The players' body positions suggest they are preparing to hit or block the ball, which typically occurs near the center of the court.",D5
43.png,29,"The ball is likely located in the center of the court, just above the net, as it is a common position for a volleyball during play. The players' body positions suggest they are preparing to receive or set the ball, which typically occurs near the center of the court.",D5
43.png,30,"The ball is likely located in the center of the court, just above the net, as it is a common position for a volleyball during play. The players' body positions suggest they are preparing to hit or block the ball, which typically occurs near the center of the court.",D5
43.png,31,"The ball is likely located in the center of the court, just above the net, as it is a common position for a volleyball during play. The players' body positions suggest they are preparing to hit or block the ball, which typically occurs near the center of the court.",D5
43.png,32,"The ball is likely located in the center of the court, just above the net, as it is a common position for a volleyball during play. The players' body positions suggest they are preparing to hit or block the ball, which typically occurs near the center of the court.",D5
43.png,33,"The ball is likely located in the center of the court, just above the net, as it is a common position for a volleyball during play. The players' body positions suggest they are preparing to receive or set the ball, which typically occurs near the center of the court.",D5
43.png,34,"The ball is likely located in the center of the court, just above the net, as it is a common position for a volleyball during play. The players' body positions suggest they are preparing to receive or set the ball, which typically occurs near the center of the court.",D5
43.png,35,"The ball is likely located in the center of the court, just above the net, as it is a common position for a volleyball during play. The players' body positions suggest they are preparing to receive or set the ball, which typically occurs near the center of the court.",D5
43.png,36,"The ball is likely located in the center of the court, just above the net, as it is a common position for a volleyball during play. The players' body positions suggest they are preparing to receive or set the ball, which typically occurs near the center of the court.",D5
43.png,37,"The ball is likely located in the center of the court, just above the net, as it is a common position for a volleyball during play. The players' body positions suggest they are preparing to hit or block the ball, which typically occurs near the center of the court.",D5
43.png,38,"The ball is likely located in the center of the court, just above the net, as it is a common position for a volleyball during play. The players' body positions suggest they are preparing to receive or set the ball, which typically occurs near the center of the court.",D5
43.png,39,"The ball is likely located in the center of the court, just above the net, as it is a common position for a volleyball during play. The players' body positions suggest they are preparing to receive or set the ball, which typically occurs near the center of the court.",D5
43.png,40,"The ball is likely located in the center of the court, just above the net, as it is a common position for a volleyball during play. The players' body positions suggest they are preparing to receive or set the ball, which typically occurs near the center of the court.",D5
43.png,41,"The ball is likely located in the center of the court, just above the net, as it is a common position for a volleyball during play. The players' body positions suggest they are preparing to hit or block the ball, which typically occurs near the center of the court.",D5
43.png,42,"The ball is likely located in the center of the court, just above the net, as it is a common position for a volleyball during play. The players' body positions suggest they are preparing to receive or set the ball, which typically occurs near the center of the court.",D5
43.png,43,"The ball is likely located in the center of the court, just above the net, as it is a common position for a volleyball during play. The players' body positions suggest they are preparing to hit or block the ball, which typically occurs near the center of the court.",D5
43.png,44,"The ball is likely located in the center of the court, just above the net, as it is a common position for a volleyball during play. The players' body positions suggest they are preparing to receive or set the ball, which typically occurs near the center of the court.",D5
43.png,45,"The ball is likely located in the center of the court, just above the net, as it is a common position for a volleyball during play. The players' body positions suggest they are preparing to receive or set the ball, which typically occurs near the center of the court.",D5
43.png,46,"The ball is likely located in the center of the court, just above the net, as it is a common position for a volleyball during play. The players' body positions suggest they are preparing to receive or set the ball, which typically occurs near the center of the court.",D5
43.png,47,"The ball is likely located in the center of the court, just above the net, as it is a common position for a volleyball during play. The players' body positions suggest they are preparing to hit or block the ball, which typically occurs near the center of the court.",D5
43.png,48,"The ball is likely located in the center of the court, just above the net, as it is a common position for a volleyball during play. The players' body positions suggest they are preparing to receive or set the ball, which typically occurs near the center of the court.",D5
43.png,49,"The ball is likely located in the center of the court, just above the net, as it is a common position for a volleyball during play. The players' body positions suggest they are preparing to hit or block the ball, which typically occurs near the center of the court.",D5
43.png,50,"The ball is likely located in the center of the court, just above the net, as it is a common position for a volleyball during play. The players' body positions suggest they are preparing to hit or block the ball, which typically occurs near the center of the court.",D5
28.png,1,"The ball is likely located in the center of the court, near the net, as this is where the players are actively engaged in the game and where the ball would typically be found during play. The players' body language suggests they are preparing to receive or pass the ball, which further supports this inference.",C5
28.png,2,"The ball is likely located in the center of the court, near the net, as this is where the players are actively engaged in the game and where the ball would typically be found during play. The players' body language suggests they are preparing to receive or pass the ball, which further supports this inference.",C5
28.png,3,"The ball is likely located in the center of the court, near the net, as this is where the players are actively engaged in the game and where the ball would typically be found during play. The players' body language suggests they are preparing to receive or pass the ball, which further supports this inference.",C5
28.png,4,"The ball is likely located in the center of the court, near the net, as this is where the players are actively engaged in the game and the ball would typically be found during play. Given the positions of the players and their actions, it appears that the ball is being passed or set by one of the players on the left side of the court, which corresponds to the central area of the image.",C5
28.png,5,"The ball is likely located in the center of the court, near the net, as this is where the players are actively engaged in the game and where the ball would typically be found during play. The players' body language suggests they are preparing to receive or pass the ball, which further supports this inference.",C5
28.png,6,"The ball is likely located in the center of the court, near the net, as this is where the players are actively engaged in the game and the ball would typically be found during play. Given the positions of the players and their actions, it appears that the ball is being passed or set by one of the players on the left side of the court.",C5
28.png,7,"The ball is likely located in the center of the court, near the net, as this is where the players are actively engaged in the game and where the ball would typically be found during play. The players' body language suggests they are preparing to receive or pass the ball, which further supports this inference.",C5
28.png,8,"The ball is likely located in the center of the court, near the net, as this is where the players are actively engaged in the game and the ball would typically be found during play. Given the positions of the players and their actions, it appears that the ball is being passed or set by one of the players on the left side of the court.",C5
28.png,9,"The ball is likely located in the center of the court, near the net, as this is where the players are actively engaged in the game and where the ball would typically be found during play. The players' body language suggests they are preparing to receive or pass the ball, which further supports this inference.",C5
28.png,10,"The ball is likely located in the center of the court, near the net, as this is where the players are actively engaged in the game and where the ball would typically be found during play. The players' body language suggests they are preparing to receive or pass the ball, which further supports this inference.",C5
28.png,11,"The ball is likely located in the center of the court, near the net, as this is where the players are actively engaged in the game and the ball would typically be found during play. Given the positions of the players and their actions, it appears that the ball is being passed or set by one of the players on the left side of the court.",C5
28.png,12,"The ball is likely located in the center of the court, near the net, as this is where the players are actively engaged in the game and where the ball would typically be found during play. The players' body language suggests they are preparing to receive or pass the ball, which further supports this inference.",C5
28.png,13,"The ball is likely located in the center of the court, near the net, as this is where the players are actively engaged in the game and the ball would typically be found during play. Given the positions of the players and their actions, it appears that the ball is being passed or set by one of the players on the left side of the court.",C5
28.png,14,"The ball is likely located in the center of the court, near the net, as this is where the players are actively engaged in the game and the ball would typically be found during play. Given the positions of the players and their actions, it appears that the ball is being passed or set by one of the players on the left side of the court.",C5
28.png,15,"The ball is likely located in the center of the court, near the net, as this is where the players are actively engaged in the game and the ball would typically be found during play. Given the positions of the players and their actions, it appears that the ball is being passed or set by one of the players on the left side of the court.",C5
28.png,16,"The ball is likely located in the center of the court, near the net, as this is where the players are actively engaged in the game and where the ball would typically be found during play. The players' body language suggests they are preparing to receive or pass the ball, which further supports this inference.",C5
28.png,17,"The ball is likely located in the center of the court, near the net, as this is where the players are actively engaged in the game and where the ball would typically be found during play. The players' body language suggests they are preparing to receive or pass the ball, which further supports this inference.",C5
28.png,18,"The ball is likely located in the center of the court, near the net, as this is where the players are actively engaged in the game and where the ball would typically be found during play. The players' body language suggests they are preparing to receive or pass the ball, which further supports this inference.",C5
28.png,19,"The ball is likely located in the center of the court, near the net, as this is where the players are actively engaged in the game and where the ball would typically be found during play. The players' body language suggests they are preparing to receive or pass the ball, which further supports this inference.",C5
28.png,20,"The ball is likely located in the center of the court, near the net, as this is where the players are actively engaged in the game and the ball would typically be found during play. Given the positions of the players and their actions, it appears that the ball is being passed or set by one of the players on the left side of the court, which corresponds to the central area of the image.",C5
28.png,21,"The ball is likely located in the center of the court, near the net, as this is where the players are actively engaged in the game and the ball would typically be found during play. Given the positions of the players and their actions, it appears that the ball is being passed or set by one of the players on the left side of the court, which corresponds to the central area of the image.",C5
28.png,22,"The ball is likely located in the center of the court, near the net, as this is where the players are actively engaged in the game and the ball would typically be found during play. Given the positions of the players and their actions, it appears that the ball is being passed or set by one of the players on the left side of the court.",C5
28.png,23,"The ball is likely located in the center of the court, near the net, as this is where the players are actively engaged in the game and where the ball would typically be found during play. The players' body language suggests they are preparing to receive or pass the ball, which further supports this inference.",C5
28.png,24,"The ball is likely located in the center of the court, near the net, as this is where the players are actively engaged in the game and where the ball would typically be found during play. The players' body language suggests they are preparing to receive or pass the ball, which further supports this inference.",C5
28.png,25,"The ball is likely located in the center of the court, near the net, as this is where the players are actively engaged in the game and the ball would typically be found during play. Given the positions of the players and their actions, it appears that the ball is being passed or set by one of the players on the left side of the court, which corresponds to the central area of the image.",C5
28.png,26,"The ball is likely located in the center of the court, near the net, as this is where the players are actively engaged in the game and where the ball would typically be found during play. The players' body language suggests they are preparing to receive or pass the ball, which further supports this inference.",C5
28.png,27,"The ball is likely located in the center of the court, near the net, as this is where the players are actively engaged in the game and the ball would typically be found during play. Given the positions of the players and their actions, it appears that the ball is being passed or set by one of the players on the left side of the court.",C5
28.png,28,"The ball is likely located in the center of the court, near the net, as this is where the players are actively engaged in the game and where the ball would typically be found during play. The players' body language suggests they are preparing to receive or pass the ball, which further supports this inference.",C5
28.png,29,"The ball is likely located in the center of the court, near the net, as this is where the players are actively engaged in the game and the ball would typically be found during play. Given the positions of the players and their actions, it appears that the ball is being passed or set by one of the players on the left side of the court, which corresponds to the central area of the image.",C5
28.png,30,"The ball is likely located in the center of the court, near the net, as this is where the players are actively engaged in the game and the ball would typically be found during play. Given the positions of the players and their actions, it appears that the ball is being passed or set by one of the players on the left side of the court, which corresponds to the central area of the image.",C5
28.png,31,"The ball is likely located in the center of the court, near the net, as this is where the players are actively engaged in the game and where the ball would typically be found during play. The players' body language suggests they are preparing to receive or pass the ball, which further supports this inference.",C5
28.png,32,"The ball is likely located in the center of the court, near the net, as this is where the players are actively engaged in the game and where the ball would typically be found during play. The players' body language suggests they are preparing to receive or pass the ball, which further supports this inference.",C5
28.png,33,"The ball is likely located in the center of the court, near the net, as this is where the players are actively engaged in the game and where the ball would typically be found during play. The players' body language suggests they are preparing to receive or pass the ball, which further supports this inference.",C5
28.png,34,"The ball is likely located in the center of the court, near the net, as this is where the players are actively engaged in the game and where the ball would typically be found during play. The players' body language suggests they are preparing to receive or pass the ball, which further supports this inference.",C5
28.png,35,"The ball is likely located in the center of the court, near the net, as this is where the players are actively engaged in the game and where the ball would typically be found during play. The players' body language suggests they are preparing to receive or pass the ball, which further supports this inference.",C5
28.png,36,"The ball is likely located in the center of the court, near the net, as this is where the players are actively engaged in the game and the ball would typically be found during play. Given the positions of the players and their actions, it appears that the ball is being passed or set by one of the players on the left side of the court.",C5
28.png,37,"The ball is likely located in the center of the court, near the net, as this is where the players are actively engaged in the game and where the ball would typically be found during play. The players' body language suggests they are preparing to receive or pass the ball, which further supports this inference.",C5
28.png,38,"The ball is likely located in the center of the court, near the net, as this is where the players are actively engaged in the game and where the ball would typically be found during play. The players' body language suggests they are preparing to receive or pass the ball, which further supports this inference.",C5
28.png,39,"The ball is likely located in the center of the court, near the net, as this is where the players are actively engaged in the game and the ball would typically be found during play. Given the positions of the players and their actions, it appears that the ball is being passed or set by one of the players on the left side of the court.",C5
28.png,40,"The ball is likely located in the center of the court, near the net, as this is where the players are actively engaged in the game and the ball would typically be found during play. Given the positions of the players and their actions, it appears that the ball is being passed or set by one of the players on the left side of the court, which corresponds to the central area of the image.",C5
28.png,41,"The ball is likely located in the center of the court, near the net, as this is where the players are actively engaged in the game and the ball would typically be found during play. Given the positions of the players and their actions, it appears that the ball is being passed or set by one of the players on the left side of the court, which corresponds to the central area of the image.",C5
28.png,42,"The ball is likely located in the center of the court, near the net, as this is where the players are actively engaged in the game and the ball would typically be found during play. Given the positions of the players and their actions, it appears that the ball is being passed or set by one of the players on the left side of the court.",C5
28.png,43,"The ball is likely located in the center of the court, near the net, as this is where the players are actively engaged in the game and the ball would typically be found during play. Given the positions of the players and their actions, it appears that the ball is being passed or set by one of the players on the left side of the court.",C5
28.png,44,"The ball is likely located in the center of the court, near the net, as this is where the players are actively engaged in the game and the ball would typically be found during play. Given the positions of the players and their actions, it appears that the ball is being passed or set by one of the players on the left side of the court, which corresponds to the central area of the image.",C5
28.png,45,"The ball is likely located in the center of the court, near the net, as this is where the players are actively engaged in the game and the ball would typically be found during play. Given the positions of the players and their actions, it appears that the ball is being passed or set by one of the players on the left side of the court, which corresponds to the central area of the image.",C5
28.png,46,"The ball is likely located in the center of the court, near the net, as this is where the players are actively engaged in the game and the ball would typically be found during play. Given the positions of the players and their actions, it appears that the ball is being passed or set by one of the players on the left side of the court.",C5
28.png,47,"The ball is likely located in the center of the court, near the net, as this is where the players are actively engaged in the game and the ball would typically be found during play. Given the positions of the players and their actions, it appears that the ball is being passed or set by one of the players on the left side of the court, which corresponds to the central area of the image.",C5
28.png,48,"The ball is likely located in the center of the court, near the net, as this is where the players are actively engaged in the game and the ball would typically be found during play. Given the positions of the players and their actions, it appears that the ball is being passed or set by one of the players on the left side of the court, which corresponds to the central area of the image.",C5
28.png,49,"The ball is likely located in the center of the court, near the net, as this is where the players are actively engaged in the game and where the ball would typically be found during play. The players' body language suggests they are preparing to receive or pass the ball, which further supports this inference.",C5
28.png,50,"The ball is likely located in the center of the court, near the net, as this is where the players are actively engaged in the game and where the ball would typically be found during play. The players' body language suggests they are preparing to receive or pass the ball, which further supports this inference.",C5
8.png,1,"The ball is likely located in the area where the player in the blue jersey (cell F7) is jumping, as this position suggests an active play where the ball would be in the air. The player's body posture indicates they are about to hit or have just hit the ball, which aligns with the typical trajectory of a volleyball being played at that height.",F7
8.png,2,"The ball is likely located in the area where the player in the blue jersey (cell F7) is jumping, as this position suggests an active play where the ball would be in the air. The player's body posture indicates they are about to hit or have just hit the ball, which aligns with the typical trajectory of a volleyball being played at that height.",F7
8.png,3,"The ball is likely located in the area where the player in the blue jersey (cell F7) is jumping, as this position suggests an active play where the ball would be in the air. The player's body posture indicates they are about to hit or have just hit the ball, which aligns with the typical trajectory of a volleyball being played at that height.",F7
8.png,4,"The ball is likely located in the area where the player in the blue jersey (cell F7) is jumping, as this position suggests an active play where the ball would be in the air. The player's body posture indicates they are about to hit or have just hit the ball, which aligns with the typical trajectory of a volleyball being played at that height.",F7
8.png,5,"The ball is likely located in the area where the player in the blue jersey (cell F7) is jumping, as this position suggests an active play where the ball would be in the air. The player's body posture indicates they are about to hit or have just hit the ball, which aligns with the typical trajectory of a volleyball being played at that height.",F7
8.png,6,"The ball is likely located in the area where the player in the blue jersey (cell F7) is jumping, as this position suggests an active play where the ball would be in the air. The player's body posture indicates they are about to hit or have just hit the ball, which aligns with the typical trajectory of a volleyball being played at that height.",F7
8.png,7,"The ball is likely located in the area where the player in the blue jersey (cell F7) is jumping, as this position suggests an active play where the ball would be in the air. The player's body posture indicates they are about to hit or have just hit the ball, which aligns with the typical trajectory of a volleyball being played at that height.",F7
8.png,8,"The ball is likely located in the area where the player in the blue jersey (cell F7) is jumping, as this position suggests an active play where the ball would be in the air. The player's body posture indicates they are about to hit or have just hit the ball, which aligns with the typical trajectory of a volleyball being played at that height.",F7
8.png,9,"The ball is likely located in the area where the player in the blue jersey (cell F7) is jumping, as this position suggests an active play where the ball would be in the air. The player's body posture indicates they are about to hit or have just hit the ball, which aligns with the typical trajectory of a volleyball being played at that height.",F7
8.png,10,"The ball is likely located in the area where the player in the blue jersey (cell F7) is jumping, as this position suggests an active play where the ball would be in the air. The player's body posture indicates they are about to hit or have just hit the ball, which aligns with the typical trajectory of a volleyball being played at that height.",F7
8.png,11,"The ball is likely located in the area where the player in the blue jersey (cell F7) is jumping, as this position suggests an active play where the ball would be in the air. The player's body posture indicates they are about to hit or have just hit the ball, which aligns with the typical trajectory of a volleyball being played at that height.",F7
8.png,12,"The ball is likely located in the area where the player in the blue jersey (cell F7) is jumping, as this position suggests an active play where the ball would be in the air. The player's body posture indicates they are about to hit or have just hit the ball, which aligns with the typical trajectory of a volleyball being played at that height.",F7
8.png,13,"The ball is likely located in the area where the player in the blue jersey (cell F7) is jumping, as this position suggests an active play where the ball would be in the air. The player's body posture indicates they are about to hit or have just hit the ball, which aligns with the typical trajectory of a volleyball being played at that height.",F7
8.png,14,"The ball is likely located in the area where the player in the blue jersey (cell F7) is jumping, as this position suggests an active play where the ball would be in the air. The player's body posture indicates they are about to hit or have just hit the ball, which aligns with the typical trajectory of a volleyball being played at that height.",F7
8.png,15,"The ball is likely located in the area where the player in the blue jersey (cell F7) is jumping, as this position suggests an active play where the ball would be in the air. The player's body posture indicates they are about to hit or have just hit the ball, which aligns with the typical trajectory of a volleyball being played at that height.",F7
8.png,16,"The ball is likely located in the area where the player in the blue jersey (cell F7) is jumping, as this position suggests an active play where the ball would be in the air. The player's body posture indicates they are about to hit or have just hit the ball, which aligns with the typical trajectory of a volleyball being played at that height.",F7
8.png,17,"The ball is likely located in the area where the player in the blue jersey (cell F7) is jumping, as this position suggests an active play where the ball would be in the air. The player's body posture indicates they are about to hit or have just hit the ball, which aligns with the typical trajectory of a volleyball being played at that height.",F7
8.png,18,"The ball is likely located in the area where the player in the blue jersey (cell F7) is jumping, as this position suggests an active play where the ball would be in the air. The player's body posture indicates they are about to hit or have just hit the ball, which aligns with the typical trajectory of a volleyball being played at that height.",F7
8.png,19,"The ball is likely located in the area where the player in the blue jersey (cell F7) is jumping, as this position suggests an active play where the ball would be in the air. The player's body posture indicates they are about to hit or have just hit the ball, which aligns with the typical trajectory of a volleyball being played at that height.",F7
8.png,20,"The ball is likely located in the area where the player in the blue jersey (cell F7) is jumping, as this position suggests an active play where the ball would be in the air. The player's body posture indicates they are about to hit or have just hit the ball, which aligns with the typical trajectory of a volleyball being played at that height.",F7
8.png,21,"The ball is likely located in the area where the player in the blue jersey (cell F7) is jumping, as this position suggests an active play where the ball would be in the air. The player's body posture indicates they are about to hit or have just hit the ball, which aligns with the typical trajectory of a volleyball being played at that height.",F7
8.png,22,"The ball is likely located in the area where the player in the blue jersey (cell F7) is jumping, as this position suggests an active play where the ball would be in the air. The player's body posture indicates they are about to hit or have just hit the ball, which aligns with the typical trajectory of a volleyball being played at that height.",F7
8.png,23,"The ball is likely located in the area where the player in the blue jersey (cell F7) is jumping, as this position suggests an active play where the ball would be in the air. The player's body posture indicates they are about to hit or have just hit the ball, which aligns with the typical trajectory of a volleyball being played at that height.",F7
8.png,24,"The ball is likely located in the area where the player in the blue jersey (cell F7) is jumping, as this position suggests an active play where the ball would be in the air. The player's body posture indicates they are about to hit or have just hit the ball, which aligns with the typical trajectory of a volleyball being played at that height.",F7
8.png,25,"The ball is likely located in the area where the player in the blue jersey (cell F7) is jumping, as this position suggests an active play where the ball would be in the air. The player's body posture indicates they are about to hit or have just hit the ball, which aligns with the typical trajectory of a volleyball being played at that height.",F7
8.png,26,"The ball is likely located in the area where the player in the blue jersey (cell F7) is jumping, as this position suggests an active play where the ball would be in the air. The player's body posture indicates they are about to hit or have just hit the ball, which aligns with the typical trajectory of a volleyball being played at that height.",F7
8.png,27,"The ball is likely located in the area where the player in the blue jersey (cell F7) is jumping, as this position suggests an active play where the ball would be in the air. The player's body posture indicates they are about to hit or have just hit the ball, which aligns with the typical trajectory of a volleyball being played at that height.",F7
8.png,28,"The ball is likely located in the area where the player in the blue jersey (cell F7) is jumping, as this position suggests an active play where the ball would be in the air. The player's body posture indicates they are about to hit or have just hit the ball, which aligns with the typical trajectory of a volleyball being played at that height.",F7
8.png,29,"The ball is likely located in the area where the player in the blue jersey (cell F7) is jumping, as this position suggests an active play where the ball would be in the air. The player's body posture indicates they are about to hit or have just hit the ball, which aligns with the typical trajectory of a volleyball being played at that height.",F7
8.png,30,"The ball is likely located in the area where the player in the blue jersey (cell F7) is jumping, as this position suggests an active play where the ball would be in the air. The player's body posture indicates they are about to hit or have just hit the ball, which aligns with the typical trajectory of a volleyball being played at that height.",F7
8.png,31,"The ball is likely located in the area where the player in the blue jersey (cell F7) is jumping, as this position suggests an active play where the ball would be in the air. The player's body posture indicates they are about to hit or have just hit the ball, which aligns with the typical trajectory of a volleyball being played at that height.",F7
8.png,32,"The ball is likely located in the area where the player in the blue jersey (cell F7) is jumping, as this position suggests an active play where the ball would be in the air. The player's body posture indicates they are about to hit or have just hit the ball, which aligns with the typical trajectory of a volleyball being played at that height.",F7
8.png,33,"The ball is likely located in the area where the player in the blue jersey (cell F7) is jumping, as this position suggests an active play where the ball would be in the air. The player's body posture indicates they are about to hit or have just hit the ball, which aligns with the typical trajectory of a volleyball being played at that height.",F7
8.png,34,"The ball is likely located in the area where the player in the blue jersey (cell F7) is jumping, as this position suggests an active play where the ball would be in the air. The player's body posture indicates they are about to hit or have just hit the ball, which aligns with the typical trajectory of a volleyball being played at that height.",F7
8.png,35,"The ball is likely located in the area where the player in the blue jersey (cell F7) is jumping, as this position suggests an active play where the ball would be in the air. The player's body posture indicates they are about to hit or have just hit the ball, which aligns with the typical trajectory of a volleyball being played at that height.",F7
8.png,36,"The ball is likely located in the area where the player in the blue jersey (cell F7) is jumping, as this position suggests an active play where the ball would be in the air. The player's body posture indicates they are about to hit or have just hit the ball, which aligns with the typical trajectory of a volleyball being played at that height.",F7
8.png,37,"The ball is likely located in the area where the player in the blue jersey (cell F7) is jumping, as this position suggests an active play where the ball would be in the air. The player's body posture indicates they are about to hit or have just hit the ball, which aligns with the typical trajectory of a volleyball being played at that height.",F7
8.png,38,"The ball is likely located in the area where the player in the blue jersey (cell F7) is jumping, as this position suggests an active play where the ball would be in the air. The player's body posture indicates they are about to hit or have just hit the ball, which aligns with the typical trajectory of a volleyball being played at that height.",F7
8.png,39,"The ball is likely located in the area where the player in the blue jersey (cell F7) is jumping, as this position suggests an active play where the ball would be in the air. The player's body posture indicates they are about to hit or have just hit the ball, which aligns with the typical trajectory of a volleyball being played at that height.",F7
8.png,40,"The ball is likely located in the area where the player in the blue jersey (cell F7) is jumping, as this position suggests an active play where the ball would be in the air. The player's body posture indicates they are about to hit or have just hit the ball, which aligns with the typical trajectory of a volleyball being played at that height.",F7
8.png,41,"The ball is likely located in the area where the player in the blue jersey (cell F7) is jumping, as this position suggests an active play where the ball would be in the air. The player's body posture indicates they are about to hit or have just hit the ball, which aligns with the typical trajectory of a volleyball being played at that height.",F7
8.png,42,"The ball is likely located in the area where the player in the blue jersey (cell F7) is jumping, as this position suggests an active play where the ball would be in the air. The player's body posture indicates they are about to hit or have just hit the ball, which aligns with the typical trajectory of a volleyball being played at that height.",F7
8.png,43,"The ball is likely located in the area where the player in the blue jersey (cell F7) is jumping, as this position suggests an active play where the ball would be in the air. The player's body posture indicates they are about to hit or have just hit the ball, which aligns with the typical trajectory of a volleyball being played at that height.",F7
8.png,44,"The ball is likely located in the area where the player in the blue jersey (cell F7) is jumping, as this position suggests an active play where the ball would be in the air. The player's body posture indicates they are about to hit or have just hit the ball, which aligns with the typical trajectory of a volleyball being played at that height.",F7
8.png,45,"The ball is likely located in the area where the player in the blue jersey (cell F7) is jumping, as this position suggests an active play where the ball would be in the air. The player's body posture indicates they are about to hit or have just hit the ball, which aligns with the typical trajectory of a volleyball being played at that height.",F7
8.png,46,"The ball is likely located in the area where the player in the blue jersey (cell F7) is jumping, as this position suggests an active play where the ball would be in the air. The player's body posture indicates they are about to hit or have just hit the ball, which aligns with the typical trajectory of a volleyball being played at that height.",F7
8.png,47,"The ball is likely located in the area where the player in the blue jersey (cell F7) is jumping, as this position suggests an active play where the ball would be in the air. The player's body posture indicates they are about to hit or have just hit the ball, which aligns with the typical trajectory of a volleyball being played at that height.",F7
8.png,48,"The ball is likely located in the area where the player in the blue jersey (cell F7) is jumping, as this position suggests an active play where the ball would be in the air. The player's body posture indicates they are about to hit or have just hit the ball, which aligns with the typical trajectory of a volleyball being played at that height.",F7
8.png,49,"The ball is likely located in the area where the player in the blue jersey (cell F7) is jumping, as this position suggests an active play where the ball would be in the air. The player's body posture indicates they are about to hit or have just hit the ball, which aligns with the typical trajectory of a volleyball being played at that height.",F7
8.png,50,"The ball is likely located in the area where the player in the blue jersey (cell F7) is jumping, as this position suggests an active play where the ball would be in the air. The player's body posture indicates they are about to hit or have just hit the ball, which aligns with the typical trajectory of a volleyball being played at that height.",F7
