image,iteration,reasoning,cell
5.jpg,1,"The ball is likely located in the area where the players' legs are closest together, as this suggests the ball was recently passed or kicked there. Given the positions of the players, it appears that the ball is between the red player's legs, which would be in the 6th column. The ball is also likely to be in the lower part of the field, closer to the white line, indicating it might have been passed towards the goal or a teammate.",F6
5.jpg,2,"The ball is likely located in the area where the players' legs are closest together, as this suggests the ball was recently passed or kicked there. Given the positions of the players, it appears that the ball is near the center of the field, closer to the player in red (cell C6) than the player in white (cell B3).",C6
5.jpg,3,"The ball is likely located in the area where the players' legs are closest together, as this suggests the ball was recently passed or kicked there. Given the positions of the players, it appears that the ball is near the center of the field, closer to the player in red (cell C6) than the player in white (cell B3).",C6
5.jpg,4,"The ball is likely located in the area where the players' legs are closest together, as this suggests the ball was recently passed or kicked there. Given the positions of the players, it appears that the ball is between the red player's legs, which would be in the 6th column. The ball is also likely to be in the lower part of the field, closer to the white line, indicating it might have been passed towards the goal or a teammate.",F6
5.jpg,5,"The ball is likely located in the area where the players' legs are closest together, as this suggests the ball was recently passed or kicked between them. Given the positions of the players, it appears that the ball is in the central part of the field, closer to the player in red (cell C6) than to the player in white (cell B3).",C6
5.jpg,6,"The ball is likely located in the area where the players' legs are closest together, as this suggests the ball was recently passed or kicked there. Given the positions of the players, it appears that the ball is near the center of the field, closer to the player in red (cell C6) than the player in white (cell B3). Therefore, the ball is most likely in cell C6.",C6
5.jpg,7,"The ball is likely located in the area where the players' legs are closest together, as this suggests the ball was recently passed or kicked between them. Given the positions of the players, it appears that the ball is in the central part of the field, closer to the player in red (cell C6) than to the player in white (cell B3). Therefore, the ball is most likely in cell C6.",C6
5.jpg,8,"The ball is likely located in the area where the players' legs are closest together, as this suggests the ball was recently passed or kicked between them. Given the positions of the players, it appears that the ball is in the central part of the field, closer to the player in red (cell C6) than to the player in white (cell B3).",C6
5.jpg,9,"The ball is likely located in the area where the players' legs are closest together, as this suggests the ball was recently passed or kicked there. Given the positions of the players, it appears that the ball is near the center of the field, closer to the player in red (cell C6) than to the player in white (cell B3). Therefore, the ball is most likely in cell C6.",C6
5.jpg,10,"The ball is likely located in the area where the players' legs are closest together, as this suggests the ball was recently passed or kicked there. Given the positions of the players, it appears that the ball is between the red player's legs, which would be in the 6th column. The ball is not visible in the image, but based on the players' movements, it is most probable that the ball is in the 6th column, close to the center of the field.",F6
5.jpg,11,"The ball is likely located in the area where the players' legs are closest together, as this suggests the ball was recently passed or kicked between them. Given the positions of the players, it appears that the ball is in the lower right part of the image, closer to the player in red who seems to be in motion towards the other player.",F6
5.jpg,12,"The ball is likely located in the area where the players' legs are closest together, as this suggests the ball was recently passed or kicked between them. Given the positions of the players, it appears that the ball is in the lower right part of the image, closer to the player in red who seems to be in motion towards the other player.",F6
5.jpg,13,"The ball is likely located in the area where the players' legs are closest together, as this suggests the ball was recently passed or kicked there. Given the positions of the players, it appears that the ball is between the red player's legs, which would be in the 6th column. The ball is also likely to be in the lower part of the field, closer to the white line, indicating it might have been passed towards the goal or a teammate.",F6
5.jpg,14,"The ball is likely located in the area where the players' legs are closest together, as this suggests the ball was recently passed or kicked there. Given the positions of the players, it appears that the ball is near the center of the field, closer to the player in red (cell C6) than to the player in white (cell B3). Therefore, the ball is most likely in cell C6.",C6
5.jpg,15,"The ball is likely located in the area where the players' legs are closest together, as this suggests the ball was recently passed or kicked between them. Given the positions of the players, it appears that the ball is in the lower right part of the image, closer to the player in red who seems to be in motion towards the other player.",F6
5.jpg,16,"The ball is likely located in the area where the players' legs are closest together, as this suggests the ball was recently passed or kicked there. Given the positions of the players, it appears that the ball is near the center of the field, closer to the player in red (cell C6) than to the player in white (cell B3). Therefore, the ball is most likely in cell C6.",C6
5.jpg,17,"The ball is likely located in the area where the players' legs are closest together, as this suggests the ball was recently passed or kicked there. Given the positions of the players, it appears that the ball is near the center of the field, closer to the player in red (cell C6) than the player in white (cell B3). Therefore, the ball is most likely in cell C6.",C6
5.jpg,18,"The ball is likely located in the area where the players' legs are closest together, as this suggests the ball was recently passed or kicked between them. Given the positions of the players, it appears that the ball is in the central part of the field, closer to the player in red (cell C6) than to the player in white (cell B3). Therefore, the ball is most likely in cell C6.",C6
5.jpg,19,"The ball is likely located in the area where the players' legs are closest together, as this suggests the ball was recently passed or kicked between them. Given the positions of the players, it appears that the ball is in the central part of the field, closer to the player in red (cell C6) than to the player in white (cell B3). Therefore, the ball is most likely in cell C6.",C6
5.jpg,20,"The ball is likely located in the area where the players' legs are closest together, as this suggests the ball was recently passed or kicked there. Given the positions of the players, it appears that the ball is near the center of the field, closer to the player in red (cell C6) than to the player in white (cell B3).",C6
5.jpg,21,"The ball is likely located in the area where the players' legs are closest together, as this suggests the ball was recently passed or kicked between them. Given the positions of the players, it appears that the ball is in the lower right part of the image, closer to the player in red who seems to be in motion towards the other player.",F6
5.jpg,22,"The ball is likely located in the area where the players' legs are closest together, as this suggests the ball was recently passed or kicked there. Given the positions of the players, it appears that the ball is near the center of the field, closer to the player in red (cell C6) than to the player in white (cell B3). Therefore, the ball is most likely in cell C6.",C6
5.jpg,23,"The ball is likely located in the area where the players' legs are closest together, as this suggests the ball was recently passed or kicked between them. Given the positions of the players, it appears that the ball is in the central part of the field, closer to the player in red (cell C6) than to the player in white (cell B3).",C6
5.jpg,24,"The ball is likely located in the area where the players' legs are closest together, as this suggests the ball was recently passed or kicked there. Given the positions of the players, it appears that the ball is near the center of the field, closer to the player in red (cell C6) than to the player in white (cell B3). Therefore, the ball is most likely in cell C6.",C6
5.jpg,25,"The ball is likely located in the area where the players' legs are closest together, as this suggests the ball was recently passed or kicked between them. Given the positions of the players, it appears that the ball is in the lower right part of the image, closer to the player in red who seems to be in motion towards the other player.",F6
5.jpg,26,"The ball is likely located in the area where the players' legs are closest together, as this suggests the ball was recently passed or kicked there. Given the positions of the players, it appears that the ball is near the center of the field, closer to the player in red (cell C6) than the player in white (cell B3).",C6
5.jpg,27,"The ball is likely located in the area where the players' legs are closest together, as this suggests the ball was recently passed or kicked between them. Given the positions of the players, it appears that the ball is in the lower right part of the image, closer to the player in red who seems to be in motion towards the other player.",F6
5.jpg,28,"The ball is likely located in the area where the players' legs are closest together, as this suggests the ball was recently passed or kicked there. Given the positions of the players, it appears that the ball is between the red player's legs, which would be in the 6th column. The ball is also likely to be in the lower part of the field, closer to the white line, indicating it might have been passed towards the goal or a teammate.",F6
5.jpg,29,"The ball is likely located in the area where the players' legs are closest together, as this suggests the ball was recently passed or kicked between them. Given the positions of the players, it appears that the ball is in the central part of the field, closer to the player in red (cell C6) than to the player in white (cell B3). Therefore, the ball is most likely in cell C6.",C6
5.jpg,30,"The ball is likely located in the area where the players' legs are closest together, as this suggests the ball was recently passed or kicked there. Given the positions of the players, it appears that the ball is between the red player's legs, which would be in the 6th column. The ball is also likely to be in the lower part of the field, closer to the white line, indicating it might have been passed towards the goal or a teammate.",F6
5.jpg,31,"The ball is likely located in the area where the players' legs are closest together, as this suggests the ball was recently passed or kicked there. Given the positions of the players, it appears that the ball is near the center of the field, closer to the player in red (cell C6) than to the player in white (cell B3).",C6
5.jpg,32,"The ball is likely located in the area where the players' legs are closest together, as this suggests the ball was recently passed or kicked between them. Given the positions of the players, it appears that the ball is in the central part of the field, closer to the player in red (cell C6) than to the player in white (cell B3). Therefore, the ball is most likely in cell C6.",C6
5.jpg,33,"The ball is likely located in the area where the players' legs are closest together, as this suggests the ball was recently passed or kicked there. Given the positions of the players, it appears that the ball is between the red player's legs, which would be in the 6th column. The ball is not visible in the image, but based on the players' movements, it is most probable that the ball is in the 6th column, close to the center of the field.",F6
5.jpg,34,"The ball is likely located in the area where the players' legs are closest together, as this suggests the ball was recently passed or kicked there. Given the positions of the players, it appears that the ball is between the red player's legs, which would be in the 6th column. The ball is not visible in the image, but based on the players' movements, it is most probable that the ball is in the 6th column, close to the center of the field.",F6
5.jpg,35,"The ball is likely located in the area where the players' legs are closest together, as this suggests the ball was recently passed or kicked between them. Given the positions of the players, it appears that the ball is in the lower right part of the image, closer to the player in red who seems to be in motion towards the other player.",F6
5.jpg,36,"The ball is likely located in the area where the players' legs are closest together, as this suggests the ball was recently passed or kicked there. Given the positions of the players, it appears that the ball is near the center of the field, closer to the player in red (cell C6) than to the player in white (cell B3). Therefore, the ball is most likely in cell C6.",C6
5.jpg,37,"The ball is likely located in the area where the players' legs are closest together, as this suggests the ball was recently passed or kicked there. Given the positions of the players, it appears that the ball is near the center of the field, closer to the player in red (cell C6) than to the player in white (cell B3).",C6
5.jpg,38,"The ball is likely located in the area where the players' legs are closest together, as this suggests the ball was recently passed or kicked there. Given the positions of the players, it appears that the ball is near the center of the field, closer to the player in red (cell C6) than to the player in white (cell B3).",C6
5.jpg,39,"The ball is likely located in the area where the players' legs are closest together, as this suggests the ball was recently passed or kicked there. Given the positions of the players, it appears that the ball is between the red player's legs, which would be in the 6th column. The ball is not visible in the image, but based on the players' movements, it is most probable that the ball is in the 6th column, close to the center of the field.",F6
5.jpg,40,"The ball is likely located in the area where the players' legs are closest together, as this suggests the ball was recently passed or kicked there. Given the positions of the players, it appears that the ball is between the red player's legs, which would be in the 6th column. The ball is not visible in the image, but based on the players' movements, it is most probable that the ball is in the 6th column, close to the center of the field.",F6
5.jpg,41,"The ball is likely located in the area where the players' legs are closest together, as this suggests the ball was recently passed or kicked there. Given the positions of the players, it appears that the ball is between the red player's legs, which would be in the 6th column. The ball is also likely to be in the lower part of the field, closer to the white line, indicating it might have been passed towards the goal or a teammate.",F6
5.jpg,42,"The ball is likely located in the area where the players' legs are closest together, as this suggests the ball was recently passed or kicked there. Given the positions of the players, it appears that the ball is near the center of the field, closer to the player in red (cell C6) than to the player in white (cell B3).",C6
5.jpg,43,"The ball is likely located in the area where the players' legs are closest together, as this suggests the ball was recently passed or kicked there. Given the positions of the players, it appears that the ball is between the red player's legs, which would be in the 6th column. The ball is also likely to be in the lower part of the field, closer to the white line, indicating it might have been passed towards the goal or a teammate.",F6
5.jpg,44,"The ball is likely located in the area where the players' legs are closest together, as this suggests the ball was recently passed or kicked there. Given the positions of the players, it appears that the ball is near the center of the field, closer to the player in red (cell C6) than to the player in white (cell B3). Therefore, the ball is most likely in cell C6.",C6
5.jpg,45,"The ball is likely located in the area where the players' legs are closest together, as this suggests the ball was recently passed or kicked there. Given the positions of the players, it appears that the ball is near the center of the field, closer to the player in red (cell C6) than the player in white (cell B3).",C6
5.jpg,46,"The ball is likely located in the area where the players' legs are closest together, as this suggests the ball was recently passed or kicked between them. Given the positions of the players, it appears that the ball is in the central part of the field, closer to the player in red (cell C6) than to the player in white (cell B3).",C6
5.jpg,47,"The ball is likely located in the area where the players' legs are closest together, as this suggests the ball was recently passed or kicked there. Given the positions of the players, it appears that the ball is near the center of the field, closer to the player in red (cell C6) than to the player in white (cell B3). Therefore, the ball is most likely in cell C6.",C6
5.jpg,48,"The ball is likely located in the area where the players' legs are closest together, as this suggests the ball was recently passed or kicked there. Given the positions of the players, it appears that the ball is between the red player's legs, which would be in the 6th column. The ball is not visible in the image, but based on the players' movements, it is most probable that the ball is in the 6th column, close to the center of the field.",F6
5.jpg,49,"The ball is likely located in the area where the players' legs are closest together, as this suggests the ball was recently passed or kicked between them. Given the positions of the players, it appears that the ball is in the lower right part of the image, closer to the player in red who seems to be in motion towards the other player.",F6
5.jpg,50,"The ball is likely located in the area where the players' legs are closest together, as this suggests the ball was recently passed or kicked there. Given the positions of the players, it appears that the ball is between the red player's legs, which would be in the 6th column. The ball is not visible in the image, but based on the players' movements, it is most probable that the ball is in the 6th column, close to the center of the field.",F6
371.jpg,1,"The ball is likely located in the top center area of the field, as it was recently played by the player in white (cell G8) and is now out of frame. Given the direction of play and the positioning of the players, the ball would have moved towards the top center of the field.",A5
371.jpg,2,"The ball is likely located in the top center area of the field, as it was recently played by the player in white (cell G8) and is now out of frame. Given the direction of play and the positioning of the players, the ball would have moved towards the top center of the field.",A5
371.jpg,3,"The ball is likely located in the top center area of the field, as it was recently played by the player in white (cell G8) and the players in maroon are positioned around that area, indicating they are actively involved in the play. The ball would typically be in the immediate vicinity of the last player to touch it, which suggests it's close to the center of the field.",
371.jpg,4,"The ball is likely located in the top center area of the field, as it was recently played by the player in white (cell E8) and the players in maroon are positioned around that area, indicating they are actively involved in the play. The ball would typically be in the immediate vicinity of the last player to touch it, which suggests it's close to the center of the field.",E7
371.jpg,5,"The ball is likely located in the top center area of the field, as it was recently played by the player in white (cell E8) and the players in maroon are positioned around that area, indicating they are actively involved in the play. The ball would typically be in the immediate vicinity of the last player to touch it, which suggests it's close to the center of the field.",E7
371.jpg,6,"The ball is likely located in the top center area of the field, as it was recently played by the player in white (cell E8) and the players in maroon are positioned around that area, indicating they are actively involved in the play. The ball would typically be in the immediate vicinity of the last player to touch it, which suggests it's close to the center of the field.",E7
371.jpg,7,"The ball is likely located in the top center area of the field, as it was recently played by the player in white (cell E8) and the players in maroon are positioned around that area, indicating they are actively involved in the play. The ball would typically be in the immediate vicinity of the last player to touch it, which suggests it's close to the center of the field.",E7
371.jpg,8,"The ball is likely located in the top center area of the field, as it was recently played by the player in white (cell E8) and the players in maroon are positioned around that area, indicating they are actively involved in the play. The ball would typically be in the immediate vicinity of the last player to touch it, which suggests it's close to the center of the field.",E7
371.jpg,9,"The ball is likely located in the top center area of the field, as it was recently played by the player in white (cell E8) and the players in maroon are positioned around that area, indicating they are actively involved in the play. The ball would typically be in the immediate vicinity of the last player to touch it, which suggests it's close to the center of the field.",E7
371.jpg,10,"The ball is likely located in the top center area of the field, as it was recently played by the player in white (cell G8) and the players in maroon are positioned around that area, indicating they are actively involved in the play. The ball would typically be in the immediate vicinity of the last player to touch it, which suggests it's close to the center of the field.",
371.jpg,11,"The ball is likely located in the top center area of the field, as it was recently played by the player in white (cell E8) and the players in maroon are positioned around that area, indicating they are actively involved in the play. The ball would typically be in the immediate vicinity of the last player to touch it, which suggests it's close to the center of the field.",E7
371.jpg,12,"The ball is likely located in the top center area of the field, as it was recently played by the player in white (cell G8) and is now out of frame. Given the direction of play and the positioning of the players, the ball would have moved towards the top center of the field.",A5
371.jpg,13,"The ball is likely located in the top center area of the field, as it was recently played by the player in white (cell E8) and the players in maroon are positioned around that area, indicating they are actively involved in the play. The ball would typically be in the immediate vicinity of the last player to touch it, which suggests it's close to the center of the field.",E7
371.jpg,14,"The ball is likely located in the top center area of the field, as it was recently played by the player in white (cell E8) and the players in maroon are positioned around that area, indicating they are actively involved in the play. The ball would typically be in the immediate vicinity of the last player to touch it, which suggests it's close to the center of the field.",E7
371.jpg,15,"The ball is likely located in the top center area of the field, as it was recently played by the player in white (cell G8) and the players in maroon are positioned around that area, indicating they are actively involved in the play. The ball would typically be in the immediate vicinity of the last player to touch it, which suggests it's close to the center of the field.",
371.jpg,16,"The ball is likely located in the top center area of the field, as it was recently played by the player in white (cell E8) and the players in maroon are positioned around that area, indicating they are actively involved in the play. The ball would typically be in the immediate vicinity of the last player to touch it, which suggests it's close to the center of the field.",E7
371.jpg,17,"The ball is likely located in the top center area of the field, as it was recently played by the player in white (cell E8) and the players in maroon are positioned around that area, indicating they are actively involved in the play. The ball would typically be in the immediate vicinity of the last player to touch it, which suggests it's close to the center of the field.",E7
371.jpg,18,"The ball is likely located in the top center area of the field, as it was recently played by the player in white (cell G8) and the players in maroon are positioned around that area, indicating they are actively involved in the play. The ball would typically be in the immediate vicinity of the last player to touch it, which suggests it's close to the center of the field.",
371.jpg,19,"The ball is likely located in the top center area of the field, as it was recently played by the player in white (cell G8) and the players in maroon are positioned around that area, indicating they are actively involved in the play. The ball's trajectory suggests it would have traveled towards the top center of the field.",A5
371.jpg,20,"The ball is likely located in the top center area of the field, as it was recently played by the player in white (cell G8) and is now out of frame. Given the direction of play and the positioning of the players, the ball would have moved towards the top center of the field.",A5
371.jpg,21,"The ball is likely located in the top center area of the field, as it was recently played by the player in white (cell G8) and the players in maroon are positioned around that area, suggesting they are actively involved in the play. The ball would typically be in the immediate vicinity of the last player to touch it, which is the player in white.",
371.jpg,22,"The ball is likely located in the top center area of the field, as it was recently played by the player in white (cell G8) and the players in maroon are positioned around that area, suggesting they are actively involved in the play. The ball would typically be in the immediate vicinity of the last player to touch it, which is the player in white.",
371.jpg,23,"The ball is likely located in the top center area of the field, as it was recently played by the player in white (cell G8) and the players in maroon are positioned around that area, suggesting they are actively involved in the play. The ball's trajectory would typically follow the direction of the player's last touch or pass.",A5
371.jpg,24,"The ball is likely located in the top center area of the field, as it was recently played by the player in white (cell E8) and the players in maroon are positioned around that area, indicating they are actively involved in the play. The ball would typically be in the immediate vicinity of the last player to touch it, which suggests it's close to the center of the field.",E7
371.jpg,25,"The ball is likely located in the top center area of the field, as it was recently played by the player in white (cell G8) and is now out of frame. Given the direction of play and the positioning of the players, the ball would have moved towards the top center of the field.",A5
371.jpg,26,"The ball is likely located in the top center area of the field, as it was recently played by the player in white (cell G8) and the players in maroon are positioned around that area, indicating they are actively involved in the play. The ball's trajectory suggests it would have traveled towards the top center of the field.",A5
371.jpg,27,"The ball is likely located in the top center area of the field, as it was recently played by the player in white (cell G8) and is now out of frame. Given the direction of play and the positioning of the players, the ball would have moved towards the top center of the field.",A5
371.jpg,28,"The ball is likely located in the top center area of the field, as it was recently played by the player in white (cell E8) and the players in maroon are positioned around that area, indicating they are actively involved in the play. The ball would typically be in the immediate vicinity of the last player to touch it, which suggests it's close to the center of the field.",E7
371.jpg,29,"The ball is likely located in the top center area of the field, as it was recently played by the player in white (cell G8) and the players in maroon are positioned around that area, indicating they are actively involved in the play. The ball would typically be in the immediate vicinity of the last player to touch it, which suggests it's close to the center of the field.",
371.jpg,30,"The ball is likely located in the top center area of the field, as it was recently played by the player in white (cell G8) and the players in maroon are positioned around that area, suggesting they are actively involved in the play. The ball would typically be in the immediate vicinity of the last player to touch it, which is the player in white.",
371.jpg,31,"The ball is likely located in the top center area of the field, as it was recently played by the player in white (cell E8) and the players in maroon are positioned around that area, indicating they are actively involved in the play. The ball would typically be in the immediate vicinity of the last player to touch it, which suggests it's close to the center of the field.",E7
371.jpg,32,"The ball is likely located in the top center area of the field, as it was recently played by the player in white (cell G8) and is now out of frame. Given the direction of play and the positioning of the players, the ball would have moved towards the top center of the field.",A5
371.jpg,33,"The ball is likely located in the top center area of the field, as it was recently played by the player in white (cell G8) and is now out of frame. Given the direction of play and the positioning of the players, the ball would have moved towards the top center of the field.",A5
371.jpg,34,"The ball is likely located in the top center area of the field, as it was recently played by the player in white (cell E8) and the players in maroon are positioned around that area, indicating they are actively involved in the play. The ball would typically be in the immediate vicinity of the last player to touch it, which suggests it's close to the center of the field.",E7
371.jpg,35,"The ball is likely located in the top center area of the field, as it was recently played by the player in white (cell E8) and the players in maroon are positioned around that area, indicating they are actively involved in the play. The ball would typically be in the immediate vicinity of the last player to touch it, which suggests it's close to the center of the field.",E7
371.jpg,36,"The ball is likely located in the top center area of the field, as it was recently played by the player in white (cell E8) and the players in maroon are positioned around that area, indicating they are actively involved in the play. The ball would typically be in the immediate vicinity of the last player to touch it, which suggests it's close to the center of the field.",E7
371.jpg,37,"The ball is likely located in the top center area of the field, as it was recently played by the player in white (cell G8) and is now out of frame. Given the direction of play and the positioning of the players, the ball would have moved towards the top center of the field.",A5
371.jpg,38,"The ball is likely located in the top center area of the field, as it was recently played by the player in white (cell G8) and is now out of frame. Given the direction of play and the positioning of the players, the ball would have moved towards the top center of the field.",A5
371.jpg,39,"The ball is likely located in the top center area of the field, as it was recently played by the player in white (cell G8) and the players in maroon are positioned around that area, suggesting they are actively involved in the play. The ball would typically be in the immediate vicinity of the last player to touch it, which is the player in white.",
371.jpg,40,"The ball is likely located in the top center area of the field, as it was recently played by the player in white (cell E8) and the players in maroon are positioned around that area, indicating they are actively involved in the play. The ball would typically be in the immediate vicinity of the last player to touch it, which suggests it's close to the center of the field.",E7
371.jpg,41,"The ball is likely located in the top center area of the field, as it was recently played by the player in white (cell E8) and the players in maroon are positioned around that area, indicating they are actively involved in the play. The ball would typically be in the immediate vicinity of the last player to touch it, which suggests it's close to the center of the field.",E7
371.jpg,42,"The ball is likely located in the top center area of the field, as it was recently played by the player in white (cell E8) and the players in maroon are positioned around that area, indicating they are actively involved in the play. The ball would typically be in the immediate vicinity of the last player to touch it, which suggests it's close to the center of the field.",E7
371.jpg,43,"The ball is likely located in the top center area of the field, as it was recently played by the player in white (cell G8) and the players in maroon are positioned around that area, indicating they are actively involved in the play. The ball's trajectory suggests it would have traveled towards the top center of the field.",A5
371.jpg,44,"The ball is likely located in the top center area of the field, as it was recently played by the player in white (cell E8) and the players in maroon are positioned around that area, indicating they are actively involved in the play. The ball would typically be in the immediate vicinity of the last player to touch it, which suggests it's close to the center of the field.",E7
371.jpg,45,"The ball is likely located in the top center area of the field, as it was recently played by the player in white (cell G8) and the players in maroon are positioned around that area, suggesting they are actively involved in the play. The ball would typically be in the immediate vicinity of the last player to touch it, which is the player in white.",
371.jpg,46,"The ball is likely located in the top center area of the field, as it was recently played by the player in white (cell G8) and is now out of frame. Given the direction of play and the positioning of the players, the ball would have moved towards the top center of the field.",A5
371.jpg,47,"The ball is likely located in the top center area of the field, as it was recently played by the player in white (cell E8) and the players in maroon are positioned around that area, indicating they are actively involved in the play. The ball would typically be in the immediate vicinity of the last player to touch it, which suggests it's close to the center of the field.",E7
371.jpg,48,"The ball is likely located in the top center area of the field, as it was recently played by the player in white (cell G8) and the players in maroon are positioned around that area, suggesting they are actively involved in the play. The ball would typically be in the immediate vicinity of the last player to touch it, which is the player in white.",
371.jpg,49,"The ball is likely located in the top center area of the field, as it was recently played by the player in white (cell E8) and the players in maroon are positioned around that area, indicating they are actively involved in the play. The ball would typically be in the immediate vicinity of the last player to touch it, which suggests it's close to the center of the field.",E7
371.jpg,50,"The ball is likely located in the top center area of the field, as it was recently played by the player in white (cell G8) and the players in maroon are positioned around that area, indicating they are actively involved in the play. The ball would typically be in the immediate vicinity of the last player to touch it, which suggests it's close to the center of the field.",
31.jpg,1,"The ball is likely located near the players, as it is a common occurrence for the ball to be close to the players during a soccer match. Given the positions of the players, the ball could be in the area where the player in white (cell E8) is running towards or where the player in yellow (cell D7) is positioned. However, considering the direction of movement and the proximity of the players, the ball is more likely to be in the cell where the player in white is running towards, which is cell E8.",E8
31.jpg,2,"The ball is likely located near the players, as it is a common occurrence for the ball to be close to the players during a soccer match. Given the positioning of the players, the ball could be in the area where the player in white (cell D8) or the player in yellow (cell C7) is currently interacting. However, considering the direction of movement and the positioning of the players, the ball is more likely to be in front of the player in white, closer to the center of the field.",D8
31.jpg,3,"The ball is likely located near the players, as it is a common occurrence for the ball to be close to the players during a soccer match. Given the positioning of the players, it seems that the ball might have just been kicked or passed by one of them. The player in white appears to be in motion, possibly having just kicked the ball, which would place the ball in front of him. The player in yellow is also in motion, suggesting he may have just received or attempted to receive the ball. Therefore, the ball is most likely in the area between the two players, closer to the player in white.",D8
31.jpg,4,"The ball is likely located near the players, as it is a common occurrence for the ball to be close to the players during a soccer match. Given the positions of the players, the ball could be in the area where the player in white (cell E8) is running towards or where the player in yellow (cell D7) is positioned. However, considering the direction of movement and the proximity of the players, the ball is more likely to be in the cell where the player in white is running towards, which is cell E8.",E8
31.jpg,5,"The ball is likely located near the players, as it is a common occurrence for the ball to be close to the players during a soccer match. Given the positions of the players, the ball could be in the area where the player in white (cell E8) is running towards or where the player in yellow (cell D7) is positioned. However, considering the direction of movement and the proximity of the players, the ball is more likely to be in the cell where the player in white is running towards, which is cell E8.",E8
31.jpg,6,"The ball is likely located near the players, as it is a common occurrence for the ball to be close to the players during a soccer match. Given the positions of the players, the ball could be in the area where the player in white (cell G8) is running towards or where the player in yellow (cell E7) is defending. However, considering the direction of movement and the positioning of the players, the ball is more likely to be in front of the player in white, closer to the center of the field.",E8
31.jpg,7,"The ball is likely located near the players, as it is a common occurrence for the ball to be close to the players during a soccer match. Given the positioning of the players, it seems that the ball might have just been kicked or passed by one of them. The player in white appears to be in motion, possibly having just kicked the ball, which would place the ball in front of him. The player in yellow is also in motion, suggesting he may have just received the ball or is about to receive it. Therefore, the ball is most likely in the area between the two players.",D8
31.jpg,8,"The ball is likely located near the players, as it is a common occurrence for the ball to be close to the players during a soccer match. Given the positions of the players, the ball could be in the area where the player in white (cell G8) is running towards or where the player in yellow (cell E7) is defending. However, considering the direction of movement and the positioning of the players, the ball is more likely to be in front of the player in white, closer to the center of the field.",E8
31.jpg,9,"The ball is likely located near the players, as it is a common occurrence for the ball to be close to the players during a soccer match. Given the positions of the players, the ball could be in the area where the player in white (cell G8) is running towards or where the player in yellow (cell E7) is defending. However, considering the direction of movement and the positioning of the players, the ball is more likely to be in front of the player in white, closer to the center of the field.",E8
31.jpg,10,"The ball is likely located near the players, as it is a common occurrence for the ball to be close to the players during a soccer match. Given the positions of the players, the ball could be in the area where the player in white (cell E8) is running towards or where the player in yellow (cell D7) is positioned. However, considering the direction of movement and the proximity of the players, the ball is more likely to be in the cell where the player in white is running towards, which is cell E8.",E8
31.jpg,11,"The ball is likely located near the players, as it is a common occurrence for the ball to be close to the players during a soccer match. Given the positions of the players, the ball could be in the area where the player in white (cell G8) is running towards or where the player in yellow (cell E7) is defending. However, considering the direction of movement and the positioning of the players, the ball is more likely to be in front of the player in white, closer to the center of the field.",E8
31.jpg,12,"The ball is likely located near the players, as it is a common occurrence for the ball to be close to the players during a soccer match. Given the positioning of the players, the ball could be in the area where the player in white (cell E8) is running towards or where the player in yellow (cell D7) is defending. However, considering the direction of movement and the proximity of the players, the ball is more likely to be in the cell where the player in white is running towards, which is cell E8.",E8
31.jpg,13,"The ball is likely located near the players, as it is a common occurrence for the ball to be close to the players during a soccer match. Given the positioning of the players, the ball could be in the area where the player in white (cell D8) or the player in yellow (cell C7) is currently interacting with the ball. However, considering the direction of movement and the positioning of the players, it seems more probable that the ball is closer to the player in white, who appears to be in a position to receive or control the ball.",D8
31.jpg,14,"The ball is likely located near the players, as it is a common occurrence for the ball to be close to the players during a soccer match. Given the positioning of the players, the ball could be in the area where the player in white (cell D8) or the player in yellow (cell C7) is currently interacting. However, considering the direction of movement and the positioning of the players, the ball is more likely to be in front of the player in white, closer to the center of the field.",D8
31.jpg,15,"The ball is likely located near the players, as it is a common occurrence for the ball to be close to the players during a soccer match. Given the positioning of the players, the ball could be in the area where the player in white (cell D8) or the player in yellow (cell C7) is currently interacting with the ball. However, since the player in white appears to be in motion and closer to the ball, it's more probable that the ball is in the cell directly below him, which would be cell D9.",D9
31.jpg,16,"The ball is likely located near the players, as it is a common occurrence for the ball to be close to the players during a soccer match. Given the positioning of the players, the ball could be in the area where the player in white (cell D8) or the player in yellow (cell C7) is currently interacting with the ball. However, since the player in white appears to be in motion and closer to the ball, it's more probable that the ball is in the cell directly below him, which would be cell D9.",D9
31.jpg,17,"The ball is likely located near the players, as it is a common occurrence for the ball to be close to the players during a soccer match. Given the positions of the players, the ball could be in the area where the player in white (cell D8) or the player in yellow (cell C7) is currently interacting. However, considering the direction of movement and the positioning of the players, it's more probable that the ball is closer to the player in white, who appears to be in motion towards the right side of the image.",D8
31.jpg,18,"The ball is likely located near the players, as it is a common occurrence for the ball to be close to the players during a soccer match. Given the positioning of the players, it seems that the ball might have just been kicked or passed by one of them. The player in white appears to be in motion, possibly having just kicked the ball, while the player in yellow is positioned nearby, suggesting they may have just received the ball or are about to receive it. Therefore, the ball is most likely in the area between the players.",E8
31.jpg,19,"The ball is likely located near the players, as it is a common occurrence for the ball to be close to the players during a soccer match. Given the positions of the players, the ball could be in the area where the player in white (cell E8) is running towards or where the player in yellow (cell D7) is positioned. However, considering the direction of movement and the proximity of the players, the ball is more likely to be in the cell where the player in white is running towards, which is cell E8.",E8
31.jpg,20,"The ball is likely located near the players, as it is a common occurrence for the ball to be close to the players during a soccer match. Given the positioning of the players, it seems that the ball might have just been kicked or passed by one of them. The player in white appears to be in motion, possibly having just kicked the ball, while the player in yellow is positioned nearby, suggesting they may have just received the ball or are about to receive it. Therefore, the ball is most likely in the area between the players.",E7
31.jpg,21,"The ball is likely located near the players, as it is a common occurrence for the ball to be close to the players during a soccer match. Given the positioning of the players, it seems that the ball might have just been kicked or passed by one of them. The player in white appears to be in motion, possibly having just kicked the ball, while the player in yellow is positioned nearby, suggesting they were involved in the play. Therefore, the ball is most likely in the area where these two players are interacting.",D8
31.jpg,22,"The ball is likely located near the players, as it is a common occurrence for the ball to be close to the players during a soccer match. Given the positioning of the players, it seems that the ball might have just been kicked or passed by one of them. The player in white appears to be in motion, possibly having just kicked the ball, while the player in yellow is positioned nearby, suggesting they may have just received the ball or are about to receive it. Therefore, the ball is most likely in the area between the players.",E7
31.jpg,23,"The ball is likely located near the players, as it is a common occurrence for the ball to be close to the players during a soccer match. Given the positions of the players, the ball could be in the area where the player in white (cell D8) or the player in yellow (cell C7) is currently interacting. However, considering the direction of movement and the positioning of the players, it's more probable that the ball is closer to the player in white, who appears to be in motion towards the right side of the image.",D8
31.jpg,24,"The ball is likely located near the players, as it is a common occurrence for the ball to be close to the players during a soccer match. Given the positioning of the players, the ball could be in the area where the player in white (cell E8) is running towards or where the player in yellow (cell D7) is defending. However, considering the direction of movement and the proximity of the players, the ball is more likely to be in the cell where the player in white is running towards, which is cell E8.",E8
31.jpg,25,"The ball is likely located near the players, as it is a common occurrence for the ball to be close to the players during a soccer match. Given the positioning of the players, it seems that the ball might have just been kicked or passed by one of them. The player in white appears to be in motion, possibly having just kicked the ball, while the player in yellow is positioned nearby, suggesting they were involved in the play. Therefore, the ball is most likely in the area where these two players are interacting.",D7
31.jpg,26,"The ball is likely located near the players, as it is a common occurrence for the ball to be close to the players during a soccer match. Given the positions of the players, the ball could be in the area where the player in white (cell G8) is running towards or where the player in yellow (cell E7) is defending. However, considering the direction of movement and the positioning of the players, the ball is more likely to be in front of the player in white, closer to the center of the field.",E8
31.jpg,27,"The ball is likely located near the players, as it is a common occurrence for the ball to be close to the players during a soccer match. Given the positioning of the players, it seems that the ball might have just been kicked or passed by one of them. The player in white appears to be in motion, possibly having just kicked the ball, while the player in yellow is positioned nearby, suggesting they were involved in the play. Therefore, the ball is most likely in the area where these two players are interacting.",D8
31.jpg,28,"The ball is likely located near the players, as it is a common occurrence for the ball to be close to the players during a soccer match. Given the positioning of the players, the ball could be in the area where the player in white (cell E8) is running towards or where the player in yellow (cell D7) is defending. However, considering the direction of movement and the proximity of the players, the ball is more likely to be in the cell where the player in white is running towards, which is cell E8.",E8
31.jpg,29,"The ball is likely located near the players, as it is a common occurrence for the ball to be close to the players during a soccer match. Given the positions of the players, the ball could be in the area where the player in white (cell D8) or the player in yellow (cell C7) is currently interacting. However, considering the direction of movement and the positioning of the players, it's more probable that the ball is closer to the player in white, who appears to be in motion towards the right side of the image.",D8
31.jpg,30,"The ball is likely located near the players, as it is a common occurrence for the ball to be close to the players during a soccer match. Given the positioning of the players, the ball could be in the area where the player in white (cell E8) is running towards or where the player in yellow (cell D7) is defending. However, considering the direction of movement and the proximity of the players, the ball is more likely to be in the cell where the player in white is running towards, which is cell E8.",E8
31.jpg,31,"The ball is likely located near the players, as it is a common occurrence for the ball to be close to the players during a soccer match. Given the positioning of the players, it seems that the ball might have just been kicked or passed by one of them. The player in white appears to be in motion, possibly having just kicked the ball, while the player in yellow is positioned nearby, suggesting they may have just received the ball or are about to receive it. Therefore, the ball is most likely in the area between the players.",E8
31.jpg,32,"The ball is likely located near the players, as it is a common occurrence for the ball to be close to the players during a soccer match. Given the positions of the players, the ball could be in the area where the player in white (cell D8) or the player in yellow (cell C7) is currently interacting. However, considering the direction of movement and the positioning of the players, it's more probable that the ball is closer to the player in white, who appears to be in motion towards the right side of the image.",D8
31.jpg,33,"The ball is likely located near the players, as it is a common occurrence for the ball to be close to the players during a soccer match. Given the positioning of the players, the ball could be in the area where the player in white (cell E8) is running towards or where the player in yellow (cell D7) is defending. However, considering the direction of movement and the proximity of the players, the ball is more likely to be in the cell where the player in white is running towards, which is cell E8.",E8
31.jpg,34,"The ball is likely located near the players, as it is a common occurrence for the ball to be close to the players during a soccer match. Given the positioning of the players, it seems that the ball might have just been kicked or passed by one of them. The player in white appears to be in motion, possibly having just kicked the ball, which would place the ball in front of him. The player in yellow is also in motion, suggesting he may have just received the ball or is about to receive it. Therefore, the ball is most likely in the area between the two players.",D8
31.jpg,35,"The ball is likely located near the players, as it is a common occurrence for the ball to be close to the players during a soccer match. Given the positions of the players, the ball could be in the area where the player in white (cell E8) is running towards or where the player in yellow (cell D7) is positioned. However, considering the direction of movement and the proximity of the players, the ball is more likely to be in the cell where the player in white is running towards, which is cell E8.",E8
31.jpg,36,"The ball is likely located near the players, as it is a common occurrence for the ball to be close to the players during a soccer match. Given the positions of the players, the ball could be in the area where the player in white (cell E8) is running towards or where the player in yellow (cell D7) is positioned. However, considering the direction of movement and the proximity of the players, the ball is more likely to be in the cell where the player in white is running towards, which is cell E8.",E8
31.jpg,37,"The ball is likely located near the players, as it is a common occurrence for the ball to be close to the players during a soccer match. Given the positions of the players, the ball could be in the area where the player in white (cell E8) is running towards or where the player in yellow (cell D7) is positioned. However, considering the direction of movement and the proximity of the players, the ball is more likely to be in the cell where the player in white is running towards, which is cell E8.",E8
31.jpg,38,"The ball is likely located near the players, as it is a common occurrence for the ball to be close to the players during a soccer match. Given the positions of the players, the ball could be in the area where the player in white (cell E8) is running towards or where the player in yellow (cell D7) is positioned. However, considering the direction of movement and the proximity of the players, the ball is more likely to be in the cell where the player in white is running towards, which is cell E8.",E8
31.jpg,39,"The ball is likely located near the players, as it is a common occurrence for the ball to be close to the players during a soccer match. Given the positioning of the players, the ball could be in the area where the player in white (cell E8) is running towards or where the player in yellow (cell D7) is defending. However, considering the direction of movement and the proximity of the players, the ball is more likely to be in the cell where the player in white is running towards, which is cell E8.",E8
31.jpg,40,"The ball is likely located near the players, as it is a common occurrence for the ball to be close to the players during a soccer match. Given the positioning of the players, the ball could be in the area where the player in white (cell D8) or the player in yellow (cell C7) is currently interacting. However, considering the direction of movement and the positioning of the players, the ball is more likely to be in front of the player in white, closer to the center of the field.",D8
31.jpg,41,"The ball is likely located near the players, as it is a common occurrence for the ball to be close to the players during a soccer match. Given the positions of the players, the ball could be in the area where the player in white (cell E8) is running towards or where the player in yellow (cell D7) is positioned. However, considering the direction of movement and the proximity of the players, the ball is more likely to be in the cell where the player in white is running towards, which is cell E8.",E8
31.jpg,42,"The ball is likely located near the players, as it is a common occurrence for the ball to be close to the players during a soccer match. Given the positioning of the players, it seems that the ball might have just been kicked or passed by one of them. The player in white appears to be in motion, possibly having just kicked the ball, which would place the ball in front of him. The player in yellow is also in motion, suggesting he may have just received the ball or is about to receive it. Therefore, the ball is most likely in the area between the two players.",D8
31.jpg,43,"The ball is likely located near the players, as it is a common occurrence for the ball to be close to the players during a soccer match. Given the positions of the players, the ball could be in the area where the player in white (cell D8) or the player in yellow (cell C7) is currently interacting. However, considering the direction of movement and the positioning of the players, it's more probable that the ball is closer to the player in white, who appears to be in motion towards the right side of the image.",D8
31.jpg,44,"The ball is likely located near the players, as it is a common occurrence for the ball to be close to the players during a soccer match. Given the positions of the players, the ball could be in the area where the player in white (cell D8) or the player in yellow (cell C7) is currently interacting. However, considering the direction of movement and the positioning of the players, it's more probable that the ball is closer to the player in white, who appears to be in motion towards the right side of the image.",D8
31.jpg,45,"The ball is likely located near the players, as it is a common occurrence for the ball to be close to the players during a soccer match. Given the positions of the players, the ball could be in the area where the player in white (cell E8) is running towards or where the player in yellow (cell D7) is positioned. However, considering the direction of movement and the proximity of the players, the ball is more likely to be in the cell where the player in white is running towards, which is cell E8.",E8
31.jpg,46,"The ball is likely located near the players, as it is a common occurrence for the ball to be close to the players during a soccer match. Given the positions of the players, the ball could be in the area where the player in white (cell E8) is running towards or where the player in yellow (cell D7) is positioned. However, considering the direction of movement and the proximity of the players, the ball is more likely to be in the cell where the player in white is running towards, which is cell E8.",E8
31.jpg,47,"The ball is likely located near the players, as it is a common occurrence for the ball to be close to the players during a soccer match. Given the positions of the players, the ball could be in the area where the player in white (cell D8) or the player in yellow (cell C7) is currently interacting. However, considering the direction of movement and the positioning of the players, it seems more probable that the ball is closer to the player in white, who appears to be in motion towards the right side of the image.",D8
31.jpg,48,"The ball is likely located near the players, as it is a common occurrence for the ball to be close to the players during a soccer match. Given the positioning of the players, it seems that the ball might have just been kicked or passed by one of them. The player in white appears to be in motion, possibly having just kicked the ball, while the player in yellow is positioned nearby, suggesting they were involved in the play. Therefore, the ball is most likely in the area where these two players are interacting.",D8
31.jpg,49,"The ball is likely located near the players, as it is a common occurrence for the ball to be close to the players during a soccer match. Given the positions of the players, the ball could be in the area where the player in white (cell D8) or the player in yellow (cell C7) is currently interacting. However, considering the direction of movement and the positioning of the players, it seems more probable that the ball is closer to the player in white, who appears to be in motion towards the right side of the image.",D8
31.jpg,50,"The ball is likely located near the players, as it is a common occurrence for the ball to be close to the players during a soccer match. Given the positions of the players, the ball could be in the area where the player in white (cell D8) or the player in yellow (cell C7) is currently interacting. However, considering the direction of movement and the positioning of the players, it's more probable that the ball is closer to the player in white, who appears to be in motion towards the right side of the image.",D8
163.jpg,1,"The ball is likely located in the area where the players' legs are closest together, as this is the most common place for the ball to be during a tackle or when players are competing for it. Given the positions of the players, the ball is probably near the center of the image, slightly towards the right side.",D7
163.jpg,2,"The ball is likely located in the area where the players' legs are closest together, as this is the most common place for the ball to be during a tackle or when players are competing for it. Given the positions of the players, the ball is probably near the center of the image, slightly towards the right side.",D7
163.jpg,3,"The ball is likely located in the area where the players' legs are closest together, as this is the most common place for the ball to be during a tackle or when players are competing for it. Given the positions of the players, the ball is probably near the center of the image, slightly towards the right side.",D7
163.jpg,4,"The ball is likely located in the area where the players' legs are closest together, as this is the most common place for the ball to be during a tackle or when players are competing for it. Given the positions of the players, the ball is probably near the center of the image, slightly towards the right side.",D7
163.jpg,5,"The ball is likely located in the area where the players' legs are closest together, as this is the most common place for the ball to be during a tackle or when players are competing for it. Given the positions of the players, the ball is probably near the center of the image, slightly towards the right side.",D7
163.jpg,6,"The ball is likely located in the area where the players' legs are closest together, as this is the most common place for the ball to be during a tackle or when players are competing for it. Given the positions of the players, the ball is probably near the center of the image, slightly towards the right side.",D7
163.jpg,7,"The ball is likely located in the area where the players' legs are closest together, as this is the most common place for the ball to be during a tackle or when players are competing for it. Given the positions of the players, the ball is probably near the center of the image, slightly towards the right side.",D7
163.jpg,8,"The ball is likely located in the area where the players' legs are closest together, as this is the most common place for the ball to be during a tackle or when players are competing for it. Given the positions of the players, the ball is probably near the center of the image, slightly towards the right side.",D7
163.jpg,9,"The ball is likely located in the area where the players' legs are closest together, as this is the most common place for the ball to be during a tackle or when players are competing for it. Given the positions of the players, the ball is probably near the center of the image, slightly towards the right side.",D7
163.jpg,10,"The ball is likely located in the area where the players' legs are closest together, as this is the most common place for the ball to be during a tackle or when players are competing for it. Given the positions of the players, the ball is probably near the center of the image, slightly towards the right side.",D7
163.jpg,11,"The ball is likely located in the area where the players' legs are closest together, as this is the most common place for the ball to be during a tackle or when players are competing for it. Given the positions of the players, the ball is probably near the center of the image, slightly towards the right side.",D7
163.jpg,12,"The ball is likely located in the area where the players' legs are closest together, as this is the most common place for the ball to be during a tackle or when players are competing for it. Given the positions of the players, the ball is probably near the center of the image, slightly towards the right side.",D7
163.jpg,13,"The ball is likely located in the area where the players' legs are closest together, as this is the most common place for the ball to be during a tackle or when players are competing for it. Given the positions of the players, the ball is probably near the center of the image, slightly towards the right side.",D7
163.jpg,14,"The ball is likely located in the area where the players' legs are closest together, as this is the most common place for the ball to be during a tackle or when players are competing for it. Given the positions of the players, the ball is probably near the center of the image, slightly towards the right side.",D7
163.jpg,15,"The ball is likely located in the area where the players' legs are closest together, as this is the most common place for the ball to be during a tackle or when players are competing for it. Given the positions of the players, the ball is probably near the center of the image, slightly towards the right side.",D7
163.jpg,16,"The ball is likely located in the area where the players' legs are closest together, as this is the most common place for the ball to be during a tackle or when players are competing for it. Given the positions of the players, the ball is probably near the center of the image, slightly towards the right side.",D7
163.jpg,17,"The ball is likely located in the area where the players' legs are closest together, as this is the most common place for the ball to be during a tackle or when players are competing for it. Given the positions of the players, the ball is probably near the center of the image, slightly towards the right side.",D7
163.jpg,18,"The ball is likely located in the area where the players' legs are closest together, as this is the most common place for the ball to be during a tackle or when players are competing for it. Given the positions of the players, the ball is probably near the center of the image, slightly towards the right side.",D7
163.jpg,19,"The ball is likely located in the area where the players' legs are closest together, as this is the most common place for the ball to be during a tackle or when players are competing for it. Given the positions of the players, the ball is probably near the center of the image, slightly towards the right side.",D7
163.jpg,20,"The ball is likely located in the area where the players' legs are closest together, as this is the most common place for the ball to be during a tackle or when players are competing for it. Given the positions of the players, the ball is probably near the center of the image, slightly towards the right side.",D7
163.jpg,21,"The ball is likely located in the area where the players' legs are closest together, as this is the most common place for the ball to be during a tackle or when players are competing for it. Given the positions of the players, the ball is probably near the center of the image, slightly towards the right side.",D7
163.jpg,22,"The ball is likely located in the area where the players' legs are closest together, as this is the most common place for the ball to be during a tackle or when players are competing for it. Given the positions of the players, the ball is probably near the center of the image, slightly towards the right side.",D7
163.jpg,23,"The ball is likely located in the area where the players' legs are closest together, as this is the most common place for the ball to be during a tackle or when players are competing for it. Given the positions of the players, the ball is probably near the center of the image, slightly towards the right side.",D7
163.jpg,24,"The ball is likely located in the area where the players' legs are closest together, as this is the most common place for the ball to be during a tackle or when players are competing for it. Given the positions of the players, the ball is probably near the center of the image, slightly towards the right side.",D7
163.jpg,25,"The ball is likely located in the area where the players' legs are closest together, as this is the most common place for the ball to be during a tackle or when players are competing for it. Given the positions of the players, the ball is probably near the center of the image, slightly towards the right side.",D7
163.jpg,26,"The ball is likely located in the area where the players' legs are closest together, as this is the most common place for the ball to be during a tackle or when players are competing for it. Given the positions of the players, the ball is probably near the center of the image, slightly towards the right side.",D7
163.jpg,27,"The ball is likely located in the area where the players' legs are closest together, as this is the most common place for the ball to be during a tackle or when players are competing for it. Given the positions of the players, the ball is probably near the center of the image, slightly towards the right side.",D7
163.jpg,28,"The ball is likely located in the area where the players' legs are closest together, as this is the most common place for the ball to be during a tackle or when players are competing for it. Given the positions of the players, the ball is probably near the center of the image, slightly towards the right side.",D7
163.jpg,29,"The ball is likely located in the area where the players' legs are closest together, as this is the most common place for the ball to be during a tackle or when players are competing for it. Given the positions of the players, the ball is probably near the center of the image, slightly towards the right side.",D7
163.jpg,30,"The ball is likely located in the area where the players' legs are closest together, as this is the most common place for the ball to be during a tackle or when players are competing for it. Given the positions of the players, the ball is probably near the center of the image, slightly towards the right side.",D7
163.jpg,31,"The ball is likely located in the area where the players' legs are closest together, as this is the most common place for the ball to be during a tackle or when players are competing for it. Given the positions of the players, the ball is probably near the center of the image, slightly towards the right side.",D7
163.jpg,32,"The ball is likely located in the area where the players' legs are closest together, as this is the most common place for the ball to be during a tackle or when players are competing for it. Given the positions of the players, the ball is probably near the center of the image, slightly towards the right side.",D7
163.jpg,33,"The ball is likely located in the area where the players' legs are closest together, as this is the most common place for the ball to be during a tackle or when players are competing for it. Given the positions of the players, the ball is probably near the center of the image, slightly towards the right side.",D7
163.jpg,34,"The ball is likely located in the area where the players' legs are closest together, as this is the most common place for the ball to be during a tackle or when players are competing for it. Given the positions of the players, the ball is probably near the center of the image, slightly towards the right side.",D7
163.jpg,35,"The ball is likely located in the area where the players' legs are closest together, as this is the most common place for the ball to be during a tackle or when players are competing for it. Given the positions of the players, the ball is probably near the center of the image, slightly towards the right side.",D7
163.jpg,36,"The ball is likely located in the area where the players' legs are closest together, as this is the most common place for the ball to be during a tackle or when players are competing for it. Given the positions of the players, the ball is probably near the center of the image, slightly towards the right side.",D7
163.jpg,37,"The ball is likely located in the area where the players' legs are closest together, as this is the most common place for the ball to be during a tackle or when players are competing for it. Given the positions of the players, the ball is probably near the center of the image, slightly towards the right side.",D7
163.jpg,38,"The ball is likely located in the area where the players' legs are closest together, as this is the most common place for the ball to be during a tackle or when players are competing for it. Given the positions of the players, the ball is probably near the center of the image, slightly towards the right side.",D7
163.jpg,39,"The ball is likely located in the area where the players' legs are closest together, as this is the most common place for the ball to be during a tackle or when players are competing for it. Given the positions of the players, the ball is probably near the center of the image, slightly towards the right side.",D7
163.jpg,40,"The ball is likely located in the area where the players' legs are closest together, as this is the most common place for the ball to be during a tackle or when players are competing for it. Given the positions of the players, the ball is probably near the center of the image, slightly towards the right side.",D7
163.jpg,41,"The ball is likely located in the area where the players' legs are closest together, as this is the most common place for the ball to be during a tackle or when players are competing for it. Given the positions of the players, the ball is probably near the center of the image, slightly towards the right side.",D7
163.jpg,42,"The ball is likely located in the area where the players' legs are closest together, as this is the most common place for the ball to be during a tackle or when players are competing for it. Given the positions of the players, the ball is probably near the center of the image, slightly towards the right side.",D7
163.jpg,43,"The ball is likely located in the area where the players' legs are closest together, as this is the most common place for the ball to be during a tackle or when players are competing for it. Given the positions of the players, the ball is probably near the center of the image, slightly towards the right side.",D7
163.jpg,44,"The ball is likely located in the area where the players' legs are closest together, as this is the most common place for the ball to be during a tackle or when players are competing for it. Given the positions of the players, the ball is probably near the center of the image, slightly towards the right side.",D7
163.jpg,45,"The ball is likely located in the area where the players' legs are closest together, as this is the most common place for the ball to be during a tackle or when players are competing for it. Given the positions of the players, the ball is probably near the center of the image, slightly towards the right side.",D7
163.jpg,46,"The ball is likely located in the area where the players' legs are closest together, as this is the most common place for the ball to be during a tackle or when players are competing for it. Given the positions of the players, the ball is probably near the center of the image, slightly towards the right side.",D7
163.jpg,47,"The ball is likely located in the area where the players' legs are closest together, as this is the most common place for the ball to be during a tackle or when players are competing for it. Given the positions of the players, the ball is probably near the center of the image, slightly towards the right side.",D7
163.jpg,48,"The ball is likely located in the area where the players' legs are closest together, as this is the most common place for the ball to be during a tackle or when players are competing for it. Given the positions of the players, the ball is probably near the center of the image, slightly towards the right side.",D7
163.jpg,49,"The ball is likely located in the area where the players' legs are closest together, as this is the most common place for the ball to be during a tackle or when players are competing for it. Given the positions of the players, the ball is probably near the center of the image, slightly towards the right side.",D7
163.jpg,50,"The ball is likely located in the area where the players' legs are closest together, as this is the most common place for the ball to be during a tackle or when players are competing for it. Given the positions of the players, the ball is probably near the center of the image, slightly towards the right side.",D7
245.jpg,1,"The ball is likely located in the center of the field, as it is the area where players are actively moving and where the ball would typically be found during play. Given the positions of the players, it seems that the ball was recently passed or kicked towards the center of the field.",D5
245.jpg,2,"The ball is likely located in the center of the field, as it is the area where players are actively moving and where the ball would typically be found during play. Given the positions of the players, it seems that the ball was recently passed or kicked towards the center of the field.",D5
245.jpg,3,"The ball is likely located in the center of the field, as it is the area where players are actively moving and where the ball would typically be found during play. Given the positions of the players, it seems that the ball was recently passed or kicked towards the center of the field.",D5
245.jpg,4,"The ball is likely located in the center of the field, as it is the area where players are actively moving and where the ball would typically be found during play. Given the positions of the players, it seems that the ball was recently passed or kicked towards the center of the field.",D5
245.jpg,5,"The ball is likely located in the center of the field, as it is the area where players are actively moving and where the ball would typically be found during play. Given the positions of the players, it seems that the ball was recently passed or kicked towards the center of the field.",D5
245.jpg,6,"The ball is likely located in the center of the field, as it is the area where players are actively moving and where the ball would typically be found during play. Given the positions of the players, it seems that the ball was recently passed or kicked towards the center of the field.",D5
245.jpg,7,"The ball is likely located in the center of the field, as it is the area where players are actively moving and where the ball would typically be found during play. Given the positions of the players, it seems that the ball was recently passed or kicked towards the center of the field.",D5
245.jpg,8,"The ball is likely located in the center of the field, as it is the area where players are actively moving and where the ball would typically be found during play. Given the positions of the players, it seems that the ball was recently passed or kicked towards the center of the field.",D5
245.jpg,9,"The ball is likely located in the center of the field, as it is the area where players are actively moving and where the ball would typically be found during play. Given the positions of the players, it seems that the ball was recently passed or kicked towards the center of the field.",D5
245.jpg,10,"The ball is likely located in the center of the field, as it is the area where players are actively moving and where the ball would typically be found during play. Given the positions of the players, it seems that the ball was recently passed or kicked towards the center of the field.",D5
245.jpg,11,"The ball is likely located in the center of the field, as it is the area where players are actively moving and where the ball would typically be found during play. Given the positions of the players, it seems that the ball was recently passed or kicked towards the center of the field.",D5
245.jpg,12,"The ball is likely located in the center of the field, as it is the area where players are actively moving and where the ball would typically be found during play. Given the positions of the players, it seems that the ball was recently passed or kicked towards the center of the field.",D5
245.jpg,13,"The ball is likely located in the center of the field, as it is the area where players are actively moving and where the ball would typically be found during play. Given the positions of the players, it seems that the ball was recently passed or kicked towards the center of the field.",D5
245.jpg,14,"The ball is likely located in the center of the field, as it is the area where players are actively moving and where the ball would typically be found during play. Given the positions of the players, it seems that the ball was recently passed or kicked towards the center of the field.",D5
245.jpg,15,"The ball is likely located in the center of the field, as it is the area where players are actively moving and where the ball would typically be found during play. Given the positions of the players, it seems that the ball was recently passed or kicked towards the center of the field.",D5
245.jpg,16,"The ball is likely located in the center of the field, as it is the area where players are actively moving and where the ball would typically be found during play. Given the positions of the players, it seems that the ball was recently passed or kicked towards the center of the field.",D5
245.jpg,17,"The ball is likely located in the center of the field, as it is the area where players are actively moving and where the ball would typically be found during play. Given the positions of the players, it seems that the ball was recently passed or kicked towards the center of the field.",D5
245.jpg,18,"The ball is likely located in the center of the field, as it is the area where players are actively moving and where the ball would typically be found during play. Given the positions of the players, it seems that the ball was recently passed or kicked towards the center of the field.",D5
245.jpg,19,"The ball is likely located in the center of the field, as it is the area where players are actively moving and where the ball would typically be found during play. Given the positions of the players, it seems that the ball was recently passed or kicked towards the center of the field.",D5
245.jpg,20,"The ball is likely located in the center of the field, as it is the area where players are actively moving and where the ball would typically be found during play. Given the positions of the players, it seems that the ball was recently passed or kicked towards the center of the field.",D5
245.jpg,21,"The ball is likely located in the center of the field, as it is the area where players are actively moving and where the ball would typically be found during play. Given the positions of the players, it seems that the ball was recently passed or kicked towards the center of the field.",D5
245.jpg,22,"The ball is likely located in the center of the field, as it is the area where players are actively moving and where the ball would typically be found during play. Given the positions of the players, it seems that the ball was recently passed or kicked towards the center of the field.",D5
245.jpg,23,"The ball is likely located in the center of the field, as it is the area where players are actively moving and where the ball would typically be found during play. Given the positions of the players, it seems that the ball was recently passed or kicked towards the center of the field.",D5
245.jpg,24,"The ball is likely located in the center of the field, as it is the area where players are actively moving and where the ball would typically be found during play. Given the positions of the players, it seems that the ball was recently passed or kicked towards the center of the field.",D5
245.jpg,25,"The ball is likely located in the center of the field, as it is the area where players are actively moving and where the ball would typically be found during play. Given the positions of the players, it seems that the ball was recently passed or kicked towards the center of the field.",D5
245.jpg,26,"The ball is likely located in the center of the field, as it is the area where players are actively moving and where the ball would typically be found during play. Given the positions of the players, it seems that the ball was recently passed or kicked towards the center of the field.",D5
245.jpg,27,"The ball is likely located in the center of the field, as it is the area where players are actively moving and where the ball would typically be found during play. Given the positions of the players, it seems that the ball was recently passed or kicked towards the center of the field.",D5
245.jpg,28,"The ball is likely located in the center of the field, as it is the area where players are actively moving and where the ball would typically be found during play. Given the positions of the players, it seems that the ball was recently passed or kicked towards the center of the field.",D5
245.jpg,29,"The ball is likely located in the center of the field, as it is the area where players are actively moving and where the ball would typically be found during play. Given the positions of the players, it seems that the ball was recently passed or kicked towards the center of the field.",D5
245.jpg,30,"The ball is likely located in the center of the field, as it is the area where players are actively moving and where the ball would typically be found during play. Given the positions of the players, it seems that the ball was recently passed or kicked towards the center of the field.",D5
245.jpg,31,"The ball is likely located in the center of the field, as it is the area where players are actively moving and where the ball would typically be found during play. Given the positions of the players, it seems that the ball was recently passed or kicked towards the center of the field.",D5
245.jpg,32,"The ball is likely located in the center of the field, as it is the area where players are actively moving and where the ball would typically be found during play. Given the positions of the players, it seems that the ball was recently passed or kicked towards the center of the field.",D5
245.jpg,33,"The ball is likely located in the center of the field, as it is the area where players are actively moving and where the ball would typically be found during play. Given the positions of the players, it seems that the ball was recently passed or kicked towards the center of the field.",D5
245.jpg,34,"The ball is likely located in the center of the field, as it is the area where players are actively moving and where the ball would typically be found during play. Given the positions of the players, it seems that the ball was recently passed or kicked towards the center of the field.",D5
245.jpg,35,"The ball is likely located in the center of the field, as it is the area where players are actively moving and where the ball would typically be found during play. Given the positions of the players, it seems that the ball was recently passed or kicked towards the center of the field.",D5
245.jpg,36,"The ball is likely located in the center of the field, as it is the area where players are actively moving and where the ball would typically be found during play. Given the positions of the players, it seems that the ball was recently passed or kicked towards the center of the field.",D5
245.jpg,37,"The ball is likely located in the center of the field, as it is the area where players are actively moving and where the ball would typically be found during play. Given the positions of the players, it seems that the ball was recently passed or kicked towards the center of the field.",D5
245.jpg,38,"The ball is likely located in the center of the field, as it is the area where players are actively moving and where the ball would typically be found during play. Given the positions of the players, it seems that the ball was recently passed or kicked towards the center of the field.",D5
245.jpg,39,"The ball is likely located in the center of the field, as it is the area where players are actively moving and where the ball would typically be found during play. Given the positions of the players, it seems that the ball was recently passed or kicked towards the center of the field.",D5
245.jpg,40,"The ball is likely located in the center of the field, as it is the area where players are actively moving and where the ball would typically be found during play. Given the positions of the players, it seems that the ball was recently passed or kicked towards the center of the field.",D5
245.jpg,41,"The ball is likely located in the center of the field, as it is the area where players are actively moving and where the ball would typically be found during play. Given the positions of the players, it seems that the ball was recently passed or kicked towards the center of the field.",D5
245.jpg,42,"The ball is likely located in the center of the field, as it is the area where players are actively moving and where the ball would typically be found during play. Given the positions of the players, it seems that the ball was recently passed or kicked towards the center of the field.",D5
245.jpg,43,"The ball is likely located in the center of the field, as it is the area where players are actively moving and where the ball would typically be found during play. Given the positions of the players, it seems that the ball was recently passed or kicked towards the center of the field.",D5
245.jpg,44,"The ball is likely located in the center of the field, as it is the area where players are actively moving and where the ball would typically be found during play. Given the positions of the players, it seems that the ball was recently passed or kicked towards the center of the field.",D5
245.jpg,45,"The ball is likely located in the center of the field, as it is the area where players are actively moving and where the ball would typically be found during play. Given the positions of the players, it seems that the ball was recently passed or kicked towards the center of the field.",D5
245.jpg,46,"The ball is likely located in the center of the field, as it is the area where players are actively moving and where the ball would typically be found during play. Given the positions of the players, it seems that the ball was recently passed or kicked towards the center of the field.",D5
245.jpg,47,"The ball is likely located in the center of the field, as it is the area where players are actively moving and where the ball would typically be found during play. Given the positions of the players, it seems that the ball was recently passed or kicked towards the center of the field.",D5
245.jpg,48,"The ball is likely located in the center of the field, as it is the area where players are actively moving and where the ball would typically be found during play. Given the positions of the players, it seems that the ball was recently passed or kicked towards the center of the field.",D5
245.jpg,49,"The ball is likely located in the center of the field, as it is the area where players are actively moving and where the ball would typically be found during play. Given the positions of the players, it seems that the ball was recently passed or kicked towards the center of the field.",D5
245.jpg,50,"The ball is likely located in the center of the field, as it is the area where players are actively moving and where the ball would typically be found during play. Given the positions of the players, it seems that the ball was recently passed or kicked towards the center of the field.",D5
66.jpg,1,"The ball is likely located near the goalkeeper, as the goalkeeper appears to be in a ready position, suggesting he is about to catch or kick the ball. Additionally, the players' body language indicates they are focused on the area where the ball would typically be found after being kicked or passed.",A8
66.jpg,2,"The ball is likely located near the goalkeeper, as the goalkeeper appears to be in a ready position, suggesting that the ball might have just been kicked towards him or is about to be passed to him. Additionally, the players' body language indicates they are focused on the area around the goalkeeper, which further supports the idea that the ball is nearby.",F8
66.jpg,3,"The ball is likely located near the goalkeeper, as the goalkeeper appears to be in a ready position, suggesting he is about to catch or kick the ball. Additionally, the players' body language indicates they are moving towards the goal area, which is a common place for the ball to be after a pass or shot.",F8
66.jpg,4,"The ball is likely located near the goalkeeper, as the goalkeeper appears to be in a ready position, suggesting that the ball might have just been kicked towards him or is about to be passed to him. Additionally, the players' body language indicates they are focused on the area around the goalkeeper, which further supports the idea that the ball is nearby.",F8
66.jpg,5,"The ball is likely located near the goalkeeper, as the goalkeeper appears to be in a ready position, suggesting that the ball might have just been kicked towards him or is about to be passed to him. Additionally, the players' body language indicates they are focused on the area around the goalkeeper, which further supports the idea that the ball is nearby.",F8
66.jpg,6,"The ball is likely located near the goalkeeper, as the goalkeeper appears to be in a ready position, suggesting that the ball might have just been kicked towards him or is about to be passed to him. Additionally, the players' body language indicates they are focused on the area around the goalkeeper, which further supports the idea that the ball is nearby.",F8
66.jpg,7,"The ball is likely located near the goalkeeper, as the goalkeeper appears to be in a ready position, suggesting he is about to catch or kick the ball. Additionally, the players' body language indicates they are moving towards the goal area, which is a common place for the ball to be after a pass or shot.",F8
66.jpg,8,"The ball is likely located near the goalkeeper, as the goalkeeper appears to be in a ready position, suggesting that the ball might have just been kicked towards him or is about to be passed to him. Additionally, the players' body language indicates they are focused on the area around the goalkeeper, which further supports the idea that the ball is nearby.",F8
66.jpg,9,"The ball is likely located near the goalkeeper, as the goalkeeper appears to be in a ready position, suggesting that the ball might have just been kicked towards him or is about to be passed to him. Additionally, the players' body language indicates they are focused on the area around the goalkeeper, which further supports the idea that the ball is nearby.",F8
66.jpg,10,"The ball is likely located near the goalkeeper, as the goalkeeper appears to be in a ready position, suggesting that the ball might have just been kicked towards him or is about to be passed to him. Additionally, the players' body language indicates they are focused on the area around the goalkeeper, which further supports the idea that the ball is nearby.",F8
66.jpg,11,"The ball is likely located near the goalkeeper, as the goalkeeper appears to be in a ready position, suggesting he is about to catch or kick the ball. Additionally, the players' body language indicates they are moving towards the goal area, which is a common place for the ball to be after a shot on goal.",F8
66.jpg,12,"The ball is likely located near the goalkeeper, as the goalkeeper appears to be in a ready position, suggesting he is about to catch or kick the ball. Additionally, the players' body language indicates they are focused on the area where the ball would typically be found after being kicked or passed.",A8
66.jpg,13,"The ball is likely located near the goalkeeper, as the goalkeeper appears to be in a ready position, suggesting he is anticipating the ball's movement. Additionally, the players are positioned in a way that suggests they are either about to receive the ball or have just passed it towards the goalkeeper. Given these observations, the ball is most likely in the top right corner of the image, which corresponds to the F4 cell.",F4
66.jpg,14,"The ball is likely located near the goalkeeper, as the goalkeeper appears to be in a ready position, suggesting that the ball might have just been kicked towards him or is about to be passed to him. Additionally, the players' body language indicates they are focused on the area around the goalkeeper, which further supports the idea that the ball is nearby.",F8
66.jpg,15,"The ball is likely located near the goalkeeper, as the goalkeeper appears to be in a ready position, suggesting he is about to catch or kick the ball. Additionally, the players' body language indicates they are focused on the area where the ball would typically be found after being played into the penalty area.",F8
66.jpg,16,"The ball is likely located near the goalkeeper, as the goalkeeper appears to be in a ready position, suggesting that the ball might have just been kicked towards him or is about to be passed to him. Additionally, the players' body language indicates they are focused on the area around the goalkeeper, which further supports the idea that the ball is nearby.",F8
66.jpg,17,"The ball is likely located near the goalkeeper, as the goalkeeper appears to be in a ready position, suggesting he is about to catch or kick the ball. Additionally, the players' body language indicates they are moving towards the goal area, which is a common place for the ball to be after a shot on goal or a pass into the penalty box.",F8
66.jpg,18,"The ball is likely located near the goalkeeper, as the goalkeeper appears to be in a ready position, suggesting he is about to catch or kick the ball. Additionally, the players' body language indicates they are focused on the area where the ball would typically be after being passed or shot towards the goal.",A8
66.jpg,19,"The ball is likely located near the goalkeeper, as the goalkeeper appears to be in a ready position, suggesting that the ball might have just been kicked towards him or is about to be passed to him. Additionally, the players' body language indicates they are focused on the area around the goalkeeper, which further supports the idea that the ball is nearby.",F8
66.jpg,20,"The ball is likely located near the goalkeeper, as the goalkeeper appears to be in a ready position, suggesting he is about to catch or kick the ball. Additionally, the players' body language indicates they are moving towards the goal area, which is a common scenario when the ball is near the goalpost.",F8
66.jpg,21,"The ball is likely located near the goalkeeper, as the goalkeeper appears to be in a ready position, suggesting he is anticipating the ball's movement. Additionally, the players are positioned in a way that suggests they are either about to receive the ball or have just passed it towards the goalkeeper. Given these observations, the ball is most likely in the top right corner of the image, which corresponds to the F4 cell.",F4
66.jpg,22,"The ball is likely located near the goalkeeper, as the goalkeeper appears to be in a ready position, suggesting that the ball might have just been kicked towards him or is about to be passed to him. Additionally, the players' body language indicates they are focused on the area around the goalkeeper, which further supports the idea that the ball is nearby.",F8
66.jpg,23,"The ball is likely located near the goalkeeper, as the goalkeeper appears to be in a ready position, suggesting he is anticipating the ball's movement. Additionally, the players are positioned in a way that suggests they are either about to receive the ball or have just passed it towards the goalkeeper. Given these observations, the ball is most likely in the top right corner of the image, which corresponds to the F4 cell.",F4
66.jpg,24,"The ball is likely located near the goalkeeper, as the goalkeeper appears to be in a ready position, suggesting he is about to catch or kick the ball. Additionally, the players' body language indicates they are focused on the area where the ball would typically be after being passed or shot towards the goal.",A8
66.jpg,25,"The ball is likely located near the goalkeeper, as the goalkeeper appears to be in a ready position, suggesting he is about to catch or kick the ball. Additionally, the players' body language indicates they are moving towards the goal area, which is a common place for the ball to be after a pass or shot.",F8
66.jpg,26,"The ball is likely located near the goalkeeper, as the goalkeeper appears to be in a ready position, suggesting that the ball might have just been kicked towards him or is about to be passed to him. Additionally, the players' body language indicates they are focused on the area around the goalkeeper, which further supports the idea that the ball is nearby.",F8
66.jpg,27,"The ball is likely located near the goalkeeper, as the goalkeeper appears to be in a ready position, suggesting he is about to catch or kick the ball. Additionally, the players' body language indicates they are focused on the area where the ball would typically be found after being played into the penalty area.",F8
66.jpg,28,"The ball is likely located near the goalkeeper, as the goalkeeper appears to be in a ready position, suggesting that the ball might have just been kicked towards him or is about to be passed to him. Additionally, the players' body language indicates they are focused on the area around the goalkeeper, which further supports the idea that the ball is nearby.",F8
66.jpg,29,"The ball is likely located near the goalkeeper, as the goalkeeper appears to be in a ready position, suggesting that the ball might have just been kicked towards him or is about to be passed to him. Additionally, the players' body language indicates they are focused on the area around the goalkeeper, which further supports the idea that the ball is nearby.",F8
66.jpg,30,"The ball is likely located near the goalkeeper, as the goalkeeper appears to be in a ready position, suggesting he is anticipating the ball's movement. Additionally, the players are positioned in a way that suggests they are either about to receive the ball or have just passed it towards the goalkeeper. Given these observations, the ball is most likely in the top right corner of the image, which corresponds to the F4 cell.",F4
66.jpg,31,"The ball is likely located near the goalkeeper, as the goalkeeper appears to be in a ready position, suggesting he is anticipating the ball's movement. Additionally, the players are positioned in a way that suggests they are either about to receive the ball or have just passed it towards the goalkeeper. Given these observations, the ball is most likely in the top right corner of the image, which corresponds to the F4 cell.",F4
66.jpg,32,"The ball is likely located near the goalkeeper, as the goalkeeper appears to be in a ready position, suggesting that the ball might have just been kicked towards him or is about to be passed to him. Additionally, the players' body language indicates they are focused on the area around the goalkeeper, which further supports the idea that the ball is nearby.",F8
66.jpg,33,"The ball is likely located near the goalkeeper, as the goalkeeper appears to be in a ready position, suggesting he is anticipating the ball's movement. Additionally, the players are positioned in a way that suggests they are either about to receive the ball or have just passed it towards the goalkeeper. Given these observations, the ball is most likely in the top right corner of the image, which corresponds to the F4 cell.",F4
66.jpg,34,"The ball is likely located near the goalkeeper, as the goalkeeper appears to be in a ready position, suggesting he is about to catch or kick the ball. Additionally, the players' body language indicates they are focused on the area where the ball would typically be after being passed or shot towards the goal.",A8
66.jpg,35,"The ball is likely located near the goalkeeper, as the goalkeeper appears to be in a ready position, suggesting that the ball might have just been kicked towards him or is about to be passed to him. Additionally, the players' body language indicates they are focused on the area around the goalkeeper, which further supports the idea that the ball is nearby.",F8
66.jpg,36,"The ball is likely located near the goalkeeper, as the goalkeeper appears to be in a ready position, suggesting he is anticipating the ball's movement. Additionally, the players are positioned in a way that suggests they are either about to receive the ball or have just passed it towards the goalkeeper. Given these observations, the ball is most likely in the top right corner of the image, which corresponds to the F4 cell.",F4
66.jpg,37,"The ball is likely located near the goalkeeper, as the goalkeeper appears to be in a ready position, suggesting that the ball might have just been kicked towards him or is about to be passed to him. Additionally, the players' body language indicates they are focused on the area around the goalkeeper, which further supports the idea that the ball is nearby.",F8
66.jpg,38,"The ball is likely located near the goalkeeper, as the goalkeeper appears to be in a ready position, suggesting he is about to catch or kick the ball. Additionally, the players' body language indicates they are focused on the area where the ball would typically be found after being kicked or passed.",A8
66.jpg,39,"The ball is likely located near the goalkeeper, as the goalkeeper appears to be in a ready position, suggesting that the ball might have just been kicked towards him or is about to be passed to him. Additionally, the players' body language indicates they are focused on the area around the goalkeeper, which further supports the idea that the ball is nearby.",F8
66.jpg,40,"The ball is likely located near the goalkeeper, as the goalkeeper appears to be in a ready position, suggesting that the ball might have just been kicked towards him or is about to be passed to him. Additionally, the players' body language indicates they are focused on the area around the goalkeeper, which further supports the idea that the ball is nearby.",F8
66.jpg,41,"The ball is likely located near the goalkeeper, as the goalkeeper appears to be in a ready position, suggesting he is anticipating the ball's movement. Additionally, the players are positioned in a way that suggests they are either about to receive the ball or have just passed it towards the goalkeeper. Given these observations, the ball is most likely in the top right corner of the image, which corresponds to the F4 cell.",F4
66.jpg,42,"The ball is likely located near the goalkeeper, as the goalkeeper appears to be in a ready position, suggesting he is anticipating the ball's movement. Additionally, the players are positioned in a way that suggests they are either about to receive the ball or have just passed it towards the goalkeeper. Given these observations, the ball is most likely in the top right corner of the image, which corresponds to the F4 cell.",F4
66.jpg,43,"The ball is likely located near the goalkeeper, as the goalkeeper appears to be in a ready position, suggesting that the ball might have just been kicked towards him or is about to be passed to him. Additionally, the players' body language indicates they are focused on the area around the goalkeeper, which further supports the idea that the ball is nearby.",F8
66.jpg,44,"The ball is likely located near the goalkeeper, as the goalkeeper appears to be in a ready position, suggesting he is anticipating the ball's movement. Additionally, the players are positioned in a way that suggests they are either about to receive the ball or have just passed it towards the goalkeeper. Given these observations, the ball is most likely in the top right corner of the image, which corresponds to the F4 cell.",F4
66.jpg,45,"The ball is likely located near the goalkeeper, as the goalkeeper appears to be in a ready position, suggesting he is about to catch or kick the ball. Additionally, the players' body language indicates they are focused on the area where the ball would typically be after being passed or kicked.",A8
66.jpg,46,"The ball is likely located near the goalkeeper, as the goalkeeper appears to be in a ready position, suggesting that the ball might have just been kicked towards him or is about to be passed to him. Additionally, the players' body language indicates they are focused on the area around the goalkeeper, which further supports the idea that the ball is nearby.",F8
66.jpg,47,"The ball is likely located near the goalkeeper, as the goalkeeper appears to be in a ready position, suggesting that the ball might have just been kicked towards him or is about to be passed to him. Additionally, the players' body language indicates they are focused on the area around the goalkeeper, which further supports the idea that the ball is nearby.",F8
66.jpg,48,"The ball is likely located near the goalkeeper, as the goalkeeper appears to be in a ready position, suggesting that the ball might have just been kicked towards him or is about to be passed to him. Additionally, the players' body language indicates they are focused on the area around the goalkeeper, which further supports the idea that the ball is nearby.",F8
66.jpg,49,"The ball is likely located near the goalkeeper, as the goalkeeper appears to be in a ready position, suggesting that the ball might have just been kicked towards him or is about to be passed to him. Additionally, the players' body language indicates they are focused on the area around the goalkeeper, which further supports the idea that the ball is nearby.",F8
66.jpg,50,"The ball is likely located near the goalkeeper, as the goalkeeper appears to be in a ready position, suggesting that the ball might have just been kicked towards him or is about to be passed to him. Additionally, the players' body language indicates they are focused on the area around the goalkeeper, which further supports the idea that the ball is nearby.",F8
12.jpg,1,"The player in white appears to be in control of the ball, suggesting that the ball is close to them. Given the player's position near the goalpost, it is reasonable to infer that the ball is just out of frame but very close to the player in white. The ball is likely in the area between the player and the goalpost, which would be in the cells around (F8) or (F9).",F8
12.jpg,2,"The player in white appears to be in control of the ball, as indicated by their posture and the position of their feet. Given that the ball is not visible in the image, it is reasonable to infer that the ball is close to the player's feet, possibly in the area where they are about to kick it. This suggests that the ball is likely located in the grid cells around the player's feet, specifically in the lower right area of the image.",F9
12.jpg,3,"The player in white appears to be in control of the ball, suggesting that the ball is close to them. Given the player's position near the goalpost, it is reasonable to infer that the ball is just out of frame but very close to the player in white. The ball is likely in the area between the player and the goalpost, which would be in the cells around (F8) or (F9).",F8
12.jpg,4,"The player in white appears to be in control of the ball, suggesting that the ball is close to them. Given the player's position near the goalpost, it is reasonable to infer that the ball is just out of frame but very close to the player in white. The ball is likely in the area between the player and the goalpost, which would be in the cells around (F8) or (F9).",F8
12.jpg,5,"The player in white appears to be in control of the ball, suggesting that the ball is close to them. Given the player's position near the goalpost, it is reasonable to infer that the ball is just out of frame but very close to the player in white. The ball is likely in the area between the player and the goalpost, which would be in the cells around (F8) or (F9).",F8
12.jpg,6,"The player in white appears to be in control of the ball, suggesting that the ball is close to them. Given the player's position near the goalpost, it is reasonable to infer that the ball is just out of frame but very close to the player in white. The ball is likely in the area between the player and the goalpost, which would be in the cells around (F8) or (F9).",F8
12.jpg,7,"The player in white appears to be in control of the ball, suggesting that the ball is close to them. Given the player's position near the goalpost, it is reasonable to infer that the ball is just out of frame but very close to the player in white. The ball is likely in the area between the player and the goalpost, which would be in the cells around (F8) or (F9).",F8
12.jpg,8,"The player in white appears to be in control of the ball, as indicated by their posture and the direction they are facing. Given that the ball is not visible in the image, it is reasonable to infer that the ball is close to the player's feet, which are positioned near the bottom right corner of the image. This suggests that the ball is likely located in the F9 cell, as it is closest to the player's feet and within the typical range for a player to control the ball.",F9
12.jpg,9,"The player in white appears to be in control of the ball, as indicated by their posture and the position of their feet. Given that the ball is not visible in the image, it is reasonable to infer that the ball is close to the player's feet, possibly in the area where they are about to kick it. This suggests that the ball is likely located in the grid cells around the player's feet, specifically in the lower right area of the image.",F9
12.jpg,10,"The player in white appears to be in control of the ball, as indicated by their posture and the position of their feet. Given that the ball is not visible in the image, it is reasonable to infer that the ball is close to the player's feet, possibly in the area where they are about to kick it. This suggests that the ball is likely located in the grid cells around the player's feet, specifically in the lower right area of the image.",F9
12.jpg,11,"The player in white appears to be in control of the ball, as indicated by their posture and the position of their feet. Given that the ball is not visible in the image, it is reasonable to infer that the ball is close to the player's feet, possibly in the area where they are about to kick it. This suggests that the ball is likely located in the grid cells around the player's feet, specifically in the lower right area of the image.",F9
12.jpg,12,"The player in white appears to be in control of the ball, suggesting that the ball is close to them. Given the player's position near the goalpost, it is reasonable to infer that the ball is just out of frame but very close to the player in white. The ball is likely in the area between the player and the goalpost, which would be in the cells around (F8) or (F9).",F8
12.jpg,13,"The player in white appears to be in control of the ball, suggesting that the ball is close to them. Given the player's position near the goalpost, it is reasonable to infer that the ball is just out of frame but very close to the player in white. The ball is likely in the area between the player and the goalpost, which would be in the cells around (F8) or (F9).",F8
12.jpg,14,"The player in white appears to be in control of the ball, as indicated by their posture and the position of their feet. Given that the ball is not visible in the image, it is reasonable to infer that the ball is close to the player's feet, possibly in the area where they are about to kick it. This suggests that the ball is likely located in the grid cells around the player's feet, specifically in the lower right area of the image.",F9
12.jpg,15,"The player in white appears to be in control of the ball, as indicated by their posture and the position of their feet. Given that the ball is not visible in the image, it is reasonable to infer that the ball is close to the player's feet, possibly in the area where they are about to kick it. This suggests that the ball is likely located in the grid cells around the player's feet, specifically in the lower right area of the image.",F9
12.jpg,16,"The player in white appears to be in control of the ball, as indicated by their posture and the direction they are facing. Given that the ball is not visible in the image, it is reasonable to infer that the ball is close to the player's feet, which are positioned near the bottom right corner of the image. This suggests that the ball is likely located in the F9 cell, as it is closest to the player's feet and within the typical range for a player to control the ball.",F9
12.jpg,17,"The player in white appears to be in control of the ball, as indicated by their posture and the direction they are facing. Given that the ball is not visible in the image, it is reasonable to infer that the ball is close to the player's feet, which are positioned near the bottom right corner of the image. This suggests that the ball is likely located in the F9 cell, as it is closest to the player's feet and within the typical range for a player to control the ball.",F9
12.jpg,18,"The player in white appears to be in control of the ball, suggesting that the ball is close to them. Given the player's position near the goalpost, it is reasonable to infer that the ball is just out of frame but very close to the player in white. The ball is likely in the area between the player and the goalpost, which would be in the cells around (F8) or (F9).",F8
12.jpg,19,"The player in white appears to be in control of the ball, as indicated by their posture and the position of their feet. Given that the ball is not visible in the image, it is reasonable to infer that the ball is close to the player's feet, possibly in the area where they are about to kick it. This suggests that the ball is likely located in the grid cells around the player's feet, specifically in the lower right area of the image.",F9
12.jpg,20,"The player in white appears to be in control of the ball, suggesting that the ball is close to them. Given the player's position near the goalpost, it is reasonable to infer that the ball is just out of frame but very close to the player in white. The ball is likely in the area between the player and the goalpost, which would be in the cells around (F8) or (F9).",F8
12.jpg,21,"The player in white appears to be in control of the ball, as indicated by their posture and the direction they are facing. Given that the ball is not visible in the image, it is reasonable to infer that the ball is close to the player's feet, which are positioned near the center-right of the image. This suggests that the ball is likely located in the grid cell F9 or F10.",F9
12.jpg,22,"The player in white appears to be in control of the ball, suggesting that the ball is close to them. Given the player's position near the goalpost, it is reasonable to infer that the ball is just out of frame but very close to the player in white. The ball is likely in the area between the player and the goalpost, which would be in the cells around (F8) or (F9).",F8
12.jpg,23,"The player in white appears to be in control of the ball, as indicated by their posture and the position of their feet. Given that the ball is not visible in the image, it is reasonable to infer that the ball is close to the player's feet, possibly in the area where they are about to kick it. This suggests that the ball is likely located in the grid cells around the player's feet, specifically in the lower right area of the image.",F9
12.jpg,24,"The player in white appears to be in control of the ball, suggesting that the ball is close to them. Given the player's position near the goalpost, it is reasonable to infer that the ball is just out of frame but very close to the player in white. The ball is likely in the area between the player and the goalpost, which would be in the cells around (F8) or (F9).",F8
12.jpg,25,"The player in white appears to be in control of the ball, suggesting that the ball is close to them. Given the player's position near the goalpost, it is reasonable to infer that the ball is just out of frame but very close to the player in white. The ball is likely in the area between the player and the goalpost, which would be in the cells around (F8) or (F9).",F8
12.jpg,26,"The player in white appears to be in control of the ball, as indicated by their posture and the position of their feet. Given that the ball is not visible in the image, it is reasonable to infer that the ball is close to the player's feet, possibly in the area where they are about to kick it. This suggests that the ball is likely located in the grid cells around the player's feet, specifically in the lower right area of the image.",F9
12.jpg,27,"The player in white appears to be in control of the ball, suggesting that the ball is close to them. Given the player's position near the goalpost, it is reasonable to infer that the ball is just out of frame but very close to the player in white. The ball is likely in the area between the player and the goalpost, which would be in the cells around (F8) or (F9).",F8
12.jpg,28,"The player in white appears to be in control of the ball, as indicated by their posture and the direction they are facing. Given that the ball is not visible in the image, it is reasonable to infer that the ball is close to the player's feet, which are positioned near the center-right of the image. This suggests that the ball is likely located in the grid cell F9 or F10, as these cells are closest to the player's feet.",F9
12.jpg,29,"The player in white appears to be in control of the ball, as indicated by their posture and the position of their feet. Given that the ball is not visible in the image, it is reasonable to infer that the ball is close to the player's feet, possibly in the area where they are about to kick it. This suggests that the ball is likely located in the grid cells around the player's feet, specifically in the lower right area of the image.",F9
12.jpg,30,"The player in white appears to be in control of the ball, as indicated by their posture and the position of their feet. Given that the ball is not visible in the image, it is reasonable to infer that the ball is close to the player's feet, possibly in the area where they are about to kick it. This suggests that the ball is likely located in the grid cells around the player's feet, specifically in the lower right area of the image.",F9
12.jpg,31,"The player in white appears to be in control of the ball, as indicated by their posture and the position of their feet. Given that the ball is not visible in the image, it is reasonable to infer that the ball is close to the player's feet, possibly in the area where they are about to kick it. This suggests that the ball is likely located in the grid cells around the player's feet, specifically in the lower right area of the image.",F9
12.jpg,32,"The player in white appears to be in control of the ball, as indicated by their posture and the direction they are facing. Given that the ball is not visible in the image, it is reasonable to infer that the ball is close to the player's feet, which are positioned near the center-right of the image. This suggests that the ball is likely located in the grid cell F9 or F10.",F9
12.jpg,33,"The player in white appears to be in control of the ball, suggesting that the ball is close to them. Given the player's position near the goalpost, it is reasonable to infer that the ball is just out of frame but very close to the player in white. The ball is likely in the area between the player and the goalpost, which would be in the cells around (F8) or (F9).",F8
12.jpg,34,"The player in white appears to be in control of the ball, suggesting that the ball is close to them. Given the player's position near the goalpost, it is reasonable to infer that the ball is just out of frame but very close to the player in white. The ball is likely in the area between the player and the goalpost, which would be in the cells around (F8) or (F9).",F8
12.jpg,35,"The player in white appears to be in control of the ball, as indicated by their posture and the position of their feet. Given that the ball is not visible in the image, it is reasonable to infer that the ball is close to the player's feet, possibly in the area where they are about to kick it. This suggests that the ball is likely located in the grid cells around the player's feet, specifically in the lower right area of the image.",F9
12.jpg,36,"The player in white appears to be in control of the ball, suggesting that the ball is close to them. Given the player's position near the goalpost, it is reasonable to infer that the ball is just out of frame but very close to the player in white. The ball is likely in the area between the player and the goalpost, which would be in the cells around (F8) or (F9).",F8
12.jpg,37,"The player in white appears to be in control of the ball, as indicated by their posture and the direction they are facing. Given that the ball is not visible in the image, it is reasonable to infer that the ball is close to the player's feet, which are positioned near the bottom right corner of the image. This suggests that the ball is likely located in the F9 cell, as it is closest to the player's feet and within the typical range for a player to control the ball.",F9
12.jpg,38,"The player in white appears to be in control of the ball, as indicated by their posture and the position of their feet. Given that the ball is not visible in the image, it is reasonable to infer that the ball is close to the player's feet, possibly in the area where they are about to kick it. This suggests that the ball is likely located in the grid cells around the player's feet, specifically in the lower right area of the image.",F9
12.jpg,39,"The player in white appears to be in control of the ball, as indicated by their posture and the position of their feet. Given that the ball is not visible in the image, it is reasonable to infer that the ball is close to the player's feet, possibly in the area where they are about to kick it. This suggests that the ball is likely located in the grid cells around the player's feet, specifically in the lower right area of the image.",F9
12.jpg,40,"The player in white appears to be in control of the ball, as indicated by their posture and the position of their feet. Given that the ball is not visible in the image, it is reasonable to infer that the ball is close to the player's feet, possibly in the area where they are about to kick it. This suggests that the ball is likely located in the grid cells around the player's feet, specifically in the lower right area of the image.",F9
12.jpg,41,"The player in white appears to be in control of the ball, as indicated by their posture and the direction they are facing. Given that the ball is not visible in the image, it is reasonable to infer that the ball is close to the player's feet, which are positioned near the bottom right corner of the image. This suggests that the ball is likely located in the F9 cell, as it is closest to the player's feet and within the typical range for a player to control the ball.",F9
12.jpg,42,"The player in white appears to be in control of the ball, as indicated by their posture and the position of their feet. Given that the ball is not visible in the image, it is reasonable to infer that the ball is close to the player's feet, possibly in the area where they are about to kick it. This suggests that the ball is likely located in the grid cells around the player's feet, specifically in the lower right area of the image.",F9
12.jpg,43,"The player in white appears to be in control of the ball, as indicated by their posture and the direction they are facing. Given that the ball is not visible in the image, it is reasonable to infer that the ball is close to the player's feet, which are positioned near the center-right of the image. This suggests that the ball is likely located in the grid cell F9 or F10.",F9
12.jpg,44,"The player in white appears to be in control of the ball, suggesting that the ball is close to them. Given the player's position near the goalpost, it is reasonable to infer that the ball is just out of frame but very close to the player in white. The ball is likely in the area between the player and the goalpost, which would be in the cells around (F8) or (F9).",F8
12.jpg,45,"The player in white appears to be in control of the ball, as indicated by their posture and the position of their feet. Given that the ball is not visible in the image, it is reasonable to infer that the ball is close to the player's feet, possibly in the area where they are about to kick it. This suggests that the ball is likely located in the grid cells around the player's feet, specifically in the lower right area of the image.",F9
12.jpg,46,"The player in white appears to be in control of the ball, suggesting that the ball is close to them. Given the player's position near the goalpost, it is reasonable to infer that the ball is just out of frame but very close to the player in white. The ball is likely in the area between the player and the goalpost, which would be in the cells around (F8) or (F9).",F8
12.jpg,47,"The player in white appears to be in control of the ball, suggesting that the ball is close to them. Given the player's position near the goalpost, it is reasonable to infer that the ball is just out of frame but very close to the player in white. The ball is likely in the area between the player and the goalpost, which would be in the cells around (F8) or (F9).",F8
12.jpg,48,"The player in white appears to be in control of the ball, suggesting that the ball is close to them. Given the player's position near the goalpost, it is reasonable to infer that the ball is just out of frame but very close to the player in white. The ball is likely in the area between the player and the goalpost, which would be in the cells around (F8) or (F9).",F8
12.jpg,49,"The player in white appears to be in control of the ball, as indicated by their posture and the position of their feet. Given that the ball is not visible in the image, it is reasonable to infer that the ball is close to the player's feet, possibly in the area where they are about to kick it. This suggests that the ball is likely located in the grid cells around the player's feet, specifically in the lower right area of the image.",F9
12.jpg,50,"The player in white appears to be in control of the ball, suggesting that the ball is close to them. Given the player's position near the goalpost, it is reasonable to infer that the ball is just out of frame but very close to the player in white. The ball is likely in the area between the player and the goalpost, which would be in the cells around (F8) or (F9).",F8
53.jpg,1,"The ball is likely located near the center of the field, as it was recently passed or kicked by a player in that area. The players' positions suggest they are moving towards the center, indicating the ball might be there.",D6
53.jpg,2,"The ball is likely located near the center of the field, as it was recently passed or kicked there by a player. Given the positions of the players, the ball would be in a position that allows for a quick pass to either side. The center area (C6) seems to be the most central and accessible spot for a potential pass.",C6
53.jpg,3,"The ball is likely located near the center of the field, as it was recently passed or kicked there by a player. Given the positions of the players, the ball would be in a position that allows for a quick pass to either side. The center area (C6) seems to be the most central and accessible spot for a potential pass.",C6
53.jpg,4,"The ball is likely located near the center of the field, as it was recently passed or kicked there by a player. Given the positions of the players, the ball would be in a position that allows for a quick pass to either side. The center area (C6) seems to be the most central and accessible spot for a potential pass.",C6
53.jpg,5,"The ball is likely located near the center of the field, as it was recently passed or kicked there by a player. Given the positions of the players, the ball would be in a position that allows for a quick pass to either side. The center area (C6) seems to be the most central and accessible spot for a potential pass.",C6
53.jpg,6,"The ball is likely located near the center of the field, as it was recently passed or kicked there by a player. Given the positions of the players, the ball would be in a position that allows for a quick pass to either side. The center area (C6) seems to be the most central and accessible spot for a potential pass.",C6
53.jpg,7,"The ball is likely located near the center of the field, as it was recently passed or kicked by a player in that area. The players' positions suggest they are moving towards the center, indicating the ball might be there.",D6
53.jpg,8,"The ball is likely located near the center of the field, as it was recently passed or kicked there by a player. Given the positions of the players, the ball would be in a position that allows for a quick pass to either side. The center area (C6) seems to be the most central and accessible spot for a potential pass.",C6
53.jpg,9,"The ball is likely located near the center of the field, as it was recently passed or kicked there by a player. Given the positions of the players, the ball would be in a position that allows for a quick pass to either side. The center area (C6) seems to be the most central and accessible spot for a potential pass.",C6
53.jpg,10,"The ball is likely located near the center of the field, as it was recently passed or kicked by a player in that area. The players' positions suggest they are moving towards the center, indicating the ball might be there.",D6
53.jpg,11,"The ball is likely located near the center of the field, as it was recently passed or kicked there by a player. Given the positions of the players, the ball would be in a position that allows for a quick pass to either side. The center area (C6) seems to be the most central and accessible spot for a potential pass.",C6
53.jpg,12,"The ball is likely located near the center of the field, as it was recently passed or kicked by a player in that area. The players' positions suggest they are moving towards the center, indicating the ball might be there.",D6
53.jpg,13,"The ball is likely located near the center of the field, as it was recently passed or kicked there by a player. Given the positions of the players, the ball would be in a position that allows for a quick pass to either side. The center area (C6) seems to be the most central and accessible spot for a potential pass.",C6
53.jpg,14,"The ball is likely located near the center of the field, as it was recently passed or kicked there by a player. Given the positions of the players, the ball would be in a position that allows for a quick pass to either side. The center area (C6) seems to be the most central and accessible spot for a potential pass.",C6
53.jpg,15,"The ball is likely located near the center of the field, as it was recently passed or kicked there by a player. Given the positions of the players, the ball would be in a position that allows for a quick pass to either side. The center area (C6) seems to be the most central and accessible spot for a potential pass.",C6
53.jpg,16,"The ball is likely located near the center of the field, as it was recently passed or kicked by a player in that area. The players' positions suggest they are moving towards the center, indicating the ball might be there.",D6
53.jpg,17,"The ball is likely located near the center of the field, as it was recently passed or kicked there by a player. Given the positions of the players, the ball would be in a position that allows for a quick pass to either side. The center area (C6) seems to be the most central and accessible spot for a potential pass.",C6
53.jpg,18,"The ball is likely located near the center of the field, as it was recently passed or kicked there by a player. Given the positions of the players, the ball would be in a position that allows for a quick pass to either side. The center area (C6) seems to be the most central and accessible spot for a potential pass.",C6
53.jpg,19,"The ball is likely located near the center of the field, as it was recently passed or kicked by a player in that area. The players' positions suggest they are moving towards the center, indicating the ball might be there.",D6
53.jpg,20,"The ball is likely located near the center of the field, as it was recently passed or kicked there by a player. Given the positions of the players, the ball would be in a position that allows for a quick pass to either side. The center area (C6) seems to be the most central and accessible spot for a potential pass.",C6
53.jpg,21,"The ball is likely located near the center of the field, as it was recently passed or kicked there by a player. Given the positions of the players, the ball would be in a position that allows for a quick pass to either side. The center area (C6) seems to be the most central and accessible spot for a potential pass.",C6
53.jpg,22,"The ball is likely located near the center of the field, as it was recently passed or kicked by a player in that area. The players' positions suggest they are moving towards the center, indicating the ball might be there.",D6
53.jpg,23,"The ball is likely located near the center of the field, as it was recently passed or kicked by a player in that area. The players' positions suggest they are moving towards the center, indicating the ball might be there.",D6
53.jpg,24,"The ball is likely located near the center of the field, as it was recently passed or kicked by a player in that area. The players' positions suggest they are moving towards the center, indicating the ball might be there.",D6
53.jpg,25,"The ball is likely located near the center of the field, as it was recently passed or kicked there by a player. Given the positions of the players, the ball would be in a position that allows for a quick pass to either side. The center area (C6) seems to be the most central and accessible spot for a potential pass.",C6
53.jpg,26,"The ball is likely located near the center of the field, as it was recently passed or kicked there by a player. Given the positions of the players, the ball would be in a position that allows for a quick pass to either side. The center area (C6) seems to be the most central and accessible spot for a potential pass.",C6
53.jpg,27,"The ball is likely located near the center of the field, as it was recently passed or kicked by a player in that area. The players' positions suggest they are moving towards the center, indicating the ball might be there.",D6
53.jpg,28,"The ball is likely located near the center of the field, as it was recently passed or kicked there by a player. Given the positions of the players, the ball would be in a position that allows for a quick pass to either side. The center area (C6) seems to be the most central and accessible spot for a potential pass.",C6
53.jpg,29,"The ball is likely located near the center of the field, as it was recently passed or kicked by a player in that area. The players' positions suggest they are moving towards the center, indicating the ball might be there.",D6
53.jpg,30,"The ball is likely located near the center of the field, as it was recently passed or kicked there by a player. Given the positions of the players, the ball would be in a position that allows for a quick pass to either side. The center area (C6) seems to be the most central and accessible spot for a potential pass.",C6
53.jpg,31,"The ball is likely located near the center of the field, as it was recently passed or kicked there by a player. Given the positions of the players, the ball would be in a position that allows for a quick pass to either side. The center area (C6) seems to be the most central and accessible spot for a potential pass.",C6
53.jpg,32,"The ball is likely located near the center of the field, as it was recently passed or kicked there by a player. Given the positions of the players, the ball would be in a position that allows for a quick pass to either side. The center area (C6) seems to be the most central and accessible spot for a potential pass.",C6
53.jpg,33,"The ball is likely located near the center of the field, as it was recently passed or kicked by a player in that area. The players' positions suggest they are moving towards the center, indicating the ball might be there.",D6
53.jpg,34,"The ball is likely located near the center of the field, as it was recently passed or kicked there by a player. Given the positions of the players, the ball would be in a position that allows for a quick pass to either side. The center area (C6) seems to be the most central and accessible spot for a potential pass.",C6
53.jpg,35,"The ball is likely located near the center of the field, as it was recently passed or kicked by a player in that area. The players' positions suggest they are moving towards the center, indicating the ball might be there.",D6
53.jpg,36,"The ball is likely located near the center of the field, as it was recently passed or kicked there by a player. Given the positions of the players, the ball would be in a position that allows for a quick pass to either side. The center area (C6) seems to be the most central and accessible spot for a potential pass.",C6
53.jpg,37,"The ball is likely located near the center of the field, as it was recently passed or kicked by a player in that area. The players' positions suggest they are moving towards the center, indicating the ball might be there.",D6
53.jpg,38,"The ball is likely located near the center of the field, as it was recently passed or kicked by a player in that area. The players' positions suggest they are moving towards the center, indicating the ball might be there.",D6
53.jpg,39,"The ball is likely located near the center of the field, as it was recently passed or kicked by a player in that area. The players' positions suggest they are moving towards the center, indicating the ball might be there.",D6
53.jpg,40,"The ball is likely located near the center of the field, as it was recently passed or kicked there by a player. Given the positions of the players, the ball would be in a position that allows for a quick pass to either side. The center area (C6) seems to be the most central and accessible spot for a potential pass.",C6
53.jpg,41,"The ball is likely located near the center of the field, as it was recently passed or kicked there by a player. Given the positions of the players, the ball would be in a position that allows for a quick pass to either side. The center area (C6) seems to be the most central and accessible spot for a potential pass.",C6
53.jpg,42,"The ball is likely located near the center of the field, as it was recently passed or kicked there by a player. Given the positions of the players, the ball would be in a position that allows for a quick pass to either side. The center area (C6) seems to be the most central and accessible spot for a potential pass.",C6
53.jpg,43,"The ball is likely located near the center of the field, as it was recently passed or kicked by a player in that area. The players' positions suggest they are moving towards the center, indicating the ball might be there.",D6
53.jpg,44,"The ball is likely located near the center of the field, as it was recently passed or kicked by a player in that area. The players' positions suggest they are moving towards the center, indicating the ball might be there.",D6
53.jpg,45,"The ball is likely located near the center of the field, as it was recently passed or kicked by a player in that area. The players' positions suggest they are moving towards the center, indicating the ball might be there.",D6
53.jpg,46,"The ball is likely located near the center of the field, as it was recently passed or kicked there by a player. Given the positions of the players, the ball would be in a position that allows for a quick pass to either side. The center area (C6) seems to be the most central and accessible spot for a potential pass.",C6
53.jpg,47,"The ball is likely located near the center of the field, as it was recently passed or kicked by a player in that area. The players' positions suggest they are moving towards the center, indicating the ball might be there.",D6
53.jpg,48,"The ball is likely located near the center of the field, as it was recently passed or kicked by a player in that area. The players' positions suggest they are moving towards the center, indicating the ball might be there.",D6
53.jpg,49,"The ball is likely located near the center of the field, as it was recently passed or kicked by a player in that area. The players' positions suggest they are moving towards the center, indicating the ball might be there.",D6
53.jpg,50,"The ball is likely located near the center of the field, as it was recently passed or kicked by a player in that area. The players' positions suggest they are moving towards the center, indicating the ball might be there.",D6
224.jpg,1,"The ball is likely located in the area where the players' legs and feet are closest together, as this is the most probable trajectory for the ball after being kicked or passed. Given the positions of the players and the direction of movement, it appears that the ball is heading towards the goal area.",D6
224.jpg,2,"The ball is likely located in the area where the players' legs and feet are closest together, as this is the most probable trajectory for the ball after being kicked or passed. Given the positions of the players and the direction of movement, it appears that the ball is heading towards the goal area.",D6
224.jpg,3,"The ball is likely located in the area where the players' legs and feet are visible, as this is the typical trajectory for a soccer ball after being kicked or passed. Given the positions of the players and the direction of movement, it appears that the ball has just left the goalkeeper's hands and is heading towards the goal. Therefore, the ball is most likely in the area where the goalkeeper's legs are visible, which corresponds to the bottom left corner of the image.",F1
224.jpg,4,"The ball is likely located in the area where the players' legs and feet are visible, as this is the typical trajectory for a ball that has just been kicked or passed. Given the positions of the players and the direction they are facing, it appears that the ball was kicked towards the goal. Therefore, the ball is most likely in the area where the goalkeeper's legs are visible, which is in the lower left part of the image.",D1
224.jpg,5,"The ball is likely located in the area where the players' legs and feet are visible, as this is the typical trajectory for a soccer ball after being kicked or passed. Given the positions of the players and the direction of movement, it appears that the ball is just out of frame to the right of the goalkeeper's leg in cell D2.",D2
224.jpg,6,"The ball is likely located in the area where the players' legs and feet are closest together, as this is the most probable trajectory for the ball after being kicked or passed. Given the positions of the players and the direction of movement, it appears that the ball is heading towards the goal area.",D6
224.jpg,7,"The ball is likely located in the area where the players' legs and feet are closest together, as this is the most probable trajectory for the ball after being kicked or passed. Given the positions of the players and the direction of movement, it appears that the ball is heading towards the goal area.",D6
224.jpg,8,"The ball is likely located in the area where the players' legs and feet are closest together, as this is the most probable trajectory for the ball after being kicked or passed. Given the positions of the players and the direction of movement, it appears that the ball is heading towards the goal area.",D6
224.jpg,9,"The ball is likely located in the area where the players' legs and feet are closest together, as this is the most probable trajectory for the ball after being kicked or passed. Given the positions of the players and the direction of movement, it appears that the ball is heading towards the goal area.",D6
224.jpg,10,"The ball is likely located in the area where the players' legs and feet are visible, as this is the typical trajectory for a soccer ball after being kicked or passed. Given the positions of the players and the direction of movement, it appears that the ball is just out of frame to the right of the goalkeeper's leg in cell D2.",D2
224.jpg,11,"The ball is likely located in the area where the players' legs and feet are closest together, as this is the most probable trajectory for the ball after being kicked or passed. Given the positions of the players and the direction of movement, it appears that the ball is heading towards the goal area.",D6
224.jpg,12,"The ball is likely located in the area where the players' legs and feet are visible, as this is the typical trajectory for a soccer ball after being kicked or passed. Given the positions of the players and the direction of movement, it appears that the ball is just out of frame to the right of the goalkeeper's leg in cell D2.",D2
224.jpg,13,"The ball is likely located in the area where the players' legs and feet are visible, as this is the typical trajectory for a ball that has just been kicked or passed. Given the positions of the players and the direction they are facing, it appears that the ball was kicked towards the goal. Therefore, the ball is most likely in the area where the goalkeeper's legs are visible, which is in the lower left part of the image.",D1
224.jpg,14,"The ball is likely located in the area where the players' legs and feet are visible, as this is the typical trajectory for a ball that has just been kicked or passed. Given the direction of the players' movements and the positioning of their legs, it appears that the ball is moving towards the goal area.",D6
224.jpg,15,"The ball is likely located in the area where the players' legs and feet are visible, as this is the typical trajectory for a soccer ball after being kicked or passed. Given the positions of the players and the direction of movement, it appears that the ball has just left the goalkeeper's hands and is heading towards the goal. Therefore, the ball is most likely in the area where the goalkeeper's legs are visible, which corresponds to the bottom left corner of the image.",F1
224.jpg,16,"The ball is likely located in the area where the players' legs and feet are closest together, as this is the most probable trajectory for the ball after being kicked or passed. Given the positions of the players and the direction of movement, it appears that the ball is heading towards the goal area.",D6
224.jpg,17,"The ball is likely located in the area where the players' legs and feet are visible, as this is the typical trajectory for a soccer ball after being kicked or passed. Given the positions of the players and the direction of movement, it appears that the ball is just out of frame to the right of the goalkeeper's leg in cell D2.",D2
224.jpg,18,"The ball is likely located in the area where the players' legs and feet are visible, as this is the typical trajectory for a soccer ball after being kicked or passed. Given the positions of the players and the direction of movement, it appears that the ball is just out of frame to the right of the goalkeeper's leg in cell D2.",D2
224.jpg,19,"The ball is likely located in the area where the players' legs and feet are visible, as this is the typical trajectory for a ball that has just been kicked or passed. Given the direction of the players' movements and the positioning of their legs, it appears that the ball is moving towards the goal area.",D6
224.jpg,20,"The ball is likely located in the area where the players' legs and feet are visible, as this is the typical trajectory for a ball that has just been kicked or passed. Given the direction of the players' movements and the positioning of their legs, it appears that the ball is moving towards the goal area.",D6
224.jpg,21,"The ball is likely located in the area where the players' legs and feet are closest together, as this is the most probable trajectory for the ball after being kicked or passed. Given the positions of the players and the direction of movement, it appears that the ball is heading towards the goal area.",D6
224.jpg,22,"The ball is likely located in the area where the players' legs and feet are closest together, as this is the most probable trajectory for the ball after being kicked or passed. Given the positions of the players and the direction of movement, it appears that the ball is heading towards the goal area.",D6
224.jpg,23,"The ball is likely located in the area where the players' legs and feet are closest together, as this is the most probable trajectory for the ball after being kicked or passed. Given the positions of the players and the direction of movement, it appears that the ball is heading towards the goal area.",D6
224.jpg,24,"The ball is likely located in the area where the players' legs and feet are visible, as this is the typical trajectory for a ball that has just been kicked or passed. Given the positions of the players and the direction they are facing, it appears that the ball was kicked towards the goal. Therefore, the ball is most likely in the area where the goalkeeper's legs are visible, which is in the lower left part of the image.",D1
224.jpg,25,"The ball is likely located in the area where the players' legs and feet are visible, as this is the typical trajectory for a soccer ball after being kicked or passed. Given the positions of the players and the direction of movement, it appears that the ball has just left the goalkeeper's hands and is heading towards the goal. This suggests that the ball is most likely in the lower right part of the image, near the goalpost.",F7
224.jpg,26,"The ball is likely located in the area where the players' legs and feet are visible, as this is the typical trajectory for a soccer ball after being kicked or passed. Given the positions of the players and the direction of movement, it appears that the ball is just out of frame to the right of the goalkeeper's leg in cell D2.",D2
224.jpg,27,"The ball is likely located in the area where the players' legs and feet are visible, as this is the typical trajectory for a soccer ball after being kicked or passed. Given the positions of the players and the direction of movement, it appears that the ball is just out of frame to the right of the goalkeeper's leg in cell D2.",D2
224.jpg,28,"The ball is likely located in the area where the players' legs and feet are closest together, as this is the most probable trajectory for the ball after being kicked or passed. Given the positions of the players and the direction of movement, it appears that the ball is heading towards the goal area.",D6
224.jpg,29,"The ball is likely located in the area where the players' legs and feet are visible, as this is the typical trajectory for a soccer ball after being kicked or passed. Given the positions of the players and the direction of movement, it appears that the ball has just left the goalkeeper's hands and is heading towards the goal. Therefore, the ball is most likely in the area where the goalkeeper's legs are visible, which corresponds to the bottom left corner of the image.",F1
224.jpg,30,"The ball is likely located in the area where the players' legs and feet are closest together, as this is the most probable trajectory for the ball after being kicked or passed. Given the positions of the players and the direction of movement, it appears that the ball is heading towards the goal area.",D6
224.jpg,31,"The ball is likely located in the area where the players' legs and feet are closest together, as this is the most probable trajectory for the ball after being kicked or passed. Given the positions of the players and the direction of movement, it appears that the ball is heading towards the goal area.",D6
224.jpg,32,"The ball is likely located in the area where the players' legs and feet are closest together, as this is the most probable trajectory for the ball after being kicked or passed. Given the positions of the players and the direction of movement, it appears that the ball is heading towards the goal area.",D6
224.jpg,33,"The ball is likely located in the area where the players' legs and feet are closest together, as this is the most probable trajectory for the ball after being kicked or passed. Given the positions of the players and the direction of movement, it appears that the ball is heading towards the goal area.",D6
224.jpg,34,"The ball is likely located in the area where the players' legs and feet are visible, as this is the typical trajectory for a soccer ball after being kicked or passed. Given the positions of the players and the direction of movement, it appears that the ball is just out of frame to the right of the goalkeeper's leg in cell D2.",D2
224.jpg,35,"The ball is likely located in the area where the players' legs and feet are visible, as this is the typical trajectory for a ball that has just been kicked or passed. Given the direction of the players' movements and the positioning of their legs, it appears that the ball is moving towards the goal area.",D6
224.jpg,36,"The ball is likely located in the area where the players' legs and feet are visible, as this is the typical trajectory for a soccer ball after being kicked or passed. Given the positions of the players and the direction of movement, it appears that the ball has just left the goalkeeper's hands and is heading towards the goal. Therefore, the ball is most likely in the area where the goalkeeper's legs are visible, which corresponds to the bottom left corner of the image.",F1
224.jpg,37,"The ball is likely located in the area where the players' legs and feet are closest together, as this is the most probable trajectory for the ball after being kicked or passed. Given the positions of the players and the direction of movement, it appears that the ball is heading towards the goal area.",D6
224.jpg,38,"The ball is likely located in the area where the players' legs and feet are closest together, as this is the most probable trajectory for the ball after being kicked or passed. Given the positions of the players and the direction of movement, it appears that the ball is heading towards the goal area.",D6
224.jpg,39,"The ball is likely located in the area where the players' legs and feet are closest together, as this is the most probable trajectory for the ball after being kicked or passed. Given the positions of the players and the direction of movement, it appears that the ball is heading towards the goal area.",D6
224.jpg,40,"The ball is likely located in the area where the players' legs and feet are closest together, as this is the most probable trajectory for the ball after being kicked or passed. Given the positions of the players and the direction of movement, it appears that the ball is heading towards the goal area.",D6
224.jpg,41,"The ball is likely located in the area where the players' legs and feet are closest together, as this is the most probable trajectory for the ball after being kicked or passed. Given the positions of the players and the direction of movement, it appears that the ball is heading towards the goal area.",D6
224.jpg,42,"The ball is likely located in the area where the players' legs and feet are visible, as this is the typical trajectory for a soccer ball after being kicked or passed. Given the positions of the players and the direction of movement, it appears that the ball is just out of frame to the right of the goalkeeper's leg in cell D2.",D2
224.jpg,43,"The ball is likely located in the area where the players' legs and feet are closest together, as this is the most probable trajectory for the ball after being kicked or passed. Given the positions of the players and the direction of movement, it appears that the ball is heading towards the goal area.",D6
224.jpg,44,"The ball is likely located in the area where the players' legs and feet are closest together, as this is the most probable trajectory for the ball after being kicked or passed. Given the positions of the players and the direction of movement, it appears that the ball is heading towards the goal area.",D6
224.jpg,45,"The ball is likely located in the area where the players' legs and feet are visible, as this is the typical trajectory for a soccer ball after being kicked or passed. Given the positions of the players and the direction of movement, it appears that the ball has just left the goalkeeper's hands and is heading towards the goal. This suggests that the ball is most likely in the lower right part of the image, near the goalpost.",F7
224.jpg,46,"The ball is likely located in the area where the players' legs and feet are visible, as this is the typical trajectory for a ball that has just been kicked or passed. Given the positions of the players and the direction they are facing, it appears that the ball was kicked towards the goal. Therefore, the ball is most likely in the area where the goalkeeper's legs are visible, which is in the lower left part of the image.",D1
224.jpg,47,"The ball is likely located in the area where the players' legs and feet are visible, as this is the typical trajectory for a ball that has just been kicked or passed. Given the direction of the players' movements and the angle of the shot, it appears the ball is moving towards the goal. The ball would be closest to the goalkeeper's feet, which are in the lower left part of the image.",D1
224.jpg,48,"The ball is likely located in the area where the players' legs and feet are visible, as this is the typical trajectory for a soccer ball after being kicked or passed. Given the positions of the players and the direction of movement, it appears that the ball has just left the goalkeeper's hands and is heading towards the goal. Therefore, the ball is most likely in the area where the goalkeeper's legs are visible, which corresponds to the bottom left corner of the image.",F1
224.jpg,49,"The ball is likely located in the area where the players' legs and feet are closest together, as this is the most probable trajectory for the ball after being kicked or passed. Given the positions of the players and the direction of movement, it appears that the ball is heading towards the goal area.",D6
224.jpg,50,"The ball is likely located in the area where the players' legs and feet are closest together, as this is the most probable trajectory for the ball after being kicked or passed. Given the positions of the players and the direction of movement, it appears that the ball is heading towards the goal area.",D6
13.jpg,1,"The ball is likely located near the center of the field, just below the player in the yellow jersey who appears to be in motion. Given the positioning of the players and the direction they are facing, it's reasonable to infer that the ball was recently passed or shot towards the center of the field.",D5
13.jpg,2,"The ball is likely located near the center of the field, just below the player in the yellow jersey who appears to be in motion. Given the positioning of the players and the direction they are facing, it's reasonable to infer that the ball was recently passed or shot towards the center of the field.",D5
13.jpg,3,"The ball is likely located near the center of the field, just below the player in the yellow jersey who appears to be in motion. Given the positioning of the players and the direction they are facing, it's reasonable to infer that the ball was recently passed or shot towards the center of the field.",D5
13.jpg,4,"The ball is likely located near the center of the field, just below the player in the yellow jersey who appears to be in motion. Given the positioning of the players and the direction they are facing, it's reasonable to infer that the ball was recently passed or shot towards the center of the field.",D5
13.jpg,5,"The ball is likely located near the center of the field, just below the player in the yellow jersey who appears to be in motion. Given the positioning of the players and the direction they are facing, it's reasonable to infer that the ball was recently passed or shot towards the center of the field.",D5
13.jpg,6,"The ball is likely located near the center of the field, just below the player in the yellow jersey who appears to be in motion. Given the positioning of the players and the direction they are facing, it's reasonable to infer that the ball was recently passed or shot towards the center of the field.",D5
13.jpg,7,"The ball is likely located near the center of the field, just below the player in the yellow jersey who appears to be in motion. Given the positioning of the players and the direction they are facing, it's reasonable to infer that the ball was recently passed or shot towards the center of the field.",D5
13.jpg,8,"The ball is likely located near the center of the field, just below the player in the yellow jersey who appears to be in motion. Given the positioning of the players and the direction they are facing, it's reasonable to infer that the ball was recently passed or shot towards the center of the field.",D5
13.jpg,9,"The ball is likely located near the center of the field, just below the player in the yellow jersey who appears to be in motion. Given the positioning of the players and the direction they are facing, it's reasonable to infer that the ball was recently passed or shot towards the center of the field.",D5
13.jpg,10,"The ball is likely located near the center of the field, just below the player in the yellow jersey who appears to be in motion. Given the positioning of the players and the direction they are facing, it's reasonable to infer that the ball was recently passed or shot towards the center of the field.",D5
13.jpg,11,"The ball is likely located near the center of the field, just below the player in the yellow jersey who appears to be in motion. Given the positioning of the players and the direction they are facing, it's reasonable to infer that the ball was recently passed or shot towards the center of the field.",D5
13.jpg,12,"The ball is likely located near the center of the field, just below the player in the yellow jersey who appears to be in motion. Given the positioning of the players and the direction they are facing, it's reasonable to infer that the ball was recently passed or shot towards the center of the field.",D5
13.jpg,13,"The ball is likely located near the center of the field, just below the player in the yellow jersey who appears to be in motion. Given the positioning of the players and the direction they are facing, it's reasonable to infer that the ball was recently passed or shot towards the center of the field.",D5
13.jpg,14,"The ball is likely located near the center of the field, just below the player in the yellow jersey who appears to be in motion. Given the positioning of the players and the direction they are facing, it's reasonable to infer that the ball was recently passed or shot towards the center of the field.",D5
13.jpg,15,"The ball is likely located near the center of the field, just below the player in the yellow jersey who appears to be in motion. Given the positioning of the players and the direction they are facing, it's reasonable to infer that the ball was recently passed or shot towards the center of the field.",D5
13.jpg,16,"The ball is likely located near the center of the field, just below the player in the yellow jersey who appears to be in motion. Given the positioning of the players and the direction they are facing, it's reasonable to infer that the ball was recently passed or shot towards the center of the field.",D5
13.jpg,17,"The ball is likely located near the center of the field, just below the player in the yellow jersey who appears to be in motion. Given the positioning of the players and the direction they are facing, it's reasonable to infer that the ball was recently passed or shot towards the center of the field.",D5
13.jpg,18,"The ball is likely located near the center of the field, just below the player in the yellow jersey who appears to be in motion. Given the positioning of the players and the direction they are facing, it's reasonable to infer that the ball was recently passed or shot towards the center of the field.",D5
13.jpg,19,"The ball is likely located near the center of the field, just below the player in the yellow jersey who appears to be in motion. Given the positioning of the players and the direction they are facing, it's reasonable to infer that the ball was recently passed or shot towards the center of the field.",D5
13.jpg,20,"The ball is likely located near the center of the field, just below the player in the yellow jersey who appears to be in motion. Given the positioning of the players and the direction they are facing, it's reasonable to infer that the ball was recently passed or shot towards the center of the field.",D5
13.jpg,21,"The ball is likely located near the center of the field, just below the player in the yellow jersey who appears to be in motion. Given the positioning of the players and the direction they are facing, it's reasonable to infer that the ball was recently passed or shot towards the center of the field.",D5
13.jpg,22,"The ball is likely located near the center of the field, just below the player in the yellow jersey who appears to be in motion. Given the positioning of the players and the direction they are facing, it's reasonable to infer that the ball was recently passed or shot towards the center of the field.",D5
13.jpg,23,"The ball is likely located near the center of the field, just below the player in the yellow jersey who appears to be in motion. Given the positioning of the players and the direction they are facing, it's reasonable to infer that the ball was recently passed or shot towards the center of the field.",D5
13.jpg,24,"The ball is likely located near the center of the field, just below the player in the yellow jersey who appears to be in motion. Given the positioning of the players and the direction they are facing, it's reasonable to infer that the ball was recently passed or shot towards the center of the field.",D5
13.jpg,25,"The ball is likely located near the center of the field, just below the player in the yellow jersey who appears to be in motion. Given the positioning of the players and the direction they are facing, it's reasonable to infer that the ball was recently passed or shot towards the center of the field.",D5
13.jpg,26,"The ball is likely located near the center of the field, just below the player in the yellow jersey who appears to be in motion. Given the positioning of the players and the direction they are facing, it's reasonable to infer that the ball was recently passed or shot towards the center of the field.",D5
13.jpg,27,"The ball is likely located near the center of the field, just below the player in the yellow jersey who appears to be in motion. Given the positioning of the players and the direction they are facing, it's reasonable to infer that the ball was recently passed or shot towards the center of the field.",D5
13.jpg,28,"The ball is likely located near the center of the field, just below the player in the yellow jersey who appears to be in motion. Given the positioning of the players and the direction they are facing, it's reasonable to infer that the ball was recently passed or shot towards the center of the field.",D5
13.jpg,29,"The ball is likely located near the center of the field, just below the player in the yellow jersey who appears to be in motion. Given the positioning of the players and the direction they are facing, it's reasonable to infer that the ball was recently passed or shot towards the center of the field.",D5
13.jpg,30,"The ball is likely located near the center of the field, just below the player in the yellow jersey who appears to be in motion. Given the positioning of the players and the direction they are facing, it's reasonable to infer that the ball was recently passed or shot towards the center of the field.",D5
13.jpg,31,"The ball is likely located near the center of the field, just below the player in the yellow jersey who appears to be in motion. Given the positioning of the players and the direction they are facing, it's reasonable to infer that the ball was recently passed or shot towards the center of the field.",D5
13.jpg,32,"The ball is likely located near the center of the field, just below the player in the yellow jersey who appears to be in motion. Given the positioning of the players and the direction they are facing, it's reasonable to infer that the ball was recently passed or shot towards the center of the field.",D5
13.jpg,33,"The ball is likely located near the center of the field, just below the player in the yellow jersey who appears to be in motion. Given the positioning of the players and the direction they are facing, it's reasonable to infer that the ball was recently passed or shot towards the center of the field.",D5
13.jpg,34,"The ball is likely located near the center of the field, just below the player in the yellow jersey who appears to be in motion. Given the positioning of the players and the direction they are facing, it's reasonable to infer that the ball was recently passed or shot towards the center of the field.",D5
13.jpg,35,"The ball is likely located near the center of the field, just below the player in the yellow jersey who appears to be in motion. Given the positioning of the players and the direction they are facing, it's reasonable to infer that the ball was recently passed or shot towards the center of the field.",D5
13.jpg,36,"The ball is likely located near the center of the field, just below the player in the yellow jersey who appears to be in motion. Given the positioning of the players and the direction they are facing, it's reasonable to infer that the ball was recently passed or shot towards the center of the field.",D5
13.jpg,37,"The ball is likely located near the center of the field, just below the player in the yellow jersey who appears to be in motion. Given the positioning of the players and the direction they are facing, it's reasonable to infer that the ball was recently passed or shot towards the center of the field.",D5
13.jpg,38,"The ball is likely located near the center of the field, just below the player in the yellow jersey who appears to be in motion. Given the positioning of the players and the direction they are facing, it's reasonable to infer that the ball was recently passed or shot towards the center of the field.",D5
13.jpg,39,"The ball is likely located near the center of the field, just below the player in the yellow jersey who appears to be in motion. Given the positioning of the players and the direction they are facing, it's reasonable to infer that the ball was recently passed or shot towards the center of the field.",D5
13.jpg,40,"The ball is likely located near the center of the field, just below the player in the yellow jersey who appears to be in motion. Given the positioning of the players and the direction they are facing, it's reasonable to infer that the ball was recently passed or shot towards the center of the field.",D5
13.jpg,41,"The ball is likely located near the center of the field, just below the player in the yellow jersey who appears to be in motion. Given the positioning of the players and the direction they are facing, it's reasonable to infer that the ball was recently passed or shot towards the center of the field.",D5
13.jpg,42,"The ball is likely located near the center of the field, just below the player in the yellow jersey who appears to be in motion. Given the positioning of the players and the direction they are facing, it's reasonable to infer that the ball was recently passed or shot towards the center of the field.",D5
13.jpg,43,"The ball is likely located near the center of the field, just below the player in the yellow jersey who appears to be in motion. Given the positioning of the players and the direction they are facing, it's reasonable to infer that the ball was recently passed or shot towards the center of the field.",D5
13.jpg,44,"The ball is likely located near the center of the field, just below the player in the yellow jersey who appears to be in motion. Given the positioning of the players and the direction they are facing, it's reasonable to infer that the ball was recently passed or shot towards the center of the field.",D5
13.jpg,45,"The ball is likely located near the center of the field, just below the player in the yellow jersey who appears to be in motion. Given the positioning of the players and the direction they are facing, it's reasonable to infer that the ball was recently passed or shot towards the center of the field.",D5
13.jpg,46,"The ball is likely located near the center of the field, just below the player in the yellow jersey who appears to be in motion. Given the positioning of the players and the direction they are facing, it's reasonable to infer that the ball was recently passed or shot towards the center of the field.",D5
13.jpg,47,"The ball is likely located near the center of the field, just below the player in the yellow jersey who appears to be in motion. Given the positioning of the players and the direction they are facing, it's reasonable to infer that the ball was recently passed or shot towards the center of the field.",D5
13.jpg,48,"The ball is likely located near the center of the field, just below the player in the yellow jersey who appears to be in motion. Given the positioning of the players and the direction they are facing, it's reasonable to infer that the ball was recently passed or shot towards the center of the field.",D5
13.jpg,49,"The ball is likely located near the center of the field, just below the player in the yellow jersey who appears to be in motion. Given the positioning of the players and the direction they are facing, it's reasonable to infer that the ball was recently passed or shot towards the center of the field.",D5
13.jpg,50,"The ball is likely located near the center of the field, just below the player in the yellow jersey who appears to be in motion. Given the positioning of the players and the direction they are facing, it's reasonable to infer that the ball was recently passed or shot towards the center of the field.",D5
78.jpg,1,"The ball is likely located near the goalkeeper, as the goalkeeper appears to be in a position that suggests he might have just kicked or passed the ball. Given the direction of his body and the positioning of the players, it's reasonable to infer that the ball is close to him, possibly in the area where he is standing.",A3
78.jpg,2,"The ball is likely located near the goalkeeper, as the goalkeeper appears to be in a position that suggests he might have just kicked or passed the ball. Given the direction of his body and the positioning of the players, it's reasonable to infer that the ball is close to him, possibly in the area where he is standing.",A3
78.jpg,3,"The ball is likely located near the goalkeeper, as the goalkeeper appears to be in a position that suggests he might have just kicked or passed the ball. Given the direction of his body and the positioning of the players, it's reasonable to infer that the ball is close to him, possibly in the area where he is standing.",A3
78.jpg,4,"The ball is likely located near the goalkeeper, as the goalkeeper appears to be in a position that suggests he might have just kicked or passed the ball. Given the direction of his body and the positioning of the players, it's reasonable to infer that the ball is close to him, possibly in the area where he is standing.",A3
78.jpg,5,"The ball is likely located near the goalkeeper, as the goalkeeper appears to be in a position that suggests he might have just kicked or passed the ball. Given the direction of his body and the positioning of the players, it's reasonable to infer that the ball is close to him, possibly in the area where he is standing.",A3
78.jpg,6,"The ball is likely located near the goalkeeper, as the goalkeeper appears to be in a position that suggests he might have just kicked or passed the ball. Given the direction of his body and the positioning of the players, it's reasonable to infer that the ball is close to him, possibly in the area where he is standing.",A3
78.jpg,7,"The ball is likely located near the goalkeeper, as the goalkeeper appears to be in a position that suggests he might have just kicked or passed the ball. Given the direction of his body and the positioning of the players, it's reasonable to infer that the ball is close to him, possibly in the area where he is standing.",A3
78.jpg,8,"The ball is likely located near the goalkeeper, as the goalkeeper appears to be in a position that suggests he might have just kicked or passed the ball. Given the direction of his body and the positioning of the players, it's reasonable to infer that the ball is close to him, possibly in the area where he is standing.",A3
78.jpg,9,"The ball is likely located near the goalkeeper, as the goalkeeper appears to be in a position that suggests he might have just kicked or passed the ball. Given the direction of his body and the positioning of the players, it's reasonable to infer that the ball is close to him, possibly in the area where he is standing.",A3
78.jpg,10,"The ball is likely located near the goalkeeper, as the goalkeeper appears to be in a position that suggests he might have just kicked or passed the ball. Given the direction of his body and the positioning of the players, it's reasonable to infer that the ball is close to him, possibly in the area where he is standing.",A3
78.jpg,11,"The ball is likely located near the goalkeeper, as the goalkeeper appears to be in a position that suggests he might have just kicked or passed the ball. Given the direction of his body and the positioning of the players, it's reasonable to infer that the ball is close to him, possibly in the area where he is standing.",A3
78.jpg,12,"The ball is likely located near the goalkeeper, as the goalkeeper appears to be in a position that suggests he might have just kicked or passed the ball. Given the direction of his body and the positioning of the players, it's reasonable to infer that the ball is close to him, possibly in the area where he is standing.",A3
78.jpg,13,"The ball is likely located near the goalkeeper, as the goalkeeper appears to be in a position that suggests he might have just kicked or passed the ball. Given the direction of his body and the positioning of the players, it's reasonable to infer that the ball is close to him, possibly in the area where he is standing.",A3
78.jpg,14,"The ball is likely located near the goalkeeper, as the goalkeeper appears to be in a position that suggests he might have just kicked or passed the ball. Given the direction of his body and the positioning of the players, it's reasonable to infer that the ball is close to him, possibly in the area where he is standing.",A3
78.jpg,15,"The ball is likely located near the goalkeeper, as the goalkeeper appears to be in a position that suggests he might have just kicked or passed the ball. Given the direction of his body and the positioning of the players, it's reasonable to infer that the ball is close to him, possibly in the area where he is standing.",A3
78.jpg,16,"The ball is likely located near the goalkeeper, as the goalkeeper appears to be in a position that suggests he might have just kicked or passed the ball. Given the direction of his body and the positioning of the players, it's reasonable to infer that the ball is close to him, possibly in the area where he is standing.",A3
78.jpg,17,"The ball is likely located near the goalkeeper, as the goalkeeper appears to be in a position that suggests he might have just kicked or passed the ball. Given the direction of his body and the positioning of the players, it's reasonable to infer that the ball is close to him, possibly in the area where he is standing.",A3
78.jpg,18,"The ball is likely located near the goalkeeper, as the goalkeeper appears to be in a position that suggests he might have just kicked or passed the ball. Given the direction of his body and the positioning of the players, it's reasonable to infer that the ball is close to him, possibly in the area where he is standing.",A3
78.jpg,19,"The ball is likely located near the goalkeeper, as the goalkeeper appears to be in a position that suggests he might have just kicked or passed the ball. Given the direction of his body and the positioning of the players, it's reasonable to infer that the ball is close to him, possibly in the area where he is standing.",A3
78.jpg,20,"The ball is likely located near the goalkeeper, as the goalkeeper appears to be in a position that suggests he might have just kicked or passed the ball. Given the direction of his body and the positioning of the players, it's reasonable to infer that the ball is close to him, possibly in the area where he is standing.",A3
78.jpg,21,"The ball is likely located near the goalkeeper, as the goalkeeper appears to be in a position that suggests he might have just kicked or passed the ball. Given the direction of his body and the positioning of the players, it's reasonable to infer that the ball is close to him, possibly in the area where he is standing.",A3
78.jpg,22,"The ball is likely located near the goalkeeper, as the goalkeeper appears to be in a position that suggests he might have just kicked or passed the ball. Given the direction of his body and the positioning of the players, it's reasonable to infer that the ball is close to him, possibly in the area where he is standing.",A3
78.jpg,23,"The ball is likely located near the goalkeeper, as the goalkeeper appears to be in a position that suggests he might have just kicked or passed the ball. Given the direction of his body and the positioning of the players, it's reasonable to infer that the ball is close to him, possibly in the area where he is standing.",A3
78.jpg,24,"The ball is likely located near the goalkeeper, as the goalkeeper appears to be in a position that suggests he might have just kicked or passed the ball. Given the direction of his body and the positioning of the players, it's reasonable to infer that the ball is close to him, possibly in the area where he is standing.",A3
78.jpg,25,"The ball is likely located near the goalkeeper, as the goalkeeper appears to be in a position that suggests he might have just kicked or passed the ball. Given the direction of his body and the positioning of the players, it's reasonable to infer that the ball is close to him, possibly in the area where he is standing.",A3
78.jpg,26,"The ball is likely located near the goalkeeper, as the goalkeeper appears to be in a position that suggests he might have just kicked or passed the ball. Given the direction of his body and the positioning of the players, it's reasonable to infer that the ball is close to him, possibly in the area where he is standing.",A3
78.jpg,27,"The ball is likely located near the goalkeeper, as the goalkeeper appears to be in a position that suggests he might have just kicked or passed the ball. Given the direction of his body and the positioning of the players, it's reasonable to infer that the ball is close to him, possibly in the area where he is standing.",A3
78.jpg,28,"The ball is likely located near the goalkeeper, as the goalkeeper appears to be in a position that suggests he might have just kicked or passed the ball. Given the direction of his body and the positioning of the players, it's reasonable to infer that the ball is close to him, possibly in the area where he is standing.",A3
78.jpg,29,"The ball is likely located near the goalkeeper, as the goalkeeper appears to be in a position that suggests he might have just kicked or passed the ball. Given the direction of his body and the positioning of the players, it's reasonable to infer that the ball is close to him, possibly in the area where he is standing.",A3
78.jpg,30,"The ball is likely located near the goalkeeper, as the goalkeeper appears to be in a position that suggests he might have just kicked or passed the ball. Given the direction of his body and the positioning of the players, it's reasonable to infer that the ball is close to him, possibly in the area where he is standing.",A3
78.jpg,31,"The ball is likely located near the goalkeeper, as the goalkeeper appears to be in a position that suggests he might have just kicked or passed the ball. Given the direction of his body and the positioning of the players, it's reasonable to infer that the ball is close to him, possibly in the area where he is standing.",A3
78.jpg,32,"The ball is likely located near the goalkeeper, as the goalkeeper appears to be in a position that suggests he might have just kicked or passed the ball. Given the direction of his body and the positioning of the players, it's reasonable to infer that the ball is close to him, possibly in the area where he is standing.",A3
78.jpg,33,"The ball is likely located near the goalkeeper, as the goalkeeper appears to be in a position that suggests he might have just kicked or passed the ball. Given the direction of his body and the positioning of the players, it's reasonable to infer that the ball is close to him, possibly in the area where he is standing.",A3
78.jpg,34,"The ball is likely located near the goalkeeper, as the goalkeeper appears to be in a position that suggests he might have just kicked or passed the ball. Given the direction of his body and the positioning of the players, it's reasonable to infer that the ball is close to him, possibly in the area where he is standing.",A3
78.jpg,35,"The ball is likely located near the goalkeeper, as the goalkeeper appears to be in a position that suggests he might have just kicked or passed the ball. Given the direction of his body and the positioning of the players, it's reasonable to infer that the ball is close to him, possibly in the area where he is standing.",A3
78.jpg,36,"The ball is likely located near the goalkeeper, as the goalkeeper appears to be in a position that suggests he might have just kicked or passed the ball. Given the direction of his body and the positioning of the players, it's reasonable to infer that the ball is close to him, possibly in the area where he is standing.",A3
78.jpg,37,"The ball is likely located near the goalkeeper, as the goalkeeper appears to be in a position that suggests he might have just kicked or passed the ball. Given the direction of his body and the positioning of the players, it's reasonable to infer that the ball is close to him, possibly in the area where he is standing.",A3
78.jpg,38,"The ball is likely located near the goalkeeper, as the goalkeeper appears to be in a position that suggests he might have just kicked or passed the ball. Given the direction of his body and the positioning of the players, it's reasonable to infer that the ball is close to him, possibly in the area where he is standing.",A3
78.jpg,39,"The ball is likely located near the goalkeeper, as the goalkeeper appears to be in a position that suggests he might have just kicked or passed the ball. Given the direction of his body and the positioning of the players, it's reasonable to infer that the ball is close to him, possibly in the area where he is standing.",A3
78.jpg,40,"The ball is likely located near the goalkeeper, as the goalkeeper appears to be in a position that suggests he might have just kicked or passed the ball. Given the direction of his body and the positioning of the players, it's reasonable to infer that the ball is close to him, possibly in the area where he is standing.",A3
78.jpg,41,"The ball is likely located near the goalkeeper, as the goalkeeper appears to be in a position that suggests he might have just kicked or passed the ball. Given the direction of his body and the positioning of the players, it's reasonable to infer that the ball is close to him, possibly in the area where he is standing.",A3
78.jpg,42,"The ball is likely located near the goalkeeper, as the goalkeeper appears to be in a position that suggests he might have just kicked or passed the ball. Given the direction of his body and the positioning of the players, it's reasonable to infer that the ball is close to him, possibly in the area where he is standing.",A3
78.jpg,43,"The ball is likely located near the goalkeeper, as the goalkeeper appears to be in a position that suggests he might have just kicked or passed the ball. Given the direction of his body and the positioning of the players, it's reasonable to infer that the ball is close to him, possibly in the area where he is standing.",A3
78.jpg,44,"The ball is likely located near the goalkeeper, as the goalkeeper appears to be in a position that suggests he might have just kicked or passed the ball. Given the direction of his body and the positioning of the players, it's reasonable to infer that the ball is close to him, possibly in the area where he is standing.",A3
78.jpg,45,"The ball is likely located near the goalkeeper, as the goalkeeper appears to be in a position that suggests he might have just kicked or passed the ball. Given the direction of his body and the positioning of the players, it's reasonable to infer that the ball is close to him, possibly in the area where he is standing.",A3
78.jpg,46,"The ball is likely located near the goalkeeper, as the goalkeeper appears to be in a position that suggests he might have just kicked or passed the ball. Given the direction of his body and the positioning of the players, it's reasonable to infer that the ball is close to him, possibly in the area where he is standing.",A3
78.jpg,47,"The ball is likely located near the goalkeeper, as the goalkeeper appears to be in a position that suggests he might have just kicked or passed the ball. Given the direction of his body and the positioning of the players, it's reasonable to infer that the ball is close to him, possibly in the area where he is standing.",A3
78.jpg,48,"The ball is likely located near the goalkeeper, as the goalkeeper appears to be in a position that suggests he might have just kicked or passed the ball. Given the direction of his body and the positioning of the players, it's reasonable to infer that the ball is close to him, possibly in the area where he is standing.",A3
78.jpg,49,"The ball is likely located near the goalkeeper, as the goalkeeper appears to be in a position that suggests he might have just kicked or passed the ball. Given the direction of his body and the positioning of the players, it's reasonable to infer that the ball is close to him, possibly in the area where he is standing.",A3
78.jpg,50,"The ball is likely located near the goalkeeper, as the goalkeeper appears to be in a position that suggests he might have just kicked or passed the ball. Given the direction of his body and the positioning of the players, it's reasonable to infer that the ball is close to him, possibly in the area where he is standing.",A3
154.jpg,1,"The ball is likely located near the center of the field, as it was recently kicked by the player in white (cell C5). Given the direction of the kick and the positioning of the players, the ball would have traveled towards the goal area. The ball is not visible in the current frame, but based on the trajectory, it would be most likely found in the cells around the goal area, such as A6 or B6.",A6
154.jpg,2,"The ball is likely located near the center of the field, as it was recently kicked by the player in white (cell C5). Given the direction of the kick and the positioning of the players, the ball would have traveled towards the goal area. The ball is not visible in the current frame, but based on the trajectory, it is most probable that it is in the goal area or very close to it.",A10
154.jpg,3,"The ball is likely located near the center of the field, as it was recently kicked by the player in white (cell C5). Given the direction of the kick and the positioning of the players, the ball would have traveled towards the goal area. The ball is not visible in the current frame, but based on the trajectory, it would be most likely found in the cells around the goal area, such as A6 or B6.",A6
154.jpg,4,"The ball is likely located near the center of the field, as it was recently kicked by the player in white (cell C5). Given the direction of the kick and the positioning of the players, the ball would have traveled towards the goal area. The ball is not visible in the current frame, but based on the trajectory, it would be most likely found in the cells around the goal area, such as A6 or B6.",A6
154.jpg,5,"The ball is likely located near the center of the field, as it was recently kicked by the player in white (cell C5). Given the direction of the kick and the positioning of the players, the ball would have traveled towards the goal area. The ball is not visible in the current frame, but based on the trajectory, it would be most likely found in the cells around the goal area, such as A6 or B6.",A6
154.jpg,6,"The ball is likely located near the center of the field, as it was recently kicked by the player in white (cell C5). Given the direction of the kick and the positioning of the players, the ball would have traveled towards the goal area. The ball is not visible in the current frame, but based on the trajectory, it is most probable that it is in the goal area or very close to it.",A10
154.jpg,7,"The ball is likely located near the center of the field, as it was recently kicked by the player in white (cell C5). Given the direction of the kick and the positioning of the players, the ball would have traveled towards the goal area. The ball is not visible in the current frame, but based on the trajectory and the players' movements, it is most probable that the ball is in the goal area or very close to it.",A10
154.jpg,8,"The ball is likely located near the center of the field, as it was recently kicked by the player in white (cell C5). Given the direction of the kick and the positioning of the players, the ball would have traveled towards the goal area. The ball is not visible in the current frame, but based on the trajectory, it is most probable that it is in the goal area or very close to it.",A10
154.jpg,9,"The ball is likely located near the center of the field, as it was recently kicked by the player in white (cell C5). Given the direction of the kick and the positioning of the players, the ball would have traveled towards the goal area. The ball is not visible in the current frame, but based on the trajectory, it is most probable that it is in the goal area or very close to it.",A10
154.jpg,10,"The ball is likely located near the center of the field, as it was recently kicked by the player in white (cell C5). Given the direction of the kick and the positioning of the players, the ball would have traveled towards the goal area. The ball is not visible in the current frame, but based on the trajectory, it is most probable that it is in the goal area or very close to it.",A10
154.jpg,11,"The ball is likely located near the center of the field, as it was recently kicked by the player in white (cell C5). Given the direction of the kick and the positioning of the players, the ball would have traveled towards the goal area. The ball is not visible in the current frame, but based on the trajectory, it would be most likely found in the cells around the goal area, such as A6 or B6.",A6
154.jpg,12,"The ball is likely located near the center of the field, as it was recently kicked by the player in white (cell C5). Given the direction of the kick and the positioning of the players, the ball would have traveled towards the goal area. The ball is not visible in the current frame, but based on the trajectory, it is most probable that it is in the goal area or very close to it.",A10
154.jpg,13,"The ball is likely located near the center of the field, as it was recently kicked by the player in white (cell C5). Given the direction of the kick and the positioning of the players, the ball would have traveled towards the goal area. The ball is not visible in the current frame, but based on the trajectory and the players' movements, it is most probable that the ball is in the goal area or very close to it.",A10
154.jpg,14,"The ball is likely located near the center of the field, as it was recently kicked by the player in white (cell C5). Given the direction of the kick and the positioning of the players, the ball would have traveled towards the goal area. The ball is not visible in the current frame, but based on the trajectory, it is most probable that it is in the goal area or very close to it.",A10
154.jpg,15,"The ball is likely located near the center of the field, as it was recently kicked by the player in white (cell C5). Given the direction of the kick and the positioning of the players, the ball would have traveled towards the goal area. The ball is not visible in the current frame, but based on the trajectory and the players' movements, it is most probable that the ball is in the goal area or very close to it.",A10
154.jpg,16,"The ball is likely located near the center of the field, as it was recently kicked by the player in white (cell C5). Given the direction of the kick and the positioning of the players, the ball would have traveled towards the goal area. The ball is not visible in the current frame, but based on the trajectory, it would be most likely found in the cells around the goal area, such as A6 or B6.",A6
154.jpg,17,"The ball is likely located near the center of the field, as it was recently kicked by the player in white (cell C5). Given the direction of the kick and the positioning of the players, the ball would have traveled towards the goal area. The ball is not visible in the current frame, but based on the trajectory, it is most probable that it is in the goal area or very close to it.",A10
154.jpg,18,"The ball is likely located near the center of the field, as it was recently kicked by the player in white (cell C5). Given the direction of the kick and the positioning of the players, the ball would have traveled towards the goal area. The ball is not visible in the current frame, but based on the trajectory and the players' movements, it is most probable that the ball is in the goal area or very close to it.",A10
154.jpg,19,"The ball is likely located near the center of the field, as it was recently kicked by the player in white (cell C5). Given the direction of the kick and the positioning of the players, the ball would have traveled towards the goal area. The ball is not visible in the current frame, but based on the trajectory and the players' movements, it is most probable that the ball is in the goal area or very close to it.",A10
154.jpg,20,"The ball is likely located near the center of the field, as it was recently kicked by the player in white (cell C5). Given the direction of the kick and the positioning of the players, the ball would have traveled towards the goal area. The ball is not visible in the current frame, but based on the trajectory, it is most probable that it is in the goal area or very close to it.",A10
154.jpg,21,"The ball is likely located near the center of the field, as it was recently kicked by the player in white (cell C5). Given the direction of the kick and the positioning of the players, the ball would have traveled towards the goal area. The ball is not visible in the current frame, but based on the trajectory, it is most probable that it is in the goal area or very close to it.",A10
154.jpg,22,"The ball is likely located near the center of the field, as it was recently kicked by the player in white (cell C5). Given the direction of the kick and the positioning of the players, the ball would have traveled towards the goal area. The ball is not visible in the current frame, but based on the trajectory, it would be most likely found in the cells around the goal area, such as A6 or B6.",A6
154.jpg,23,"The ball is likely located near the center of the field, as it was recently kicked by the player in white (cell C5). Given the direction of the kick and the positioning of the players, the ball would have traveled towards the goal area. The ball is not visible in the current frame, but based on the trajectory and the players' movements, it is most probable that the ball is in the goal area or very close to it.",A10
154.jpg,24,"The ball is likely located near the center of the field, as it was recently kicked by the player in white (cell C5). Given the direction of the kick and the positioning of the players, the ball would have traveled towards the goal area. The ball is not visible in the current frame, but based on the trajectory, it would be most likely found in the cells around the goal area, such as A6 or B6.",A6
154.jpg,25,"The ball is likely located near the center of the field, as it was recently kicked by the player in white (cell C5). Given the direction of the kick and the positioning of the players, the ball would have traveled towards the goal area. The ball is not visible in the current frame, but based on the trajectory, it would be most likely found in the cells around the goal area, such as A6 or B6.",A6
154.jpg,26,"The ball is likely located near the center of the field, as it was recently kicked by the player in white (cell C5). Given the direction of the kick and the positioning of the players, the ball would have traveled towards the goal area. The ball is not visible in the current frame, but based on the trajectory, it is most probable that it is in the goal area or very close to it.",A10
154.jpg,27,"The ball is likely located near the center of the field, as it was recently kicked by the player in white (cell C5). Given the direction of the kick and the positioning of the players, the ball would have traveled towards the goal area. The ball is not visible in the current frame, but based on the trajectory and the players' movements, it is most probable that the ball is in the goal area or very close to it.",A10
154.jpg,28,"The ball is likely located near the center of the field, as it was recently kicked by the player in white (cell C5). Given the direction of the kick and the positioning of the players, the ball would have traveled towards the goal area. The ball is not visible in the current frame, but based on the trajectory and the players' movements, it is most probable that the ball is in the goal area or very close to it.",A10
154.jpg,29,"The ball is likely located near the center of the field, as it was recently kicked by the player in white (cell C5). Given the direction of the kick and the positioning of the players, the ball would have traveled towards the goal area. The ball is not visible in the current frame, but based on the trajectory and the players' movements, it is most probable that the ball is in the goal area or very close to it.",A10
154.jpg,30,"The ball is likely located near the center of the field, as it was recently kicked by the player in white (cell C5). Given the direction of the kick and the positioning of the players, the ball would have traveled towards the goal area. The ball is not visible in the current frame, but based on the trajectory, it is most probable that it is in the goal area or very close to it.",A10
154.jpg,31,"The ball is likely located near the center of the field, as it was recently kicked by the player in white (cell C5). Given the direction of the kick and the positioning of the players, the ball would have traveled towards the goal area. The ball is not visible in the current frame, but based on the trajectory, it is most probable that it is in the goal area or very close to it.",A10
154.jpg,32,"The ball is likely located near the center of the field, as it was recently kicked by the player in white (cell C5). Given the direction of the kick and the positioning of the players, the ball would have traveled towards the goal area. The ball is not visible in the current frame, but based on the trajectory and the players' movements, it is most probable that the ball is in the goal area or very close to it.",A10
154.jpg,33,"The ball is likely located near the center of the field, as it was recently kicked by the player in white (cell C5). Given the direction of the kick and the positioning of the players, the ball would have traveled towards the goal area. The ball is not visible in the current frame, but based on the trajectory and the players' movements, it is most probable that the ball is in the goal area or very close to it.",A10
154.jpg,34,"The ball is likely located near the center of the field, as it was recently kicked by the player in white (cell C5). Given the direction of the kick and the positioning of the players, the ball would have traveled towards the goal area. The ball is not visible in the current frame, but based on the trajectory and the players' movements, it is most probable that the ball is in the goal area or very close to it.",A10
154.jpg,35,"The ball is likely located near the center of the field, as it was recently kicked by the player in white (cell C5). Given the direction of the kick and the positioning of the players, the ball would have traveled towards the goal area. The ball is not visible in the current frame, but based on the trajectory and the players' movements, it is most probable that the ball is in the goal area or very close to it.",A10
154.jpg,36,"The ball is likely located near the center of the field, as it was recently kicked by the player in white (cell C5). Given the direction of the kick and the positioning of the players, the ball would have traveled towards the goal area. The ball is not visible in the current frame, but based on the trajectory, it would be most likely found in the cells around the goal area, such as A6 or B6.",A6
154.jpg,37,"The ball is likely located near the center of the field, as it was recently kicked by the player in white (cell C5). Given the direction of the kick and the positioning of the players, the ball would have traveled towards the goal area. The ball is not visible in the current frame, but based on the trajectory, it would be most likely found in the cells around the goal area, such as A6 or B6.",A6
154.jpg,38,"The ball is likely located near the center of the field, as it was recently kicked by the player in white (cell C5). Given the direction of the kick and the positioning of the players, the ball would have traveled towards the goal area. The ball is not visible in the current frame, but based on the trajectory, it is most probable that it is in the goal area or very close to it.",A10
154.jpg,39,"The ball is likely located near the center of the field, as it was recently kicked by the player in white (cell C5). Given the direction of the kick and the positioning of the players, the ball would have traveled towards the goal area. The ball is not visible in the current frame, but based on the trajectory and the players' movements, it is most probable that the ball is in the goal area or very close to it.",A10
154.jpg,40,"The ball is likely located near the center of the field, as it was recently kicked by the player in white (cell C5). Given the direction of the kick and the positioning of the players, the ball would have traveled towards the goal area. The ball is not visible in the current frame, but based on the trajectory and the players' movements, it is most probable that the ball is in the goal area or very close to it.",A10
154.jpg,41,"The ball is likely located near the center of the field, as it was recently kicked by the player in white (cell C5). Given the direction of the kick and the positioning of the players, the ball would have traveled towards the goal area. The ball is not visible in the current frame, but based on the trajectory and the players' movements, it is most probable that the ball is in the goal area or very close to it.",A10
154.jpg,42,"The ball is likely located near the center of the field, as it was recently kicked by the player in white (cell C5). Given the direction of the kick and the positioning of the players, the ball would have traveled towards the goal area. The ball is not visible in the current frame, but based on the trajectory and the players' movements, it is most probable that the ball is in the goal area or very close to it.",A10
154.jpg,43,"The ball is likely located near the center of the field, as it was recently kicked by the player in white (cell C5). Given the direction of the kick and the positioning of the players, the ball would have traveled towards the goal area. The ball is not visible in the current frame, but based on the trajectory, it would be most likely found in the cells around the goal area, such as A6 or B6.",A6
154.jpg,44,"The ball is likely located near the center of the field, as it was recently kicked by the player in white (cell C5). Given the direction of the kick and the positioning of the players, the ball would have traveled towards the goal area. The ball is not visible in the current frame, but based on the trajectory, it would be most likely found in the cells around the goal area, such as A6 or B6.",A6
154.jpg,45,"The ball is likely located near the center of the field, as it was recently kicked by the player in white (cell C5). Given the direction of the kick and the positioning of the players, the ball would have traveled towards the goal area. The ball is not visible in the current frame, but based on the trajectory, it is most probable that it is in the goal area or very close to it.",A10
154.jpg,46,"The ball is likely located near the center of the field, as it was recently kicked by the player in white (cell C5). Given the direction of the kick and the positioning of the players, the ball would have traveled towards the goal area. The ball is not visible in the current frame, but based on the trajectory and the players' movements, it is most probable that the ball is in the goal area or very close to it.",A10
154.jpg,47,"The ball is likely located near the center of the field, as it was recently kicked by the player in white (cell C5). Given the direction of the kick and the positioning of the players, the ball would have traveled towards the goal area. The ball is not visible in the current frame, but based on the trajectory and the players' movements, it is most probable that the ball is in the goal area or very close to it.",A10
154.jpg,48,"The ball is likely located near the center of the field, as it was recently kicked by the player in white (cell C5). Given the direction of the kick and the positioning of the players, the ball would have traveled towards the goal area. The ball is not visible in the current frame, but based on the trajectory, it is most probable that it is in the goal area or very close to it.",A10
154.jpg,49,"The ball is likely located near the center of the field, as it was recently kicked by the player in white (cell C5). Given the direction of the kick and the positioning of the players, the ball would have traveled towards the goal area. The ball is not visible in the current frame, but based on the trajectory and the players' movements, it is most probable that the ball is in the goal area or very close to it.",A10
154.jpg,50,"The ball is likely located near the center of the field, as it was recently kicked by the player in white (cell C5). Given the direction of the kick and the positioning of the players, the ball would have traveled towards the goal area. The ball is not visible in the current frame, but based on the trajectory and the players' movements, it is most probable that the ball is in the goal area or very close to it.",A10
347.jpg,1,"The ball is likely located near the player's feet, as the player appears to be in motion and about to kick it. Given the player's position and the direction of their body, the ball is most likely in front of them, close to their right foot.",D6
347.jpg,2,"The ball is likely located near the player's feet, as the player appears to be in motion and about to kick it. Given the player's position and the direction of their body, the ball is most likely in front of them, close to their right foot. This suggests that the ball is in the lower right area of the image.",D6
347.jpg,3,"The ball is likely located near the player's feet, as the player appears to be in motion and about to kick it. Given the player's position and the direction of their body, the ball is most likely in front of them, close to their right foot.",D6
347.jpg,4,"The ball is likely located near the player's feet, as the player appears to be in motion and about to kick it. Given the player's position and the direction of their body, the ball is most likely in front of them, close to their right foot. This suggests that the ball is in the lower right area of the image.",D6
347.jpg,5,"The ball is likely located near the player's feet, as the player appears to be in motion and about to kick it. Given the player's position and the direction of their body, the ball is most likely in front of them, close to their right foot.",D6
347.jpg,6,"The ball is likely located near the player's feet, as the player appears to be in motion and about to kick it. Given the player's position and the direction of their body, the ball is most likely in front of them, close to their right foot.",D6
347.jpg,7,"The ball is likely located near the player's feet, as the player appears to be in motion and about to kick it. Given the player's position and the direction of their body, the ball is most likely in front of them, close to their right foot. This suggests that the ball is in the lower right area of the image.",D6
347.jpg,8,"The ball is likely located near the player's feet, as the player appears to be in motion and about to kick it. Given the player's position and the direction of their body, the ball is most likely in front of them, close to their right foot. This suggests that the ball is in the lower right area of the image.",D6
347.jpg,9,"The ball is likely located near the player's feet, as the player appears to be in motion and about to kick it. Given the player's position and the direction of their body, the ball is most likely in front of them, close to their right foot. This suggests that the ball is in the lower right area of the image.",D6
347.jpg,10,"The ball is likely located near the player's feet, as the player appears to be in motion and about to kick it. Given the player's position and the direction of their body, the ball is most likely in front of them, close to their right foot.",D6
347.jpg,11,"The ball is likely located near the player's feet, as the player appears to be in motion and about to kick it. Given the player's position and the direction of their body, the ball is most likely in front of them, close to their right foot. This suggests that the ball is in the lower right area of the image.",D6
347.jpg,12,"The ball is likely located near the player's feet, as the player appears to be in motion and about to kick it. Given the player's position and the direction of their body, the ball is most likely in front of them, close to their right foot.",D6
347.jpg,13,"The ball is likely located near the player's feet, as the player appears to be in motion and about to kick it. Given the player's position and the direction of their body, the ball is most likely in front of them, close to their right foot.",D6
347.jpg,14,"The ball is likely located near the player's feet, as the player appears to be in motion and about to kick it. Given the player's position and the direction of their body, the ball is most likely in front of them, close to their right foot. This suggests that the ball is in the lower right area of the image.",D6
347.jpg,15,"The ball is likely located near the player's feet, as the player appears to be in motion and about to kick it. Given the player's position and the direction of their body, the ball is most likely in front of them, close to their right foot. This suggests that the ball is in the lower right area of the image.",D6
347.jpg,16,"The ball is likely located near the player's feet, as the player appears to be in motion and about to kick it. Given the player's position and the direction of their body, the ball is most likely in front of them, close to their right foot.",D6
347.jpg,17,"The ball is likely located near the player's feet, as the player appears to be in motion and about to kick it. Given the player's position and the direction of their body, the ball is most likely in front of them, close to their right foot.",D6
347.jpg,18,"The ball is likely located near the player's feet, as the player appears to be in motion and about to kick it. Given the player's position and the direction of their body, the ball is most likely in front of them, close to their right foot. This suggests that the ball is in the lower right area of the image.",D6
347.jpg,19,"The ball is likely located near the player's feet, as the player appears to be in motion and about to kick it. Given the player's position and the direction of their body, the ball is most likely in front of them, close to their right foot. This suggests that the ball is in the lower right area of the image.",D6
347.jpg,20,"The ball is likely located near the player's feet, as the player appears to be in motion and about to kick it. Given the player's position and the direction of their body, the ball is most likely in front of them, close to their right foot.",D6
347.jpg,21,"The ball is likely located near the player's feet, as the player appears to be in motion and about to kick it. Given the player's position and the direction of their body, the ball is most likely in front of them, close to their right foot. This suggests that the ball is in the lower right area of the image.",D6
347.jpg,22,"The ball is likely located near the player's feet, as the player appears to be in motion and about to kick it. Given the player's position and the direction of their body, the ball is most likely in front of them, close to their right foot.",D6
347.jpg,23,"The ball is likely located near the player's feet, as the player appears to be in motion and about to kick it. Given the player's position and the direction of their body, the ball is most likely in front of them, close to their right foot. This suggests that the ball is in the lower right area of the image.",D6
347.jpg,24,"The ball is likely located near the player's feet, as the player appears to be in motion and about to kick it. Given the player's position and the direction of their body, the ball is most likely in front of them, close to their right foot.",D6
347.jpg,25,"The ball is likely located near the player's feet, as the player appears to be in motion and about to kick it. Given the player's position and the direction of their body, the ball is most likely in front of them, close to their right foot.",D6
347.jpg,26,"The ball is likely located near the player's feet, as the player appears to be in motion and about to kick it. Given the player's position and the direction of their body, the ball is most likely in front of them, close to their right foot.",D6
347.jpg,27,"The ball is likely located near the player's feet, as the player appears to be in motion and about to kick it. Given the player's position and the direction of their body, the ball is most likely in front of them, close to their right foot.",D6
347.jpg,28,"The ball is likely located near the player's feet, as the player appears to be in motion and about to kick it. Given the player's position and the direction of their body, the ball is most likely in front of them, close to their right foot.",D6
347.jpg,29,"The ball is likely located near the player's feet, as the player appears to be in motion and about to kick it. Given the player's position and the direction of their body, the ball is most likely in front of them, close to their right foot. This suggests that the ball is in the lower right area of the image.",D6
347.jpg,30,"The ball is likely located near the player's feet, as the player appears to be in motion and about to kick it. Given the player's position and the direction of their body, the ball is most likely in front of them, close to their right foot. This suggests that the ball is in the lower right area of the image.",D6
347.jpg,31,"The ball is likely located near the player's feet, as the player appears to be in motion and about to kick it. Given the player's position and the direction of their body, the ball is most likely in front of them, close to their right foot.",D6
347.jpg,32,"The ball is likely located near the player's feet, as the player appears to be in motion and about to kick it. Given the player's position and the direction of their body, the ball is most likely in front of them, close to their right foot. This suggests that the ball is in the lower right area of the image.",D6
347.jpg,33,"The ball is likely located near the player's feet, as the player appears to be in motion and about to kick it. Given the player's position and the direction of their body, the ball is most likely in front of them, close to their right foot.",D6
347.jpg,34,"The ball is likely located near the player's feet, as the player appears to be in motion and about to kick it. Given the player's position and the direction of their body, the ball is most likely in front of them, close to their right foot. This suggests that the ball is in the lower right area of the image.",D6
347.jpg,35,"The ball is likely located near the player's feet, as the player appears to be in motion and about to kick it. Given the player's position and the direction of their body, the ball is most likely in front of them, close to their right foot.",D6
347.jpg,36,"The ball is likely located near the player's feet, as the player appears to be in motion and about to kick it. Given the player's position and the direction of their body, the ball is most likely in front of them, close to their right foot. This suggests that the ball is in the lower right area of the image.",D6
347.jpg,37,"The ball is likely located near the player's feet, as the player appears to be in motion and about to kick it. Given the player's position and the direction of their body, the ball is most likely in front of them, close to their right foot.",D6
347.jpg,38,"The ball is likely located near the player's feet, as the player appears to be in motion and about to kick it. Given the player's position and the direction of their body, the ball is most likely in front of them, close to their right foot.",D6
347.jpg,39,"The ball is likely located near the player's feet, as the player appears to be in motion and about to kick it. Given the player's position and the direction of their body, the ball is most likely in front of them, close to their right foot.",D6
347.jpg,40,"The ball is likely located near the player's feet, as the player appears to be in motion and about to kick it. Given the player's position and the direction of their body, the ball is most likely in front of them, close to their right foot. This suggests that the ball is in the lower right area of the image.",D6
347.jpg,41,"The ball is likely located near the player's feet, as the player appears to be in motion and about to kick it. Given the player's position and the direction of their body, the ball is most likely in front of them, close to their right foot. This suggests that the ball is in the lower right area of the image.",D6
347.jpg,42,"The ball is likely located near the player's feet, as the player appears to be in motion and about to kick it. Given the player's position and the direction of their body, the ball is most likely in front of them, close to their right foot. This suggests that the ball is in the lower right area of the image.",D6
347.jpg,43,"The ball is likely located near the player's feet, as the player appears to be in motion and about to kick it. Given the player's position and the direction of their body, the ball is most likely in front of them, close to their right foot.",D6
347.jpg,44,"The ball is likely located near the player's feet, as the player appears to be in motion and about to kick it. Given the player's position and the direction of their body, the ball is most likely in front of them, close to their right foot.",D6
347.jpg,45,"The ball is likely located near the player's feet, as the player appears to be in motion and about to kick it. Given the player's position and the direction of their body, the ball is most likely in front of them, close to their right foot.",D6
347.jpg,46,"The ball is likely located near the player's feet, as the player appears to be in motion and about to kick it. Given the player's position and the direction of their body, the ball is most likely in front of them, close to their right foot.",D6
347.jpg,47,"The ball is likely located near the player's feet, as the player appears to be in motion and about to kick it. Given the player's position and the direction of their body, the ball is most likely in front of them, close to their right foot. This suggests that the ball is in the lower right area of the image.",D6
347.jpg,48,"The ball is likely located near the player's feet, as the player appears to be in motion and about to kick it. Given the player's position and the direction of their body, the ball is most likely in front of them, close to their right foot.",D6
347.jpg,49,"The ball is likely located near the player's feet, as the player appears to be in motion and about to kick it. Given the player's position and the direction of their body, the ball is most likely in front of them, close to their right foot.",D6
347.jpg,50,"The ball is likely located near the player's feet, as the player appears to be in motion and about to kick it. Given the player's position and the direction of their body, the ball is most likely in front of them, close to their right foot.",D6
389.jpg,1,"The ball is likely located in the center of the field, as it would be the focal point of the players' movements. Given the positions of the players, it seems that the ball was recently passed or shot towards the center of the field. The players are all moving in that direction, indicating that the ball is not far from them.",C5
389.jpg,2,"The ball is likely located in the center of the field, as it would be the focal point of the players' movements and the goalkeeper's attention. Given the positions of the players, the ball is most likely in the area where the player in white (number 27) is running towards, indicating that he might have just kicked or passed the ball.",D5
389.jpg,3,"The ball is likely located in the center of the field, as it would be the focal point of the players' movements and the goalkeeper's attention. Given the positions of the players, the ball is most likely in the area where the player in white (number 27) is running towards, indicating that he might have just kicked or passed the ball.",D5
389.jpg,4,"The ball is likely located in the center of the field, as it would be the focal point of the players' movements and the goalkeeper's attention. Given the positions of the players, the ball is most likely in the area where the player in white (number 27) is running towards, indicating that he might have just kicked or passed the ball.",C5
389.jpg,5,"The ball is likely located in the center of the field, as it was recently kicked by the player in white (cell D3). Given the direction of the kick and the positioning of the players, the ball would have traveled towards the goal area. Therefore, the ball is most likely in the central cells near the goal, which are cells A5, B5, C5, and D5.",D5
389.jpg,6,"The ball is likely located in the center of the field, as it was recently kicked by the player in white (cell D5). Given the direction of the kick and the positioning of the players, the ball would have traveled towards the goal area, which is in the top left corner of the image (cells A1-A2).",A1
389.jpg,7,"The ball is likely located in the center of the field, as it was recently kicked by the player in white (cell D2). Given the direction of the kick and the movement of the players, the ball would have traveled towards the goal area, which is in the top left corner of the image (cells A1-A3).",A2
389.jpg,8,"The ball is likely located in the center of the field, as it was recently kicked by the player in white (cell D3). Given the direction of the kick and the positioning of the players, the ball would have traveled towards the goal area, which is in the top left corner of the image (cells A1-A2).",A1
389.jpg,9,"The ball is likely located in the center of the field, as it would be the focal point of the players' movements. Given the positions of the players, it appears that the ball was recently passed or shot towards the center of the field. The players are all moving in that direction, indicating the ball's recent trajectory.",C5
389.jpg,10,"The ball is likely located in the center of the field, as it was recently kicked by the player in white (cell D3). Given the direction of the kick and the positioning of the players, the ball would have traveled towards the goal area, which is in the top left corner of the image (cells A1-A2).",A1
389.jpg,11,"The ball is likely located in the center of the field, as it was recently kicked by the player in white (cell D3). Given the direction of the kick and the positioning of the players, the ball would have traveled towards the goal area. Therefore, the ball is most likely in the central cells near the goal, which are cells A5, B5, C5, and D5.",D5
389.jpg,12,"The ball is likely located in the center of the field, as it would be the focal point of the players' movements. Given the positions of the players, it appears that the ball was recently passed or shot towards the center of the field. The players are all moving in that direction, indicating the ball's recent trajectory.",C5
389.jpg,13,"The ball is likely located in the center of the field, as it would be the focal point of the players' movements and the goalkeeper's attention. Given the positions of the players, the ball is most likely in the area where the player in white (number 27) is running towards, indicating that he might have just kicked or passed the ball.",D5
389.jpg,14,"The ball is likely located in the center of the field, as it would be the focal point of the players' movements and the goalkeeper's attention. Given the positions of the players, the ball is most likely in the area where the player in white (number 27) is running towards, indicating that he might have just kicked or passed the ball.",D5
389.jpg,15,"The ball is likely located in the center of the field, as it was recently kicked by the player in white (cell D5). Given the direction of the kick and the positioning of the players, the ball would have traveled towards the goal area, which is in the top left corner of the image (cells A1-A2).",A1
389.jpg,16,"The ball is likely located in the center of the field, as it would be the focal point of the players' movements. Given the positions of the players, it seems that the ball was recently passed or shot towards the center of the field. The players are all moving in that direction, indicating that the ball is not yet in possession of any player but is still in play.",C5
389.jpg,17,"The ball is likely located in the center of the field, as it was recently kicked by the player in white (cell D2). Given the direction of the kick and the movement of the players, the ball would have traveled towards the goal area, which is in the top left corner of the image (cells A1-A3).",A2
389.jpg,18,"The ball is likely located in the center of the field, as it would be the focal point of the players' movements and the goalkeeper's attention. Given the positions of the players, the ball is most likely in the area where the player in white (number 27) is running towards, indicating that he might have just kicked or passed the ball.",D5
389.jpg,19,"The ball is likely located in the center of the field, as it would be the focal point of the players' movements. Given the positions of the players, it seems that the ball was recently passed or shot towards the center of the field. The players are all moving in that direction, indicating that the ball is not far from them.",C5
389.jpg,20,"The ball is likely located in the center of the field, as it was recently kicked by the player in white (cell D3). Given the direction of the kick and the positioning of the players, the ball would have traveled towards the goal area. Therefore, the ball is most likely in the central cells around the goal area.",C5
389.jpg,21,"The ball is likely located in the center of the field, as it was recently kicked by the player in white (cell D5). Given the direction of the kick and the positioning of the players, the ball would have traveled towards the goal area, which is in the top left corner of the image (cells A1-A2).",A1
389.jpg,22,"The ball is likely located in the center of the field, as it would be the focal point of the players' movements. Given the positions of the players, it seems that the ball was recently passed or shot towards the center of the field. The players are all moving in that direction, indicating that the ball is not far from them.",C5
389.jpg,23,"The ball is likely located in the center of the field, as it was recently kicked by the player in white (cell D5). Given the direction of the kick and the positioning of the players, the ball would have traveled towards the goal area, which is in the top left corner of the image (cells A1-A2).",A1
389.jpg,24,"The ball is likely located in the center of the field, as it was recently kicked by the player in white (cell D3). Given the direction of the kick and the positioning of the players, the ball would have traveled towards the goal area, which is in the top left corner of the image (cells A1-A2).",A1
389.jpg,25,"The ball is likely located in the center of the field, as it was recently kicked by the player in white (cell D3). Given the direction of the kick and the positioning of the players, the ball would have traveled towards the goal area, which is in the top left corner of the image (cells A1-A2).",A1
389.jpg,26,"The ball is likely located in the center of the field, as it would be the focal point of the players' movements and the goalkeeper's attention. Given the positions of the players, the ball is most likely in the area where the player in white (number 27) is running towards, indicating that he might have just kicked or passed the ball.",C5
389.jpg,27,"The ball is likely located in the center of the field, as it was recently kicked by the player in white (cell D2). Given the direction of the kick and the movement of the players, the ball would have traveled towards the goal area. Therefore, the ball is most likely in the central cells of the field, such as C5 or D5.",D5
389.jpg,28,"The ball is likely located in the center of the field, as it would be the focal point of the players' movements and the goalkeeper's attention. Given the positions of the players, the ball is most likely in the area where the player in white (number 27) is running towards, indicating that he might have just kicked or passed the ball.",C5
389.jpg,29,"The ball is likely located in the center of the field, as it would be the focal point of the players' movements. Given the positions of the players, it seems that the ball was recently passed or shot towards the center of the field. The players are all moving in that direction, indicating that the ball is not far from them.",C5
389.jpg,30,"The ball is likely located in the center of the field, as it would be the focal point of the players' movements and the goalkeeper's attention. Given the positions of the players, the ball is most likely in the area where the player in white (number 27) is running towards, indicating that he might have just kicked or passed the ball.",D5
389.jpg,31,"The ball is likely located in the center of the field, as it would be the focal point of the players' movements. Given the positions of the players, it seems that the ball was recently passed or shot towards the center of the field. The players are all moving in that direction, indicating that the ball is not far from them.",C5
389.jpg,32,"The ball is likely located in the center of the field, as it was recently kicked by the player in white (cell D2). Given the direction of the kick and the movement of the players, the ball would have traveled towards the goal area. Therefore, the ball is most likely in the central cells of the field, such as C5 or D5.",D5
389.jpg,33,"The ball is likely located in the center of the field, as it was recently kicked by the player in white (cell D5). Given the direction of the kick and the positioning of the players, the ball would have traveled towards the goal area, which is in the top left corner of the image (cells A1-A2).",A1
389.jpg,34,"The ball is likely located in the center of the field, as it was recently kicked by the player in white (cell D5). Given the direction of the kick and the positioning of the players, the ball would have traveled towards the goal area, which is in the top left corner of the image (cells A1-A2).",A1
389.jpg,35,"The ball is likely located in the center of the field, as it would be the focal point of the players' movements. Given the positions of the players, it appears that the ball was recently passed or shot towards the center of the field. The players are all moving in that direction, indicating that the ball is not yet in possession of any player but is still in play.",C5
389.jpg,36,"The ball is likely located in the center of the field, as it would be the focal point of the players' movements and the goalkeeper's attention. Given the positions of the players, the ball is most likely in the area where the player in white (number 27) is running towards, indicating that he might have just kicked or passed the ball.",D5
389.jpg,37,"The ball is likely located in the center of the field, as it was recently kicked by the player in white (cell D5). Given the direction of the kick and the positioning of the players, the ball would have traveled towards the goal area, which is in the top left corner of the image (cells A1-A2).",A1
389.jpg,38,"The ball is likely located in the center of the field, as it would be the focal point of the players' movements and the goalkeeper's attention. Given the positions of the players, the ball is most likely in the area where the player in white (number 27) is running towards, indicating that he might have just kicked or passed the ball.",D5
389.jpg,39,"The ball is likely located in the center of the field, as it would be the focal point of the players' movements. Given the positions of the players, it appears that the ball was recently passed or shot towards the center of the field. The players are all moving in that direction, indicating that the ball is not yet in possession of any player but is still in play.",C5
389.jpg,40,"The ball is likely located in the center of the field, as it would be the focal point of the players' movements. Given the positions of the players, it appears that the ball was recently passed or shot towards the center of the field. The players are all moving in that direction, indicating that the ball is not yet in possession of any player but is still in play.",C5
389.jpg,41,"The ball is likely located in the center of the field, as it was recently kicked by the player in white (cell D3). Given the direction of the kick and the positioning of the players, the ball would have traveled towards the goal area, which is in the top left corner of the image (cells A1-A2).",A1
389.jpg,42,"The ball is likely located in the center of the field, as it was recently kicked by the player in white (cell D3). Given the direction of the kick and the positioning of the players, the ball would have traveled towards the goal area. Therefore, the ball is most likely in the central cells around the goal area.",C5
389.jpg,43,"The ball is likely located in the center of the field, as it was recently kicked by the player in white (cell D2). Given the direction of the kick and the movement of the players, the ball would have traveled towards the goal area, which is in the top left corner of the image (cells A1-A3).",A2
389.jpg,44,"The ball is likely located in the center of the field, as it was recently kicked by the player in white (cell D5). Given the direction of the kick and the positioning of the players, the ball would have traveled towards the goal area, which is in the top left corner of the image (cells A1-A2).",A1
389.jpg,45,"The ball is likely located in the center of the field, as it would be the focal point of the players' movements and the goalkeeper's attention. Given the positions of the players, the ball is most likely in the area where the player in white (number 27) is running towards, indicating that he might have just kicked or passed the ball.",D5
389.jpg,46,"The ball is likely located in the center of the field, as it would be the focal point of the players' movements. Given the positions of the players, it seems that the ball was recently passed or shot towards the center of the field. The players are all moving in that direction, indicating that the ball is not yet in possession of any player but is still in play.",C5
389.jpg,47,"The ball is likely located in the center of the field, as it was recently kicked by the player in white (cell D3). Given the direction of the kick and the positioning of the players, the ball would have traveled towards the goal area. Therefore, the ball is most likely in the central cells near the goal, which are cells B5, C5, or D5.",D5
389.jpg,48,"The ball is likely located in the center of the field, as it would be the focal point of the players' movements and the goalkeeper's attention. Given the positions of the players, the ball is most likely in the area where the player in white (number 27) is running towards, indicating that he might have just kicked or passed the ball.",C5
389.jpg,49,"The ball is likely located in the center of the field, as it would be the focal point of the players' movements. Given the positions of the players, it appears that the ball was recently passed or shot towards the center of the field. The players are all moving in that direction, indicating the ball's recent trajectory.",C5
389.jpg,50,"The ball is likely located in the center of the field, as it was recently kicked by the player in white (cell D2). Given the direction of the kick and the movement of the players, the ball would have traveled towards the goal area, which is in the top left corner of the image (cells A1-A3).",A2
32.jpg,1,"The ball is likely located in the area where the players' legs and feet are closest together, as this is the most common place for a ball to be during a soccer match. Given the positions of the players and the direction of the kick, it appears that the ball was kicked towards the right side of the image. Therefore, the ball is most likely located in the grid cell F6, which is the cell directly below the player's foot.",F6
32.jpg,2,"The ball is likely located in the area where the players' legs and feet are closest together, as this is the most common place for a ball to be during a soccer match. Given the positions of the players and the direction of the kick, it appears that the ball was kicked towards the center-right of the image.",F6
32.jpg,3,"The ball is likely located in the area where the players' legs and feet are closest together, as this is the most common place for a ball to be during a soccer match. Given the positions of the players and the direction of the kick, it appears that the ball was kicked towards the right side of the image. Therefore, the ball is most likely located in the grid cell F6, which is the cell directly below the player's foot.",F6
32.jpg,4,"The ball is likely located in the area where the players' legs and feet are closest together, as this is the most common place for a ball to be during a soccer match. Given the positions of the players and the direction of the kick, it appears that the ball was kicked towards the center-right of the image.",F6
32.jpg,5,"The ball is likely located in the area where the players' legs and feet are closest together, as this is the most common place for a ball to be during a soccer match. Given the positions of the players and the direction of the kick, it appears that the ball was kicked towards the right side of the image. Therefore, the ball is most likely located in the grid cell F6, which is the cell directly below the player's foot.",F6
32.jpg,6,"The ball is likely located in the area where the players' legs and feet are closest together, as this is the most common place for a ball to be during a soccer match. Given the positions of the players and the direction of the kick, it appears that the ball was kicked towards the center-right of the field.",F6
32.jpg,7,"The ball is likely located in the area where the players' legs and feet are closest together, as this is the most common place for a ball to be during a soccer match. Given the positions of the players and the direction of the kick, it appears that the ball was kicked towards the center-right of the image.",F6
32.jpg,8,"The ball is likely located in the area where the players' legs and feet are closest together, as this is the most common place for a ball to be during a soccer match. Given the positions of the players and the direction of the kick, it appears that the ball was kicked towards the center-right of the image.",F6
32.jpg,9,"The ball is likely located in the area where the players' legs and feet are closest together, as this is the most common place for a ball to be during a soccer match. Given the positions of the players and the direction of the kick, it appears that the ball was kicked towards the right side of the image. Therefore, the ball is most likely located in the grid cell F6, which is the cell directly below the player's foot.",F6
32.jpg,10,"The ball is likely located in the area where the players' legs and feet are closest together, as this is the most common place for a ball to be during a soccer match. Given the positions of the players and the direction of the kick, it appears that the ball was kicked towards the center-right of the image.",F6
32.jpg,11,"The ball is likely located in the area where the players' legs and feet are closest together, as this is the most common place for a ball to be during a soccer match. Given the positions of the players and the direction of the kick, it appears that the ball was kicked towards the right side of the image. Therefore, the ball is most likely located in the grid cell F6, which is the cell directly below the player's foot.",F6
32.jpg,12,"The ball is likely located in the area where the players' legs and feet are closest together, as this is the most common place for a ball to be during a soccer match. Given the positions of the players and the direction of the kick, it appears that the ball was kicked towards the center-right of the field.",F6
32.jpg,13,"The ball is likely located in the area where the players' legs and feet are closest together, as this is the most common place for a ball to be during a soccer match. Given the positions of the players and the direction of the kick, it appears that the ball was kicked towards the center-right of the image.",F6
32.jpg,14,"The ball is likely located in the area where the players' legs and feet are closest together, as this is the most common place for a ball to be during a soccer match. Given the positions of the players and the direction of the kick, it appears that the ball was kicked towards the center-right of the image.",F6
32.jpg,15,"The ball is likely located in the area where the players' legs and feet are closest together, as this is the most common place for a ball to be during a soccer match. Given the positions of the players and the direction of the kick, it appears that the ball was kicked towards the center-right of the image.",F6
32.jpg,16,"The ball is likely located in the area where the players' legs and feet are closest together, as this is the most common place for a ball to be during a soccer match. Given the positions of the players and the direction of the kick, it appears that the ball was kicked towards the right side of the image. Therefore, the ball is most likely located in the grid cell F6, which is the cell directly below the player's foot.",F6
32.jpg,17,"The ball is likely located in the area where the players' legs and feet are closest together, as this is the most common place for a ball to be during a soccer match. Given the positions of the players and the direction of the kick, it appears that the ball was kicked towards the right side of the image. Therefore, the ball is most likely located in the grid cell F6, which is the cell directly below the player's foot.",F6
32.jpg,18,"The ball is likely located in the area where the players' legs and feet are closest together, as this is the most common place for a ball to be during a soccer match. Given the positions of the players and the direction of the kick, it appears that the ball was kicked towards the right side of the image. Therefore, the ball is most likely located in the grid cell F6, which is the cell directly below the player's foot.",F6
32.jpg,19,"The ball is likely located in the area where the players' legs and feet are closest together, as this is the most common place for a ball to be during a soccer match. Given the positions of the players and the direction of the kick, it appears that the ball was kicked towards the center-right of the image.",F6
32.jpg,20,"The ball is likely located in the area where the players' legs and feet are closest together, as this is the most common place for a ball to be during a soccer match. Given the positions of the players and the direction of the kick, it appears that the ball was kicked towards the center-right of the image.",F6
32.jpg,21,"The ball is likely located in the area where the players' legs and feet are closest together, as this is the most common place for a ball to be during a soccer match. Given the positions of the players and the direction of the kick, it appears that the ball was kicked towards the center-right of the image.",F6
32.jpg,22,"The ball is likely located in the area where the players' legs and feet are closest together, as this is the most common place for a ball to be during a soccer match. Given the positions of the players and the direction of the kick, it appears that the ball was kicked towards the right side of the image. Therefore, the ball is most likely located in the grid cell F6, which is the cell directly below the player's foot.",F6
32.jpg,23,"The ball is likely located in the area where the players' legs and feet are closest together, as this is the most common place for a ball to be during a soccer match. Given the positions of the players and the direction of the kick, it appears that the ball was kicked towards the center-right of the field.",F6
32.jpg,24,"The ball is likely located in the area where the players' legs and feet are closest together, as this is the most common place for a ball to be during a soccer match. Given the positions of the players and the direction of the kick, it appears that the ball was kicked towards the center-right of the image.",F6
32.jpg,25,"The ball is likely located in the area where the players' legs and feet are closest together, as this is the most common place for a ball to be during a soccer match. Given the positions of the players and the direction of the kick, it appears that the ball was kicked towards the right side of the image. Therefore, the ball is most likely located in the grid cell F6, which is the cell directly below the player's foot.",F6
32.jpg,26,"The ball is likely located in the area where the players' legs and feet are closest together, as this is the most common place for a ball to be during a soccer match. Given the positions of the players and the direction of the kick, it appears that the ball was kicked towards the right side of the image. Therefore, the ball is most likely located in the grid cell F6, which is the cell directly below the player's foot.",F6
32.jpg,27,"The ball is likely located in the area where the players' legs and feet are closest together, as this is the most common place for a ball to be during a soccer match. Given the positions of the players and the direction of the kick, it appears that the ball was kicked towards the right side of the image. Therefore, the ball is most likely located in the grid cell F6, which is the cell directly below the player's foot.",F6
32.jpg,28,"The ball is likely located in the area where the players' legs and feet are closest together, as this is the most common place for a ball to be during a soccer match. Given the positions of the players and the direction of the kick, it appears that the ball was kicked towards the right side of the image. Therefore, the ball is most likely located in the grid cell F6, which is the cell directly below the player's foot.",F6
32.jpg,29,"The ball is likely located in the area where the players' legs and feet are closest together, as this is the most common place for a ball to be during a soccer match. Given the positions of the players and the direction of the kick, it appears that the ball was kicked towards the right side of the image. Therefore, the ball is most likely located in the grid cell F6, which is the cell directly below the player's foot.",F6
32.jpg,30,"The ball is likely located in the area where the players' legs and feet are closest together, as this is the most common place for a ball to be during a soccer match. Given the positions of the players and the direction of the kick, it appears that the ball was kicked towards the center-right of the image.",F6
32.jpg,31,"The ball is likely located in the area where the players' legs and feet are closest together, as this is the most common place for a ball to be during a soccer match. Given the positions of the players and the direction of the kick, it appears that the ball was kicked towards the center-right of the image.",F6
32.jpg,32,"The ball is likely located in the area where the players' legs and feet are closest together, as this is the most common place for a ball to be during a soccer match. Given the positions of the players and the direction of the kick, it appears that the ball was kicked towards the center-right of the field.",F6
32.jpg,33,"The ball is likely located in the area where the players' legs and feet are closest together, as this is the most common place for a ball to be during a soccer match. Given the positions of the players and the direction of the kick, it appears that the ball was kicked towards the center-right of the image.",F6
32.jpg,34,"The ball is likely located in the area where the players' legs and feet are closest together, as this is the most common place for a ball to be during a soccer match. Given the positions of the players and the direction of the kick, it appears that the ball was kicked towards the right side of the image. Therefore, the ball is most likely located in the grid cell F6, which is the cell directly below the player's foot.",F6
32.jpg,35,"The ball is likely located in the area where the players' legs and feet are closest together, as this is the most common place for a ball to be during a soccer match. Given the positions of the players and the direction of the kick, it appears that the ball was kicked towards the right side of the image. Therefore, the ball is most likely located in the grid cell F6, which is the cell directly below the player's foot.",F6
32.jpg,36,"The ball is likely located in the area where the players' legs and feet are closest together, as this is the most common place for a ball to be during a soccer match. Given the positions of the players and the direction of the kick, it appears that the ball was kicked towards the center-right of the field.",F6
32.jpg,37,"The ball is likely located in the area where the players' legs and feet are closest together, as this is the most common place for a ball to be during a soccer match. Given the positions of the players and the direction of the kick, it appears that the ball was kicked towards the right side of the image. Therefore, the ball is most likely located in the grid cell F6, which is the cell directly below the player's foot.",F6
32.jpg,38,"The ball is likely located in the area where the players' legs and feet are closest together, as this is the most common place for a ball to be during a soccer match. Given the positions of the players and the direction of the kick, it appears that the ball was kicked towards the center-right of the field.",F6
32.jpg,39,"The ball is likely located in the area where the players' legs and feet are closest together, as this is the most common place for a ball to be during a soccer match. Given the positions of the players and the direction of the kick, it appears that the ball was kicked towards the right side of the image. Therefore, the ball is most likely located in the grid cell F6, which is the cell directly below the player's foot.",F6
32.jpg,40,"The ball is likely located in the area where the players' legs and feet are closest together, as this is the most common place for a ball to be during a soccer match. Given the positions of the players and the direction of the kick, it appears that the ball was kicked towards the center-right of the image.",F6
32.jpg,41,"The ball is likely located in the area where the players' legs and feet are closest together, as this is the most common place for a ball to be during a soccer match. Given the positions of the players and the direction of the kick, it appears that the ball was kicked towards the right side of the image. Therefore, the ball is most likely located in the grid cell F6, which is the cell directly below the player's foot.",F6
32.jpg,42,"The ball is likely located in the area where the players' legs and feet are closest together, as this is the most common place for a ball to be during a soccer match. Given the positions of the players and the direction of the kick, it appears that the ball was kicked towards the right side of the image. Therefore, the ball is most likely located in the grid cell F6, which is the cell directly below the player's foot.",F6
32.jpg,43,"The ball is likely located in the area where the players' legs and feet are closest together, as this is the most common place for a ball to be during a soccer match. Given the positions of the players and the direction of the kick, it appears that the ball was kicked towards the center-right of the image.",F6
32.jpg,44,"The ball is likely located in the area where the players' legs and feet are closest together, as this is the most common place for a ball to be during a soccer match. Given the positions of the players and the direction of the kick, it appears that the ball was kicked towards the center-right of the image.",F6
32.jpg,45,"The ball is likely located in the area where the players' legs and feet are closest together, as this is the most common place for a ball to be during a soccer match. Given the positions of the players and the direction of the kick, it appears that the ball was kicked towards the center-right of the image.",F6
32.jpg,46,"The ball is likely located in the area where the players' legs and feet are closest together, as this is the most common place for a ball to be during a soccer match. Given the positions of the players and the direction of the kick, it appears that the ball was kicked towards the center-right of the image.",F6
32.jpg,47,"The ball is likely located in the area where the players' legs and feet are closest together, as this is the most common place for a ball to be during a soccer match. Given the positions of the players and the direction of the kick, it appears that the ball was kicked towards the right side of the image. Therefore, the ball is most likely located in the grid cell F6, which is the cell directly below the player's foot.",F6
32.jpg,48,"The ball is likely located in the area where the players' legs and feet are closest together, as this is the most common place for a ball to be during a soccer match. Given the positions of the players and the direction of the kick, it appears that the ball was kicked towards the right side of the image. Therefore, the ball is most likely located in the grid cell F6, which is the cell directly below the player's foot.",F6
32.jpg,49,"The ball is likely located in the area where the players' legs and feet are closest together, as this is the most common place for a ball to be during a soccer match. Given the positions of the players and the direction of the kick, it appears that the ball was kicked towards the right side of the image. Therefore, the ball is most likely located in the grid cell F6, which is the cell directly below the player's foot.",F6
32.jpg,50,"The ball is likely located in the area where the players' legs and feet are closest together, as this is the most common place for a ball to be during a soccer match. Given the positions of the players and the direction of the kick, it appears that the ball was kicked towards the center-right of the image.",F6
36.jpg,1,"The ball is likely located near the center of the field, as it was recently passed or kicked by one of the players. Given the positions of the players, the ball would be closest to the player in the center of the field, which is in the C5 cell.",C5
36.jpg,2,"The ball is likely located near the center of the field, as it was recently passed or kicked by one of the players. Given the positions of the players, the ball would be closest to the player in the center of the field, which is in the C5 cell.",C5
36.jpg,3,"The ball is likely located near the center of the field, as it was recently passed or kicked by one of the players. Given the positions of the players, the ball would be closest to the player in the center of the field, which is in the C5 cell.",C5
36.jpg,4,"The ball is likely located near the center of the field, as it was recently passed or kicked by one of the players. Given the positions of the players, the ball would be closest to the player in the center of the field, which is in the C5 cell.",C5
36.jpg,5,"The ball is likely located near the center of the field, as it would be the focal point of the players' attention. Given the positions of the players, it seems they are all moving towards the center, suggesting that the ball is there. The ball is not visible in any of the cells, but based on the players' movements, it's reasonable to infer that it is in the central area of the field.",D5
36.jpg,6,"The ball is likely located near the center of the field, as it was recently passed or kicked by one of the players. Given the positions of the players, the ball would be closest to the player in the center of the field, which is in the C5 cell.",C5
36.jpg,7,"The ball is likely located near the center of the field, as it would be the focal point of the players' attention. Given the positions of the players, it seems they are all moving towards the center, suggesting that the ball is there. The ball is not visible in any of the cells, but based on the players' movements, it's reasonable to infer that it is in the central area of the field.",D5
36.jpg,8,"The ball is likely located near the center of the field, as it was recently passed or kicked by one of the players. Given the positions of the players, the ball would be closest to the player in the center of the field, which is in the C5 cell.",C5
36.jpg,9,"The ball is likely located near the center of the field, as it was recently passed or kicked by one of the players. Given the positions of the players, the ball would be closest to the player in the center of the field, which is in the C5 cell.",C5
36.jpg,10,"The ball is likely located near the center of the field, as it was recently passed or kicked by one of the players. Given the positions of the players, the ball would be closest to the player in the center of the field, which is in the C5 cell.",C5
36.jpg,11,"The ball is likely located near the center of the field, as it was recently passed or kicked by one of the players. Given the positions of the players, the ball would be closest to the player in the center of the field, which is in the C5 cell.",C5
36.jpg,12,"The ball is likely located near the center of the field, as it was recently passed or kicked by one of the players. Given the positions of the players, the ball would be closest to the player in the center of the field, which is in the C5 cell.",C5
36.jpg,13,"The ball is likely located near the center of the field, as it would be the focal point of the players' attention. Given the positions of the players, it seems they are all moving towards the center, suggesting that the ball is there. The ball is not visible in any of the cells, but based on the players' movements, it's reasonable to infer that it is in the central area of the field.",D5
36.jpg,14,"The ball is likely located near the center of the field, as it would be the focal point of the players' attention. Given the positions of the players, it seems they are all moving towards the center, suggesting that the ball is there. The ball is not visible in any of the cells, but based on the players' movements, it's reasonable to infer that it is in the central area of the field.",D5
36.jpg,15,"The ball is likely located near the center of the field, as it was recently passed or kicked by one of the players. Given the positions of the players, the ball would be closest to the player in the center of the field, which is in the C5 cell.",C5
36.jpg,16,"The ball is likely located near the center of the field, as it would be the focal point of the players' attention. Given the positions of the players, it seems they are all moving towards the center, suggesting that the ball is there. The ball is not visible in any of the cells, but based on the players' movements, it's reasonable to infer that it is in the central area of the field.",D5
36.jpg,17,"The ball is likely located near the center of the field, as it would be the focal point of the players' attention. Given the positions of the players, it seems they are all moving towards the center, suggesting that the ball is there. The ball is not visible in any of the cells, but based on the players' movements, it's reasonable to infer that it is in the central area of the field.",D5
36.jpg,18,"The ball is likely located near the center of the field, as it would be the focal point of the players' attention. Given the positions of the players, it seems they are all moving towards the center, suggesting that the ball is there. The ball is not visible in any of the cells, but based on the players' movements, it's reasonable to infer that it is in the central area of the field.",D5
36.jpg,19,"The ball is likely located near the center of the field, as it was recently passed or kicked by one of the players. Given the positions of the players, the ball would be closest to the player in the center of the field, which is in the C5 cell.",C5
36.jpg,20,"The ball is likely located near the center of the field, as it would be the focal point of the players' attention. Given the positions of the players, it seems they are all moving towards the center, suggesting that the ball is there. The ball is not visible in any of the cells, but based on the players' movements, it's reasonable to infer that it is in the central area of the field.",D5
36.jpg,21,"The ball is likely located near the center of the field, as it would be the focal point of the players' attention. Given the positions of the players, it seems they are all moving towards the center, suggesting that the ball is there. The ball is not visible in any of the cells, but based on the players' movements, it's reasonable to infer that it is in the central area of the field.",D5
36.jpg,22,"The ball is likely located near the center of the field, as it was recently passed or kicked by one of the players. Given the positions of the players, the ball would be closest to the player in the center of the field, which is in the C5 cell.",C5
36.jpg,23,"The ball is likely located near the center of the field, as it was recently passed or kicked by one of the players. Given the positions of the players, the ball would be closest to the player in the center of the field, which is in the C5 cell.",C5
36.jpg,24,"The ball is likely located near the center of the field, as it was recently passed or kicked by one of the players. Given the positions of the players, the ball would be closest to the player in the center of the field, which is in the C5 cell.",C5
36.jpg,25,"The ball is likely located near the center of the field, as it would be the focal point of the players' attention. Given the positions of the players, it seems they are all moving towards the center, suggesting that the ball is there. The ball is not visible in any of the cells, but based on the players' movements, it's reasonable to infer that it is in the central area of the field.",D5
36.jpg,26,"The ball is likely located near the center of the field, as it would be the focal point of the players' attention. Given the positions of the players, it seems they are all moving towards the center, suggesting that the ball is there. The ball is not visible in any of the cells, but based on the players' movements, it's reasonable to infer that it is in the central area of the field.",D5
36.jpg,27,"The ball is likely located near the center of the field, as it was recently passed or kicked by one of the players. Given the positions of the players, the ball would be closest to the player in the center of the field, which is in the C5 cell.",C5
36.jpg,28,"The ball is likely located near the center of the field, as it would be the focal point of the players' attention. Given the positions of the players, it seems they are all moving towards the center, suggesting that the ball is there. The ball is not visible in any of the cells, but based on the players' movements, it's reasonable to infer that it is in the central area of the field.",D5
36.jpg,29,"The ball is likely located near the center of the field, as it would be the focal point of the players' attention. Given the positions of the players, it seems they are all moving towards the center, suggesting that the ball is there. The ball is not visible in any of the cells, but based on the players' movements, it's reasonable to infer that it is in the central area of the field.",D5
36.jpg,30,"The ball is likely located near the center of the field, as it would be the focal point of the players' attention. Given the positions of the players, it seems they are all moving towards the center, suggesting that the ball is there. The ball is not visible in any of the cells, but based on the players' movements, it's reasonable to infer that it is in the central area of the field.",D5
36.jpg,31,"The ball is likely located near the center of the field, as it was recently passed or kicked by one of the players. Given the positions of the players, the ball would be closest to the player in the center of the field, which is in the C5 cell.",C5
36.jpg,32,"The ball is likely located near the center of the field, as it was recently passed or kicked by one of the players. Given the positions of the players, the ball would be closest to the player in the center of the field, which is in the C5 cell.",C5
36.jpg,33,"The ball is likely located near the center of the field, as it would be the focal point of the players' attention. Given the positions of the players, it seems they are all moving towards the center, suggesting that the ball is there. The ball is not visible in any of the cells, but based on the players' movements, it's reasonable to infer that it is in the central area of the field.",D5
36.jpg,34,"The ball is likely located near the center of the field, as it would be the focal point of the players' attention. Given the positions of the players, it seems they are all moving towards the center, suggesting that the ball is there. The ball is not visible in any of the cells, but based on the players' movements, it's reasonable to infer that it is in the central area of the field.",D5
36.jpg,35,"The ball is likely located near the center of the field, as it would be the focal point of the players' attention. Given the positions of the players, it seems they are all moving towards the center, suggesting that the ball is there. The ball is not visible in any of the cells, but based on the players' movements, it's reasonable to infer that it is in the central area of the field.",D5
36.jpg,36,"The ball is likely located near the center of the field, as it would be the focal point of the players' attention. Given the positions of the players, it seems they are all moving towards the center, suggesting that the ball is there. The ball is not visible in any of the cells, but based on the players' movements, it's reasonable to infer that it is in the central area of the field.",D5
36.jpg,37,"The ball is likely located near the center of the field, as it would be the focal point of the players' attention. Given the positions of the players, it seems they are all moving towards the center, suggesting that the ball is there. The ball is not visible in any of the cells, but based on the players' movements, it's reasonable to infer that it is in the central area of the field.",D5
36.jpg,38,"The ball is likely located near the center of the field, as it was recently passed or kicked by one of the players. Given the positions of the players, the ball would be closest to the player in the center of the field, which is in the C5 cell.",C5
36.jpg,39,"The ball is likely located near the center of the field, as it was recently passed or kicked by one of the players. Given the positions of the players, the ball would be closest to the player in the center of the field, which is in the C5 cell.",C5
36.jpg,40,"The ball is likely located near the center of the field, as it would be the focal point of the players' attention. Given the positions of the players, it seems they are all moving towards the center, suggesting that the ball is there. The ball is not visible in any of the cells, but based on the players' movements, it's reasonable to infer that it is in the central area of the field.",D5
36.jpg,41,"The ball is likely located near the center of the field, as it would be the focal point of the players' attention. Given the positions of the players, it seems they are all moving towards the center, suggesting that the ball is there. The ball is not visible in any of the cells, but based on the players' movements, it's reasonable to infer that it is in the central area of the field.",D5
36.jpg,42,"The ball is likely located near the center of the field, as it would be the focal point of the players' attention. Given the positions of the players, it seems they are all moving towards the center, suggesting that the ball is there. The ball is not visible in any of the cells, but based on the players' movements, it's reasonable to infer that it is in the central area of the field.",D5
36.jpg,43,"The ball is likely located near the center of the field, as it would be the focal point of the players' attention. Given the positions of the players, it seems they are all moving towards the center, suggesting that the ball is there. The ball is not visible in any of the cells, but based on the players' movements, it's reasonable to infer that it is in the central area of the field.",D5
36.jpg,44,"The ball is likely located near the center of the field, as it was recently passed or kicked by one of the players. Given the positions of the players, the ball would be closest to the player in the center of the field, which is in the C5 cell.",C5
36.jpg,45,"The ball is likely located near the center of the field, as it would be the focal point of the players' attention. Given the positions of the players, it seems they are all moving towards the center, suggesting that the ball is there. The ball is not visible in any of the cells, but based on the players' movements, it's reasonable to infer that it is in the central area of the field.",D5
36.jpg,46,"The ball is likely located near the center of the field, as it was recently passed or kicked by one of the players. Given the positions of the players, the ball would be closest to the player in the center of the field, which is in the C5 cell.",C5
36.jpg,47,"The ball is likely located near the center of the field, as it was recently passed or kicked by one of the players. Given the positions of the players, the ball would be closest to the player in the center of the field, which is in the C5 cell.",C5
36.jpg,48,"The ball is likely located near the center of the field, as it would be the focal point of the players' attention. Given the positions of the players, it seems they are all moving towards the center, suggesting that the ball is there. The ball is not visible in any of the cells, but based on the players' movements, it's reasonable to infer that it is in the central area of the field.",D5
36.jpg,49,"The ball is likely located near the center of the field, as it would be the focal point of the players' attention. Given the positions of the players, it seems they are all moving towards the center, suggesting that the ball is there. The ball is not visible in any of the cells, but based on the players' movements, it's reasonable to infer that it is in the central area of the field.",D5
36.jpg,50,"The ball is likely located near the center of the field, as it would be the focal point of the players' attention. Given the positions of the players, it seems they are all moving towards the center, suggesting that the ball is there. The ball is not visible in any of the cells, but based on the players' movements, it's reasonable to infer that it is in the central area of the field.",D5
212.jpg,1,"The ball is likely located in the center of the field, as it was recently kicked by the player in white (cell D6). Given the direction of the kick and the positioning of the players, the ball would have traveled towards the goal area, which is in the lower right part of the image. Therefore, the ball is most likely in the cell E7 or F7.",E7
212.jpg,2,"The ball is likely located in the center of the field, just above the halfway line, as it was recently kicked by the player in white (number 27) and is now moving away from him towards the goal area. Given the trajectory and the position of the players, the ball is most likely in the central cells of the grid, specifically around column 5 or 6.",D5
212.jpg,3,"The ball is likely located in the center of the field, as it appears to be in play and the players are positioned around that area. Given the grid layout, the ball is most likely in the central cells (C5, D5, or E5).",D5
212.jpg,4,"The ball is likely located in the center of the field, just above the halfway line, as it was recently kicked by the player in white (number 27). Given the direction of the kick and the positioning of the players, the ball would have traveled towards the goal area on the left side of the image. Therefore, the ball is most likely in the central area of the field, which corresponds to the cells around D5 or E5.",D5
212.jpg,5,"The ball is likely located in the center of the field, as it was recently kicked by the player in white (cell D6). Given the direction of the kick and the positioning of the players, the ball would have traveled towards the goal area, which is in the lower right part of the image. Therefore, the ball is most likely in the cell E7 or F7.",E7
212.jpg,6,"The ball is likely located in the center of the field, as it was recently kicked by the player in white (cell D6). Given the direction of the kick and the positioning of the players, the ball would have traveled towards the goal area, which is in the lower right part of the image. Therefore, the ball is most likely in the cell E7 or F7.",E7
212.jpg,7,"The ball is likely located in the center of the field, as it was recently kicked by the player in white (cell D6). Given the direction of the kick and the positioning of the players, the ball would have traveled towards the goal area. The ball is not visible in the current frame, but its trajectory suggests it is in the central area of the field, possibly near the goal line or just outside the penalty box.",D7
212.jpg,8,"The ball is likely located in the center of the field, as it was recently kicked by the player in white (cell D6). Given the direction of the kick and the positioning of the players, the ball would have traveled towards the goal area, which is in the lower right part of the image. Therefore, the ball is most likely in the cell E7 or E8.",E7
212.jpg,9,"The ball is likely located in the center of the field, just above the halfway line, as it was recently kicked by the player in white (number 27). Given the direction of the kick and the positioning of the players, the ball would have traveled towards the goal area on the left side of the image. Therefore, the ball is most likely in the central area of the field, which corresponds to the cells around D5 or E5.",D5
212.jpg,10,"The ball is likely located in the center of the field, as it appears to be in play and the players are positioned around that area. Given the grid layout, the ball is most likely in the central cells (C5, D5, or E5).",D5
212.jpg,11,"The ball is likely located in the center of the field, just above the halfway line, as it was recently kicked by the player in white (number 27) and is now moving away from him towards the goal area. Given the trajectory and the position of the players, the ball is most likely in the central cells of the grid, specifically around column 5 or 6.",D5
212.jpg,12,"The ball is likely located in the center of the field, just above the halfway line, as it was recently kicked by the player in white (number 27) and is now moving away from him towards the goal area. Given the trajectory and the position of the players, the ball is most likely in the central cells of the grid, specifically around column 5 or 6.",D5
212.jpg,13,"The ball is likely located in the center of the field, just above the halfway line, as it was recently kicked by the player in white (number 27) and is now moving away from him towards the goal area. Given the trajectory and the position of the players, the ball is most likely in the central cells of the grid, specifically around column 5 or 6.",D5
212.jpg,14,"The ball is likely located in the center of the field, just above the halfway line, as it was recently kicked by the player in white (number 27). Given the direction of the kick and the positioning of the players, the ball would have traveled towards the goal area on the left side of the image. Therefore, the ball is most likely in the central area of the field, which corresponds to the cells around D5 or E5.",D5
212.jpg,15,"The ball is likely located in the center of the field, as it appears to be in play and the players are positioned around that area. Given the grid layout, the ball is most likely in the central cells (C5, D5, E5) because these cells are closest to the action where the players are concentrated.",D5
212.jpg,16,"The ball is likely located in the center of the field, just above the halfway line, as it was recently kicked by the player in white (number 27). Given the direction of the kick and the positioning of the players, the ball would have traveled towards the goal area on the left side of the image. Therefore, the ball is most likely in the central area of the field, which corresponds to the cells around D5 or E5.",D5
212.jpg,17,"The ball is likely located in the center of the field, as it appears to be in play and the players are positioned around that area. Given the grid layout, the ball is most likely in the central cells (C5, D5, E5) because these cells are closest to the action where the players are concentrated.",D5
212.jpg,18,"The ball is likely located in the center of the field, just above the halfway line, as it was recently kicked by the player in white (number 27) and is now moving away from him towards the goal area. Given the trajectory and the position of the players, the ball is most likely in the central cells of the grid, specifically around column 5 or 6.",D6
212.jpg,19,"The ball is likely located in the center of the field, just above the halfway line, as it was recently kicked by the player in white (number 27). Given the direction of the kick and the positioning of the players, the ball would have traveled towards the goal area on the left side of the image. Therefore, the ball is most likely in the central area of the field, which corresponds to the cells around D5 or E5.",D5
212.jpg,20,"The ball is likely located in the center of the field, as it appears to be in play and the players are positioned around that area. Given the grid layout, the ball is most likely in the central cells (C5, D5, or E5), which are closest to the action.",D5
212.jpg,21,"The ball is likely located in the center of the field, just above the halfway line, as it was recently kicked by the player in white (number 27). Given the direction of the kick and the positioning of the players, the ball would have traveled towards the goal area on the left side of the image. Therefore, the ball is most likely in the central area of the field, which corresponds to the cells around D5 or E5.",D5
212.jpg,22,"The ball is likely located in the center of the field, just above the halfway line, as it was recently kicked by the player in white (number 27). Given the direction of the kick and the positioning of the players, the ball would have traveled towards the goal area on the left side of the image. Therefore, the ball is most likely in the central area of the field, which corresponds to the cells around D5 or E5.",D5
212.jpg,23,"The ball is likely located in the center of the field, as it was recently kicked by the player in white (cell D6). Given the direction of the kick and the positioning of the players, the ball would have traveled towards the goal area. The ball is not visible in the current frame, but its trajectory suggests it is in the central area of the field, possibly near the goal line or just outside the penalty box.",D7
212.jpg,24,"The ball is likely located in the center of the field, just above the halfway line, as it was recently kicked by the player in white (number 27) and is now moving away from him towards the goal area. Given the trajectory and the position of the players, the ball is most likely in the central cells of the grid, specifically around column 5 or 6.",D5
212.jpg,25,"The ball is likely located in the center of the field, just above the halfway line, as it was recently kicked by the player in white (number 27). Given the direction of the kick and the positioning of the players, the ball would have traveled towards the goal area on the left side of the image. Therefore, the ball is most likely in the central area of the field, which corresponds to the cells around D5 or E5.",D5
212.jpg,26,"The ball is likely located in the center of the field, just above the halfway line, as it was recently kicked by the player in white (number 27) and is now moving away from him towards the goal area. Given the trajectory and the position of the players, the ball is most likely in the central cells of the grid, specifically around column 5 or 6.",D6
212.jpg,27,"The ball is likely located in the center of the field, just above the halfway line, as it was recently kicked by the player in white (number 27). Given the direction of the kick and the positioning of the players, the ball would have traveled towards the goal area on the left side of the image. Therefore, the ball is most likely in the central area of the field, which corresponds to the cells around D5 or E5.",D5
212.jpg,28,"The ball is likely located in the center of the field, just above the halfway line, as it was recently kicked by the player in white (number 27) and is now moving away from him towards the goal area. Given the trajectory and the position of the players, the ball is most likely in the central cells of the grid, specifically around column 5 or 6.",D5
212.jpg,29,"The ball is likely located in the center of the field, as it appears to be in play and the players are positioned around that area. Given the grid layout, the ball is most likely in the central cells (C5, D5, E5) because these cells are closest to the action where the players are concentrated.",D5
212.jpg,30,"The ball is likely located in the center of the field, as it was recently kicked by the player in white (cell D6). Given the direction of the kick and the positioning of the players, the ball would have traveled towards the goal area, which is in the lower right part of the image. Therefore, the ball is most likely in the cell E7 or F7.",E7
212.jpg,31,"The ball is likely located in the center of the field, as it appears to be in play and the players are positioned around that area. Given the grid layout, the ball is most likely in the central cells (C5, D5, E5) because these cells are closest to the action where the players are concentrated.",D5
212.jpg,32,"The ball is likely located in the center of the field, as it was recently kicked by the player in white (cell D6). Given the direction of the kick and the positioning of the players, the ball would have traveled towards the goal area, which is in the lower right part of the image. Therefore, the ball is most likely in the cell E7 or F7.",E7
212.jpg,33,"The ball is likely located in the center of the field, just above the halfway line, as it was recently kicked by the player in white (number 27) and is now moving away from him towards the goal area. Given the trajectory and the position of the players, the ball is most likely in the central cells of the grid, specifically around column 5 or 6.",D5
212.jpg,34,"The ball is likely located in the center of the field, as it appears to be in play and the players are positioned around that area. Given the grid layout, the ball is most likely in the central cells (C5, D5, E5) because these cells are closest to the action where the players are concentrated.",D5
212.jpg,35,"The ball is likely located in the center of the field, just above the halfway line, as it was recently kicked by the player in white (number 27) and is now moving away from him towards the goal area. Given the trajectory and the position of the players, the ball is most likely in the central cells of the grid, specifically around column 5 or 6.",D5
212.jpg,36,"The ball is likely located in the center of the field, just above the halfway line, as it was recently kicked by the player in white (number 27) and is now moving away from him towards the goal area. Given the trajectory and the position of the players, the ball is most likely in the central cells of the grid, specifically around column 5 or 6.",D5
212.jpg,37,"The ball is likely located in the center of the field, just above the halfway line, as it was recently kicked by the player in white (number 27). Given the direction of the kick and the positioning of the players, the ball would have traveled towards the goal area on the left side of the image. Therefore, the ball is most likely in the central area of the field, which corresponds to the cells around D5 or E5.",D5
212.jpg,38,"The ball is likely located in the center of the field, just above the halfway line, as it was recently kicked by the player in white (number 27). Given the direction of the kick and the positioning of the players, the ball would have traveled towards the goal area on the left side of the image. Therefore, the ball is most likely in the central area of the field, which corresponds to the cells around D5 or E5.",D5
212.jpg,39,"The ball is likely located in the center of the field, just above the halfway line, as it was recently kicked by the player in white (number 27) and is now moving away from him towards the goal area. Given the trajectory and the position of the players, the ball is most likely in the central cells of the grid, specifically around column 5 or 6.",D5
212.jpg,40,"The ball is likely located in the center of the field, as it was recently kicked by the player in white (cell D6). Given the direction of the kick and the positioning of the players, the ball would have traveled towards the goal area. The ball is not visible in the current frame, but its trajectory suggests it is in the central area of the field, possibly near the goal line or just outside the penalty box.",D7
212.jpg,41,"The ball is likely located in the center of the field, as it appears to be in play and the players are positioned around that area. Given the grid layout, the ball is most likely in the central cells (C5, D5, or E5), which are closest to the action.",D5
212.jpg,42,"The ball is likely located in the center of the field, just above the halfway line, as it was recently kicked by the player in white (number 27). Given the direction of the kick and the positioning of the players, the ball would have traveled towards the goal area on the left side of the image. Therefore, the ball is most likely in the central area of the field, which corresponds to the cells around D5 or E5.",D5
212.jpg,43,"The ball is likely located in the center of the field, as it was recently kicked by the player in white (cell D6). Given the direction of the kick and the positioning of the players, the ball would have traveled towards the goal area. The ball is not visible in the current frame, but its trajectory suggests it is in the central area of the field, possibly near the goal line or just outside the penalty box.",D7
212.jpg,44,"The ball is likely located in the center of the field, as it was recently kicked by the player in white (cell D6). Given the direction of the kick and the positioning of the players, the ball would have traveled towards the goal area, which is in the lower right part of the image. Therefore, the ball is most likely in the cell E7 or F7.",E7
212.jpg,45,"The ball is likely located in the center of the field, as it was recently kicked by the player in white (cell D6). Given the direction of the kick and the positioning of the players, the ball would have traveled towards the goal area. The ball is not visible in the current frame, but its trajectory suggests it is in the central area of the field, possibly near the goal line or just outside the penalty box.",D7
212.jpg,46,"The ball is likely located in the center of the field, just above the halfway line, as it was recently kicked by the player in white (number 27). Given the direction of the kick and the positioning of the players, the ball would have traveled towards the goal area on the left side of the image. Therefore, the ball is most likely in the central area of the field, which corresponds to the cells around D5 or E5.",D5
212.jpg,47,"The ball is likely located in the center of the field, just above the halfway line, as it was recently kicked by the player in white (number 27). Given the direction of the kick and the positioning of the players, the ball would have traveled towards the goal area on the left side of the image. Therefore, the ball is most likely in the central area of the field, which corresponds to the cells around D5 or E5.",D5
212.jpg,48,"The ball is likely located in the center of the field, just above the halfway line, as it was recently kicked by the player in white (number 27) and is now moving away from him towards the goal area. Given the trajectory and the position of the players, the ball is most likely in the central cells of the grid, specifically around column 5 or 6.",D6
212.jpg,49,"The ball is likely located in the center of the field, just above the halfway line, as it was recently kicked by the player in white (number 27). Given the direction of the kick and the positioning of the players, the ball would have traveled towards the goal area on the left side of the image. Therefore, the ball is most likely in the central area of the field, which corresponds to the cells around D5 or E5.",D5
212.jpg,50,"The ball is likely located in the center of the field, just above the halfway line, as it was recently kicked by the player in white (number 27). Given the direction of the kick and the positioning of the players, the ball would have traveled towards the goal area on the left side of the image. Therefore, the ball is most likely in the central area of the field, which corresponds to the cells around D5 or E5.",D5
30.jpg,1,"The ball is likely located near the center of the field, just outside the penalty area, as it appears that a player in a dark blue uniform (number 5) is about to receive or pass the ball. Given the positioning of the players and the direction of movement, the ball is probably in the vicinity of the center of the field, close to the halfway line but still within the attacking third of the pitch.",D6
30.jpg,2,"The ball is likely located near the center of the field, just outside the penalty area, as it appears that a player in a dark blue uniform (number 5) is about to receive or pass the ball. Given the positioning of the players and the direction of movement, the ball is probably in the vicinity of the center of the field, close to the halfway line but still within the attacking third of the pitch.",D6
30.jpg,3,"The ball is likely located near the center of the field, just outside the penalty area, as it appears that a player in a dark blue uniform (number 5) is about to receive or pass the ball. Given the positioning of the players and the direction of movement, the ball is probably in the central part of the field, closer to the goal line but not yet inside the penalty area.",D6
30.jpg,4,"The ball is likely located near the center of the field, just outside the penalty area, as it appears that a player in a dark blue uniform (number 5) is about to receive or pass the ball. Given the positioning of the players and the direction of movement, the ball is probably in the central part of the field, close to the center line.",C6
30.jpg,5,"The ball is likely located near the center of the field, just outside the penalty area, as it appears that a player in a dark blue uniform (number 5) is about to receive or pass the ball. Given the positioning of the players and the direction of movement, the ball is probably in the vicinity of the center of the field, close to the halfway line but still within the attacking third of the pitch.",C6
30.jpg,6,"The ball is likely located near the center of the field, just outside the penalty area, as it appears that a player in a dark blue uniform (number 5) is about to receive or pass the ball. Given the positioning of the players and the direction of movement, the ball is probably in the vicinity of the center of the field, close to the halfway line but still within the attacking third of the pitch.",D6
30.jpg,7,"The ball is likely located near the center of the field, just outside the penalty area, as it appears that a player in a dark blue uniform (number 5) is about to receive or pass the ball. Given the positioning of the players and the direction of movement, the ball is probably in the vicinity of the center of the field, close to the halfway line but still within the attacking third of the pitch.",C6
30.jpg,8,"The ball is likely located near the center of the field, just outside the penalty area, as it appears that a player in a dark blue uniform (number 5) is about to receive or pass the ball. Given the positioning of the players and the direction of movement, the ball is probably in the central part of the field, closer to the goal line but not yet inside the penalty area.",C6
30.jpg,9,"The ball is likely located near the center of the field, just outside the penalty area, as it appears that a player in a dark blue uniform (number 5) is about to receive or pass the ball. Given the positioning of the players and the direction of movement, the ball is probably in the vicinity of the center of the field, close to the halfway line but still within the attacking third of the pitch.",D6
30.jpg,10,"The ball is likely located near the center of the field, just outside the penalty area, as it appears that a player in a dark blue uniform (number 5) is about to receive or pass the ball. Given the positioning of the players and the direction of movement, the ball is probably in the vicinity of the center of the field, close to the halfway line but still within the attacking third of the pitch.",D6
30.jpg,11,"The ball is likely located near the center of the field, just outside the penalty area, as it appears that a player in a dark blue uniform (number 5) is about to receive or pass the ball. Given the positioning of the players and the direction of movement, the ball is probably in the central part of the field, closer to the goal line but not yet inside the penalty area.",D6
30.jpg,12,"The ball is likely located near the center of the field, just outside the penalty area, as it appears that a player in a dark blue uniform (number 5) is about to receive or pass the ball. Given the positioning of the players and the direction of movement, the ball is probably in the central part of the field, closer to the goal line but not yet inside the penalty area.",C6
30.jpg,13,"The ball is likely located near the center of the field, just outside the penalty area, as it appears that a player in a dark blue uniform (number 5) is about to receive or pass the ball. Given the positioning of the players and the direction of movement, the ball is probably in the vicinity of the center of the field, close to the halfway line but still within the attacking third of the pitch.",D6
30.jpg,14,"The ball is likely located near the center of the field, just outside the penalty area, as it appears that a player in a dark blue uniform (number 5) is about to receive or pass the ball. Given the positioning of the players and the direction of movement, the ball is probably in the central part of the field, close to the center line.",C6
30.jpg,15,"The ball is likely located near the center of the field, just outside the penalty area, as it appears that a player in a dark blue uniform (number 5) is about to receive or pass the ball. Given the positioning of the players and the direction of movement, the ball is probably in the vicinity of the center of the field, close to the halfway line but still within the attacking third of the pitch.",C6
30.jpg,16,"The ball is likely located near the center of the field, just outside the penalty area, as it appears that a player in a dark blue uniform (number 5) is about to receive or pass the ball. Given the positioning of the players and the direction of movement, the ball is probably in the vicinity of the center of the field, close to the halfway line but still within the attacking third of the pitch.",D6
30.jpg,17,"The ball is likely located near the center of the field, just outside the penalty area, as it appears that a player in a dark blue uniform (number 5) is about to receive or pass the ball. Given the positioning of the players and the direction of movement, the ball is probably in the vicinity of the center of the field, close to the halfway line but still within the attacking third of the pitch.",C6
30.jpg,18,"The ball is likely located near the center of the field, just outside the penalty area, as it appears that a player in a dark blue uniform (number 5) is about to receive or pass the ball. Given the positioning of the players and the direction of movement, the ball is probably in the central part of the field, closer to the goal line but not yet inside the penalty area.",C6
30.jpg,19,"The ball is likely located near the center of the field, just outside the penalty area, as it appears that a player in a dark blue uniform (number 5) is about to receive or pass the ball. Given the positioning of the players and the direction of movement, the ball is probably in the central part of the field, close to the center line.",C6
30.jpg,20,"The ball is likely located near the center of the field, just outside the penalty area, as it appears that a player in a dark blue uniform (number 5) is about to receive or pass the ball. Given the positioning of the players and the direction of movement, the ball is probably in the vicinity of the center of the field, close to the halfway line but still within the attacking third of the pitch.",D6
30.jpg,21,"The ball is likely located near the center of the field, just outside the penalty area, as it appears that a player in a dark blue uniform (number 5) is about to receive or pass the ball. Given the positioning of the players and the direction of movement, the ball is probably in the vicinity of the center of the field, close to the halfway line but still within the attacking third of the pitch.",C6
30.jpg,22,"The ball is likely located near the center of the field, just outside the penalty area, as it appears that a player in a dark blue uniform (number 5) is about to receive or pass the ball. Given the positioning of the players and the direction of movement, the ball is probably in the vicinity of the center of the field, close to the halfway line but still within the attacking third of the pitch.",C6
30.jpg,23,"The ball is likely located near the center of the field, just outside the penalty area, as it appears that a player in a dark blue uniform (number 5) is about to receive or pass the ball. Given the positioning of the players and the direction of movement, the ball is probably in the vicinity of the center of the field, close to the halfway line but still within the attacking third of the pitch.",D6
30.jpg,24,"The ball is likely located near the center of the field, just outside the penalty area, as it appears that a player in a dark blue uniform (number 5) is about to receive or pass the ball. Given the positioning of the players and the direction of movement, the ball is probably in the vicinity of the center of the field, close to the halfway line but still within the attacking third of the pitch.",C6
30.jpg,25,"The ball is likely located near the center of the field, just outside the penalty area, as it appears that a player in a dark blue uniform (number 5) is about to receive or pass the ball. Given the positioning of the players and the direction of movement, the ball is probably in the central part of the field, close to the center line.",C6
30.jpg,26,"The ball is likely located near the center of the field, just outside the penalty area, as it appears that a player in a dark blue uniform (number 5) is about to receive or pass the ball. Given the positioning of the players and the direction of movement, the ball is probably in the central part of the field, closer to the goal line but not yet inside the penalty area.",C6
30.jpg,27,"The ball is likely located near the center of the field, just outside the penalty area, as it appears that a player in a dark blue uniform (number 5) is about to receive or pass the ball. Given the positioning of the players and the direction of movement, the ball is probably in the central part of the field, closer to the goal line but not yet inside the penalty area.",C6
30.jpg,28,"The ball is likely located near the center of the field, just outside the penalty area, as it appears that a player in a dark blue uniform (number 5) is about to receive or pass the ball. Given the positioning of the players and the direction of movement, the ball is probably in the central part of the field, close to the center line.",C6
30.jpg,29,"The ball is likely located near the center of the field, just outside the penalty area, as it appears that a player in a dark blue uniform (number 5) is about to receive or pass the ball. Given the positioning of the players and the direction of movement, the ball is probably in the vicinity of the center of the field, close to the halfway line but still within the attacking third of the pitch.",C6
30.jpg,30,"The ball is likely located near the center of the field, just outside the penalty area, as it appears that a player in a dark blue uniform (number 5) is about to receive or pass the ball. Given the positioning of the players and the direction of movement, the ball is probably in the central part of the field, close to the center line.",C6
30.jpg,31,"The ball is likely located near the center of the field, just outside the penalty area, as it appears that a player in a dark blue uniform (number 5) is about to receive or pass the ball. Given the positioning of the players and the direction of movement, the ball is probably in the vicinity of the center of the field, close to the halfway line but still within the attacking third of the pitch.",C6
30.jpg,32,"The ball is likely located near the center of the field, just outside the penalty area, as it appears that a player in a dark blue uniform (number 5) is about to receive or pass the ball. Given the positioning of the players and the direction of movement, the ball is probably in the vicinity of the center of the field, close to the halfway line but still within the attacking third of the pitch.",D6
30.jpg,33,"The ball is likely located near the center of the field, just outside the penalty area, as it appears that a player in a dark blue uniform (number 5) is about to receive or pass the ball. Given the positioning of the players and the direction of movement, the ball is probably in the vicinity of the center of the field, close to the halfway line but still within the attacking third of the pitch.",D6
30.jpg,34,"The ball is likely located near the center of the field, just outside the penalty area, as it appears that a player in a dark blue uniform (number 5) is about to receive or pass the ball. Given the positioning of the players and the direction of movement, the ball is probably in the vicinity of the center of the field, close to the halfway line but still within the attacking third of the pitch.",C6
30.jpg,35,"The ball is likely located near the center of the field, just outside the penalty area, as it appears that a player in a dark blue uniform (number 5) is about to receive or pass the ball. Given the positioning of the players and the direction of movement, the ball is probably in the central part of the field, close to the center line.",C6
30.jpg,36,"The ball is likely located near the center of the field, just outside the penalty area, as it appears that a player in a dark blue uniform (number 5) is about to receive or pass the ball. Given the positioning of the players and the direction of movement, the ball is probably in the central part of the field, closer to the goal line but not yet inside the penalty area.",C6
30.jpg,37,"The ball is likely located near the center of the field, just outside the penalty area, as it appears that a player in a dark blue uniform (number 5) is about to receive or pass the ball. Given the positioning of the players and the direction of movement, the ball is probably in the central part of the field, closer to the goal line but not yet inside the penalty area.",D6
30.jpg,38,"The ball is likely located near the center of the field, just outside the penalty area, as it appears that a player in a dark blue uniform (number 5) is about to receive or pass the ball. Given the positioning of the players and the direction of movement, the ball is probably in the vicinity of the center of the field, close to the halfway line but still within the attacking third of the pitch.",C6
30.jpg,39,"The ball is likely located near the center of the field, just outside the penalty area, as it appears that a player in a dark blue uniform (number 5) is about to receive or pass the ball. Given the positioning of the players and the direction of movement, the ball is probably in the vicinity of the center of the field, close to the halfway line but still within the attacking third of the pitch.",C6
30.jpg,40,"The ball is likely located near the center of the field, just outside the penalty area, as it appears that a player in a dark blue uniform (number 5) is about to receive or pass the ball. Given the positioning of the players and the direction of movement, the ball is probably in the vicinity of the center of the field, close to the halfway line but still within the attacking third of the pitch.",D6
30.jpg,41,"The ball is likely located near the center of the field, just outside the penalty area, as it appears that a player in a dark blue uniform (number 5) is about to receive or pass the ball. Given the positioning of the players and the direction of movement, the ball is probably in the central part of the field, close to the center line.",C6
30.jpg,42,"The ball is likely located near the center of the field, just outside the penalty area, as it appears that a player in a dark blue uniform (number 5) is about to receive or pass the ball. Given the positioning of the players and the direction of movement, the ball is probably in the central part of the field, closer to the goal line but not yet inside the penalty area.",D6
30.jpg,43,"The ball is likely located near the center of the field, just outside the penalty area, as it appears that a player in a dark blue uniform (number 5) is about to receive or pass the ball. Given the positioning of the players and the direction of movement, the ball is probably in the vicinity of the center of the field, close to the halfway line but still within the attacking third of the pitch.",D6
30.jpg,44,"The ball is likely located near the center of the field, just outside the penalty area, as it appears that a player in a dark blue uniform (number 5) is about to receive or pass the ball. Given the positioning of the players and the direction of movement, the ball is probably in the vicinity of the center of the field, close to the halfway line but still within the attacking third of the pitch.",D6
30.jpg,45,"The ball is likely located near the center of the field, just outside the penalty area, as it appears that a player in a dark blue uniform (number 5) is about to receive or pass the ball. Given the positioning of the players and the direction of movement, the ball is probably in the central part of the field, close to the center line.",C6
30.jpg,46,"The ball is likely located near the center of the field, just outside the penalty area, as it appears that a player in a dark blue uniform (number 5) is about to receive or pass the ball. Given the positioning of the players and the direction of movement, the ball is probably in the central part of the field, close to the center line.",C6
30.jpg,47,"The ball is likely located near the center of the field, just outside the penalty area, as it appears that a player in a dark blue uniform (number 5) is about to receive or pass the ball. Given the positioning of the players and the direction of movement, the ball is probably in the central part of the field, closer to the goal line but not yet inside the penalty area.",C6
30.jpg,48,"The ball is likely located near the center of the field, just outside the penalty area, as it appears that a player in a dark blue uniform (number 5) is about to receive or pass the ball. Given the positioning of the players and the direction of movement, the ball is probably in the central part of the field, closer to the goal line but not yet inside the penalty area.",C6
30.jpg,49,"The ball is likely located near the center of the field, just outside the penalty area, as it appears that a player in a dark blue uniform (number 5) is about to receive or pass the ball. Given the positioning of the players and the direction of movement, the ball is probably in the central part of the field, closer to the goal line but not yet inside the penalty area.",C6
30.jpg,50,"The ball is likely located near the center of the field, just outside the penalty area, as it appears that a player in a dark blue uniform (number 5) is about to receive or pass the ball. Given the positioning of the players and the direction of movement, the ball is probably in the vicinity of the center of the field, close to the halfway line but still within the attacking third of the pitch.",C6
2.jpg,1,"The ball is likely located in the center of the field, just below the player in the yellow jersey who appears to be in motion. Given the direction of the player's movement and the positioning of the other players, it is reasonable to infer that the ball was recently passed or kicked towards the center of the field.",E8
2.jpg,2,"The ball is likely located in the center of the field, just below the player in the yellow jersey who appears to be in motion. Given the direction of the player's movement and the positioning of the other players, it is reasonable to infer that the ball was recently passed or kicked towards the center of the field.",D8
2.jpg,3,"The ball is likely located in the center of the field, just below the player in the yellow jersey who appears to be in motion. Given the direction of the player's movement and the positioning of the other players, it is reasonable to infer that the ball was recently passed or kicked towards the center of the field.",D8
2.jpg,4,"The ball is likely located in the center of the field, just below the player in the yellow jersey who appears to be in motion. Given the direction of the player's movement and the positioning of the other players, it is reasonable to infer that the ball was recently passed or kicked towards the center of the field.",D8
2.jpg,5,"The ball is likely located in the center of the field, just below the player in the yellow jersey who appears to be in motion. Given the direction of the player's movement and the positioning of the other players, it is reasonable to infer that the ball was recently passed or kicked towards the center of the field.",D8
2.jpg,6,"The ball is likely located in the center of the field, just below the player in the yellow jersey who appears to be in motion. Given the direction of the player's movement and the positioning of the other players, it is reasonable to infer that the ball was recently passed or kicked towards the center of the field.",E8
2.jpg,7,"The ball is likely located in the center of the field, just below the player in the yellow jersey who appears to be in motion. Given the direction of the player's movement and the positioning of the other players, it is reasonable to infer that the ball was recently passed or kicked towards the center of the field.",D8
2.jpg,8,"The ball is likely located in the center of the field, just below the player in the yellow jersey who appears to be in motion. Given the direction of the player's movement and the positioning of the other players, it is reasonable to infer that the ball was recently passed or kicked towards the center of the field.",D8
2.jpg,9,"The ball is likely located in the center of the field, just below the player in the yellow jersey who appears to be in motion. Given the direction of the player's movement and the positioning of the other players, it is reasonable to infer that the ball was recently passed or kicked towards the center of the field.",E8
2.jpg,10,"The ball is likely located in the center of the field, just below the player in the yellow jersey who appears to be in motion. Given the direction of the player's movement and the positioning of the other players, it is reasonable to infer that the ball was recently passed or kicked towards the center of the field.",E8
2.jpg,11,"The ball is likely located in the center of the field, just below the player in the yellow jersey who appears to be in motion. Given the direction of the player's movement and the positioning of the other players, it is reasonable to infer that the ball was recently passed or kicked towards the center of the field.",E8
2.jpg,12,"The ball is likely located in the center of the field, just below the player in the yellow jersey who appears to be in motion. Given the direction of the player's movement and the positioning of the other players, it is reasonable to infer that the ball was recently passed or kicked towards the center of the field.",D8
2.jpg,13,"The ball is likely located in the center of the field, just below the player in the yellow jersey who appears to be in motion. Given the direction of the player's movement and the positioning of the other players, it is reasonable to infer that the ball was recently passed or kicked towards the center of the field.",E8
2.jpg,14,"The ball is likely located in the center of the field, just below the player in the yellow jersey who appears to be in motion. Given the direction of the player's movement and the positioning of the other players, it is reasonable to infer that the ball was recently passed or kicked towards the center of the field.",E8
2.jpg,15,"The ball is likely located in the center of the field, just below the player in the yellow jersey who appears to be in motion. Given the direction of the player's movement and the positioning of the other players, it is reasonable to infer that the ball was recently passed or kicked towards the center of the field.",D8
2.jpg,16,"The ball is likely located in the center of the field, just below the player in the yellow jersey who appears to be in motion. Given the direction of the player's movement and the positioning of the other players, it is reasonable to infer that the ball was recently passed or kicked towards the center of the field.",E8
2.jpg,17,"The ball is likely located in the center of the field, just below the player in the yellow jersey who appears to be in motion. Given the direction of the player's movement and the positioning of the other players, it is reasonable to infer that the ball was recently passed or kicked towards the center of the field.",D8
2.jpg,18,"The ball is likely located in the center of the field, just below the player in the yellow jersey who appears to be in motion. Given the direction of the player's movement and the positioning of the other players, it is reasonable to infer that the ball was recently passed or kicked towards the center of the field.",D8
2.jpg,19,"The ball is likely located in the center of the field, just below the player in the yellow jersey who appears to be in motion. Given the direction of the player's movement and the positioning of the other players, it is reasonable to infer that the ball was recently passed or kicked towards the center of the field.",D8
2.jpg,20,"The ball is likely located in the center of the field, just below the player in the yellow jersey who appears to be in motion. Given the direction of the player's movement and the positioning of the other players, it is reasonable to infer that the ball was recently passed or kicked towards the center of the field.",D8
2.jpg,21,"The ball is likely located in the center of the field, just below the player in the yellow jersey who appears to be in motion. Given the direction of the player's movement and the positioning of the other players, it is reasonable to infer that the ball was recently passed or kicked towards the center of the field.",E8
2.jpg,22,"The ball is likely located in the center of the field, just below the player in the yellow jersey who appears to be in motion. Given the direction of the player's movement and the positioning of the other players, it is reasonable to infer that the ball was recently passed or kicked towards the center of the field.",E8
2.jpg,23,"The ball is likely located in the center of the field, just below the player in the yellow jersey who appears to be in motion. Given the direction of the player's movement and the positioning of the other players, it is reasonable to infer that the ball was recently passed or kicked towards the center of the field.",D8
2.jpg,24,"The ball is likely located in the center of the field, just below the player in the yellow jersey who appears to be in motion. Given the direction of the player's movement and the positioning of the other players, it is reasonable to infer that the ball was recently passed or kicked towards the center of the field.",E8
2.jpg,25,"The ball is likely located in the center of the field, just below the player in the yellow jersey who appears to be in motion. Given the direction of the player's movement and the positioning of the other players, it is reasonable to infer that the ball was recently passed or kicked towards the center of the field.",E8
2.jpg,26,"The ball is likely located in the center of the field, just below the player in the yellow jersey who appears to be in motion. Given the direction of the player's movement and the positioning of the other players, it is reasonable to infer that the ball was recently passed or kicked towards the center of the field.",D8
2.jpg,27,"The ball is likely located in the center of the field, just below the player in the yellow jersey who appears to be in motion. Given the direction of the player's movement and the positioning of the other players, it is reasonable to infer that the ball was recently passed or kicked towards the center of the field.",E8
2.jpg,28,"The ball is likely located in the center of the field, just below the player in the yellow jersey who appears to be in motion. Given the direction of the player's movement and the positioning of the other players, it is reasonable to infer that the ball was recently passed or kicked towards the center of the field.",D8
2.jpg,29,"The ball is likely located in the center of the field, just below the player in the yellow jersey who appears to be in motion. Given the direction of the player's movement and the positioning of the other players, it is reasonable to infer that the ball was recently passed or kicked towards the center of the field.",D8
2.jpg,30,"The ball is likely located in the center of the field, just below the player in the yellow jersey who appears to be in motion. Given the direction of the player's movement and the positioning of the other players, it is reasonable to infer that the ball was recently passed or kicked towards the center of the field.",D8
2.jpg,31,"The ball is likely located in the center of the field, just below the player in the yellow jersey who appears to be in motion. Given the direction of the player's movement and the positioning of the other players, it is reasonable to infer that the ball was recently passed or kicked towards the center of the field.",E8
2.jpg,32,"The ball is likely located in the center of the field, just below the player in the yellow jersey who appears to be in motion. Given the direction of the player's movement and the positioning of the other players, it is reasonable to infer that the ball was recently passed or kicked towards the center of the field.",E8
2.jpg,33,"The ball is likely located in the center of the field, just below the player in the yellow jersey who appears to be in motion. Given the direction of the player's movement and the positioning of the other players, it is reasonable to infer that the ball was recently passed or kicked towards the center of the field.",E8
2.jpg,34,"The ball is likely located in the center of the field, just below the player in the yellow jersey who appears to be in motion. Given the direction of the player's movement and the positioning of the other players, it is reasonable to infer that the ball was recently passed or kicked towards the center of the field.",D8
2.jpg,35,"The ball is likely located in the center of the field, just below the player in the yellow jersey who appears to be in motion. Given the direction of the player's movement and the positioning of the other players, it is reasonable to infer that the ball was recently passed or kicked towards the center of the field.",D8
2.jpg,36,"The ball is likely located in the center of the field, just below the player in the yellow jersey who appears to be in motion. Given the direction of the player's movement and the positioning of the other players, it is reasonable to infer that the ball was recently passed or kicked towards the center of the field.",E8
2.jpg,37,"The ball is likely located in the center of the field, just below the player in the yellow jersey who appears to be in motion. Given the direction of the player's movement and the positioning of the other players, it is reasonable to infer that the ball was recently passed or kicked towards the center of the field.",E8
2.jpg,38,"The ball is likely located in the center of the field, just below the player in the yellow jersey who appears to be in motion. Given the direction of the player's movement and the positioning of the other players, it is reasonable to infer that the ball was recently passed or kicked towards the center of the field.",E8
2.jpg,39,"The ball is likely located in the center of the field, just below the player in the yellow jersey who appears to be in motion. Given the direction of the player's movement and the positioning of the other players, it is reasonable to infer that the ball was recently passed or kicked towards the center of the field.",E8
2.jpg,40,"The ball is likely located in the center of the field, just below the player in the yellow jersey who appears to be in motion. Given the direction of the player's movement and the positioning of the other players, it is reasonable to infer that the ball was recently passed or kicked towards the center of the field.",E8
2.jpg,41,"The ball is likely located in the center of the field, just below the player in the yellow jersey who appears to be in motion. Given the direction of the player's movement and the positioning of the other players, it is reasonable to infer that the ball was recently passed or kicked towards the center of the field.",D8
2.jpg,42,"The ball is likely located in the center of the field, just below the player in the yellow jersey who appears to be in motion. Given the direction of the player's movement and the positioning of the other players, it is reasonable to infer that the ball was recently passed or kicked towards the center of the field.",D8
2.jpg,43,"The ball is likely located in the center of the field, just below the player in the yellow jersey who appears to be in motion. Given the direction of the player's movement and the positioning of the other players, it is reasonable to infer that the ball was recently passed or kicked towards the center of the field.",E8
2.jpg,44,"The ball is likely located in the center of the field, just below the player in the yellow jersey who appears to be in motion. Given the direction of the player's movement and the positioning of the other players, it is reasonable to infer that the ball was recently passed or kicked towards the center of the field.",D8
2.jpg,45,"The ball is likely located in the center of the field, just below the player in the yellow jersey who appears to be in motion. Given the direction of the player's movement and the positioning of the other players, it is reasonable to infer that the ball was recently passed or kicked towards the center of the field.",D8
2.jpg,46,"The ball is likely located in the center of the field, just below the player in the yellow jersey who appears to be in motion. Given the direction of the player's movement and the positioning of the other players, it is reasonable to infer that the ball was recently passed or kicked towards the center of the field.",E8
2.jpg,47,"The ball is likely located in the center of the field, just below the player in the yellow jersey who appears to be in motion. Given the direction of the player's movement and the positioning of the other players, it is reasonable to infer that the ball was recently passed or kicked towards the center of the field.",D8
2.jpg,48,"The ball is likely located in the center of the field, just below the player in the yellow jersey who appears to be in motion. Given the direction of the player's movement and the positioning of the other players, it is reasonable to infer that the ball was recently passed or kicked towards the center of the field.",E8
2.jpg,49,"The ball is likely located in the center of the field, just below the player in the yellow jersey who appears to be in motion. Given the direction of the player's movement and the positioning of the other players, it is reasonable to infer that the ball was recently passed or kicked towards the center of the field.",D8
2.jpg,50,"The ball is likely located in the center of the field, just below the player in the yellow jersey who appears to be in motion. Given the direction of the player's movement and the positioning of the other players, it is reasonable to infer that the ball was recently passed or kicked towards the center of the field.",E8
250.jpg,1,"The ball is likely located near the center of the field, as it appears that players are actively competing for possession in that area. The players' body language suggests they are trying to gain control of the ball, which is typically done in the middle of the field where the action is most intense.",C6
250.jpg,2,"The ball is likely located near the center of the field, as it appears that players are actively competing for possession in that area. The players' body language suggests they are trying to gain control of the ball, which is typically done in the middle of the field.",C6
250.jpg,3,"The ball is likely located near the center of the field, as it appears that players are actively competing for possession in that area. The players' body language suggests they are trying to gain control of the ball, which is typically done in the middle of the field where the action is most intense.",C6
250.jpg,4,"The ball is likely located near the center of the field, as it appears that players are actively competing for possession in that area. The players' body language suggests they are trying to gain control of the ball, which is typically done in the middle of the field where the action is most intense.",C6
250.jpg,5,"The ball is likely located near the center of the field, as it appears that players are actively competing for possession in that area. The players' body language suggests they are trying to gain control of the ball, which is typically done in the middle of the field where the action is most intense.",C6
250.jpg,6,"The ball is likely located near the center of the field, as it appears that players are actively competing for possession in that area. The players' body language suggests they are trying to gain control of the ball, which is typically done in the middle of the field.",C6
250.jpg,7,"The ball is likely located near the center of the field, as it appears that players are actively competing for possession in that area. The players' body language suggests they are trying to gain control of the ball, which is typically done in the middle of the field.",C6
250.jpg,8,"The ball is likely located near the center of the field, as it appears that players are actively competing for possession in that area. The players' body language suggests they are trying to gain control of the ball, which is typically done in the middle of the field where the action is most intense.",C6
250.jpg,9,"The ball is likely located near the center of the field, as it appears that players are actively competing for possession in that area. The players' body language suggests they are trying to gain control of the ball, which is typically done in the middle of the field where the action is most intense.",C6
250.jpg,10,"The ball is likely located near the center of the field, as it appears that players are actively competing for possession in that area. The players' body language suggests they are trying to gain control of the ball, which is typically done in the middle of the field where the action is most intense.",C6
250.jpg,11,"The ball is likely located near the center of the field, as it appears that players are actively competing for possession in that area. The players' body language suggests they are trying to gain control of the ball, which is typically done in the middle of the field.",C6
250.jpg,12,"The ball is likely located near the center of the field, as it appears that players are actively competing for possession in that area. The players' body language suggests they are trying to gain control of the ball, which is typically done in the middle of the field.",C6
250.jpg,13,"The ball is likely located near the center of the field, as it appears that players are actively competing for possession in that area. The players' body language suggests they are trying to gain control of the ball, which is typically done in the middle of the field where the action is most intense.",C6
250.jpg,14,"The ball is likely located near the center of the field, as it appears that players are actively competing for possession in that area. The players' body language suggests they are trying to gain control of the ball, which is typically done in the middle of the field.",C6
250.jpg,15,"The ball is likely located near the center of the field, as it appears that players are actively competing for possession in that area. The players' body language suggests they are trying to gain control of the ball, which is typically done in the middle of the field where the action is most intense.",C6
250.jpg,16,"The ball is likely located near the center of the field, as it appears that players are actively competing for possession in that area. The players' body language suggests they are trying to gain control of the ball, which is typically done in the middle of the field.",C6
250.jpg,17,"The ball is likely located near the center of the field, as it appears that players are actively competing for possession in that area. The players' body language suggests they are trying to gain control of the ball, which is typically done in the middle of the field where the action is most intense.",C6
250.jpg,18,"The ball is likely located near the center of the field, as it appears that players are actively competing for possession in that area. The players' body language suggests they are trying to gain control of the ball, which is typically done in the middle of the field.",C6
250.jpg,19,"The ball is likely located near the center of the field, as it appears that players are actively competing for possession in that area. The players' body language suggests they are trying to gain control of the ball, which is typically done in the middle of the field.",C6
250.jpg,20,"The ball is likely located near the center of the field, as it appears that players are actively competing for possession in that area. The players' body language suggests they are trying to gain control of the ball, which is typically done in the middle of the field.",C6
250.jpg,21,"The ball is likely located near the center of the field, as it appears that players are actively competing for possession in that area. The players' body language suggests they are trying to gain control of the ball, which is typically done in the middle of the field.",C6
250.jpg,22,"The ball is likely located near the center of the field, as it appears that players are actively competing for possession in that area. The players' body language suggests they are trying to gain control of the ball, which is typically done in the middle of the field.",C6
250.jpg,23,"The ball is likely located near the center of the field, as it appears that players are actively competing for possession in that area. The players' body language suggests they are trying to gain control of the ball, which is typically done in the middle of the field where the action is most intense.",C6
250.jpg,24,"The ball is likely located near the center of the field, as it appears that players are actively competing for possession in that area. The players' body language suggests they are trying to gain control of the ball, which is typically done in the middle of the field where the action is most intense.",C6
250.jpg,25,"The ball is likely located near the center of the field, as it appears that players are actively competing for possession in that area. The players' body language suggests they are trying to gain control of the ball, which is typically done in the middle of the field where the action is most intense.",C6
250.jpg,26,"The ball is likely located near the center of the field, as it appears that players are actively competing for possession in that area. The players' body language suggests they are trying to gain control of the ball, which is typically done in the middle of the field where the action is most intense.",C6
250.jpg,27,"The ball is likely located near the center of the field, as it appears that players are actively competing for possession in that area. The players' body language suggests they are trying to gain control of the ball, which is typically done in the middle of the field.",C6
250.jpg,28,"The ball is likely located near the center of the field, as it appears that players are actively competing for possession in that area. The players' body language suggests they are trying to gain control of the ball, which is typically done in the middle of the field.",C6
250.jpg,29,"The ball is likely located near the center of the field, as it appears that players are actively competing for possession in that area. The players' body language suggests they are trying to gain control of the ball, which is typically done in the middle of the field where the action is most intense.",C6
250.jpg,30,"The ball is likely located near the center of the field, as it appears that players are actively competing for possession in that area. The players' body language suggests they are trying to gain control of the ball, which is typically done in the middle of the field where the action is most intense.",C6
250.jpg,31,"The ball is likely located near the center of the field, as it appears that players are actively competing for possession in that area. The players' body language suggests they are trying to gain control of the ball, which is typically done in the middle of the field.",C6
250.jpg,32,"The ball is likely located near the center of the field, as it appears that players are actively competing for possession in that area. The players' body language suggests they are trying to gain control of the ball, which is typically done in the middle of the field where the action is most intense.",C6
250.jpg,33,"The ball is likely located near the center of the field, as it appears that players are actively competing for possession in that area. The players' body language suggests they are trying to gain control of the ball, which is typically done in the middle of the field where the action is most intense.",C6
250.jpg,34,"The ball is likely located near the center of the field, as it appears that players are actively competing for possession in that area. The players' body language suggests they are trying to gain control of the ball, which is typically done in the middle of the field.",C6
250.jpg,35,"The ball is likely located near the center of the field, as it appears that players are actively competing for possession in that area. The players' body language suggests they are trying to gain control of the ball, which is typically done in the middle of the field where the action is most intense.",C6
250.jpg,36,"The ball is likely located near the center of the field, as it appears that players are actively competing for possession in that area. The players' body language suggests they are trying to gain control of the ball, which is typically done in the middle of the field.",C6
250.jpg,37,"The ball is likely located near the center of the field, as it appears that players are actively competing for possession in that area. The players' body language suggests they are trying to gain control of the ball, which is typically done in the middle of the field.",C6
250.jpg,38,"The ball is likely located near the center of the field, as it appears that players are actively competing for possession in that area. The players' body language suggests they are trying to gain control of the ball, which is typically done in the middle of the field where the action is most intense.",C6
250.jpg,39,"The ball is likely located near the center of the field, as it appears that players are actively competing for possession in that area. The players' body language suggests they are trying to gain control of the ball, which is typically done in the middle of the field where the action is most intense.",C6
250.jpg,40,"The ball is likely located near the center of the field, as it appears that players are actively competing for possession in that area. The players' body language suggests they are trying to gain control of the ball, which is typically done in the middle of the field where the action is most intense.",C6
250.jpg,41,"The ball is likely located near the center of the field, as it appears that players are actively competing for possession in that area. The players' body language suggests they are trying to gain control of the ball, which is typically done in the middle of the field.",C6
250.jpg,42,"The ball is likely located near the center of the field, as it appears that players are actively competing for possession in that area. The players' body language suggests they are trying to gain control of the ball, which is typically done in the middle of the field.",C6
250.jpg,43,"The ball is likely located near the center of the field, as it appears that players are actively competing for possession in that area. The players' body language suggests they are trying to gain control of the ball, which is typically done in the middle of the field.",C6
250.jpg,44,"The ball is likely located near the center of the field, as it appears that players are actively competing for possession in that area. The players' body language suggests they are trying to gain control of the ball, which is typically done in the middle of the field where the action is most intense.",C6
250.jpg,45,"The ball is likely located near the center of the field, as it appears that players are actively competing for possession in that area. The players' body language suggests they are trying to gain control of the ball, which is typically done in the middle of the field.",C6
250.jpg,46,"The ball is likely located near the center of the field, as it appears that players are actively competing for possession in that area. The players' body language suggests they are trying to gain control of the ball, which is typically done in the middle of the field.",C6
250.jpg,47,"The ball is likely located near the center of the field, as it appears that players are actively competing for possession in that area. The players' body language suggests they are trying to gain control of the ball, which is typically done in the middle of the field where the action is most intense.",C6
250.jpg,48,"The ball is likely located near the center of the field, as it appears that players are actively competing for possession in that area. The players' body language suggests they are trying to gain control of the ball, which is typically done in the middle of the field.",C6
250.jpg,49,"The ball is likely located near the center of the field, as it appears that players are actively competing for possession in that area. The players' body language suggests they are trying to gain control of the ball, which is typically done in the middle of the field.",C6
250.jpg,50,"The ball is likely located near the center of the field, as it appears that players are actively competing for possession in that area. The players' body language suggests they are trying to gain control of the ball, which is typically done in the middle of the field.",C6
0.jpg,1,"The player in white appears to be in the process of kicking, which suggests that the ball was recently kicked by them. Given the direction of their body and the position of their leg, it's reasonable to infer that the ball is just out of frame to the left of the player in white. This would place the ball in the area between cells C5 and D5.",C5
0.jpg,2,"The player in white appears to be in the process of kicking, which suggests that the ball was recently kicked by them. Given the direction of their body and the position of their leg, it's reasonable to infer that the ball is just out of frame, likely in the area where the player's foot would have been if they had just completed the kick. This area is generally in front of the player's body and slightly to the side.",D5
0.jpg,3,"The player in white appears to be in the process of kicking, which suggests that the ball was recently kicked by them. Given the direction of their body and the position of their leg, it's reasonable to infer that the ball is just out of frame, likely in the area where the player's foot would have been if they had just completed the kick. This area is generally in front of the player's body and slightly to the side.",D5
0.jpg,4,"The player in white appears to be in the process of kicking, which suggests that the ball was recently kicked by them. Given the direction of their body and the position of their leg, it's reasonable to infer that the ball is just out of frame to the left of the player in white. This would place the ball in the area between cells C5 and D5.",C5
0.jpg,5,"The player in white appears to be in the process of kicking, which suggests that the ball was recently kicked by them. Given the direction of their body and the position of their leg, it's reasonable to infer that the ball is just out of frame, likely in the area where the player's foot would have been if they had just completed the kick. This area is generally in front of the player's body and slightly to the side.",D5
0.jpg,6,"The player in white appears to be in the process of kicking, which suggests that the ball was recently kicked by them. Given the direction of their body and the position of their leg, it's reasonable to infer that the ball is just out of frame, likely in the area where the player's foot would have been if they had just completed the kick. This would place the ball in the cells around the player's current position, specifically in the cells directly below or slightly to the side of the player's feet.",D5
0.jpg,7,"The player in white appears to be in the process of kicking, which suggests that the ball was recently kicked by them. Given the direction of their body and the position of their leg, it's reasonable to infer that the ball is just out of frame to the left of the player in white. This would place the ball in the area between cells C5 and D5.",C5
0.jpg,8,"The player in white appears to be in the process of kicking, which suggests that the ball was recently kicked by them. Given the direction of their body and the position of their leg, it's reasonable to infer that the ball is just out of frame to the left of the player in white. This would place the ball in the area between cells C5 and D5.",C5
0.jpg,9,"The player in white appears to be in the process of kicking, which suggests that the ball was recently kicked by them. Given the direction of their body and the position of their leg, it's reasonable to infer that the ball is just out of frame, likely in the area where the player's foot would have been if they had just completed the kick. This would place the ball in the cells around the player's current position, specifically in the cells directly below or slightly to the side of the player's feet.",D5
0.jpg,10,"The player in white appears to be in the process of kicking, which suggests that the ball was recently kicked by them. Given the direction of their body and the position of their leg, it's reasonable to infer that the ball is just out of frame, likely in the area where the player's foot would have been if they had just completed the kick. This area is typically in front of the kicker and slightly to the side.",D5
0.jpg,11,"The player in white appears to be in the process of kicking, which suggests that the ball was recently kicked by them. Given the direction of their body and the position of their leg, it's reasonable to infer that the ball is just out of frame to the left of the player in white. This would place the ball in the area between cells C5 and D5.",C5
0.jpg,12,"The player in white appears to be in the process of kicking, which suggests that the ball was recently kicked by them. Given the direction of their body and the position of their leg, it's reasonable to infer that the ball is just out of frame, likely in the area where the player's foot would have been if they had just completed the kick. This would place the ball in the cells around the player's current position, specifically in the cells directly below or slightly to the side of the player's feet.",D5
0.jpg,13,"The player in white appears to be in the process of kicking, which suggests that the ball was recently kicked by them. Given the direction of their body and the position of their leg, it's reasonable to infer that the ball is just out of frame to the left of the player in white. This would place the ball in the area between cells C5 and D5.",C5
0.jpg,14,"The player in white appears to be in the process of kicking, which suggests that the ball was recently kicked by them. Given the direction of their body and the position of their leg, it's reasonable to infer that the ball is just out of frame, likely in the area where the player's foot would have been if they had just completed the kick. This area is typically in front of the kicker and slightly to the side.",D5
0.jpg,15,"The player in white appears to be in the process of kicking, which suggests that the ball was recently kicked by them. Given the direction of their body and the position of their leg, it's reasonable to infer that the ball is just out of frame to the left of the player in white. This would place the ball in the area between cells C5 and D5.",C5
0.jpg,16,"The player in white appears to be in the process of kicking, which suggests that the ball was recently kicked by them. Given the direction of their body and the position of their leg, it's reasonable to infer that the ball is just out of frame to the left of the player in white. This would place the ball in the area between cells C5 and D5.",C5
0.jpg,17,"The player in white appears to be in the process of kicking, which suggests that the ball was recently kicked by them. Given the direction of their body and the position of their leg, it's reasonable to infer that the ball is just out of frame to the left of the player in white. This would place the ball in the area between cells C5 and D5.",C5
0.jpg,18,"The player in white appears to be in the process of kicking, which suggests that the ball was recently kicked by them. Given the direction of their body and the position of their leg, it's reasonable to infer that the ball is just out of frame to the left of the player in white. This would place the ball in the area between cells C5 and D5.",C5
0.jpg,19,"The player in white appears to be in the process of kicking, which suggests that the ball was recently kicked by them. Given the direction of their body and the position of their leg, it's reasonable to infer that the ball is just out of frame, likely in the area where the player's foot would have been if they had just completed the kick. This would place the ball in the cells around the player's current position, specifically in the cells directly below or slightly to the side of the player's feet.",D5
0.jpg,20,"The player in white appears to be in the process of kicking, which suggests that the ball was recently kicked by them. Given the direction of their body and the position of their leg, it's reasonable to infer that the ball is just out of frame to the left of the player in white. This would place the ball in the area between cells C5 and D5.",C5
0.jpg,21,"The player in white appears to be in the process of kicking, which suggests that the ball was recently kicked by them. Given the direction of their body and the position of their leg, it's reasonable to infer that the ball is just out of frame, likely in the area where the player's foot would have been if they had just completed the kick. This would place the ball in the cells around the player's current position, specifically in the cells directly below or slightly to the side of the player's feet.",D5
0.jpg,22,"The player in white appears to be in the process of kicking, which suggests that the ball was recently kicked by them. Given the direction of their body and the position of their leg, it's reasonable to infer that the ball is just out of frame to the left of the player in white. This would place the ball in the area between cells C5 and D5.",C5
0.jpg,23,"The player in white appears to be in the process of kicking, which suggests that the ball was recently kicked by them. Given the direction of their body and the position of their leg, it's reasonable to infer that the ball is just out of frame to the left of the player in white. This would place the ball in the area between cells C5 and D5.",C5
0.jpg,24,"The player in white appears to be in the process of kicking, which suggests that the ball was recently kicked by them. Given the direction of their body and the position of their leg, it's reasonable to infer that the ball is just out of frame to the left of the player in white. This would place the ball in the area between cells C5 and D5.",C5
0.jpg,25,"The player in white appears to be in the process of kicking, which suggests that the ball was recently kicked by them. Given the direction of their body and the position of their leg, it's reasonable to infer that the ball is just out of frame to the left of the player in white. This would place the ball in the area between cells C5 and D5.",C5
0.jpg,26,"The player in white appears to be in the process of kicking, which suggests that the ball was recently kicked by them. Given the direction of their body and the position of their leg, it's reasonable to infer that the ball is just out of frame, likely in the area where the player's foot would have been if they had just completed the kick. This area is typically in front of the kicker and slightly to the side.",D5
0.jpg,27,"The player in white appears to be in the process of kicking, which suggests that the ball was recently kicked by them. Given the direction of their body and the position of their leg, it's reasonable to infer that the ball is just out of frame, likely in the area where the player's foot would have been if they had just completed the kick. This area is typically in front of the kicker and slightly to the side.",D5
0.jpg,28,"The player in white appears to be in the process of kicking, which suggests that the ball was recently kicked by them. Given the direction of their body and the position of their leg, it's reasonable to infer that the ball is just out of frame, likely in the area where the player's foot would have been if they had just completed the kick. This would place the ball in the cells around the player's current position, specifically in the cells directly below or slightly to the side of the player's feet.",D5
0.jpg,29,"The player in white appears to be in the process of kicking, which suggests that the ball was recently kicked by them. Given the direction of their body and the position of their leg, it's reasonable to infer that the ball is just out of frame to the left of the player in white. This would place the ball in the area between cells C5 and D5.",C5
0.jpg,30,"The player in white appears to be in the process of kicking, which suggests that the ball was recently kicked by them. Given the direction of their body and the position of their leg, it's reasonable to infer that the ball is just out of frame to the left of the player in white. This would place the ball in the area between cells C5 and D5.",C5
0.jpg,31,"The player in white appears to be in the process of kicking, which suggests that the ball was recently kicked by them. Given the direction of their body and the position of their leg, it's reasonable to infer that the ball is just out of frame to the left of the player in white. This would place the ball in the area between cells C5 and D5.",C5
0.jpg,32,"The player in white appears to be in the process of kicking, which suggests that the ball was recently kicked by them. Given the direction of their body and the position of their leg, it's reasonable to infer that the ball is just out of frame to the left of the player in white. This would place the ball in the area between cells C5 and D5.",C5
0.jpg,33,"The player in white appears to be in the process of kicking, which suggests that the ball was recently kicked by them. Given the direction of their body and the position of their leg, it's reasonable to infer that the ball is just out of frame to the left of the player in white. This would place the ball in the area between cells C5 and D5.",C5
0.jpg,34,"The player in white appears to be in the process of kicking, which suggests that the ball was recently kicked by them. Given the direction of their body and the position of their leg, it's reasonable to infer that the ball is just out of frame to the left of the player in white. This would place the ball in the area between cells C5 and D5.",C5
0.jpg,35,"The player in white appears to be in the process of kicking, which suggests that the ball was recently kicked by them. Given the direction of their body and the position of their leg, it's reasonable to infer that the ball is just out of frame to the left of the player in white. This would place the ball in the area between cells C5 and D5.",C5
0.jpg,36,"The player in white appears to be in the process of kicking, which suggests that the ball was recently kicked by them. Given the direction of their body and the position of their leg, it's reasonable to infer that the ball is just out of frame to the left of the player in white. This would place the ball in the area between cells C5 and D5.",C5
0.jpg,37,"The player in white appears to be in the process of kicking, which suggests that the ball was recently kicked by them. Given the direction of their body and the position of their leg, it's reasonable to infer that the ball is just out of frame to the left of the player in white. This would place the ball in the area between cells C5 and D5.",C5
0.jpg,38,"The player in white appears to be in the process of kicking, which suggests that the ball was recently kicked by them. Given the direction of their body and the position of their leg, it's reasonable to infer that the ball is just out of frame to the left of the player in white. This would place the ball in the area between cells C5 and D5.",C5
0.jpg,39,"The player in white appears to be in the process of kicking, which suggests that the ball was recently kicked by them. Given the direction of their body and the position of their leg, it's reasonable to infer that the ball is just out of frame, likely in the area where the player's foot would have been if they had just completed the kick. This area is typically in front of the kicker and slightly to the side.",D5
0.jpg,40,"The player in white appears to be in the process of kicking, which suggests that the ball was recently kicked by them. Given the direction of their body and the position of their leg, it's reasonable to infer that the ball is just out of frame to the left of the player in white. This would place the ball in the area between cells C5 and D5.",C5
0.jpg,41,"The player in white appears to be in the process of kicking, which suggests that the ball was recently kicked by them. Given the direction of their body and the position of their leg, it's reasonable to infer that the ball is just out of frame to the left of the player in white. This would place the ball in the area between cells C5 and D5.",C5
0.jpg,42,"The player in white appears to be in the process of kicking, which suggests that the ball was recently kicked by them. Given the direction of their body and the position of their leg, it's reasonable to infer that the ball is just out of frame, likely in the area where the player's foot would have been if they had just completed the kick. This area is generally in front of the player's body and slightly to the side.",D5
0.jpg,43,"The player in white appears to be in the process of kicking, which suggests that the ball was recently kicked by them. Given the direction of their body and the position of their leg, it's reasonable to infer that the ball is just out of frame, likely in the area where the player's foot would have been if they had just completed the kick. This area is typically in front of the kicker and slightly to the side.",D5
0.jpg,44,"The player in white appears to be in the process of kicking, which suggests that the ball was recently kicked by them. Given the direction of their body and the position of their leg, it's reasonable to infer that the ball is just out of frame, likely in the area where the player's foot would have been if they had just completed the kick. This would place the ball in the cells around the player's current position, specifically in the cells directly below or slightly to the side of the player's feet.",D5
0.jpg,45,"The player in white appears to be in the process of kicking, which suggests that the ball was recently kicked by them. Given the direction of their body and the position of their leg, it's reasonable to infer that the ball is just out of frame, likely in the area where the player's foot would have been if they had just completed the kick. This would place the ball in the cells around the player's current position, specifically in the cells directly below or slightly to the side of the player's feet.",D5
0.jpg,46,"The player in white appears to be in the process of kicking, which suggests that the ball was recently kicked by them. Given the direction of their body and the position of their leg, it's reasonable to infer that the ball is just out of frame, likely in the area where the player's foot would have been if they had just completed the kick. This area is generally in front of the player's body and slightly to the side.",D5
0.jpg,47,"The player in white appears to be in the process of kicking, which suggests that the ball was recently kicked by them. Given the direction of their body and the position of their leg, it's reasonable to infer that the ball is just out of frame to the left of the player in white. This would place the ball in the area between cells C5 and D5.",C5
0.jpg,48,"The player in white appears to be in the process of kicking, which suggests that the ball was recently kicked by them. Given the direction of their body and the position of their leg, it's reasonable to infer that the ball is just out of frame, likely in the area where the player's foot would have been if they had just completed the kick. This would place the ball in the cells around the player's current position, specifically in the cells directly below or slightly to the side of the player's feet.",D5
0.jpg,49,"The player in white appears to be in the process of kicking, which suggests that the ball was recently kicked by them. Given the direction of their body and the position of their leg, it's reasonable to infer that the ball is just out of frame, likely in the area where the player's foot would have been if they had just completed the kick. This would place the ball in the cells around the player's current position, specifically in the cells directly below or slightly to the side of the player's feet.",D5
0.jpg,50,"The player in white appears to be in the process of kicking, which suggests that the ball was recently kicked by them. Given the direction of their body and the position of their leg, it's reasonable to infer that the ball is just out of frame, likely in the area where the player's foot would have been if they had just completed the kick. This would place the ball in the cells around the player's current position, specifically in the cells directly below or slightly to the side of the player's feet.",D5
354.jpg,1,"The goalkeeper's position and the direction he is facing suggest that the ball was likely kicked towards him. Given his stance, it is reasonable to infer that the ball is behind him, possibly near the goalpost or just outside the penalty area. Since the goalkeeper is in the center-right part of the image, the ball would be in the cells around (C, 7) to (D, 8).",C7
354.jpg,2,"The goalkeeper's body position suggests he is preparing to catch or block the ball, which is typically done near the goal area. Given the context of the image, it is reasonable to infer that the ball was just kicked towards the goal and is now in the goalkeeper's hands or about to be caught. The goalkeeper is positioned in the center-right of the image, indicating the ball is likely in his vicinity.",D8
354.jpg,3,"The goalkeeper's body position suggests he is preparing to catch or block the ball, which is typically done near the goal area. Given the context of the image, it is reasonable to infer that the ball was just kicked towards the goal and is now in the goalkeeper's hands or about to be caught. The goalkeeper is positioned in the center-right of the image, indicating the ball is likely in his vicinity.",D8
354.jpg,4,"The goalkeeper's position and the direction he is facing suggest that the ball was likely kicked towards him. Given his stance, it is reasonable to infer that the ball is behind him, possibly near the goalpost or just outside the penalty area. Since the goalkeeper is in the center-right part of the image, the ball would be in the cells around (C, 7) to (D, 8).",C7
354.jpg,5,"The goalkeeper's position and the direction he is facing suggest that the ball was likely kicked towards him. Given his stance, it is reasonable to infer that the ball is behind him, possibly near the goalpost or just outside the penalty area. Since the goalkeeper is in the center-right part of the image, the ball would be in the cells around (C, 7) to (D, 8).",C7
354.jpg,6,"The goalkeeper's body position suggests he is preparing to catch or block the ball, which is typically done near the goal area. Given the context of the image, it is reasonable to infer that the ball was just kicked towards the goal and is now in the goalkeeper's hands or about to be caught. The goalkeeper is positioned in the center-right of the image, indicating the ball is likely in his vicinity.",D8
354.jpg,7,"The goalkeeper's position and the direction he is facing suggest that the ball was likely kicked towards him. Given his stance, it is reasonable to infer that the ball is behind him, possibly near the goalpost or just outside the penalty area. Since the goalkeeper is in the center-right part of the image, the ball would be in the cells around (C, 7) to (D, 8).",C7
354.jpg,8,"The goalkeeper's body position suggests he is preparing to catch or block the ball, which is typically done near the goal area. Given the player's movement towards the goal and the goalkeeper's readiness, it is reasonable to infer that the ball is just outside the goalkeeper's reach, possibly in the area between the goalkeeper and the goalpost.",B8
354.jpg,9,"The goalkeeper's position and the direction he is facing suggest that the ball was likely kicked towards him. Given his stance, it is reasonable to infer that the ball is behind him, possibly near the goalpost or just outside the penalty area. Since the goalkeeper is in the center-right part of the image, the ball would be in the cells around (C, 7) to (D, 8).",C7
354.jpg,10,"The goalkeeper's position and the direction he is facing suggest that the ball was likely kicked towards him. Given his stance, it is reasonable to infer that the ball is behind him, possibly near the goalpost or just outside the penalty area. Since the goalkeeper is in the center-right part of the image, the ball would be in the cells around (C, 7) to (D, 8).",C7
354.jpg,11,"The goalkeeper's body position suggests he is preparing to catch or block the ball, which is typically done near the goal area. Given the player's movement towards the goal and the goalkeeper's readiness, it is reasonable to infer that the ball is close to the goal line, possibly just outside the penalty box.",B8
354.jpg,12,"The goalkeeper's body position suggests he is preparing to catch or block the ball, which is typically done near the goal area. Given the player's movement towards the goal and the goalkeeper's readiness, it is reasonable to infer that the ball is just outside the goalkeeper's reach, possibly in the area between the goalkeeper and the goalpost.",B8
354.jpg,13,"The goalkeeper's position and the direction he is facing suggest that the ball was likely kicked towards him. Given his stance, it is reasonable to infer that the ball is behind him, possibly near the goalpost or just outside the penalty area. Since the goalkeeper is in the center-right part of the image, the ball would be in the cells around (C, 7) to (D, 8).",C7
354.jpg,14,"The goalkeeper's body position suggests he is preparing to catch or block the ball, which is typically done near the goal area. Given the context, it is reasonable to infer that the ball was just kicked towards the goal and is now in the goalkeeper's hands or about to be caught. The goalkeeper is positioned in the center-right of the image, indicating the ball is likely in his vicinity.",D8
354.jpg,15,"The goalkeeper's body position suggests he is preparing to catch or block the ball, which is typically done near the goal area. Given the player's movement towards the goal and the goalkeeper's readiness, it is reasonable to infer that the ball is just outside the goalkeeper's reach, possibly in the area between the goalkeeper and the goalpost.",B8
354.jpg,16,"The goalkeeper's body position suggests he is preparing to catch or block the ball, which is typically done near the goal area. Given the context of the image, it is reasonable to infer that the ball was just kicked towards the goal and is now in the goalkeeper's hands or about to be caught. The goalkeeper is positioned in the center-right of the image, indicating the ball is likely in his vicinity.",D8
354.jpg,17,"The goalkeeper's body position suggests he is preparing to catch or block the ball, which is typically done near the goal area. Given the player's movement towards the goal and the goalkeeper's readiness, it is reasonable to infer that the ball is just outside the goalkeeper's reach, possibly in the area between the goalkeeper and the goalpost.",B8
354.jpg,18,"The goalkeeper's body position suggests he is preparing to catch or block the ball, which is typically done near the goal area. Given the context, it is reasonable to infer that the ball was just kicked towards the goal and is now in the goalkeeper's hands or about to be caught. The goalkeeper is positioned in the center-right of the image, indicating the ball is likely in his vicinity.",D8
354.jpg,19,"The goalkeeper's body position suggests he is preparing to catch or block the ball, which is typically done near the goal area. Given the context, it is reasonable to infer that the ball was just kicked towards the goal and is now in the goalkeeper's hands or about to be caught. The goalkeeper is positioned in the center-right of the image, indicating the ball is likely in his vicinity.",D8
354.jpg,20,"The goalkeeper's body position suggests he is preparing to catch or block the ball, which is typically done near the goal area. Given the context of the image, it is reasonable to infer that the ball was recently kicked towards the goal and is now in the goalkeeper's hands or about to be caught.",B8
354.jpg,21,"The goalkeeper's position and the direction he is facing suggest that the ball was likely kicked towards him. Given his stance, it is reasonable to infer that the ball is behind him, possibly near the goalpost or just outside the penalty area. Since the goalkeeper is in the center-right part of the image, the ball would be in the cells around (C, 7) to (D, 8).",C7
354.jpg,22,"The goalkeeper's body position suggests he is preparing to catch or block the ball, which is typically done near the goal area. Given the context of the image, it is reasonable to infer that the ball was just kicked towards the goal and is now in the goalkeeper's hands or about to be caught. The goalkeeper is positioned in the center-right of the image, indicating the ball is likely in his vicinity.",D8
354.jpg,23,"The goalkeeper's position and the direction he is facing suggest that the ball was likely kicked towards him. Given his stance, it is reasonable to infer that the ball is behind him, possibly near the goalpost or just outside the penalty area. Since the goalkeeper is in the center-right part of the image, the ball would be in the cells around (C, 7) to (D, 8).",C7
354.jpg,24,"The goalkeeper's body position suggests he is preparing to catch or block the ball, which is typically done near the goal area. Given the player's movement towards the goal and the goalkeeper's readiness, it is reasonable to infer that the ball is close to the goal line, possibly just outside the penalty box.",B8
354.jpg,25,"The goalkeeper's body position suggests he is preparing to catch or block the ball, which is typically done near the goal area. Given the player's movement towards the goal and the goalkeeper's readiness, it is reasonable to infer that the ball is just outside the goalkeeper's reach, possibly in the area between the goalkeeper and the goalpost.",B8
354.jpg,26,"The goalkeeper's position and the direction he is facing suggest that the ball was likely kicked towards him. Given his stance, it is reasonable to infer that the ball is behind him, possibly near the goalpost or just outside the penalty area. Since the goalkeeper is in the center-right part of the image, the ball would be in the cells around (C, 7) to (D, 8).",C7
354.jpg,27,"The goalkeeper's body position suggests he is preparing to catch or block the ball, which is typically done near the goal area. Given the player's movement towards the goal and the goalkeeper's readiness, it is reasonable to infer that the ball is close to the goal line, possibly just outside the penalty box.",B8
354.jpg,28,"The goalkeeper's position and the direction he is facing suggest that the ball was likely kicked towards him. Given his stance, it is reasonable to infer that the ball is behind him, possibly near the goalpost or just outside the penalty area. Since the goalkeeper is in the center-right part of the image, the ball would be in the cells around (C, 7) to (D, 8).",C7
354.jpg,29,"The goalkeeper's body position suggests he is preparing to catch or block the ball, which is typically done near the goal area. Given the player's movement towards the goal and the goalkeeper's readiness, it is reasonable to infer that the ball is just outside the goalkeeper's reach, possibly in the area between the goalkeeper and the goalpost.",B8
354.jpg,30,"The goalkeeper's body position suggests he is preparing to catch or block the ball, which is typically done near the goal area. Given the player's movement towards the goal and the goalkeeper's readiness, it is reasonable to infer that the ball is just outside the goalkeeper's reach, possibly in the area between the goalkeeper and the goalpost.",B8
354.jpg,31,"The goalkeeper's body position suggests he is preparing to catch or block the ball, which is typically done near the goal area. Given the player's movement towards the goal and the goalkeeper's readiness, it is reasonable to infer that the ball is close to the goal line, possibly just outside the penalty box.",B8
354.jpg,32,"The goalkeeper's position and the direction he is facing suggest that the ball was likely kicked towards him. Given his stance, it is reasonable to infer that the ball is behind him, possibly near the goalpost or just outside the penalty area. Since the goalkeeper is in the center-right part of the image, the ball would be in the cells around (C, 7) to (D, 8).",C7
354.jpg,33,"The goalkeeper's position and the direction he is facing suggest that the ball was likely kicked towards him. Given his stance, it is reasonable to infer that the ball is behind him, possibly near the goalpost or just outside the penalty area. Since the goalkeeper is in the center-right part of the image, the ball would be in the cells around (C, 7) to (D, 8).",C7
354.jpg,34,"The goalkeeper's body position suggests he is preparing to catch or block the ball, which is typically done near the goal area. Given the context of the image, it is reasonable to infer that the ball was recently kicked towards the goal and is now in the goalkeeper's hands or about to be caught. The goalkeeper is positioned in the center-right of the image, indicating the ball is likely in his vicinity.",D8
354.jpg,35,"The goalkeeper's body position suggests he is preparing to catch or block the ball, which is typically done near the goal area. Given the context of the image, it is reasonable to infer that the ball was recently kicked towards the goal and is now in the goalkeeper's hands or about to be caught. The goalkeeper is positioned in the center-right of the image, indicating the ball is likely in his vicinity.",D8
354.jpg,36,"The goalkeeper's position and the direction he is facing suggest that the ball was likely kicked towards him. Given his stance, it is reasonable to infer that the ball is behind him, possibly near the goalpost or just outside the penalty area. Since the goalkeeper is in the center-right part of the image, the ball would be in the cells around (C, 7) to (D, 8).",C7
354.jpg,37,"The goalkeeper's position and the direction he is facing suggest that the ball was likely kicked towards him. Given his stance, it is reasonable to infer that the ball is behind him, possibly near the goalpost or just outside the penalty area. Since the goalkeeper is in the center-right part of the image, the ball would be in the cells around (C, 7) to (D, 8).",C7
354.jpg,38,"The goalkeeper's body position suggests he is preparing to catch or block the ball, which is typically done near the goal area. Given the player's movement towards the goal and the goalkeeper's readiness, it is reasonable to infer that the ball is close to the goal line, possibly just outside the penalty box.",B8
354.jpg,39,"The goalkeeper's body position suggests he is preparing to catch or block the ball, which is typically done near the goal area. Given the player's movement towards the goal and the goalkeeper's readiness, it is reasonable to infer that the ball is just outside the goalkeeper's reach, possibly in the area between the goalkeeper and the goalpost.",B8
354.jpg,40,"The goalkeeper's position and the direction he is facing suggest that the ball was likely kicked towards him. Given his stance, it is reasonable to infer that the ball is behind him, possibly near the goalpost or just outside the penalty area. Since the goalkeeper is in the center-right part of the image, the ball would be in the cells around (C, 7) to (D, 8).",C7
354.jpg,41,"The goalkeeper's position and the direction he is facing suggest that the ball was likely kicked towards him. Given his stance, it is reasonable to infer that the ball is behind him, possibly near the goalpost or just outside the penalty area. Since the goalkeeper is in the center-right part of the image, the ball would be in the cells around (C, 7) to (D, 8).",C7
354.jpg,42,"The goalkeeper's position and the direction he is facing suggest that the ball was likely kicked towards him. Given his stance, it is reasonable to infer that the ball is behind him, possibly near the goalpost or just outside the penalty area. Since the goalkeeper is in the center-right part of the image, the ball would be in the cells around (C, 7) to (D, 8).",C7
354.jpg,43,"The goalkeeper's position and the direction he is facing suggest that the ball was likely kicked towards him. Given his stance, it is reasonable to infer that the ball is behind him, possibly near the goalpost or just outside the penalty area. Since the goalkeeper is in the center-right part of the image, the ball would be in the cells around (C, 7) to (D, 8).",C7
354.jpg,44,"The goalkeeper's position and the direction he is facing suggest that the ball was likely kicked towards him. Given his stance, it is reasonable to infer that the ball is behind him, possibly near the goalpost or just outside the penalty area. Since the goalkeeper is in the center-right part of the image, the ball would be in the cells around (C, 7) to (D, 8).",C7
354.jpg,45,"The goalkeeper's body position suggests he is preparing to catch or block the ball, which is typically done near the goal area. Given the context of the image, it is reasonable to infer that the ball was recently kicked towards the goal and is now in the goalkeeper's hands or about to be caught.",B8
354.jpg,46,"The goalkeeper's position and the direction he is facing suggest that the ball was likely kicked towards him. Given his stance, it is reasonable to infer that the ball is behind him, possibly near the goalpost or just outside the penalty area. Since the goalkeeper is in the center-right part of the image, the ball would be in the cells around (C, 7) to (D, 8).",C7
354.jpg,47,"The goalkeeper's position and the direction he is facing suggest that the ball was likely kicked towards him. Given his stance, it is reasonable to infer that the ball is behind him, possibly near the goalpost or just outside the penalty area. Since the goalkeeper is in the center-right part of the image, the ball would be in the cells around (C, 7) to (D, 8).",C7
354.jpg,48,"The goalkeeper's body position suggests he is preparing to catch or block the ball, which is typically done near the goal area. Given the player's movement towards the goal and the goalkeeper's readiness, it is reasonable to infer that the ball is close to the goal line, possibly just outside the penalty box.",B8
354.jpg,49,"The goalkeeper's body position suggests he is preparing to catch or block the ball, which is typically done near the goal area. Given the context of the image, it is reasonable to infer that the ball was recently kicked towards the goal and is now in the goalkeeper's hands or about to be caught. The goalkeeper is positioned in the center-right of the image, indicating the ball is likely in his vicinity.",D8
354.jpg,50,"The goalkeeper's position and the direction he is facing suggest that the ball was likely kicked towards him. Given his stance, it is reasonable to infer that the ball is behind him, possibly near the goalpost or just outside the penalty area. Since the goalkeeper is in the center-right part of the image, the ball would be in the cells around (C, 7) to (D, 8).",C7
39.jpg,1,"The ball is likely located in the center of the field, as it is a common area for the ball to be during play. Given the player's position and movement, it seems they might have just kicked the ball or are about to receive it. The ball is not visible in the current frame, but based on the context, it would be reasonable to assume it is somewhere around the center of the field.",D5
39.jpg,2,"The ball is likely located in the center of the field, as it is a common area for the ball to be during play. Given the player's position and movement, it seems they might have just kicked the ball or are about to receive it. The ball is not visible in the current frame, but based on the context, it would be reasonable to assume it is somewhere around the center of the field.",D5
39.jpg,3,"The ball is likely located in the center of the field, as it is a common area for the ball to be during play. Given the player's position and movement, it seems they might have just kicked the ball or are about to receive it. The ball is not visible in the current frame, but based on the context, it would be reasonable to assume it is somewhere around the center of the field, possibly in the D3 or E3 cells.",D3
39.jpg,4,"The ball is likely located in the center of the field, as it is a common area for the ball to be during play. Given the player's position and movement, it seems they might have just kicked the ball or are about to receive it. The ball is not visible in the current frame, but based on the context, it would be reasonable to assume it is somewhere around the center of the field.",D5
39.jpg,5,"The ball is likely located in the center of the field, as it is a common area for the ball to be during play. Given the player's position and movement, it seems they might have just kicked the ball or are about to receive it. The ball is not visible in the current frame, but based on the context, it would be reasonable to assume it is somewhere around the center of the field.",D5
39.jpg,6,"The ball is likely located in the center of the field, as it is a common area for the ball to be during play. Given the player's position and movement, it seems they might have just kicked the ball or are about to receive it. The ball is not visible in the current frame, but based on the context, it would be reasonable to assume it is somewhere around the center of the field.",D5
39.jpg,7,"The ball is likely located in the center of the field, as it is a common area for the ball to be during play. Given the player's position and movement, it seems they might have just kicked the ball or are about to receive it. The ball is not visible in the current frame, but based on the context, it would be reasonable to assume it is somewhere around the center of the field, possibly in the D3 or E3 cells.",D3
39.jpg,8,"The ball is likely located in the center of the field, as it is a common area for the ball to be during play. Given the player's position and movement, it seems they might have just kicked the ball or are about to receive it. The ball is not visible in the current frame, but based on the context, it would be reasonable to assume it is somewhere around the center of the field, possibly in the D3 or E3 cells.",D3
39.jpg,9,"The ball is likely located in the center of the field, as it is a common area for the ball to be during play. Given the player's position and movement, it seems they might have just kicked the ball or are about to receive it. The ball is not visible in the current frame, but based on the context, it would be reasonable to assume it is somewhere around the center of the field.",D5
39.jpg,10,"The ball is likely located in the center of the field, as it is a common area for the ball to be during play. Given the player's position and movement, it seems they might have just kicked the ball or are about to receive it. The ball is not visible in the current frame, but based on the context, it would be reasonable to assume it is somewhere around the center of the field.",D5
39.jpg,11,"The ball is likely located in the center of the field, as it is a common area for the ball to be during play. Given the player's position and movement, it seems they might have just kicked the ball or are about to receive it. The ball is not visible in the current frame, but based on the context, it would be reasonable to assume it is somewhere around the center of the field, possibly in the D3 or E3 cells.",D3
39.jpg,12,"The ball is likely located in the center of the field, as it is a common area for the ball to be during play. Given the player's position and movement, it seems they might have just kicked the ball or are about to receive it. The ball is not visible in the current frame, but based on the context, it would be reasonable to assume it is somewhere around the center of the field.",D5
39.jpg,13,"The ball is likely located in the center of the field, as it is a common area for the ball to be during play. Given the player's position and movement, it seems they might have just kicked the ball or are about to receive it. The ball is not visible in the current frame, but based on the context, it would be reasonable to assume it is somewhere around the center of the field.",D5
39.jpg,14,"The ball is likely located in the center of the field, as it is a common area for the ball to be during play. Given the player's position and movement, it seems they might have just kicked the ball or are about to receive it. The ball is not visible in the current frame, but based on the context, it would be reasonable to assume it is somewhere around the center of the field, possibly in the D3 or E3 cells.",D3
39.jpg,15,"The ball is likely located in the center of the field, as it is a common area for the ball to be during play. Given the player's position and movement, it seems they might have just kicked the ball or are about to receive it. The ball is not visible in the current frame, but based on the context, it would be reasonable to assume it is somewhere around the center of the field.",D5
39.jpg,16,"The ball is likely located in the center of the field, as it is a common area for the ball to be during play. Given the player's position and movement, it seems they might have just kicked the ball or are about to receive it. The ball is not visible in the current frame, but based on the context, it would be reasonable to assume it is somewhere around the center of the field.",D5
39.jpg,17,"The ball is likely located in the center of the field, as it is a common area for the ball to be during play. Given the player's position and movement, it seems they might have just kicked the ball or are about to receive it. The ball is not visible in the current frame, but based on the context, it would be reasonable to assume it is somewhere around the center of the field.",D5
39.jpg,18,"The ball is likely located in the center of the field, as it is a common area for the ball to be during play. Given the player's position and movement, it seems they might have just kicked the ball or are about to receive it. The ball is not visible in the current frame, but based on the context, it would be reasonable to assume it is somewhere around the center of the field, possibly in the D3 or E3 cells.",D3
39.jpg,19,"The ball is likely located in the center of the field, as it is a common area for the ball to be during play. Given the player's position and movement, it seems they might have just kicked the ball or are about to receive it. The ball is not visible in the current frame, but based on the context, it would be reasonable to assume it is somewhere around the center of the field, possibly in the D3 or E3 cells.",D3
39.jpg,20,"The ball is likely located in the center of the field, as it is a common area for the ball to be during play. Given the player's position and movement, it seems they might have just kicked the ball or are about to receive it. The ball is not visible in the current frame, but based on the context, it would be reasonable to assume it is somewhere around the center of the field, possibly in the D3 or E3 cells.",D3
39.jpg,21,"The ball is likely located in the center of the field, as it is a common area for the ball to be during play. Given the player's position and movement, it seems they might have just kicked the ball or are about to receive it. The ball is not visible in the current frame, but based on the context, it would be reasonable to assume it is somewhere around the center of the field, possibly in the D3 or E3 cells.",D3
39.jpg,22,"The ball is likely located in the center of the field, as it is a common area for the ball to be during play. Given the player's position and movement, it seems they might have just kicked the ball or are about to receive it. The ball is not visible in the current frame, but based on the context, it would be reasonable to assume it is somewhere around the center of the field, possibly in the D3 or E3 cells.",D3
39.jpg,23,"The ball is likely located in the center of the field, as it is a common area for the ball to be during play. Given the player's position and movement, it seems they might have just kicked the ball or are about to receive it. The ball is not visible in the current frame, but based on the context, it would be reasonable to assume it is somewhere around the center of the field.",D5
39.jpg,24,"The ball is likely located in the center of the field, as it is a common area for the ball to be during play. Given the player's position and movement, it seems they might have just kicked the ball or are about to receive it. The ball is not visible in the current frame, but based on the context, it would be reasonable to assume it is somewhere around the center of the field, possibly in the D3 or E3 cells.",D3
39.jpg,25,"The ball is likely located in the center of the field, as it is a common area for the ball to be during play. Given the player's position and movement, it seems they might have just kicked the ball or are about to receive it. The ball is not visible in the current frame, but based on the context, it would be reasonable to assume it is somewhere around the center of the field, possibly in the D3 or E3 cells.",D3
39.jpg,26,"The ball is likely located in the center of the field, as it is a common area for the ball to be during play. Given the player's position and movement, it seems they might have just kicked the ball or are about to receive it. The ball is not visible in the current frame, but based on the context, it would be reasonable to assume it is somewhere around the center of the field, possibly in the D3 or E3 cells.",D3
39.jpg,27,"The ball is likely located in the center of the field, as it is a common area for the ball to be during play. Given the player's position and movement, it seems they might have just kicked the ball or are about to receive it. The ball is not visible in the current frame, but based on the context, it would be reasonable to assume it is somewhere around the center of the field.",D5
39.jpg,28,"The ball is likely located in the center of the field, as it is a common area for the ball to be during play. Given the player's position and movement, it seems they might have just kicked the ball or are about to receive it. The ball is not visible in the current frame, but based on the context, it would be reasonable to assume it is somewhere around the center of the field, possibly in the D3 or E3 cells.",D3
39.jpg,29,"The ball is likely located in the center of the field, as it is a common area for the ball to be during play. Given the player's position and movement, it seems they might have just kicked the ball or are about to receive it. The ball is not visible in the current frame, but based on the context, it would be reasonable to assume it is somewhere around the center of the field.",D5
39.jpg,30,"The ball is likely located in the center of the field, as it is a common area for the ball to be during play. Given the player's position and movement, it seems they might have just kicked the ball or are about to receive it. The ball is not visible in the current frame, but based on the context, it would be reasonable to assume it is somewhere around the center of the field.",D5
39.jpg,31,"The ball is likely located in the center of the field, as it is a common area for the ball to be during play. Given the player's position and movement, it seems they might have just kicked the ball or are about to receive it. The ball is not visible in the current frame, but based on the context, it would be reasonable to assume it is somewhere around the center of the field, possibly in the D3 or E3 cells.",D3
39.jpg,32,"The ball is likely located in the center of the field, as it is a common area for the ball to be during play. Given the player's position and movement, it seems they might have just kicked the ball or are about to receive it. The ball is not visible in the current frame, but based on the context, it would be reasonable to assume it is somewhere around the center of the field.",D5
39.jpg,33,"The ball is likely located in the center of the field, as it is a common area for the ball to be during play. Given the player's position and movement, it seems they might have just kicked the ball or are about to receive it. The ball is not visible in the current frame, but based on the context, it would be reasonable to assume it is somewhere around the center of the field, possibly in the D3 or E3 cells.",D3
39.jpg,34,"The ball is likely located in the center of the field, as it is a common area for the ball to be during play. Given the player's position and movement, it seems they might have just kicked the ball or are about to receive it. The ball is not visible in the current frame, but based on the context, it would be reasonable to assume it is somewhere around the center of the field.",D5
39.jpg,35,"The ball is likely located in the center of the field, as it is a common area for the ball to be during play. Given the player's position and movement, it seems they might have just kicked the ball or are about to receive it. The ball is not visible in the current frame, but based on the context, it would be reasonable to assume it is somewhere around the center of the field.",D5
39.jpg,36,"The ball is likely located in the center of the field, as it is a common area for the ball to be during play. Given the player's position and movement, it seems they might have just kicked the ball or are about to receive it. The ball is not visible in the current frame, but based on the context, it would be reasonable to assume it is somewhere around the center of the field.",D5
39.jpg,37,"The ball is likely located in the center of the field, as it is a common area for the ball to be during play. Given the player's position and movement, it seems they might have just kicked the ball or are about to receive it. The ball is not visible in the current frame, but based on the context, it would be reasonable to assume it is somewhere around the center of the field, possibly in the D3 or E3 cells.",D3
39.jpg,38,"The ball is likely located in the center of the field, as it is a common area for the ball to be during play. Given the player's position and movement, it seems they might have just kicked the ball or are about to receive it. The ball is not visible in the current frame, but based on the context, it would be reasonable to assume it is somewhere around the center of the field.",D5
39.jpg,39,"The ball is likely located in the center of the field, as it is a common area for the ball to be during play. Given the player's position and movement, it seems they might have just kicked the ball or are about to receive it. The ball is not visible in the current frame, but based on the context, it would be reasonable to assume it is somewhere around the center of the field.",D5
39.jpg,40,"The ball is likely located in the center of the field, as it is a common area for the ball to be during play. Given the player's position and movement, it seems they might have just kicked the ball or are about to receive it. The ball is not visible in the current frame, but based on the context, it would be reasonable to assume it is somewhere around the center of the field, possibly in the D3 or E3 cells.",D3
39.jpg,41,"The ball is likely located in the center of the field, as it is a common area for the ball to be during play. Given the player's position and movement, it seems they might have just kicked the ball or are about to receive it. The ball is not visible in the current frame, but based on the context, it would be reasonable to assume it is somewhere around the center of the field, possibly in the D3 or E3 cells.",D3
39.jpg,42,"The ball is likely located in the center of the field, as it is a common area for the ball to be during play. Given the player's position and movement, it seems they might have just kicked the ball or are about to receive it. The ball is not visible in the current frame, but based on the context, it would be reasonable to assume it is somewhere around the center of the field, possibly in the D3 or E3 cells.",D3
39.jpg,43,"The ball is likely located in the center of the field, as it is a common area for the ball to be during play. Given the player's position and movement, it seems they might have just kicked the ball or are about to receive it. The ball is not visible in the current frame, but based on the context, it would be reasonable to assume it is somewhere around the center of the field.",D5
39.jpg,44,"The ball is likely located in the center of the field, as it is a common area for the ball to be during play. Given the player's position and movement, it seems they might have just kicked the ball or are about to receive it. The ball is not visible in the current frame, but based on the context, it would be reasonable to assume it is somewhere around the center of the field, possibly in the D3 or E3 cells.",D3
39.jpg,45,"The ball is likely located in the center of the field, as it is a common area for the ball to be during play. Given the player's position and movement, it seems they might have just kicked the ball or are about to receive it. The ball is not visible in the current frame, but based on the context, it would be reasonable to assume it is somewhere around the center of the field.",D5
39.jpg,46,"The ball is likely located in the center of the field, as it is a common area for the ball to be during play. Given the player's position and movement, it seems they might have just kicked the ball or are about to receive it. The ball is not visible in the current frame, but based on the context, it would be reasonable to assume it is somewhere around the center of the field, possibly in the D3 or E3 cells.",D3
39.jpg,47,"The ball is likely located in the center of the field, as it is a common area for the ball to be during play. Given the player's position and movement, it seems they might have just kicked the ball or are about to receive it. The ball is not visible in the current frame, but based on the context, it would be reasonable to assume it is somewhere around the center of the field, possibly in the D3 or E3 cells.",D3
39.jpg,48,"The ball is likely located in the center of the field, as it is a common area for the ball to be during play. Given the player's position and movement, it seems they might have just kicked the ball or are about to receive it. The ball is not visible in the current frame, but based on the context, it would be reasonable to assume it is somewhere around the center of the field.",D5
39.jpg,49,"The ball is likely located in the center of the field, as it is a common area for the ball to be during play. Given the player's position and movement, it seems they might have just kicked the ball or are about to receive it. The ball is not visible in the current frame, but based on the context, it would be reasonable to assume it is somewhere around the center of the field, possibly in the D3 or E3 cells.",D3
39.jpg,50,"The ball is likely located in the center of the field, as it is a common area for the ball to be during play. Given the player's position and movement, it seems they might have just kicked the ball or are about to receive it. The ball is not visible in the current frame, but based on the context, it would be reasonable to assume it is somewhere around the center of the field.",D5
291.jpg,1,"The player in the red jersey appears to be in mid-air, suggesting they have just kicked the ball. Given their position and the direction of their body, it's reasonable to infer that the ball is likely located in the area directly below them, which would be in the grid cells around C6 or D6.",D6
291.jpg,2,"The player in the red jersey appears to be in mid-air, suggesting they have just kicked the ball. Given their position and the direction of their body, it's reasonable to infer that the ball is likely located in the area directly below them, which would be in the grid cells around (C6) or (D6).",C6
291.jpg,3,"The player in the red jersey appears to be in mid-air, suggesting they have just kicked the ball. Given their position and the direction of their body, it's reasonable to infer that the ball is likely located in the area directly below them, which would be in the grid cells around C6 or D6.",D6
291.jpg,4,"The player in the red jersey appears to be in mid-air, suggesting they have just kicked the ball. Given their position and the direction of their body, it's reasonable to infer that the ball is likely located in the area directly below them, which would be in the grid cells around (C6) or (D6).",D6
291.jpg,5,"The player in the center of the image appears to be in mid-air, suggesting that they have just kicked the ball. Given their position and the direction of their body, it is reasonable to infer that the ball is located somewhere near them but not directly under their feet due to the trajectory of the kick. Considering the grid, the ball is most likely located in the cell immediately below and slightly to the left of the player's current position, which would be F5.",F5
291.jpg,6,"The player in the center of the image appears to be in mid-air, suggesting that he may have just kicked the ball. Given his position and the direction of his body, it's reasonable to infer that the ball is likely located in the area directly below him, which would be in the grid cell F7 or F8.",F7
291.jpg,7,"The player in the center of the image appears to be in mid-air, suggesting that they have just kicked the ball. Given their position and the direction of their body, it is reasonable to infer that the ball is located somewhere near them but not directly under their feet due to the trajectory of the kick. Considering the grid, the ball is most likely located in the cell immediately below and slightly to the left of the player's current position.",E7
291.jpg,8,"The player in the center of the image appears to be in mid-air, suggesting that they have just kicked the ball. Given their position and the direction of their body, it is reasonable to infer that the ball is located somewhere near them but not visible in the image. Since the ball is typically kicked forward, we can assume it is in front of the player, which would place it in the cells around C6 or D6.",D6
291.jpg,9,"The player in the red jersey appears to be in mid-air, suggesting they have just kicked the ball. Given their position and the direction of their body, it's reasonable to infer that the ball is likely located in the area directly below them, which would be in the grid cells around (C6) or (D6).",D6
291.jpg,10,"The player in the center of the image appears to be in mid-air, suggesting that they have just kicked the ball. Given their position and the direction of their body, it is reasonable to infer that the ball is located somewhere near them but not directly under their feet due to the trajectory of the kick. Considering the grid, the ball is most likely located in the cell immediately below and slightly to the left of the player's current position.",E7
291.jpg,11,"The player in the red jersey appears to be in mid-air, suggesting they have just kicked the ball. Given their position and the direction of their body, it's reasonable to infer that the ball is likely located in the area directly below them, which would be in the grid cells around C6 or D6.",D6
291.jpg,12,"The player in the red jersey appears to be in mid-air, suggesting they have just kicked the ball. Given their position and the direction of their body, it's reasonable to infer that the ball is likely located in the area directly below them, which would be in the grid cells around (C6) or (D6).",C6
291.jpg,13,"The player in the center of the image appears to be in mid-air, suggesting that they have just kicked the ball. Given their position and the direction of their body, it is reasonable to infer that the ball is located somewhere near them but not visible in the image. Since the ball is typically kicked forward, we can assume it is in front of the player, which would place it in the cells around C6 or D6.",D6
291.jpg,14,"The player in the red jersey appears to be in mid-air, suggesting they have just kicked the ball. Given their position and the direction of their body, it's reasonable to infer that the ball is likely located in the area directly below them, which would be in the grid cells around (C6) or (D6).",C6
291.jpg,15,"The player in the red jersey appears to be in mid-air, suggesting they have just kicked the ball. Given their position and the direction of their body, it's reasonable to infer that the ball is likely located in the area directly below them, which would be in the grid cells around C6 or D6.",D6
291.jpg,16,"The player in the red jersey appears to be in mid-air, suggesting they have just kicked the ball. Given their position and the direction of their body, it's reasonable to infer that the ball is likely located in the area directly below them, which would be in the grid cells around C6 or D6.",D6
291.jpg,17,"The player in the center of the image appears to be in mid-air, suggesting that he may have just kicked the ball. Given his position and the direction of his body, it's reasonable to infer that the ball is likely located in the area directly below him, which would be in the grid cell F7 or F8.",F7
291.jpg,18,"The player in the center of the image appears to be in mid-air, suggesting that they have just kicked the ball. Given their position and the direction of their body, it is reasonable to infer that the ball is located somewhere near them but not visible in the image. Since the ball is typically kicked forward, we can assume it is in front of the player, which would place it in the cells around C6 or D6.",D6
291.jpg,19,"The player in the center of the image appears to be in mid-air, suggesting that he may have just kicked the ball. Given his position and the direction of his body, it's reasonable to infer that the ball is likely located in the area directly below him, which would be in the grid cell F7 or F8.",F7
291.jpg,20,"The player in the red jersey appears to be in mid-air, suggesting they have just kicked the ball. Given their position and the direction of their body, it's reasonable to infer that the ball is likely located in the area directly below them, which would be in the grid cells around (C6) or (D6).",C6
291.jpg,21,"The player in the center of the image appears to be in mid-air, suggesting that they have just kicked the ball. Given their position and the direction of their body, it is reasonable to infer that the ball is located somewhere near them but not visible in the image. Since the ball is typically kicked forward, we can assume it is in front of the player, which would place it in the cells around C6 or D6.",D6
291.jpg,22,"The player in the red jersey appears to be in mid-air, suggesting they have just kicked the ball. Given their position and the direction of their body, it's reasonable to infer that the ball is likely located in the area directly below them, which would be in the grid cells around C6 or D6.",D6
291.jpg,23,"The player in the red jersey appears to be in mid-air, suggesting they have just kicked the ball. Given their position and the direction of their body, it's reasonable to infer that the ball is likely located in the area directly below them, which would be in the grid cells around (C6) or (D6).",D6
291.jpg,24,"The player in the red jersey appears to be in mid-air, suggesting they have just kicked the ball. Given their position and the direction of their body, it's reasonable to infer that the ball is likely located in the area directly below them, which would be in the grid cells around (C6) or (D6).",D6
291.jpg,25,"The player in the red jersey appears to be in mid-air, suggesting they have just kicked the ball. Given their position and the direction of their body, it's reasonable to infer that the ball is likely located in the area directly below them, which would be in the grid cells around (C6) or (D6).",D6
291.jpg,26,"The player in the red jersey appears to be in mid-air, suggesting they have just kicked the ball. Given their position and the direction of their body, it's reasonable to infer that the ball is likely located in the area directly below them, which would be in the grid cells around (C6) or (D6).",D6
291.jpg,27,"The player in the red jersey appears to be in mid-air, suggesting they have just kicked the ball. Given their position and the direction of their body, it's reasonable to infer that the ball is likely located in the area directly below them, which would be in the grid cells around (C6) or (D6).",C6
291.jpg,28,"The player in the center of the image appears to be in mid-air, suggesting that he may have just kicked the ball. Given his position and the direction of his body, it's reasonable to infer that the ball is likely located in the area directly below him, which would be in the grid cell F7 or F8.",F7
291.jpg,29,"The player in the center of the image appears to be in mid-air, suggesting that he may have just kicked the ball. Given his position and the direction of his body, it's reasonable to infer that the ball is likely located in the area directly below him, which would be in the grid cell F7 or F8.",F7
291.jpg,30,"The player in the red jersey appears to be in mid-air, suggesting they have just kicked the ball. Given their position and the direction of their body, it's reasonable to infer that the ball is likely located in the area directly below them, which would be in the grid cells around (C6) or (D6).",C6
291.jpg,31,"The player in the red jersey appears to be in mid-air, suggesting they have just kicked the ball. Given their position and the direction of their body, it's reasonable to infer that the ball is likely located in the area directly below them, which would be in the grid cells around (C6) or (D6).",D6
291.jpg,32,"The player in the center of the image appears to be in mid-air, suggesting that they have just kicked the ball. Given their position and the direction of their body, it is reasonable to infer that the ball is located somewhere near them but not directly under their feet due to the trajectory of the kick. Considering the grid, the ball is most likely located in the cell immediately below and slightly to the left of the player's current position, which would be F5.",F5
291.jpg,33,"The player in the center of the image appears to be in mid-air, suggesting that he may have just kicked the ball. Given his position and the direction of his body, it's reasonable to infer that the ball is likely located in the area directly below him, which would be in the grid cell F7 or F8.",F7
291.jpg,34,"The player in the center of the image appears to be in mid-air, suggesting that they have just kicked the ball. Given their position and the direction of their body, it is reasonable to infer that the ball is located somewhere near them but not directly under their feet due to the trajectory of the kick. Considering the grid, the ball is most likely located in the cell immediately below and slightly to the left of the player's current position.",E7
291.jpg,35,"The player in the red jersey appears to be in mid-air, suggesting they have just kicked the ball. Given their position and the direction of their body, it's reasonable to infer that the ball is likely located in the area directly below them, which would be in the grid cells around C6 or D6.",D6
291.jpg,36,"The player in the red jersey appears to be in mid-air, suggesting they have just kicked the ball. Given their position and the direction of their body, it's reasonable to infer that the ball is likely located in the area directly below them, which would be in the grid cells around C6 or D6.",D6
291.jpg,37,"The player in the red jersey appears to be in mid-air, suggesting they have just kicked the ball. Given their position and the direction of their body, it's reasonable to infer that the ball is likely located in the area directly below them, which would be in the grid cells around C6 or D6.",D6
291.jpg,38,"The player in the center of the image appears to be in mid-air, suggesting that he may have just kicked the ball. Given his position and the direction of his body, it's reasonable to infer that the ball is likely located in the area directly below him, which would be in the grid cell F7 or F8.",F7
291.jpg,39,"The player in the center of the image appears to be in mid-air, suggesting that he may have just kicked the ball. Given his position and the direction of his body, it's reasonable to infer that the ball is likely located in the area directly below him, which would be in the grid cell F7 or F8.",F7
291.jpg,40,"The player in the center of the image appears to be in mid-air, suggesting that he may have just kicked the ball. Given his position and the direction of his body, it's reasonable to infer that the ball is likely located in the area directly below him, which would be in the grid cell F7 or F8.",F7
291.jpg,41,"The player in the red jersey appears to be in mid-air, suggesting they have just kicked the ball. Given their position and the direction of their body, it's reasonable to infer that the ball is likely located in the area directly below them, which would be in the grid cells around C6 or D6.",D6
291.jpg,42,"The player in the red jersey appears to be in mid-air, suggesting they have just kicked the ball. Given their position and the direction of their body, it's reasonable to infer that the ball is likely located in the area directly below them, which would be in the grid cells around (C6) or (D6).",C6
291.jpg,43,"The player in the red jersey appears to be in mid-air, suggesting they have just kicked the ball. Given their position and the direction of their body, it's reasonable to infer that the ball is likely located in the area directly below them, which would be in the grid cells around (C6) or (D6).",D6
291.jpg,44,"The player in the center of the image appears to be in mid-air, suggesting that they have just kicked the ball. Given their position and the direction of their body, it is reasonable to infer that the ball is located somewhere near them but not directly under their feet due to the trajectory of the kick. Considering the grid, the ball is most likely located in the cell immediately below and slightly to the left of the player's current position.",E7
291.jpg,45,"The player in the red jersey appears to be in mid-air, suggesting they have just kicked the ball. Given their position and the direction of their body, it's reasonable to infer that the ball is likely located in the area directly below them, which would be in the grid cells around C6 or D6.",D6
291.jpg,46,"The player in the red jersey appears to be in mid-air, suggesting they have just kicked the ball. Given their position and the direction of their body, it's reasonable to infer that the ball is likely located in the area directly below them, which would be in the grid cells around C6 or D6.",D6
291.jpg,47,"The player in the center of the image appears to be in mid-air, suggesting that he may have just kicked the ball. Given his position and the direction of his body, it's reasonable to infer that the ball is likely located in the area directly below him, which would be in the grid cell F7 or F8.",F7
291.jpg,48,"The player in the red jersey appears to be in mid-air, suggesting they have just kicked the ball. Given their position and the direction of their body, it's reasonable to infer that the ball is likely located in the area directly below them, which would be in the grid cells around C6 or D6.",D6
291.jpg,49,"The player in the red jersey appears to be in mid-air, suggesting they have just kicked the ball. Given their position and the direction of their body, it's reasonable to infer that the ball is likely located in the area directly below them, which would be in the grid cells around (C6) or (D6).",C6
291.jpg,50,"The player in the red jersey appears to be in mid-air, suggesting they have just kicked the ball. Given their position and the direction of their body, it's reasonable to infer that the ball is likely located in the area directly below them, which would be in the grid cells around C6 or D6.",D6
71.jpg,1,"The ball is likely located near the center of the image, slightly above and to the left of the player wearing the red jersey (number 19). This is inferred because the players appear to be in motion, suggesting that the ball was recently passed or kicked in that area. The ball's trajectory would typically follow the direction of the players' movements, which points towards the center-left of the image.",D5
71.jpg,2,"The ball is likely located near the center of the image, slightly above the players' feet. This is inferred because the players appear to be in mid-air or just after making contact with the ball, which suggests that the ball is close to them but not yet visible in the frame.",D5
71.jpg,3,"The ball is likely located near the center of the image, slightly above and to the left of the player wearing the red jersey (number 19). This is inferred because the players' body language suggests they are all looking towards that area, indicating the ball's probable location.",D5
71.jpg,4,"The ball is likely located near the center of the image, slightly above and to the left of the player wearing the red jersey (number 19). This is inferred because the players' body language suggests they are all looking towards that area, indicating the ball's probable location.",D5
71.jpg,5,"The ball is likely located near the center of the image, slightly above the players' feet. This is inferred because the players appear to be in mid-air or just after making contact with the ball, which suggests that the ball is close to them but not yet visible in the frame.",D5
71.jpg,6,"The ball is likely located near the center of the image, slightly above the players' feet. This is inferred because the players appear to be in mid-air or just after making contact with the ball, which suggests that the ball is close to them but not yet visible in the frame.",D5
71.jpg,7,"The ball is likely located near the center of the image, slightly above the players' feet. This is inferred because the players appear to be in mid-air or just after making contact with the ball, suggesting that the ball was recently kicked or passed between them. The ball's position would typically be in the area where the players' legs are closest together, which is around the center of the image.",D5
71.jpg,8,"The ball is likely located near the center of the image, slightly above and to the left of the player wearing the red jersey (number 19). This is inferred because the players' body language suggests they are all looking towards that area, indicating the ball's probable location.",D5
71.jpg,9,"The ball is likely located near the center of the image, slightly above the players' feet. This is inferred because the players appear to be in mid-air or just after making contact with the ball, which suggests that the ball is close to them but not yet visible in the frame.",D5
71.jpg,10,"The ball is likely located near the center of the image, slightly above the players' feet. This is inferred because the players appear to be in mid-air or just after making contact with the ball, suggesting that the ball was recently kicked or passed between them. The ball's position would typically be in the area where the players' legs are closest together, which is around the center of the image.",D5
71.jpg,11,"The ball is likely located near the center of the image, slightly above the players' feet. This is inferred because the players appear to be in mid-air or just after making contact with the ball, which suggests that the ball is close to them but not yet visible in the frame.",D5
71.jpg,12,"The ball is likely located near the center of the image, slightly above the players' feet. This is inferred because the players appear to be in mid-air or just after making contact with the ball, suggesting that the ball was recently kicked or passed between them. The ball's position would typically be in the area where the players' legs are closest together, which is around the center of the image.",D5
71.jpg,13,"The ball is likely located near the center of the image, slightly above and to the left of the player wearing the red jersey (number 19). This is inferred because the players' body language suggests they are all looking towards that area, indicating the ball's probable location.",D5
71.jpg,14,"The ball is likely located near the center of the image, slightly above and to the left of the player wearing the red jersey (number 19). This is inferred because the players appear to be in motion, suggesting that the ball was recently passed or kicked in that area. The ball's trajectory would typically follow the direction of the players' movements, which points towards the center-left of the image.",D5
71.jpg,15,"The ball is likely located near the center of the image, slightly above the players' feet. This is inferred because the players appear to be in mid-air or just after making contact with the ball, which suggests that the ball is close to them but not yet visible in the frame.",D5
71.jpg,16,"The ball is likely located near the center of the image, slightly above and to the left of the player wearing the red jersey (number 19). This is inferred because the players' body language suggests they are all looking towards that area, indicating the ball's probable location.",D5
71.jpg,17,"The ball is likely located near the center of the image, slightly above the players' feet. This is inferred because the players appear to be in mid-air or just after making contact with the ball, which suggests that the ball is close to them but not yet visible in the frame.",D5
71.jpg,18,"The ball is likely located near the center of the image, slightly above the players' feet. This is inferred because the players appear to be in mid-air or just after making contact with the ball, which suggests that the ball is close to them but not yet visible in the frame.",D5
71.jpg,19,"The ball is likely located near the center of the image, slightly above the players' feet. This is inferred because the players appear to be in mid-air or just after making contact with the ball, suggesting that the ball was recently kicked or passed between them. The ball's position would typically be in the area where the players' legs are closest together, which is around the center of the image.",D5
71.jpg,20,"The ball is likely located near the center of the image, slightly above and to the left of the player wearing the red jersey (number 19). This is inferred because the players' body language suggests they are all looking towards that area, indicating the ball's probable location.",D5
71.jpg,21,"The ball is likely located near the center of the image, slightly above and to the left of the player wearing the red jersey (number 19). This is inferred because the players' body language suggests they are all looking towards that area, indicating the ball's probable location.",D5
71.jpg,22,"The ball is likely located near the center of the image, slightly above the players' feet. This is inferred because the players appear to be in mid-air or just after making contact with the ball, suggesting that the ball was recently kicked or passed between them. The ball's position would typically be in the area where the players' legs are closest together, which is around the center of the image.",D5
71.jpg,23,"The ball is likely located near the center of the image, slightly above the players' feet. This is inferred because the players appear to be in mid-air or just after making contact with the ball, suggesting that the ball was recently kicked or passed between them. The ball's position would typically be in the area where the players' legs are closest together, which is around the center of the image.",D5
71.jpg,24,"The ball is likely located near the center of the image, slightly above the players' feet. This is inferred because the players appear to be in mid-air or just after making contact with the ball, suggesting that the ball was recently kicked or passed between them. The ball's position would typically be in the area where the players' legs are closest together, which is around the center of the image.",D5
71.jpg,25,"The ball is likely located near the center of the image, slightly above and to the left of the player wearing the red jersey (number 19). This is inferred because the players' body language suggests they are all looking towards that area, indicating the ball's probable location.",D5
71.jpg,26,"The ball is likely located near the center of the image, slightly above the players' feet. This is inferred because the players appear to be in mid-air or just after making contact with the ball, which suggests that the ball is close to them but not yet visible in the frame.",D5
71.jpg,27,"The ball is likely located near the center of the image, slightly above and to the left of the player wearing the red jersey (number 19). This is inferred because the players appear to be in motion, suggesting that the ball was recently passed or kicked in that area. The ball's trajectory would typically follow the direction of the players' movements, which points towards the center-left of the image.",D5
71.jpg,28,"The ball is likely located near the center of the image, slightly above and to the left of the player wearing the red jersey (number 19). This is inferred because the players' body language suggests they are all looking towards that area, indicating the ball's probable location.",D5
71.jpg,29,"The ball is likely located near the center of the image, slightly above the players' feet. This is inferred because the players appear to be in mid-air or just after making contact with the ball, suggesting that the ball was recently kicked or passed between them. The ball's position would typically be in the area where the players' legs are closest together, which is around the center of the image.",D5
71.jpg,30,"The ball is likely located near the center of the image, slightly above and to the left of the player wearing the red jersey (number 19). This is inferred because the players appear to be in motion, suggesting that the ball was recently passed or kicked in that area. The ball's trajectory would typically follow the direction of the players' movements, which points towards the center-left of the image.",D5
71.jpg,31,"The ball is likely located near the center of the image, slightly above and to the left of the player wearing the red jersey (number 19). This is inferred because the players appear to be in motion, suggesting that the ball was recently kicked or passed in that area. The ball's trajectory would typically follow the direction of the players' movements, which points towards the center-left of the image.",D5
71.jpg,32,"The ball is likely located near the center of the image, slightly above and to the left of the player wearing the red jersey (number 19). This is inferred because the players' body language suggests they are all looking towards that area, indicating the ball's probable location.",D5
71.jpg,33,"The ball is likely located near the center of the image, slightly above the players' feet. This is inferred because the players appear to be in mid-air or just after making contact with the ball, suggesting that the ball was recently kicked or passed between them. The ball's position would typically be in the area where the players' legs are closest together, which is around the center of the image.",D5
71.jpg,34,"The ball is likely located near the center of the image, slightly above and to the left of the player wearing the red jersey (number 19). This is inferred because the players appear to be in motion, suggesting that the ball was recently passed or kicked in that area. The ball's trajectory would typically follow the direction of the players' movements, which points towards the center-left of the image.",D5
71.jpg,35,"The ball is likely located near the center of the image, slightly above and to the left of the player wearing the red jersey (number 19). This is inferred because the players appear to be in motion, suggesting that the ball was recently kicked or passed in that area. The ball's trajectory would typically follow the direction of the players' movements, which points towards the center-left of the image.",D5
71.jpg,36,"The ball is likely located near the center of the image, slightly above the players' feet. This is inferred because the players appear to be in mid-air or just after making contact with the ball, suggesting that the ball was recently kicked or passed between them. The ball's position would typically be in the area where the players' legs are closest together, which is around the center of the image.",D5
71.jpg,37,"The ball is likely located near the center of the image, slightly above and to the left of the player wearing the red jersey (number 19). This is inferred because the players' body language suggests they are all looking towards that area, indicating the ball's probable location.",D5
71.jpg,38,"The ball is likely located near the center of the image, slightly above the players' feet. This is inferred because the players appear to be in mid-air or just after making contact with the ball, suggesting that the ball was recently kicked or passed between them. The ball's position would typically be in the area where the players' legs are closest together, which is around the center of the image.",D5
71.jpg,39,"The ball is likely located near the center of the image, slightly above and to the left of the player wearing the red jersey (number 19). This is inferred because the players' body language suggests they are all looking towards that area, indicating the ball's probable location.",D5
71.jpg,40,"The ball is likely located near the center of the image, slightly above and to the left of the player wearing the red jersey (number 19). This is inferred because the players' body language suggests they are all looking towards that area, indicating the ball's probable location.",D5
71.jpg,41,"The ball is likely located near the center of the image, slightly above the players' feet. This is inferred because the players appear to be in mid-air or just after making contact with the ball, which suggests that the ball is close to them but not yet visible in the frame.",D5
71.jpg,42,"The ball is likely located near the center of the image, slightly above the players' feet. This is inferred because the players appear to be in mid-air or just after making contact with the ball, suggesting that the ball was recently kicked or passed between them. The ball's position would typically be in the area where the players' legs are closest together, which is around the center of the image.",D5
71.jpg,43,"The ball is likely located near the center of the image, slightly above the players' feet. This is inferred because the players appear to be in mid-air or just after making contact with the ball, which suggests that the ball is close to them but not yet visible in the frame.",D5
71.jpg,44,"The ball is likely located near the center of the image, slightly above and to the left of the player wearing the red jersey (number 19). This is inferred because the players' body language suggests they are all looking towards that area, indicating the ball's probable location.",D5
71.jpg,45,"The ball is likely located near the center of the image, slightly above the players' feet. This is inferred because the players appear to be in mid-air or just after making contact with the ball, suggesting that the ball was recently kicked or passed between them. The ball's position would typically be in the area where the players' legs are closest together, which is around the center of the image.",D5
71.jpg,46,"The ball is likely located near the center of the image, slightly above and to the left of the player wearing the red jersey (number 19). This is inferred because the players' body language suggests they are all looking towards that area, indicating the ball's probable location.",D5
71.jpg,47,"The ball is likely located near the center of the image, slightly above the players' feet. This is inferred because the players appear to be in mid-air or just after making contact with the ball, which suggests that the ball is close to them but not yet visible in the frame.",D5
71.jpg,48,"The ball is likely located near the center of the image, slightly above the players' feet. This is inferred because the players appear to be in mid-air or just after making contact with the ball, which suggests that the ball is close to them but not yet visible in the frame.",D5
71.jpg,49,"The ball is likely located near the center of the image, slightly above the players' feet. This is inferred because the players appear to be in mid-air or just after making contact with the ball, suggesting that the ball was recently kicked or passed between them. The ball's position would typically be in the area where the players' legs are closest together, which is around the center of the image.",D5
71.jpg,50,"The ball is likely located near the center of the image, slightly above the players' feet. This is inferred because the players appear to be in mid-air or just after making contact with the ball, suggesting that the ball was recently kicked or passed between them. The ball's position would typically be in the area where the players' legs are closest together, which is around the center of the image.",D5
222.jpg,1,"The ball is likely located in the center of the field, as it was recently kicked by the player in white (cell B3). The trajectory of the kick suggests that the ball would be moving towards the center of the field, which corresponds to cells C5 or D6.",C5
222.jpg,2,"The ball is likely located in the center of the field, as it was recently kicked by the player in white (cell B3). The trajectory of the kick suggests that the ball would be moving towards the center of the field, which corresponds to cells C5 or D6.",C5
222.jpg,3,"The ball is likely located in the center of the field, as it was recently kicked by the player in white (cell B3). The trajectory of the kick suggests that the ball would be moving towards the center of the field, which corresponds to cells C5 or D6.",C5
222.jpg,4,"The ball is likely located in the center of the field, as it was recently kicked by the player in white (cell B3). The trajectory of the kick suggests that the ball would be moving towards the center of the field, which corresponds to cells C5 or D6.",C5
222.jpg,5,"The ball is likely located in the center of the field, as it was recently kicked by the player in white (cell B3). The trajectory of the kick suggests that the ball would be moving towards the center of the field, which corresponds to cells C5 or D6.",C5
222.jpg,6,"The ball is likely located in the center of the field, as it was recently kicked by the player in white (cell B3). The trajectory of the kick suggests that the ball would be moving towards the center of the field, which corresponds to cells C5 or D6.",C5
222.jpg,7,"The ball is likely located in the center of the field, as it was recently kicked by the player in white (cell B3). The trajectory of the kick suggests that the ball would be moving towards the center of the field, which corresponds to cells C5 or D6.",C5
222.jpg,8,"The ball is likely located in the center of the field, as it was recently kicked by the player in white (cell B3). The trajectory of the kick suggests that the ball would be moving towards the center of the field, which corresponds to cells C5 or D6.",C5
222.jpg,9,"The ball is likely located in the center of the field, as it was recently kicked by the player in white (cell B3). The trajectory of the kick suggests that the ball would be moving towards the center of the field, which corresponds to cells C5 or D6.",C5
222.jpg,10,"The ball is likely located in the center of the field, as it was recently kicked by the player in white (cell B3). The trajectory of the kick suggests that the ball would be moving towards the center of the field, which corresponds to cells C5 or D6.",C5
222.jpg,11,"The ball is likely located in the center of the field, as it was recently kicked by the player in white (cell B3). The trajectory of the kick suggests that the ball would be moving towards the center of the field, which corresponds to cells C5 or D6.",C5
222.jpg,12,"The ball is likely located in the center of the field, as it was recently kicked by the player in white (cell B3). The trajectory of the kick suggests that the ball would be moving towards the center of the field, which corresponds to cells C5 or D6.",C5
222.jpg,13,"The ball is likely located in the center of the field, as it was recently kicked by the player in white (cell B3). The trajectory of the kick suggests that the ball would be moving towards the center of the field, which corresponds to cells C5 or D6.",C5
222.jpg,14,"The ball is likely located in the center of the field, as it was recently kicked by the player in white (cell B3). The trajectory of the kick suggests that the ball would be moving towards the center of the field, which corresponds to cells C5 or D6.",C5
222.jpg,15,"The ball is likely located in the center of the field, as it was recently kicked by the player in white (cell B3). The trajectory of the kick suggests that the ball would be moving towards the center of the field, which corresponds to cells C5 or D6.",C5
222.jpg,16,"The ball is likely located in the center of the field, as it was recently kicked by the player in white (cell B3). The trajectory of the kick suggests that the ball would be moving towards the center of the field, which corresponds to cells C5 or D6.",C5
222.jpg,17,"The ball is likely located in the center of the field, as it was recently kicked by the player in white (cell B3). The trajectory of the kick suggests that the ball would be moving towards the center of the field, which corresponds to cells C5 or D6.",C5
222.jpg,18,"The ball is likely located in the center of the field, as it was recently kicked by the player in white (cell B3). The trajectory of the kick suggests that the ball would be moving towards the center of the field, which corresponds to cells C5 or D6.",C5
222.jpg,19,"The ball is likely located in the center of the field, as it was recently kicked by the player in white (cell B3). The trajectory of the kick suggests that the ball would be moving towards the center of the field, which corresponds to cells C5 or D6.",C5
222.jpg,20,"The ball is likely located in the center of the field, as it was recently kicked by the player in white (cell B3). The trajectory of the kick suggests that the ball would be moving towards the center of the field, which corresponds to cells C5 or D6.",C5
222.jpg,21,"The ball is likely located in the center of the field, as it was recently kicked by the player in white (cell B3). The trajectory of the kick suggests that the ball would be moving towards the center of the field, which corresponds to cells C5 or D6.",C5
222.jpg,22,"The ball is likely located in the center of the field, as it was recently kicked by the player in white (cell B3). The trajectory of the kick suggests that the ball would be moving towards the center of the field, which corresponds to cells C5 or D6.",C5
222.jpg,23,"The ball is likely located in the center of the field, as it was recently kicked by the player in white (cell B3). The trajectory of the kick suggests that the ball would be moving towards the center of the field, which corresponds to cells C5 or D6.",C5
222.jpg,24,"The ball is likely located in the center of the field, as it was recently kicked by the player in white (cell B3). The trajectory of the kick suggests that the ball would be moving towards the center of the field, which corresponds to cells C5 or D6.",C5
222.jpg,25,"The ball is likely located in the center of the field, as it was recently kicked by the player in white (cell B3). The trajectory of the kick suggests that the ball would be moving towards the center of the field, which corresponds to cells C5 or D6.",C5
222.jpg,26,"The ball is likely located in the center of the field, as it was recently kicked by the player in white (cell B3). The trajectory of the kick suggests that the ball would be moving towards the center of the field, which corresponds to cells C5 or D6.",C5
222.jpg,27,"The ball is likely located in the center of the field, as it was recently kicked by the player in white (cell B3). The trajectory of the kick suggests that the ball would be moving towards the center of the field, which corresponds to cells C5 or D6.",C5
222.jpg,28,"The ball is likely located in the center of the field, as it was recently kicked by the player in white (cell B3). The trajectory of the kick suggests that the ball would be moving towards the center of the field, which corresponds to cells C5 or D6.",C5
222.jpg,29,"The ball is likely located in the center of the field, as it was recently kicked by the player in white (cell B3). The trajectory of the kick suggests that the ball would be moving towards the center of the field, which corresponds to cells C5 or D6.",C5
222.jpg,30,"The ball is likely located in the center of the field, as it was recently kicked by the player in white (cell B3). The trajectory of the kick suggests that the ball would be moving towards the center of the field, which corresponds to cells C5 or D6.",C5
222.jpg,31,"The ball is likely located in the center of the field, as it was recently kicked by the player in white (cell B3). The trajectory of the kick suggests that the ball would be moving towards the center of the field, which corresponds to cells C5 or D6.",C5
222.jpg,32,"The ball is likely located in the center of the field, as it was recently kicked by the player in white (cell B3). The trajectory of the kick suggests that the ball would be moving towards the center of the field, which corresponds to cells C5 or D6.",C5
222.jpg,33,"The ball is likely located in the center of the field, as it was recently kicked by the player in white (cell B3). The trajectory of the kick suggests that the ball would be moving towards the center of the field, which corresponds to cells C5 or D6.",C5
222.jpg,34,"The ball is likely located in the center of the field, as it was recently kicked by the player in white (cell B3). The trajectory of the kick suggests that the ball would be moving towards the center of the field, which corresponds to cells C5 or D6.",C5
222.jpg,35,"The ball is likely located in the center of the field, as it was recently kicked by the player in white (cell B3). The trajectory of the kick suggests that the ball would be moving towards the center of the field, which corresponds to cells C5 or D6.",C5
222.jpg,36,"The ball is likely located in the center of the field, as it was recently kicked by the player in white (cell B3). The trajectory of the kick suggests that the ball would be moving towards the center of the field, which corresponds to cells C5 or D6.",C5
222.jpg,37,"The ball is likely located in the center of the field, as it was recently kicked by the player in white (cell B3). The trajectory of the kick suggests that the ball would be moving towards the center of the field, which corresponds to cells C5 or D6.",C5
222.jpg,38,"The ball is likely located in the center of the field, as it was recently kicked by the player in white (cell B3). The trajectory of the kick suggests that the ball would be moving towards the center of the field, which corresponds to cells C5 or D6.",C5
222.jpg,39,"The ball is likely located in the center of the field, as it was recently kicked by the player in white (cell B3). The trajectory of the kick suggests that the ball would be moving towards the center of the field, which corresponds to cells C5 or D6.",C5
222.jpg,40,"The ball is likely located in the center of the field, as it was recently kicked by the player in white (cell B3). The trajectory of the kick suggests that the ball would be moving towards the center of the field, which corresponds to cells C5 or D6.",C5
222.jpg,41,"The ball is likely located in the center of the field, as it was recently kicked by the player in white (cell B3). The trajectory of the kick suggests that the ball would be moving towards the center of the field, which corresponds to cells C5 or D6.",C5
222.jpg,42,"The ball is likely located in the center of the field, as it was recently kicked by the player in white (cell B3). The trajectory of the kick suggests that the ball would be moving towards the center of the field, which corresponds to cells C5 or D6.",C5
222.jpg,43,"The ball is likely located in the center of the field, as it was recently kicked by the player in white (cell B3). The trajectory of the kick suggests that the ball would be moving towards the center of the field, which corresponds to cells C5 or D6.",C5
222.jpg,44,"The ball is likely located in the center of the field, as it was recently kicked by the player in white (cell B3). The trajectory of the kick suggests that the ball would be moving towards the center of the field, which corresponds to cells C5 or D6.",C5
222.jpg,45,"The ball is likely located in the center of the field, as it was recently kicked by the player in white (cell B3). The trajectory of the kick suggests that the ball would be moving towards the center of the field, which corresponds to cells C5 or D6.",C5
222.jpg,46,"The ball is likely located in the center of the field, as it was recently kicked by the player in white (cell B3). The trajectory of the kick suggests that the ball would be moving towards the center of the field, which corresponds to cells C5 or D6.",C5
222.jpg,47,"The ball is likely located in the center of the field, as it was recently kicked by the player in white (cell B3). The trajectory of the kick suggests that the ball would be moving towards the center of the field, which corresponds to cells C5 or D6.",C5
222.jpg,48,"The ball is likely located in the center of the field, as it was recently kicked by the player in white (cell B3). The trajectory of the kick suggests that the ball would be moving towards the center of the field, which corresponds to cells C5 or D6.",C5
222.jpg,49,"The ball is likely located in the center of the field, as it was recently kicked by the player in white (cell B3). The trajectory of the kick suggests that the ball would be moving towards the center of the field, which corresponds to cells C5 or D6.",C5
222.jpg,50,"The ball is likely located in the center of the field, as it was recently kicked by the player in white (cell B3). The trajectory of the kick suggests that the ball would be moving towards the center of the field, which corresponds to cells C5 or D6.",C5
4.jpg,1,"The ball is likely located near the center of the field, as it was recently kicked by the player in white (cell D2). Given the direction of the kick and the positioning of the players, the ball would have traveled towards the center of the field. The ball's trajectory suggests it would be in the area between cells C5 and E5.",E5
4.jpg,2,"The ball is likely located near the center of the field, as it was recently kicked by the player in white (cell D2). Given the direction of the kick and the positioning of the players, the ball would have traveled towards the center of the field. The ball's trajectory suggests it would be in the area between cells C5 and E5.",E5
4.jpg,3,"The ball is likely located near the center of the field, as it was recently kicked by the player in white (cell D2). Given the direction of the kick and the positioning of the players, the ball would have traveled towards the center of the field. The ball's trajectory suggests it would be in the area between cells C5 and E5.",E5
4.jpg,4,"The ball is likely located near the center of the field, as it was recently kicked by the player in white (cell D2). Given the direction of the kick and the positioning of the players, the ball would have traveled towards the center of the field. The ball's trajectory suggests it would be in the area between cells C5 and E5.",E5
4.jpg,5,"The ball is likely located near the center of the field, as it was recently passed or kicked by the player in red (cell C5). Given the direction of the players' movements and the positioning of the players, the ball would have traveled towards the center of the field before being intercepted or passed again.",C5
4.jpg,6,"The ball is likely located near the center of the field, as it was recently kicked by the player in white (cell D2). Given the direction of the kick and the positioning of the players, the ball would have traveled towards the center of the field. The ball's trajectory suggests it would be in the area between cells C5 and E5.",E5
4.jpg,7,"The ball is likely located near the center of the field, as it was recently passed or kicked by the player in red (cell C5). Given the direction of the players' movements and the positioning of the players, the ball would have traveled towards the center of the field before being intercepted or passed again.",C5
4.jpg,8,"The ball is likely located near the center of the field, as it was recently kicked by the player in white (cell D2). Given the direction of the kick and the positioning of the players, the ball would have traveled towards the center of the field. The ball's trajectory suggests it would be in the area between cells C5 and E5.",E5
4.jpg,9,"The ball is likely located near the center of the field, as it was recently passed or kicked by the player in red (cell C5). Given the direction of the players' movements and the positioning of the players, the ball would have traveled towards the center of the field before being intercepted or passed again. Therefore, the ball is most likely in the central area of the field.",C5
4.jpg,10,"The ball is likely located near the center of the field, as it was recently passed or kicked by the player in red (cell C5). Given the direction of the players' movements and the positioning of the players, the ball would have traveled towards the center of the field before being intercepted or passed again. Therefore, the ball is most likely in the central area of the field.",C5
4.jpg,11,"The ball is likely located near the center of the field, as it was recently passed or kicked by the player in red (cell C5). Given the direction of the players' movements and the positioning of the players, the ball would have traveled towards the center of the field before being intercepted or passed again.",C5
4.jpg,12,"The ball is likely located near the center of the field, as it was recently kicked by the player in white (cell D2). Given the direction of the kick and the positioning of the players, the ball would have traveled towards the center of the field. The ball's trajectory suggests it would be in the area between cells C5 and E5.",E5
4.jpg,13,"The ball is likely located near the center of the field, as it was recently kicked by the player in white (cell D2). Given the direction of the kick and the positioning of the players, the ball would have traveled towards the center of the field. The ball's trajectory suggests it would be in the area between cells C5 and E5.",E5
4.jpg,14,"The ball is likely located near the center of the field, as it was recently kicked by the player in white (cell D2). Given the direction of the kick and the positioning of the players, the ball would have traveled towards the center of the field. The ball's trajectory suggests it would be in the area between cells C5 and E5.",E5
4.jpg,15,"The ball is likely located near the center of the field, as it was recently kicked by the player in white (cell D2). Given the direction of the kick and the positioning of the players, the ball would have traveled towards the center of the field. The ball's trajectory suggests it would be in the area between cells C5 and E5.",E5
4.jpg,16,"The ball is likely located near the center of the field, as it was recently passed or kicked by the player in red (cell C5). Given the direction of the players' movements and the positioning of the players, the ball would have traveled towards the center of the field before being intercepted or passed again.",C5
4.jpg,17,"The ball is likely located near the center of the field, as it was recently passed or kicked by the player in red (cell C5). Given the direction of the players' movements and the positioning of the players, the ball would have traveled towards the center of the field before being intercepted or passed again.",C5
4.jpg,18,"The ball is likely located near the center of the field, as it was recently passed or kicked by the player in red (cell C5). Given the direction of the players' movements and the positioning of the players, the ball would have traveled towards the center of the field before being intercepted or passed again.",C5
4.jpg,19,"The ball is likely located near the center of the field, as it was recently passed or kicked by the player in red (cell C5). Given the direction of the players' movements and the positioning of the players, the ball would have traveled towards the center of the field before being intercepted or passed again.",C5
4.jpg,20,"The ball is likely located near the center of the field, as it was recently kicked by the player in white (cell D2). Given the direction of the kick and the positioning of the players, the ball would have traveled towards the center of the field. The ball's trajectory suggests it would be in the area between cells C5 and E5.",E5
4.jpg,21,"The ball is likely located near the center of the field, as it was recently kicked by the player in white (cell D2). Given the direction of the kick and the positioning of the players, the ball would have traveled towards the center of the field. The ball's trajectory suggests it would be in the area between cells C5 and E5.",E5
4.jpg,22,"The ball is likely located near the center of the field, as it was recently kicked by the player in white (cell D2). Given the direction of the kick and the positioning of the players, the ball would have traveled towards the center of the field. The ball's trajectory suggests it would be in the area between cells C5 and E5.",E5
4.jpg,23,"The ball is likely located near the center of the field, as it was recently passed or kicked by the player in red (cell C5). Given the direction of the players' movements and the positioning of the players, the ball would have traveled towards the center of the field before being intercepted or passed again. Therefore, the ball is most likely in the central area of the field.",C5
4.jpg,24,"The ball is likely located near the center of the field, as it was recently kicked by the player in white (cell D2). Given the direction of the kick and the positioning of the players, the ball would have traveled towards the center of the field. The ball's trajectory suggests it would be in the area between cells C5 and E5.",E5
4.jpg,25,"The ball is likely located near the center of the field, as it was recently kicked by the player in white (cell D2). Given the direction of the kick and the positioning of the players, the ball would have traveled towards the center of the field. The ball's trajectory suggests it would be in the area between cells C5 and E5.",E5
4.jpg,26,"The ball is likely located near the center of the field, as it was recently passed or kicked by the player in red (cell C5). Given the direction of the players' movements and the positioning of the players, the ball would have traveled towards the center of the field before being intercepted or passed again.",C5
4.jpg,27,"The ball is likely located near the center of the field, as it was recently passed or kicked by the player in red (cell C5). Given the direction of the players' movements and the positioning of the players, the ball would have traveled towards the center of the field before being intercepted or passed again. Therefore, the ball is most likely in the central area of the field.",C5
4.jpg,28,"The ball is likely located near the center of the field, as it was recently passed or kicked by the player in red (cell C5). Given the direction of the players' movements and the positioning of the players, the ball would have traveled towards the center of the field before being intercepted or passed again. Therefore, the ball is most likely in the central area of the field.",C5
4.jpg,29,"The ball is likely located near the center of the field, as it was recently passed or kicked by the player in red (cell C5). Given the direction of the players' movements and the positioning of the players, the ball would have traveled towards the center of the field before being intercepted or passed again.",C5
4.jpg,30,"The ball is likely located near the center of the field, as it was recently kicked by the player in white (cell D2). Given the direction of the kick and the positioning of the players, the ball would have traveled towards the center of the field. The ball's trajectory suggests it would be in the area between cells C5 and E5.",E5
4.jpg,31,"The ball is likely located near the center of the field, as it was recently passed or kicked by the player in red (cell C5). Given the direction of the players' movements and the positioning of the players, the ball would have traveled towards the center of the field before being intercepted or passed again. Therefore, the ball is most likely in the central area of the field.",C5
4.jpg,32,"The ball is likely located near the center of the field, as it was recently kicked by the player in white (cell D2). Given the direction of the kick and the positioning of the players, the ball would have traveled towards the center of the field. The ball's trajectory suggests it would be in the area between cells C5 and E5.",E5
4.jpg,33,"The ball is likely located near the center of the field, as it was recently passed or kicked by the player in red (cell C5). Given the direction of the players' movements and the positioning of the players, the ball would have traveled towards the center of the field before being intercepted or passed again. Therefore, the ball is most likely in the central area of the field.",C5
4.jpg,34,"The ball is likely located near the center of the field, as it was recently passed or kicked by the player in red (cell C5). Given the direction of the players' movements and the positioning of the players, the ball would have traveled towards the center of the field before being intercepted or passed again. Therefore, the ball is most likely in the central area of the field.",C5
4.jpg,35,"The ball is likely located near the center of the field, as it was recently passed or kicked by the player in red (cell C5). Given the direction of the players' movements and the positioning of the players, the ball would have traveled towards the center of the field before being intercepted or passed again.",C5
4.jpg,36,"The ball is likely located near the center of the field, as it was recently kicked by the player in white (cell D2). Given the direction of the kick and the positioning of the players, the ball would have traveled towards the center of the field. The ball's trajectory suggests it would be in the area between cells C5 and E5.",E5
4.jpg,37,"The ball is likely located near the center of the field, as it was recently passed or kicked by the player in red (cell C5). Given the direction of the players' movements and the positioning of the players, the ball would have traveled towards the center of the field before being intercepted or passed again. Therefore, the ball is most likely in the central area of the field.",C5
4.jpg,38,"The ball is likely located near the center of the field, as it was recently passed or kicked by the player in red (cell C5). Given the direction of the players' movements and the positioning of the players, the ball would have traveled towards the center of the field before being intercepted or passed again. Therefore, the ball is most likely in the central area of the field.",C5
4.jpg,39,"The ball is likely located near the center of the field, as it was recently kicked by the player in white (cell D2). Given the direction of the kick and the positioning of the players, the ball would have traveled towards the center of the field. The ball's trajectory suggests it would be in the area between cells C5 and E5.",E5
4.jpg,40,"The ball is likely located near the center of the field, as it was recently passed or kicked by the player in red (cell C5). Given the direction of the players' movements and the positioning of the players, the ball would have traveled towards the center of the field before being intercepted or passed again. Therefore, the ball is most likely in the central area of the field.",C5
4.jpg,41,"The ball is likely located near the center of the field, as it was recently kicked by the player in white (cell D2). Given the direction of the kick and the positioning of the players, the ball would have traveled towards the center of the field. The ball's trajectory suggests it would be in the area between cells C5 and E5.",E5
4.jpg,42,"The ball is likely located near the center of the field, as it was recently kicked by the player in white (cell D2). Given the direction of the kick and the positioning of the players, the ball would have traveled towards the center of the field. The ball's trajectory suggests it would be in the area between cells C5 and E5.",E5
4.jpg,43,"The ball is likely located near the center of the field, as it was recently passed or kicked by the player in red (cell C5). Given the direction of the players' movements and the positioning of the players, the ball would have traveled towards the center of the field before being intercepted or passed again.",C5
4.jpg,44,"The ball is likely located near the center of the field, as it was recently kicked by the player in white (cell D2). Given the direction of the kick and the positioning of the players, the ball would have traveled towards the center of the field. The ball's trajectory suggests it would be in the area between cells C5 and E5.",E5
4.jpg,45,"The ball is likely located near the center of the field, as it was recently passed or kicked by the player in red (cell C5). Given the direction of the players' movements and the positioning of the players, the ball would have traveled towards the center of the field before being intercepted or passed again.",C5
4.jpg,46,"The ball is likely located near the center of the field, as it was recently passed or kicked by the player in red (cell C5). Given the direction of the players' movements and the positioning of the players, the ball would have traveled towards the center of the field before being intercepted or passed again. Therefore, the ball is most likely in the central area of the field.",C5
4.jpg,47,"The ball is likely located near the center of the field, as it was recently passed or kicked by the player in red (cell C5). Given the direction of the players' movements and the positioning of the players, the ball would have traveled towards the center of the field before being intercepted or passed again. Therefore, the ball is most likely in the central area of the field.",C5
4.jpg,48,"The ball is likely located near the center of the field, as it was recently kicked by the player in white (cell D2). Given the direction of the kick and the positioning of the players, the ball would have traveled towards the center of the field. The ball's trajectory suggests it would be in the area between cells C5 and E5.",E5
4.jpg,49,"The ball is likely located near the center of the field, as it was recently passed or kicked by the player in red (cell C5). Given the direction of the players' movements and the positioning of the players, the ball would have traveled towards the center of the field before being intercepted or passed again.",C5
4.jpg,50,"The ball is likely located near the center of the field, as it was recently passed or kicked by the player in red (cell C5). Given the direction of the players' movements and the positioning of the players, the ball would have traveled towards the center of the field before being intercepted or passed again.",C5
3.jpg,1,"The ball is likely located near the center of the field, as it is a common area for players to be near during a soccer match. Given the positions of the players, it seems that the ball was recently passed or kicked towards the center of the field. The players' body language suggests they are moving towards the center, indicating the ball's recent movement there.",D5
3.jpg,2,"The ball is likely located near the center of the field, as it is a common area for play during a soccer match. Given the positions of the players, it seems that the ball was recently passed or kicked towards the center of the field. The players' body language suggests they are moving towards the center, indicating the ball's recent movement there.",D5
3.jpg,3,"The ball is likely located near the center of the field, as it is a common area for play during a soccer match. Given the positions of the players, it seems that the ball was recently passed or kicked towards the center of the field. The players' body language suggests they are moving towards the center, indicating the ball's recent movement there.",D5
3.jpg,4,"The ball is likely located near the center of the field, as it is a common area for players to be near during a soccer match. Given the positions of the players, it seems that the ball could have been recently passed or is about to be played by one of the players in the central area of the field.",D5
3.jpg,5,"The ball is likely located near the center of the field, as it is a common area for players to be near during a soccer match. Given the positions of the players, it seems that the ball was recently passed or kicked towards the center of the field. The players' body language suggests they are moving towards the center, indicating the ball's recent movement there.",D5
3.jpg,6,"The ball is likely located near the center of the field, as it is a common area for play during a soccer match. Given the positions of the players, it seems that the ball was recently passed or kicked towards the center of the field. The players' body language suggests they are moving towards the center, indicating the ball's recent movement there.",D5
3.jpg,7,"The ball is likely located near the center of the field, as it is a common area for play during a soccer match. Given the positions of the players, it seems that the ball was recently passed or kicked towards the center of the field. The players' body language suggests they are moving towards the center, indicating the ball's recent movement there.",D5
3.jpg,8,"The ball is likely located near the center of the field, as it is a common area for play during a soccer match. Given the positions of the players, it seems that the ball was recently passed or kicked towards the center of the field. The players' body language suggests they are moving towards the center, indicating the ball's recent movement there.",D5
3.jpg,9,"The ball is likely located near the center of the field, as it is a common area for players to be near during a soccer match. Given the positions of the players, it seems that the ball was recently passed or kicked towards the center of the field. The players' body language suggests they are looking in that direction, indicating the ball's recent movement.",D5
3.jpg,10,"The ball is likely located near the center of the field, as it is a common area for players to be near during a soccer match. Given the positions of the players, it seems that the ball could have been recently passed or is about to be played by one of the players in the central area. The ball is not visible in the image, but based on the context, it's reasonable to infer its location.",D5
3.jpg,11,"The ball is likely located near the center of the field, as it is a common area for players to be near during a soccer match. Given the positions of the players, it seems that the ball could have been recently passed or is about to be played by one of the players in the central area. The ball is not visible in the image, but based on the context, it's reasonable to infer its location.",D5
3.jpg,12,"The ball is likely located near the center of the field, as it is a common area for players to be near during a soccer match. Given the positions of the players, it seems that the ball was recently passed or kicked towards the center of the field. The players' body language suggests they are moving towards the center, indicating the ball's recent movement there.",D5
3.jpg,13,"The ball is likely located near the center of the field, as it is a common area for players to be near during a soccer match. Given the positions of the players, it seems that the ball was recently passed or kicked towards the center of the field. The players' body language suggests they are looking in that direction, indicating the ball's recent movement.",D5
3.jpg,14,"The ball is likely located near the center of the field, as it is a common area for play during a soccer match. Given the positions of the players, it seems that the ball was recently passed or kicked towards the center of the field. The players' body language suggests they are moving towards the center, indicating the ball's recent movement there.",D5
3.jpg,15,"The ball is likely located near the center of the field, as it is a common area for play during a soccer match. Given the positions of the players, it seems that the ball was recently passed or kicked towards the center of the field. The players' body language suggests they are moving towards the center, indicating the ball's recent movement there.",D5
3.jpg,16,"The ball is likely located near the center of the field, as it is a common area for players to be near during a soccer match. Given the positions of the players, it seems that the ball could have been recently passed or is about to be played by one of the players in the central area. The ball is not visible in the image, but based on the context, it's reasonable to infer its location.",D5
3.jpg,17,"The ball is likely located near the center of the field, as it is a common area for play during a soccer match. Given the positions of the players, it seems that the ball was recently passed or kicked towards the center of the field. The players' body language suggests they are moving towards the center, indicating the ball's recent movement there.",D5
3.jpg,18,"The ball is likely located near the center of the field, as it is a common area for play during a soccer match. Given the positions of the players, it seems that the ball was recently passed or kicked towards the center of the field. The players' body language suggests they are moving towards the center, indicating the ball's recent movement there.",D5
3.jpg,19,"The ball is likely located near the center of the field, as it is a common area for play during a soccer match. Given the positions of the players, it seems that the ball was recently passed or kicked towards the center of the field. The players' body language suggests they are moving towards the center, indicating the ball's recent movement there.",D5
3.jpg,20,"The ball is likely located near the center of the field, as it is a common area for players to be near during a soccer match. Given the positions of the players, it seems that the ball could have been recently passed or is about to be played by one of the players in the central area of the field.",D5
3.jpg,21,"The ball is likely located near the center of the field, as it is a common area for players to be near during a soccer match. Given the positions of the players, it seems that the ball was recently passed or kicked towards the center of the field. The players' body language suggests they are looking in that direction, indicating the ball's recent movement.",D5
3.jpg,22,"The ball is likely located near the center of the field, as it is a common area for play during a soccer match. Given the positions of the players, it seems that the ball was recently passed or kicked towards the center of the field. The players' body language suggests they are moving towards the center, indicating the ball's recent movement there.",D5
3.jpg,23,"The ball is likely located near the center of the field, as it is a common area for players to be near during a soccer match. Given the positions of the players, it seems that the ball was recently passed or kicked towards the center of the field. The players' body language suggests they are moving towards the center, indicating the ball's recent movement there.",D5
3.jpg,24,"The ball is likely located near the center of the field, as it is a common area for players to be near during a soccer match. Given the positions of the players, it seems that the ball was recently passed or kicked towards the center of the field. The players' body language suggests they are looking in that direction, indicating the ball's recent movement.",D5
3.jpg,25,"The ball is likely located near the center of the field, as it is a common area for players to be near during a soccer match. Given the positions of the players, it seems that the ball could have been recently passed or is about to be played by one of the players in the central area of the field.",D5
3.jpg,26,"The ball is likely located near the center of the field, as it is a common area for play during a soccer match. Given the positions of the players, it seems that the ball was recently passed or kicked towards the center of the field. The players' body language suggests they are moving towards the center, indicating the ball's recent movement there.",D5
3.jpg,27,"The ball is likely located near the center of the field, as it is a common area for play during a soccer match. Given the positions of the players, it seems that the ball was recently passed or kicked towards the center of the field. The players' body language suggests they are moving towards the center, indicating the ball's recent movement there.",D5
3.jpg,28,"The ball is likely located near the center of the field, as it is a common area for play during a soccer match. Given the positions of the players, it seems that the ball was recently passed or kicked towards the center of the field. The players' body language suggests they are moving towards the center, indicating the ball's recent movement there.",D5
3.jpg,29,"The ball is likely located near the center of the field, as it is a common area for play during a soccer match. Given the positions of the players, it seems that the ball was recently passed or kicked towards the center of the field. The players' body language suggests they are moving towards the center, indicating the ball's recent movement there.",D5
3.jpg,30,"The ball is likely located near the center of the field, as it is a common area for play during a soccer match. Given the positions of the players, it seems that the ball was recently passed or kicked towards the center of the field. The players' body language suggests they are moving towards the center, indicating the ball's recent movement there.",D5
3.jpg,31,"The ball is likely located near the center of the field, as it is a common area for players to be near during a soccer match. Given the positions of the players, it seems that the ball was recently passed or kicked towards the center of the field. The players' body language suggests they are moving towards the center, indicating the ball's recent movement there.",D5
3.jpg,32,"The ball is likely located near the center of the field, as it is a common area for play during a soccer match. Given the positions of the players, it seems that the ball was recently passed or kicked towards the center of the field. The players' body language suggests they are moving towards the center, indicating the ball's recent movement there.",D5
3.jpg,33,"The ball is likely located near the center of the field, as it is a common area for players to be near during a soccer match. Given the positions of the players, it seems that the ball could have been recently passed or is about to be played by one of the players in the central area of the field.",D5
3.jpg,34,"The ball is likely located near the center of the field, as it is a common area for play during a soccer match. Given the positions of the players, it seems that the ball was recently passed or kicked towards the center of the field. The players' body language suggests they are moving towards the center, indicating the ball's recent movement there.",D5
3.jpg,35,"The ball is likely located near the center of the field, as it is a common area for play during a soccer match. Given the positions of the players, it seems that the ball was recently passed or kicked towards the center of the field. The players' body language suggests they are moving towards the center, indicating the ball's recent movement there.",D5
3.jpg,36,"The ball is likely located near the center of the field, as it is a common area for players to be near during a soccer match. Given the positions of the players, it seems that the ball could have been recently passed or is about to be played by one of the players in the central area of the field.",D5
3.jpg,37,"The ball is likely located near the center of the field, as it is a common area for play during a soccer match. Given the positions of the players, it seems that the ball was recently passed or kicked towards the center of the field. The players' body language suggests they are moving towards the center, indicating the ball's recent movement there.",D5
3.jpg,38,"The ball is likely located near the center of the field, as it is a common area for players to be near during a soccer match. Given the positions of the players, it seems that the ball was recently passed or kicked towards the center of the field. The players' body language suggests they are moving towards the center, indicating the ball's recent movement there.",D5
3.jpg,39,"The ball is likely located near the center of the field, as it is a common area for players to be near during a soccer match. Given the positions of the players, it seems that the ball was recently passed or kicked towards the center of the field. The players' body language suggests they are moving towards the center, indicating the ball's recent movement there.",D5
3.jpg,40,"The ball is likely located near the center of the field, as it is a common area for players to be near during a soccer match. Given the positions of the players, it seems that the ball was recently passed or kicked towards the center of the field. The players' body language suggests they are moving towards the center, indicating the ball's recent movement there.",D5
3.jpg,41,"The ball is likely located near the center of the field, as it is a common area for players to be near during a soccer match. Given the positions of the players, it seems that the ball could have been recently passed or is about to be played by one of the players in the central area of the field.",D5
3.jpg,42,"The ball is likely located near the center of the field, as it is a common area for play during a soccer match. Given the positions of the players, it seems that the ball was recently passed or kicked towards the center of the field. The players' body language suggests they are moving towards the center, indicating the ball's recent movement there.",D5
3.jpg,43,"The ball is likely located near the center of the field, as it is a common area for players to be near during a soccer match. Given the positions of the players, it seems that the ball could have been recently passed or is about to be played by one of the players in the central area of the field.",D5
3.jpg,44,"The ball is likely located near the center of the field, as it is a common area for players to be near during a soccer match. Given the positions of the players, it seems that the ball could have been recently passed or is about to be played by one of the players in the central area. The ball is not visible in the image, but based on the context, it's reasonable to infer its location.",D5
3.jpg,45,"The ball is likely located near the center of the field, as it is a common area for players to be near during a soccer match. Given the positions of the players, it seems that the ball could have been recently passed or is about to be played by one of the players in the central area. The ball is not visible in the image, but based on the context, it's reasonable to infer its location.",D5
3.jpg,46,"The ball is likely located near the center of the field, as it is a common area for players to be near during a soccer match. Given the positions of the players, it seems that the ball was recently passed or kicked towards the center of the field. The players' body language suggests they are moving towards the center, indicating the ball's recent movement there.",D5
3.jpg,47,"The ball is likely located near the center of the field, as it is a common area for play during a soccer match. Given the positions of the players, it seems that the ball was recently passed or kicked towards the center of the field. The players' body language suggests they are moving towards the center, indicating the ball's recent movement there.",D5
3.jpg,48,"The ball is likely located near the center of the field, as it is a common area for players to be near during a soccer match. Given the positions of the players, it seems that the ball was recently passed or kicked towards the center of the field. The players' body language suggests they are looking in that direction, indicating the ball's recent movement.",D5
3.jpg,49,"The ball is likely located near the center of the field, as it is a common area for play during a soccer match. Given the positions of the players, it seems that the ball was recently passed or kicked towards the center of the field. The players' body language suggests they are moving towards the center, indicating the ball's recent movement there.",D5
3.jpg,50,"The ball is likely located near the center of the field, as it is a common area for play during a soccer match. Given the positions of the players, it seems that the ball was recently passed or kicked towards the center of the field. The players' body language suggests they are moving towards the center, indicating the ball's recent movement there.",D5
28.jpg,1,"The ball is likely located near the player in the black and white striped jersey, as this player appears to be in motion, possibly having just kicked or passed the ball. Given the direction of his body and the positioning of his legs, it's reasonable to infer that the ball is close to him but not visible in the image.",E8
28.jpg,2,"The ball is likely located near the player in the black and white striped jersey, as this player appears to be in motion, possibly having just kicked or passed the ball. Given the direction of his body and the positioning of his legs, it's reasonable to infer that the ball is close to him but not visible in the image.",D8
28.jpg,3,"The ball is likely located near the player in the black and white striped jersey, as this player appears to be in motion, possibly having just kicked or passed the ball. Given the direction of his body and the positioning of his legs, it's reasonable to infer that the ball is close to him but not visible in the image.",D8
28.jpg,4,"The ball is likely located near the player in the black and white striped jersey, as this player appears to be in motion, possibly having just kicked or passed the ball. Given the direction of his body and the positioning of his legs, it's reasonable to infer that the ball is close to him but not visible in the image.",D8
28.jpg,5,"The ball is likely located near the player in the black and white striped jersey, as this player appears to be in motion, possibly having just kicked or passed the ball. Given the direction of his body and the positioning of his legs, it's reasonable to infer that the ball is close to him but not visible in the image.",D8
28.jpg,6,"The ball is likely located near the player in the black and white striped jersey, as this player appears to be in motion, possibly having just kicked or passed the ball. Given the direction of his body and the positioning of his legs, it's reasonable to infer that the ball is close to him but not visible in the image.",D8
28.jpg,7,"The ball is likely located near the player in the black and white striped jersey, as this player appears to be in motion, possibly having just kicked or passed the ball. Given the direction of his body and the positioning of his legs, it's reasonable to infer that the ball is close to him but not visible in the image.",E8
28.jpg,8,"The ball is likely located near the player in the black and white striped jersey, as this player appears to be in motion, possibly having just kicked or passed the ball. Given the direction of his body and the positioning of his legs, it's reasonable to infer that the ball is close to him but not visible in the image.",D8
28.jpg,9,"The ball is likely located near the player in the black and white striped jersey, as this player appears to be in motion, possibly having just kicked or passed the ball. Given the direction of his body and the positioning of his legs, it's reasonable to infer that the ball is close to him but not visible in the image.",E8
28.jpg,10,"The ball is likely located near the player in the black and white striped jersey, as this player appears to be in motion, possibly having just kicked or passed the ball. Given the direction of his body and the positioning of his legs, it's reasonable to infer that the ball is close to him but not visible in the image.",E8
28.jpg,11,"The ball is likely located near the player in the black and white striped jersey, as this player appears to be in motion, possibly having just kicked or passed the ball. Given the direction of his body and the positioning of his legs, it's reasonable to infer that the ball is close to him but not visible in the image.",D8
28.jpg,12,"The ball is likely located near the player in the black and white striped jersey, as this player appears to be in motion, possibly having just kicked or passed the ball. Given the direction of his body and the positioning of his legs, it's reasonable to infer that the ball is close to him but not visible in the image.",E8
28.jpg,13,"The ball is likely located near the player in the black and white striped jersey, as this player appears to be in motion, possibly having just kicked or passed the ball. Given the direction of his body and the positioning of his legs, it's reasonable to infer that the ball is close to him but not visible in the image.",D8
28.jpg,14,"The ball is likely located near the player in the black and white striped jersey, as this player appears to be in motion, possibly having just kicked or passed the ball. Given the direction of his body and the positioning of his legs, it's reasonable to infer that the ball is close to him but not visible in the image.",E8
28.jpg,15,"The ball is likely located near the player in the black and white striped jersey, as this player appears to be in motion, possibly having just kicked or passed the ball. Given the direction of his body and the positioning of his legs, it's reasonable to infer that the ball is close to him but not visible in the image.",E8
28.jpg,16,"The ball is likely located near the player in the black and white striped jersey, as this player appears to be in motion, possibly having just kicked or passed the ball. Given the direction of his body and the positioning of his legs, it's reasonable to infer that the ball is close to him but not visible in the image.",E8
28.jpg,17,"The ball is likely located near the player in the black and white striped jersey, as this player appears to be in motion, possibly having just kicked or passed the ball. Given the direction of his body and the positioning of his legs, it's reasonable to infer that the ball is close to him but not visible in the image.",D8
28.jpg,18,"The ball is likely located near the player in the black and white striped jersey, as this player appears to be in motion, possibly having just kicked or passed the ball. Given the direction of his body and the positioning of his legs, it's reasonable to infer that the ball is close to him but not visible in the image.",E8
28.jpg,19,"The ball is likely located near the player in the black and white striped jersey, as this player appears to be in motion, possibly having just kicked or passed the ball. Given the direction of his body and the positioning of his legs, it's reasonable to infer that the ball is close to him but not visible in the image.",D8
28.jpg,20,"The ball is likely located near the player in the black and white striped jersey, as this player appears to be in motion, possibly having just kicked or passed the ball. Given the direction of his body and the positioning of his legs, it's reasonable to infer that the ball is close to him but not visible in the image.",E8
28.jpg,21,"The ball is likely located near the player in the black and white striped jersey, as this player appears to be in motion, possibly having just kicked or passed the ball. Given the direction of his body and the positioning of his legs, it's reasonable to infer that the ball is close to him but not visible in the image.",E8
28.jpg,22,"The ball is likely located near the player in the black and white striped jersey, as this player appears to be in motion, possibly having just kicked or passed the ball. Given the direction of his body and the positioning of his legs, it's reasonable to infer that the ball is close to him but not visible in the image.",E8
28.jpg,23,"The ball is likely located near the player in the black and white striped jersey, as this player appears to be in motion, possibly having just kicked or passed the ball. Given the direction of his body and the positioning of his legs, it's reasonable to infer that the ball is close to him but not visible in the image.",E8
28.jpg,24,"The ball is likely located near the player in the black and white striped jersey, as this player appears to be in motion, possibly having just kicked or passed the ball. Given the direction of his body and the positioning of his legs, it's reasonable to infer that the ball is close to him but not visible in the image.",D8
28.jpg,25,"The ball is likely located near the player in the black and white striped jersey, as this player appears to be in motion, possibly having just kicked or passed the ball. Given the direction of his body and the positioning of his legs, it's reasonable to infer that the ball is close to him but not visible in the image.",D8
28.jpg,26,"The ball is likely located near the player in the black and white striped jersey, as this player appears to be in motion, possibly having just kicked or passed the ball. Given the direction of his body and the positioning of his legs, it's reasonable to infer that the ball is close to him but not visible in the image.",E8
28.jpg,27,"The ball is likely located near the player in the black and white striped jersey, as this player appears to be in motion, possibly having just kicked or passed the ball. Given the direction of his body and the positioning of his legs, it's reasonable to infer that the ball is close to him but not visible in the image.",D8
28.jpg,28,"The ball is likely located near the player in the black and white striped jersey, as this player appears to be in motion, possibly having just kicked or passed the ball. Given the direction of his body and the positioning of his legs, it's reasonable to infer that the ball is close to him but not visible in the image.",D8
28.jpg,29,"The ball is likely located near the player in the black and white striped jersey, as this player appears to be in motion, possibly having just kicked or passed the ball. Given the direction of his body and the positioning of his legs, it's reasonable to infer that the ball is close to him but not visible in the image.",D8
28.jpg,30,"The ball is likely located near the player in the black and white striped jersey, as this player appears to be in motion, possibly having just kicked or passed the ball. Given the direction of his body and the positioning of his legs, it's reasonable to infer that the ball is close to him but not visible in the image.",D8
28.jpg,31,"The ball is likely located near the player in the black and white striped jersey, as this player appears to be in motion, possibly having just kicked or passed the ball. Given the direction of his body and the positioning of his legs, it's reasonable to infer that the ball is close to him but not visible in the image.",D8
28.jpg,32,"The ball is likely located near the player in the black and white striped jersey, as this player appears to be in motion, possibly having just kicked or passed the ball. Given the direction of his body and the positioning of his legs, it's reasonable to infer that the ball is close to him but not visible in the image.",D8
28.jpg,33,"The ball is likely located near the player in the black and white striped jersey, as this player appears to be in motion, possibly having just kicked or passed the ball. Given the direction of his body and the positioning of his legs, it's reasonable to infer that the ball is close to him but not visible in the image.",E8
28.jpg,34,"The ball is likely located near the player in the black and white striped jersey, as this player appears to be in motion, possibly having just kicked or passed the ball. Given the direction of his body and the positioning of his legs, it's reasonable to infer that the ball is close to him but not visible in the image.",D8
28.jpg,35,"The ball is likely located near the player in the black and white striped jersey, as this player appears to be in motion, possibly having just kicked or passed the ball. Given the direction of his body and the positioning of his legs, it's reasonable to infer that the ball is close to him but not visible in the image.",E8
28.jpg,36,"The ball is likely located near the player in the black and white striped jersey, as this player appears to be in motion, possibly having just kicked or passed the ball. Given the direction of his body and the positioning of his legs, it's reasonable to infer that the ball is close to him but not visible in the image.",E8
28.jpg,37,"The ball is likely located near the player in the black and white striped jersey, as this player appears to be in motion, possibly having just kicked or passed the ball. Given the direction of his body and the positioning of his legs, it's reasonable to infer that the ball is close to him but not visible in the image.",E8
28.jpg,38,"The ball is likely located near the player in the black and white striped jersey, as this player appears to be in motion, possibly having just kicked or passed the ball. Given the direction of his body and the positioning of his legs, it's reasonable to infer that the ball is close to him but not visible in the image.",D8
28.jpg,39,"The ball is likely located near the player in the black and white striped jersey, as this player appears to be in motion, possibly having just kicked or passed the ball. Given the direction of his body and the positioning of his legs, it's reasonable to infer that the ball is close to him but not visible in the image.",E8
28.jpg,40,"The ball is likely located near the player in the black and white striped jersey, as this player appears to be in motion, possibly having just kicked or passed the ball. Given the direction of his body and the positioning of his legs, it's reasonable to infer that the ball is close to him but not visible in the image.",D8
28.jpg,41,"The ball is likely located near the player in the black and white striped jersey, as this player appears to be in motion, possibly having just kicked or passed the ball. Given the direction of his body and the positioning of his legs, it's reasonable to infer that the ball is close to him but not visible in the image.",E8
28.jpg,42,"The ball is likely located near the player in the black and white striped jersey, as this player appears to be in motion, possibly having just kicked or passed the ball. Given the direction of his body and the positioning of his legs, it's reasonable to infer that the ball is close to him but not visible in the image.",D8
28.jpg,43,"The ball is likely located near the player in the black and white striped jersey, as this player appears to be in motion, possibly having just kicked or passed the ball. Given the direction of his body and the positioning of his legs, it's reasonable to infer that the ball is close to him but not visible in the image.",E8
28.jpg,44,"The ball is likely located near the player in the black and white striped jersey, as this player appears to be in motion, possibly having just kicked or passed the ball. Given the direction of his body and the positioning of his legs, it's reasonable to infer that the ball is close to him but not visible in the image.",E8
28.jpg,45,"The ball is likely located near the player in the black and white striped jersey, as this player appears to be in motion, possibly having just kicked or passed the ball. Given the direction of his body and the positioning of his legs, it's reasonable to infer that the ball is close to him but not visible in the image.",D8
28.jpg,46,"The ball is likely located near the player in the black and white striped jersey, as this player appears to be in motion, possibly having just kicked or passed the ball. Given the direction of his body and the positioning of his legs, it's reasonable to infer that the ball is close to him but not visible in the image.",E8
28.jpg,47,"The ball is likely located near the player in the black and white striped jersey, as this player appears to be in motion, possibly having just kicked or passed the ball. Given the direction of his body and the positioning of his legs, it's reasonable to infer that the ball is close to him but not visible in the image.",E8
28.jpg,48,"The ball is likely located near the player in the black and white striped jersey, as this player appears to be in motion, possibly having just kicked or passed the ball. Given the direction of his body and the positioning of his legs, it's reasonable to infer that the ball is close to him but not visible in the image.",E8
28.jpg,49,"The ball is likely located near the player in the black and white striped jersey, as this player appears to be in motion, possibly having just kicked or passed the ball. Given the direction of his body and the positioning of his legs, it's reasonable to infer that the ball is close to him but not visible in the image.",E8
28.jpg,50,"The ball is likely located near the player in the black and white striped jersey, as this player appears to be in motion, possibly having just kicked or passed the ball. Given the direction of his body and the positioning of his legs, it's reasonable to infer that the ball is close to him but not visible in the image.",E8
230.jpg,1,"The ball is likely located near the center of the field, as it was recently passed or kicked by the player in red (Man United). Given the direction of the players' movements and the positioning of the players, the ball would have traveled towards the center of the field. The yellow highlight on the ground suggests an area of recent activity, which further supports the idea that the ball is nearby.",D5
230.jpg,2,"The ball is likely located near the center of the field, as it was recently passed or kicked by the player in red (Man United). Given the direction of the pass and the positioning of the players, the ball would have traveled towards the center of the field. The yellow highlight on the ground suggests an area of recent activity, which further supports this inference.",D5
230.jpg,3,"The ball is likely located near the center of the field, as it was recently passed or kicked by the player in red (Man United). Given the direction of the pass and the positioning of the players, the ball would have traveled towards the center of the field. The yellow highlight on the ground suggests an area of recent activity, which further supports this inference.",D5
230.jpg,4,"The ball is likely located near the center of the field, as it was recently passed or kicked by the player in red (Man United). Given the direction of the pass and the positioning of the players, the ball would have traveled towards the center of the field. The yellow highlight on the ground suggests an area of recent activity, which aligns with the ball's probable trajectory.",D5
230.jpg,5,"The ball is likely located near the center of the field, as it was recently passed or kicked by the player in red (Man United). Given the direction of the players' movements and the positioning of the players, the ball would have traveled towards the center of the field. The yellow highlight on the ground suggests an area of recent activity, which further supports this inference.",D5
230.jpg,6,"The ball is likely located near the center of the field, as it was recently passed or kicked by the player in red (Man United). Given the direction of the pass and the positioning of the players, the ball would have traveled towards the center of the field. The yellow highlight on the ground suggests an area of recent activity, which aligns with the ball's trajectory.",D5
230.jpg,7,"The ball is likely located near the center of the field, as it was recently passed or kicked by the player in red (Man United). Given the direction of the players' movements and the positioning of the players, the ball would have traveled towards the center of the field. The yellow highlight on the ground suggests an area of recent activity, which further supports the idea that the ball is nearby.",D5
230.jpg,8,"The ball is likely located near the center of the field, as it was recently passed or kicked by the player in red (Man United). Given the direction of the pass and the positioning of the players, the ball would have traveled towards the center of the field. The yellow highlight on the ground suggests an area of recent activity, which further supports this inference.",D5
230.jpg,9,"The ball is likely located near the center of the field, as it was recently passed or kicked by the player in red (Man United). Given the direction of the players' movements and the positioning of the players, the ball would have traveled towards the center of the field. The yellow highlight on the ground suggests an area of recent activity, which further supports the idea that the ball is nearby.",D5
230.jpg,10,"The ball is likely located near the center of the field, as it was recently passed or kicked by the player in red (Man United). Given the direction of the players' movements and the positioning of the players, the ball would have traveled towards the center of the field. The yellow highlight on the ground suggests an area of recent activity, which further supports this inference.",D5
230.jpg,11,"The ball is likely located near the center of the field, as it was recently passed or kicked by the player in red (Man United). Given the direction of the players' movements and the positioning of the players, the ball would have traveled towards the center of the field. The yellow highlight on the ground suggests an area of recent activity, which further supports the idea that the ball is nearby.",D5
230.jpg,12,"The ball is likely located near the center of the field, as it was recently passed or kicked by the player in red (Man United). Given the direction of the pass and the positioning of the players, the ball would have traveled towards the center of the field. The yellow highlight on the ground suggests an area of recent activity, which further supports this inference.",D5
230.jpg,13,"The ball is likely located near the center of the field, as it was recently passed or kicked by the player in red (Man United). Given the direction of the pass and the positioning of the players, the ball would have traveled towards the center of the field. The yellow highlight on the ground suggests an area of recent activity, which further supports this inference.",D5
230.jpg,14,"The ball is likely located near the center of the field, as it was recently passed or kicked by the player in red (Man United). Given the direction of the players' movements and the positioning of the players, the ball would have traveled towards the center of the field. The yellow highlight on the ground suggests an area of recent activity, which further supports this inference.",D5
230.jpg,15,"The ball is likely located near the center of the field, as it was recently passed or kicked by the player in red (Man United). Given the direction of the pass and the positioning of the players, the ball would have traveled towards the center of the field. The yellow highlight on the ground suggests an area of recent activity, which further supports this inference.",D5
230.jpg,16,"The ball is likely located near the center of the field, as it was recently passed or kicked by the player in red (Man United). Given the direction of the pass and the positioning of the players, the ball would have traveled towards the center of the field. The yellow highlight on the ground suggests an area of recent activity, which further supports this inference.",D5
230.jpg,17,"The ball is likely located near the center of the field, as it was recently passed or kicked by the player in red (Man United). Given the direction of the players' movements and the positioning of the players, the ball would have traveled towards the center of the field. The yellow highlight on the ground suggests an area of recent activity, which further supports this inference.",D5
230.jpg,18,"The ball is likely located near the center of the field, as it was recently passed or kicked by the player in red (Man United). Given the direction of the players' movements and the positioning of the players, the ball would have traveled towards the center of the field. The yellow highlight on the ground suggests an area of recent activity, which further supports the idea that the ball is nearby.",D5
230.jpg,19,"The ball is likely located near the center of the field, as it was recently passed or kicked by the player in red (Man United). Given the direction of the players' movements and the positioning of the players, the ball would have traveled towards the center of the field. The yellow highlight on the ground suggests an area of recent activity, which further supports this inference.",D5
230.jpg,20,"The ball is likely located near the center of the field, as it was recently passed or kicked by the player in red (Man United). Given the direction of the players' movements and the positioning of the players, the ball would have traveled towards the center of the field. The yellow highlight on the ground suggests an area of recent activity, which further supports this inference.",D5
230.jpg,21,"The ball is likely located near the center of the field, as it was recently passed or kicked by the player in red (Man United). Given the direction of the pass and the positioning of the players, the ball would have traveled towards the center of the field. The yellow highlight on the ground suggests an area of recent activity, which further supports this inference.",D5
230.jpg,22,"The ball is likely located near the center of the field, as it was recently passed or kicked by the player in red (Man United). Given the direction of the players' movements and the positioning of the players, the ball would have traveled towards the center of the field. The yellow highlight on the ground suggests an area of recent activity, which further supports the idea that the ball is nearby.",D5
230.jpg,23,"The ball is likely located near the center of the field, as it was recently passed or kicked by the player in red (Man United). Given the direction of the players' movements and the positioning of the players, the ball would have traveled towards the center of the field. The yellow highlight on the ground suggests an area of recent activity, which further supports this inference.",D5
230.jpg,24,"The ball is likely located near the center of the field, as it was recently passed or kicked by the player in red (Man United). Given the direction of the players' movements and the positioning of the players, the ball would have traveled towards the center of the field. The yellow highlight on the ground suggests an area of recent activity, which further supports the idea that the ball is nearby.",D5
230.jpg,25,"The ball is likely located near the center of the field, as it was recently passed or kicked by the player in red (Man United). Given the direction of the players' movements and the positioning of the players, the ball would have traveled towards the center of the field. The yellow highlight on the ground suggests an area of recent activity, which further supports this inference.",D5
230.jpg,26,"The ball is likely located near the center of the field, as it was recently passed or kicked by the player in red (Man United). Given the direction of the players' movements and the positioning of the players, the ball would have traveled towards the center of the field. The yellow highlight on the ground suggests an area of recent activity, which further supports the idea that the ball is nearby.",D5
230.jpg,27,"The ball is likely located near the center of the field, as it was recently passed or kicked by the player in red (Man United). Given the direction of the pass and the positioning of the players, the ball would have traveled towards the center of the field. The yellow highlight on the ground suggests an area of recent activity, which aligns with the ball's probable trajectory.",D5
230.jpg,28,"The ball is likely located near the center of the field, as it was recently passed or kicked by the player in red (Man United). Given the direction of the pass and the positioning of the players, the ball would have traveled towards the center of the field. The yellow highlight on the ground suggests an area of recent activity, which further supports this inference.",D5
230.jpg,29,"The ball is likely located near the center of the field, as it was recently passed or kicked by the player in red (Man United). Given the direction of the players' movements and the positioning of the players, the ball would have traveled towards the center of the field. The yellow highlight on the ground suggests an area of recent activity, which further supports the idea that the ball is nearby.",D5
230.jpg,30,"The ball is likely located near the center of the field, as it was recently passed or kicked by the player in red (Man United). Given the direction of the players' movements and the positioning of the players, the ball would have traveled towards the center of the field. The yellow highlight on the ground suggests an area of recent activity, which further supports this inference.",D5
230.jpg,31,"The ball is likely located near the center of the field, as it was recently passed or kicked by the player in red (Man United). Given the direction of the pass and the positioning of the players, the ball would have traveled towards the center of the field. The yellow highlight on the ground suggests an area of recent activity, which aligns with the ball's probable trajectory.",D5
230.jpg,32,"The ball is likely located near the center of the field, as it was recently passed or kicked by the player in red (Man United). Given the direction of the pass and the positioning of the players, the ball would have traveled towards the center of the field. The yellow highlight on the ground suggests an area of recent activity, which aligns with the ball's trajectory.",D5
230.jpg,33,"The ball is likely located near the center of the field, as it was recently passed or kicked by the player in red (Man United). Given the direction of the pass and the positioning of the players, the ball would have traveled towards the center of the field. The yellow highlight on the ground suggests an area of recent activity, which aligns with the ball's probable trajectory.",D5
230.jpg,34,"The ball is likely located near the center of the field, as it was recently passed or kicked by the player in red (Man United). Given the direction of the pass and the positioning of the players, the ball would have traveled towards the center of the field. The yellow highlight on the ground suggests an area of recent activity, which further supports this inference.",D5
230.jpg,35,"The ball is likely located near the center of the field, as it was recently passed or kicked by the player in red (Man United). Given the direction of the players' movements and the positioning of the players, the ball would have traveled towards the center of the field. The yellow highlight on the ground suggests an area of recent activity, which further supports this inference.",D5
230.jpg,36,"The ball is likely located near the center of the field, as it was recently passed or kicked by the player in red (Man United). Given the direction of the players' movements and the positioning of the players, the ball would have traveled towards the center of the field. The yellow highlight on the ground suggests an area of recent activity, which further supports the idea that the ball is nearby.",D5
230.jpg,37,"The ball is likely located near the center of the field, as it was recently passed or kicked by the player in red (Man United). Given the direction of the players' movements and the positioning of the players, the ball would have traveled towards the center of the field. The yellow highlight on the ground suggests an area of recent activity, which further supports the idea that the ball is nearby.",D5
230.jpg,38,"The ball is likely located near the center of the field, as it was recently passed or kicked by the player in red (Man United). Given the direction of the players' movements and the positioning of the players, the ball would have traveled towards the center of the field. The yellow highlight on the ground suggests an area of recent activity, which further supports the idea that the ball is nearby.",D5
230.jpg,39,"The ball is likely located near the center of the field, as it was recently passed or kicked by the player in red (Man United). Given the direction of the pass and the positioning of the players, the ball would have traveled towards the center of the field. The yellow highlight on the ground suggests an area of recent activity, which aligns with the ball's trajectory.",D5
230.jpg,40,"The ball is likely located near the center of the field, as it was recently passed or kicked by the player in red (Man United). Given the direction of the pass and the positioning of the players, the ball would have traveled towards the center of the field. The yellow highlight on the ground suggests an area of recent activity, which further supports this inference.",D5
230.jpg,41,"The ball is likely located near the center of the field, as it was recently passed or kicked by the player in red (Man United). Given the direction of the pass and the positioning of the players, the ball would have traveled towards the center of the field. The yellow highlight on the ground suggests an area of recent activity, which further supports this inference.",D5
230.jpg,42,"The ball is likely located near the center of the field, as it was recently passed or kicked by the player in red (Man United). Given the direction of the pass and the positioning of the players, the ball would have traveled towards the center of the field. The yellow highlight on the ground suggests an area of recent activity, which aligns with the ball's trajectory.",D5
230.jpg,43,"The ball is likely located near the center of the field, as it was recently passed or kicked by the player in red (Man United). Given the direction of the players' movements and the positioning of the players, the ball would have traveled towards the center of the field. The yellow highlight on the ground suggests an area of recent activity, which further supports the idea that the ball is nearby.",D5
230.jpg,44,"The ball is likely located near the center of the field, as it was recently passed or kicked by the player in red (Man United). Given the direction of the players' movements and the positioning of the players, the ball would have traveled towards the center of the field. The yellow highlight on the ground suggests an area of recent activity, which further supports this inference.",D5
230.jpg,45,"The ball is likely located near the center of the field, as it was recently passed or kicked by the player in red (Man United). Given the direction of the players' movements and the positioning of the players, the ball would have traveled towards the center of the field. The yellow highlight on the ground suggests an area of recent activity, which further supports the idea that the ball is nearby.",D5
230.jpg,46,"The ball is likely located near the center of the field, as it was recently passed or kicked by the player in red (Man United). Given the direction of the players' movements and the positioning of the players, the ball would have traveled towards the center of the field. The yellow highlight on the ground suggests an area of recent activity, which further supports the idea that the ball is nearby.",D5
230.jpg,47,"The ball is likely located near the center of the field, as it was recently passed or kicked by the player in red (Man United). Given the direction of the players' movements and the positioning of the players, the ball would have traveled towards the center of the field. The yellow highlight on the ground suggests an area of recent activity, which further supports this inference.",D5
230.jpg,48,"The ball is likely located near the center of the field, as it was recently passed or kicked by the player in red (Man United). Given the direction of the pass and the positioning of the players, the ball would have traveled towards the center of the field. The yellow highlight on the ground suggests an area of recent activity, which further supports this inference.",D5
230.jpg,49,"The ball is likely located near the center of the field, as it was recently passed or kicked by the player in red (Man United). Given the direction of the players' movements and the positioning of the players, the ball would have traveled towards the center of the field. The yellow highlight on the ground suggests an area of recent activity, which further supports this inference.",D5
230.jpg,50,"The ball is likely located near the center of the field, as it was recently passed or kicked by the player in red (Man United). Given the direction of the pass and the positioning of the players, the ball would have traveled towards the center of the field. The yellow highlight on the ground suggests an area of recent activity, which further supports this inference.",D5
62.jpg,1,"The ball is likely located in the top left corner (A1) because it was previously in that area and players are positioned around it, suggesting they were moving towards or away from the ball. The ball's trajectory would have been towards the top left corner based on the players' movements.",A1
62.jpg,2,"The ball is likely located in the top left corner (A1) because it was previously in that area and players are positioned around it, suggesting they were moving towards or away from the ball. The ball's trajectory would have been towards the top left corner based on the players' movements.",A1
62.jpg,3,"The ball is likely located in the top left corner (A1) because it was previously in that area and players are positioned around it, suggesting they were moving towards or away from the ball. The ball's trajectory would have been towards the top left corner based on the players' movements.",A1
62.jpg,4,"The ball is likely located in the top left corner (A1) because it was previously in that area and players are positioned around it, suggesting they were moving towards or away from the ball. The ball's trajectory would have been towards the top left corner based on the players' movements.",A1
62.jpg,5,"The ball is likely located in the top left corner (A1) because it was previously in that area and players are positioned around it, suggesting they were moving towards or away from the ball. The ball's trajectory would have been towards the top left corner based on the players' movements.",A1
62.jpg,6,"The ball is likely located in the top left corner (A1) because it was previously in that area and players are positioned around it, suggesting they were moving towards or away from the ball. The ball's trajectory would have been towards the top left corner based on the players' movements.",A1
62.jpg,7,"The ball is likely located in the top left corner (A1) because it was previously in that area and players are positioned around it, suggesting they were moving towards or away from the ball. The ball's trajectory would have been towards the top left corner based on the players' movements.",A1
62.jpg,8,"The ball is likely located in the top left corner (A1) because it was previously in that area and players are positioned around it, suggesting they were moving towards or away from the ball. The ball's trajectory would have been towards the top left corner based on the players' movements.",A1
62.jpg,9,"The ball is likely located in the top left corner (A1) because it was previously in that area and players are positioned around it, suggesting they were moving towards or away from the ball. The ball's trajectory would have been towards the top left corner based on the players' movements.",A1
62.jpg,10,"The ball is likely located in the top left corner (A1) because it was previously in that area and players are positioned around it, suggesting they were moving towards or away from the ball. The ball's trajectory would have been towards the top left corner based on the players' movements.",A1
62.jpg,11,"The ball is likely located in the top left corner (A1) because it was previously in that area and players are positioned around it, suggesting they were moving towards or away from the ball. The ball's trajectory would have been towards the top left corner based on the players' movements.",A1
62.jpg,12,"The ball is likely located in the top left corner (A1) because it was previously in that area and players are positioned around it, suggesting they were moving towards or away from the ball. The ball's trajectory would have been towards the top left corner based on the players' movements.",A1
62.jpg,13,"The ball is likely located in the top left corner (A1) because it was previously in that area and players are positioned around it, suggesting they were moving towards or away from the ball. The ball's trajectory would have been towards the top left corner based on the players' movements.",A1
62.jpg,14,"The ball is likely located in the top left corner (A1) because it was previously in that area and players are positioned around it, suggesting they were moving towards or away from the ball. The ball's trajectory would have been towards the top left corner based on the players' movements.",A1
62.jpg,15,"The ball is likely located in the top left corner (A1) because it was previously in that area and players are positioned around it, suggesting they were moving towards or away from the ball. The ball's trajectory would have been towards the top left corner based on the players' movements.",A1
62.jpg,16,"The ball is likely located in the top left corner (A1) because it was previously in that area and players are positioned around it, suggesting they were moving towards or away from the ball. The ball's trajectory would have been towards the top left corner based on the players' movements.",A1
62.jpg,17,"The ball is likely located in the top left corner (A1) because it was previously in that area and players are positioned around it, suggesting they were moving towards or away from the ball. The ball's trajectory would have been towards the top left corner based on the players' movements.",A1
62.jpg,18,"The ball is likely located in the top left corner (A1) because it was previously in that area and players are positioned around it, suggesting they were moving towards or away from the ball. The ball's trajectory would have been towards the top left corner based on the players' movements.",A1
62.jpg,19,"The ball is likely located in the top left corner (A1) because it was previously in that area and players are positioned around it, suggesting they were moving towards or away from the ball. The ball's trajectory would have been towards the top left corner based on the players' movements.",A1
62.jpg,20,"The ball is likely located in the top left corner (A1) because it was previously in that area and players are positioned around it, suggesting they were moving towards or away from the ball. The ball's trajectory would have been towards the top left corner based on the players' movements.",A1
62.jpg,21,"The ball is likely located in the top left corner (A1) because it was previously in that area and players are positioned around it, suggesting they were moving towards or away from the ball. The ball's trajectory would have been towards the top left corner based on the players' movements.",A1
62.jpg,22,"The ball is likely located in the top left corner (A1) because it was previously in that area and players are positioned around it, suggesting they were moving towards or away from the ball. The ball's trajectory would have been towards the top left corner based on the players' movements.",A1
62.jpg,23,"The ball is likely located in the top left corner (A1) because it was previously in that area and players are positioned around it, suggesting they were moving towards or away from the ball. The ball's trajectory would have been towards the top left corner based on the players' movements.",A1
62.jpg,24,"The ball is likely located in the top left corner (A1) because it was previously in that area and players are positioned around it, suggesting they were moving towards or away from the ball. The ball's trajectory would have been towards the top left corner based on the players' movements.",A1
62.jpg,25,"The ball is likely located in the top left corner (A1) because it was previously in that area and players are positioned around it, suggesting they were moving towards or away from the ball. The ball's trajectory would have been towards the top left corner based on the players' movements.",A1
62.jpg,26,"The ball is likely located in the top left corner (A1) because it was previously in that area and players are positioned around it, suggesting they were moving towards or away from the ball. The ball's trajectory would have been towards the top left corner based on the players' movements.",A1
62.jpg,27,"The ball is likely located in the top left corner (A1) because it was previously in that area and players are positioned around it, suggesting they were moving towards or away from the ball. The ball's trajectory would have been towards the top left corner based on the players' movements.",A1
62.jpg,28,"The ball is likely located in the top left corner (A1) because it was previously in that area and players are positioned around it, suggesting they were moving towards or away from the ball. The ball's trajectory would have been towards the top left corner based on the players' movements.",A1
62.jpg,29,"The ball is likely located in the top left corner (A1) because it was previously in that area and players are positioned around it, suggesting they were moving towards or away from the ball. The ball's trajectory would have been towards the top left corner based on the players' movements.",A1
62.jpg,30,"The ball is likely located in the top left corner (A1) because it was previously in that area and players are positioned around it, suggesting they were moving towards or away from the ball. The ball's trajectory would have been towards the top left corner based on the players' movements.",A1
62.jpg,31,"The ball is likely located in the top left corner (A1) because it was previously in that area and players are positioned around it, suggesting they were moving towards or away from the ball. The ball's trajectory would have been towards the top left corner based on the players' movements.",A1
62.jpg,32,"The ball is likely located in the top left corner (A1) because it was previously in that area and players are positioned around it, suggesting they were moving towards or away from the ball. The ball's trajectory would have been towards the top left corner based on the players' movements.",A1
62.jpg,33,"The ball is likely located in the top left corner (A1) because it was previously in that area and players are positioned around it, suggesting they were moving towards or away from the ball. The ball's trajectory would have been towards the top left corner based on the players' movements.",A1
62.jpg,34,"The ball is likely located in the top left corner (A1) because it was previously in that area and players are positioned around it, suggesting they were moving towards or away from the ball. The ball's trajectory would have been towards the top left corner based on the players' movements.",A1
62.jpg,35,"The ball is likely located in the top left corner (A1) because it was previously in that area and players are positioned around it, suggesting they were moving towards or away from the ball. The ball's trajectory would have been towards the top left corner based on the players' movements.",A1
62.jpg,36,"The ball is likely located in the top left corner (A1) because it was previously in that area and players are positioned around it, suggesting they were moving towards or away from the ball. The ball's trajectory would have been towards the top left corner based on the players' movements.",A1
62.jpg,37,"The ball is likely located in the top left corner (A1) because it was previously in that area and players are positioned around it, suggesting they were moving towards or away from the ball. The ball's trajectory would have been towards the top left corner based on the players' movements.",A1
62.jpg,38,"The ball is likely located in the top left corner (A1) because it was previously in that area and players are positioned around it, suggesting they were moving towards or away from the ball. The ball's trajectory would have been towards the top left corner based on the players' movements.",A1
62.jpg,39,"The ball is likely located in the top left corner (A1) because it was previously in that area and players are positioned around it, suggesting they were moving towards or away from the ball. The ball's trajectory would have been towards the top left corner based on the players' movements.",A1
62.jpg,40,"The ball is likely located in the top left corner (A1) because it was previously in that area and players are positioned around it, suggesting they were moving towards or away from the ball. The ball's trajectory would have been towards the top left corner based on the players' movements.",A1
62.jpg,41,"The ball is likely located in the top left corner (A1) because it was previously in that area and players are positioned around it, suggesting they were moving towards or away from the ball. The ball's trajectory would have been towards the top left corner based on the players' movements.",A1
62.jpg,42,"The ball is likely located in the top left corner (A1) because it was previously in that area and players are positioned around it, suggesting they were moving towards or away from the ball. The ball's trajectory would have been towards the top left corner based on the players' movements.",A1
62.jpg,43,"The ball is likely located in the top left corner (A1) because it was previously in that area and players are positioned around it, suggesting they were moving towards or away from the ball. The ball's trajectory would have been towards the top left corner based on the players' movements.",A1
62.jpg,44,"The ball is likely located in the top left corner (A1) because it was previously in that area and players are positioned around it, suggesting they were moving towards or away from the ball. The ball's trajectory would have been towards the top left corner based on the players' movements.",A1
62.jpg,45,"The ball is likely located in the top left corner (A1) because it was previously in that area and players are positioned around it, suggesting they were moving towards or away from the ball. The ball's trajectory would have been towards the top left corner based on the players' movements.",A1
62.jpg,46,"The ball is likely located in the top left corner (A1) because it was previously in that area and players are positioned around it, suggesting they were moving towards or away from the ball. The ball's trajectory would have been towards the top left corner based on the players' movements.",A1
62.jpg,47,"The ball is likely located in the top left corner (A1) because it was previously in that area and players are positioned around it, suggesting they were moving towards or away from the ball. The ball's trajectory would have been towards the top left corner based on the players' movements.",A1
62.jpg,48,"The ball is likely located in the top left corner (A1) because it was previously in that area and players are positioned around it, suggesting they were moving towards or away from the ball. The ball's trajectory would have been towards the top left corner based on the players' movements.",A1
62.jpg,49,"The ball is likely located in the top left corner (A1) because it was previously in that area and players are positioned around it, suggesting they were moving towards or away from the ball. The ball's trajectory would have been towards the top left corner based on the players' movements.",A1
62.jpg,50,"The ball is likely located in the top left corner (A1) because it was previously in that area and players are positioned around it, suggesting they were moving towards or away from the ball. The ball's trajectory would have been towards the top left corner based on the players' movements.",A1
302.jpg,1,"The ball is likely located in the center of the field, as it is the area where players are most actively moving towards and where the player in red (number 8) appears to be running towards. This suggests that the ball was recently passed or is about to be played by the player in red.",E5
302.jpg,2,"The ball is likely located in the center of the field, as it is the area where players are most actively moving towards and where the player in red (number 8) appears to be running towards. This suggests that the ball was recently passed or is about to be played by the player in red.",E5
302.jpg,3,"The ball is likely located in the center of the field, as it is the area where players are most actively moving towards and where the player in red (number 8) appears to be running towards. This suggests that the ball was recently passed or is about to be played by the player in red.",E5
302.jpg,4,"The ball is likely located in the center of the field, as it is the area where players are most actively moving towards and where the player in red (number 8) appears to be running towards. This suggests that the ball was recently passed or is about to be played by the player in red.",E5
302.jpg,5,"The ball is likely located in the center of the field, as it is the area where players are most actively moving towards and where the player in red (number 8) appears to be running towards. This suggests that the ball was recently passed or is about to be played by the player in red.",E5
302.jpg,6,"The ball is likely located in the center of the field, as it is the area where players are most actively moving towards and where the player in red (number 8) appears to be running towards. This suggests that the ball was recently passed or is about to be played by the player in red.",E5
302.jpg,7,"The ball is likely located in the center of the field, as it is the area where players are most actively moving towards and where the player in red (number 8) appears to be running towards. This suggests that the ball was recently passed or is about to be played by the player in red.",E5
302.jpg,8,"The ball is likely located in the center of the field, as it is the area where players are most actively moving towards and where the player in red (number 8) appears to be running towards. This suggests that the ball was recently passed or is about to be played by the player in red.",E5
302.jpg,9,"The ball is likely located in the center of the field, as it is the area where players are most actively moving towards and where the player in red (number 8) appears to be running towards. This suggests that the ball was recently passed or is about to be played by the player in red.",E5
302.jpg,10,"The ball is likely located in the center of the field, as it is the area where players are most actively moving towards and where the player in red (number 8) appears to be running towards. This suggests that the ball was recently passed or is about to be played by the player in red.",E5
302.jpg,11,"The ball is likely located in the center of the field, as it is the area where players are most actively moving towards and where the player in red (number 8) appears to be running towards. This suggests that the ball was recently passed or is about to be played by the player in red.",E5
302.jpg,12,"The ball is likely located in the center of the field, as it is the area where players are most actively moving towards and where the player in red (number 8) appears to be running towards. This suggests that the ball was recently passed or is about to be played by the player in red.",E5
302.jpg,13,"The ball is likely located in the center of the field, as it is the area where players are most actively moving towards and where the player in red (number 8) appears to be running towards. This suggests that the ball was recently passed or is about to be played by the player in red.",E5
302.jpg,14,"The ball is likely located in the center of the field, as it is the area where players are most actively moving towards and where the player in red (number 8) appears to be running towards. This suggests that the ball was recently passed or is about to be played by the player in red.",E5
302.jpg,15,"The ball is likely located in the center of the field, as it is the area where players are most actively moving towards and where the player in red (number 8) appears to be running towards. This suggests that the ball was recently passed or is about to be played by the player in red.",E5
302.jpg,16,"The ball is likely located in the center of the field, as it is the area where players are most actively moving towards and where the player in red (number 8) appears to be running towards. This suggests that the ball was recently passed or is about to be played by the player in red.",E5
302.jpg,17,"The ball is likely located in the center of the field, as it is the area where players are most actively moving towards and where the player in red (number 8) appears to be running towards. This suggests that the ball was recently passed or is about to be played by the player in red.",E5
302.jpg,18,"The ball is likely located in the center of the field, as it is the area where players are most actively moving towards and where the player in red (number 8) appears to be running towards. This suggests that the ball was recently passed or is about to be played by the player in red.",E5
302.jpg,19,"The ball is likely located in the center of the field, as it is the area where players are most actively moving towards and where the player in red (number 8) appears to be running towards. This suggests that the ball was recently passed or is about to be played by the player in red.",E5
302.jpg,20,"The ball is likely located in the center of the field, as it is the area where players are most actively moving towards and where the player in red (number 8) appears to be running towards. This suggests that the ball was recently passed or is about to be played by the player in red.",E5
302.jpg,21,"The ball is likely located in the center of the field, as it is the area where players are most actively moving towards and where the player in red (number 8) appears to be running towards. This suggests that the ball was recently passed or is about to be played by the player in red.",E5
302.jpg,22,"The ball is likely located in the center of the field, as it is the area where players are most actively moving towards and where the player in red (number 8) appears to be running towards. This suggests that the ball was recently passed or is about to be played by the player in red.",E5
302.jpg,23,"The ball is likely located in the center of the field, as it is the area where players are most actively moving towards and where the player in red (number 8) appears to be running towards. This suggests that the ball was recently passed or is about to be played by the player in red.",E5
302.jpg,24,"The ball is likely located in the center of the field, as it is the area where players are most actively moving towards and where the player in red (number 8) appears to be running towards. This suggests that the ball was recently passed or is about to be played by the player in red.",E5
302.jpg,25,"The ball is likely located in the center of the field, as it is the area where players are most actively moving towards and where the player in red (number 8) appears to be running towards. This suggests that the ball was recently passed or is about to be played by the player in red.",E5
302.jpg,26,"The ball is likely located in the center of the field, as it is the area where players are most actively moving towards and where the player in red (number 8) appears to be running towards. This suggests that the ball was recently passed or is about to be played by the player in red.",E5
302.jpg,27,"The ball is likely located in the center of the field, as it is the area where players are most actively moving towards and where the player in red (number 8) appears to be running towards. This suggests that the ball was recently passed or is about to be played by the player in red.",E5
302.jpg,28,"The ball is likely located in the center of the field, as it is the area where players are most actively moving towards and where the player in red (number 8) appears to be running towards. This suggests that the ball was recently passed or is about to be played by the player in red.",E5
302.jpg,29,"The ball is likely located in the center of the field, as it is the area where players are most actively moving towards and where the player in red (number 8) appears to be running towards. This suggests that the ball was recently passed or is about to be played by the player in red.",E5
302.jpg,30,"The ball is likely located in the center of the field, as it is the area where players are most actively moving towards and where the player in red (number 8) appears to be running towards. This suggests that the ball was recently passed or is about to be played by the player in red.",E5
302.jpg,31,"The ball is likely located in the center of the field, as it is the area where players are most actively moving towards and where the player in red (number 8) appears to be running towards. This suggests that the ball was recently passed or is about to be played by the player in red.",E5
302.jpg,32,"The ball is likely located in the center of the field, as it is the area where players are most actively moving towards and where the player in red (number 8) appears to be running towards. This suggests that the ball was recently passed or is about to be played by the player in red.",E5
302.jpg,33,"The ball is likely located in the center of the field, as it is the area where players are most actively moving towards and where the player in red (number 8) appears to be running towards. This suggests that the ball was recently passed or is about to be played by the player in red.",E5
302.jpg,34,"The ball is likely located in the center of the field, as it is the area where players are most actively moving towards and where the player in red (number 8) appears to be running towards. This suggests that the ball was recently passed or is about to be played by the player in red.",E5
302.jpg,35,"The ball is likely located in the center of the field, as it is the area where players are most actively moving towards and where the player in red (number 8) appears to be running towards. This suggests that the ball was recently passed or is about to be played by the player in red.",E5
302.jpg,36,"The ball is likely located in the center of the field, as it is the area where players are most actively moving towards and where the player in red (number 8) appears to be running towards. This suggests that the ball was recently passed or is about to be played by the player in red.",E5
302.jpg,37,"The ball is likely located in the center of the field, as it is the area where players are most actively moving towards and where the player in red (number 8) appears to be running towards. This suggests that the ball was recently passed or is about to be played by the player in red.",E5
302.jpg,38,"The ball is likely located in the center of the field, as it is the area where players are most actively moving towards and where the player in red (number 8) appears to be running towards. This suggests that the ball was recently passed or is about to be played by the player in red.",E5
302.jpg,39,"The ball is likely located in the center of the field, as it is the area where players are most actively moving towards and where the player in red (number 8) appears to be running towards. This suggests that the ball was recently passed or is about to be played by the player in red.",E5
302.jpg,40,"The ball is likely located in the center of the field, as it is the area where players are most actively moving towards and where the player in red (number 8) appears to be running towards. This suggests that the ball was recently passed or is about to be played by the player in red.",E5
302.jpg,41,"The ball is likely located in the center of the field, as it is the area where players are most actively moving towards and where the player in red (number 8) appears to be running towards. This suggests that the ball was recently passed or is about to be played by the player in red.",E5
302.jpg,42,"The ball is likely located in the center of the field, as it is the area where players are most actively moving towards and where the player in red (number 8) appears to be running towards. This suggests that the ball was recently passed or is about to be played by the player in red.",E5
302.jpg,43,"The ball is likely located in the center of the field, as it is the area where players are most actively moving towards and where the player in red (number 8) appears to be running towards. This suggests that the ball was recently passed or is about to be played by the player in red.",E5
302.jpg,44,"The ball is likely located in the center of the field, as it is the area where players are most actively moving towards and where the player in red (number 8) appears to be running towards. This suggests that the ball was recently passed or is about to be played by the player in red.",E5
302.jpg,45,"The ball is likely located in the center of the field, as it is the area where players are most actively moving towards and where the player in red (number 8) appears to be running towards. This suggests that the ball was recently passed or is about to be played by the player in red.",E5
302.jpg,46,"The ball is likely located in the center of the field, as it is the area where players are most actively moving towards and where the player in red (number 8) appears to be running towards. This suggests that the ball was recently passed or is about to be played by the player in red.",E5
302.jpg,47,"The ball is likely located in the center of the field, as it is the area where players are most actively moving towards and where the player in red (number 8) appears to be running towards. This suggests that the ball was recently passed or is about to be played by the player in red.",E5
302.jpg,48,"The ball is likely located in the center of the field, as it is the area where players are most actively moving towards and where the player in red (number 8) appears to be running towards. This suggests that the ball was recently passed or is about to be played by the player in red.",E5
302.jpg,49,"The ball is likely located in the center of the field, as it is the area where players are most actively moving towards and where the player in red (number 8) appears to be running towards. This suggests that the ball was recently passed or is about to be played by the player in red.",E5
302.jpg,50,"The ball is likely located in the center of the field, as it is the area where players are most actively moving towards and where the player in red (number 8) appears to be running towards. This suggests that the ball was recently passed or is about to be played by the player in red.",E5
223.jpg,1,"The player in red appears to be in the process of kicking the ball, which suggests that the ball is likely located near or just behind him. Given the trajectory of his leg and the position of the other players, it's reasonable to infer that the ball is in the air, moving towards the goal area. The ball is most likely located in the cells around the player in red, specifically in the cells D3, E3, or F3, as these cells are closest to the player's position and the direction of his kick.",D3
223.jpg,2,"The player in red appears to be in the process of kicking the ball, which suggests that the ball is likely located near or just behind him. Given the trajectory of his leg and the position of the other players, it's reasonable to infer that the ball is in the air, moving towards the goal area. The ball is most likely located in the cells around the player in red, specifically in the cells D3, E3, or F3, as these cells are closest to the player's kicking motion.",D3
223.jpg,3,"The player in red appears to be in the process of kicking the ball, which suggests that the ball is likely located near their feet. Given the trajectory of the kick, it seems the ball is moving towards the goal area. The ball is not visible in the image, but based on the context, it is most likely in the area where the player's feet are positioned, which is in the lower right part of the image.",D4
223.jpg,4,"The player in red appears to be in the process of kicking the ball, which suggests that the ball is likely located near their feet. Given the trajectory of the kick and the positioning of the players, it's reasonable to infer that the ball is in the air, moving towards the goal area. The ball is most likely located in the cells around the player's feet, specifically in the lower part of the image.",D4
223.jpg,5,"The player in red appears to be in the process of kicking the ball, which suggests that the ball is likely located near or just behind him. Given the trajectory of his leg and the position of the other players, it's reasonable to infer that the ball is in the air, moving towards the goal area. The ball is most likely located in the cells around the player in red, specifically in the cells D3, E3, or F3, as these cells are closest to the player's position and the direction of his kick.",D3
223.jpg,6,"The player in red appears to be in the process of kicking the ball, which suggests that the ball is likely located near or just behind him. Given the trajectory of his leg and the position of the other players, it's reasonable to infer that the ball is in the air, moving towards the goal area. The ball is most likely located in the cells around the player in red, specifically in the cells D3, E3, or F3, as these cells are closest to the player's kicking motion.",D3
223.jpg,7,"The player in red appears to be in the process of kicking the ball, which suggests that the ball is likely located near or just behind him. Given the trajectory of his leg and the position of the other players, it's reasonable to infer that the ball is in the air, moving towards the goal area. The ball is most likely located in the cells around the player in red, specifically in the cells D3, E3, or F3, as these cells are closest to the player's kicking motion.",D3
223.jpg,8,"The player in red appears to be in the process of kicking the ball, which suggests that the ball is likely located near or just behind him. Given the trajectory of his leg and the position of the other players, it's reasonable to infer that the ball is in the air, moving towards the goal area. The ball is most likely located in the cells around the player in red, specifically in the cells D3, E3, or F3, as these cells are closest to the player's kicking motion.",D3
223.jpg,9,"The player in red appears to be in the process of kicking the ball, which suggests that the ball is likely located near their feet. Given the trajectory of the kick, it's reasonable to infer that the ball is in the air, moving towards the goal area. The ball is most likely located in the cells around the player's feet, specifically in the cells D4 or E4, as these cells are closest to the player's position at the moment of the kick.",D4
223.jpg,10,"The player in red appears to be in the process of kicking the ball, which suggests that the ball is likely located near or just behind him. Given the trajectory of his leg and the position of the other players, it's reasonable to infer that the ball is in the air, moving towards the goal area. The ball is most likely located in the cells around the player in red, specifically in the cells D3, E3, or F3, as these cells are closest to the player's kicking motion.",D3
223.jpg,11,"The player in red appears to be in the process of kicking the ball, which suggests that the ball is likely located near or just behind him. Given the trajectory of his leg and the position of the other players, it's reasonable to infer that the ball is in the air, moving towards the goal area. The ball is most likely located in the cells around the player in red, specifically in the cells D3, E3, or F3, as these cells are closest to the player's position and the direction of his kick.",D3
223.jpg,12,"The player in red appears to be in the process of kicking the ball, which suggests that the ball is likely located near or just behind him. Given the trajectory of his leg and the position of the other players, it's reasonable to infer that the ball is in the air, moving towards the goal area. The ball is most likely located in the cells around the player in red, specifically in the cells D3, E3, or F3, as these cells are closest to the player's position and the direction of his kick.",D3
223.jpg,13,"The player in red appears to be in the process of kicking the ball, which suggests that the ball is likely located near their feet. Given the trajectory of the kick, it's reasonable to infer that the ball is in the air, moving towards the goal area. The ball is most likely located in the cells around the player's feet, specifically in the cells D4 or E4, as these cells are closest to the player's position at the moment of the kick.",D4
223.jpg,14,"The player in red appears to be in the process of kicking the ball, which suggests that the ball is likely located near their feet. Given the trajectory of the kick, it's reasonable to infer that the ball is in the air, moving towards the goal area. The ball is most likely located in the cells around the player's feet, specifically in the cells D4 or E4, as these cells are closest to the player's position at the moment of the kick.",D4
223.jpg,15,"The player in red appears to be in the process of kicking the ball, which suggests that the ball is likely located near or just behind him. Given the trajectory of his leg and the position of the other players, it's reasonable to infer that the ball is in the air, moving towards the goal area. The ball is most likely located in the cells around the player in red, specifically in the cells D3, E3, or F3, as these cells are closest to the player's kicking motion.",D3
223.jpg,16,"The player in red appears to be in the process of kicking the ball, which suggests that the ball is likely located near their feet. Given the trajectory of the kick, it seems the ball is moving towards the goal area. The ball is not visible in the image, but based on the context, it is most likely in the area where the player's feet are positioned, which is in the lower right part of the image.",D4
223.jpg,17,"The player in red appears to be in the process of kicking the ball, which suggests that the ball is likely located near or just behind him. Given the trajectory of his leg and the position of the other players, it's reasonable to infer that the ball is in the air, moving towards the goal area. The ball is most likely located in the cells around the player in red, specifically in the cells D3, E3, or F3, as these cells are closest to the player's kicking motion.",D3
223.jpg,18,"The player in red appears to be in the process of kicking the ball, which suggests that the ball is likely located near their feet. Given the trajectory of the kick and the positioning of the players, it's reasonable to infer that the ball is in the air, moving towards the goal area. The ball is most likely located in the cells around the player's feet, specifically in the lower part of the image.",D4
223.jpg,19,"The player in red appears to be in the process of kicking the ball, which suggests that the ball is likely located near their feet. Given the trajectory of the kick and the positioning of the players, it's reasonable to infer that the ball is in the air, moving towards the goal area. The ball is most likely located in the cells around the player's feet, specifically in the lower part of the image.",D4
223.jpg,20,"The player in red appears to be in the process of kicking the ball, which suggests that the ball is likely located near their feet. Given the trajectory of the kick and the positioning of the players, it's reasonable to infer that the ball is in the air, moving towards the goal area. The ball is most likely located in the cells around the player's feet, specifically in the lower part of the image.",D4
223.jpg,21,"The player in red appears to be in the process of kicking the ball, which suggests that the ball is likely located near or just behind him. Given the trajectory of his leg and the position of the other players, it's reasonable to infer that the ball is in the air, moving towards the goal area. The ball is most likely located in the cells around the player in red, specifically in the cells D3, E3, or F3, as these cells are closest to the player's position and the direction of his kick.",D3
223.jpg,22,"The player in red appears to be in the process of kicking the ball, which suggests that the ball is likely located near their feet. Given the trajectory of the kick, it seems the ball is moving towards the goal area. The ball is not visible in the image, but based on the context, it is most likely in the area where the player's feet are positioned, which is in the lower right part of the image.",D4
223.jpg,23,"The player in red appears to be in the process of kicking the ball, which suggests that the ball is likely located near their feet. Given the trajectory of the kick, it's reasonable to infer that the ball is in the air, moving towards the goal area. The ball is most likely located in the cells around the player's feet, specifically in the cells D4 or E4, as these cells are closest to the player's position at the moment of the kick.",D4
223.jpg,24,"The player in red appears to be in the process of kicking the ball, which suggests that the ball is likely located near or just behind him. Given the trajectory of his leg and the position of the other players, it's reasonable to infer that the ball is in the air, moving towards the goal area. The ball is most likely located in the cells around the player in red, specifically in the cells D3, E3, or F3, as these cells are closest to the player's kicking motion.",D3
223.jpg,25,"The player in red appears to be in the process of kicking the ball, which suggests that the ball is likely located near their feet. Given the trajectory of the kick, it seems the ball is moving towards the goal area. The ball is not visible in the image, but based on the context, it is most likely in the area where the player's feet are positioned, which is in the lower right part of the image.",D4
223.jpg,26,"The player in red appears to be in the process of kicking the ball, which suggests that the ball is likely located near or just behind him. Given the trajectory of his leg and the position of the other players, it's reasonable to infer that the ball is in the air, moving towards the goal area. The ball is most likely located in the cells around the player in red, specifically in the cells D3, E3, or F3, as these cells are closest to the player's kicking motion.",D3
223.jpg,27,"The player in red appears to be in the process of kicking the ball, which suggests that the ball is likely located near their feet. Given the trajectory of the kick, it seems the ball is moving towards the goal area. The ball is not visible in the image, but based on the context, it is most likely in the area where the player's feet are positioned, which is in the lower right part of the image.",D4
223.jpg,28,"The player in red appears to be in the process of kicking the ball, which suggests that the ball is likely located near their feet. Given the trajectory of the kick and the positioning of the players, it's reasonable to infer that the ball is in the air, moving towards the goal area. The ball is most likely located in the cells around the player's feet, specifically in the lower part of the image.",D4
223.jpg,29,"The player in red appears to be in the process of kicking the ball, which suggests that the ball is likely located near or just behind him. Given the trajectory of his leg and the position of the other players, it's reasonable to infer that the ball is in the air, moving towards the goal area. The ball is most likely located in the cells around the player in red, specifically in the cells D3, E3, or F3, as these cells are closest to the player's kicking motion.",D3
223.jpg,30,"The player in red appears to be in the process of kicking the ball, which suggests that the ball is likely located near their feet. Given the trajectory of the kick and the positioning of the players, it's reasonable to infer that the ball is in the air, moving towards the goal area. The ball is most likely located in the cells around the player's feet, specifically in the lower part of the image.",D4
223.jpg,31,"The player in red appears to be in the process of kicking the ball, which suggests that the ball is likely located near or just behind him. Given the trajectory of his leg and the position of the other players, it's reasonable to infer that the ball is in the air, moving towards the goal area. The ball is most likely located in the cells around the player in red, specifically in the cells D3, E3, or F3, as these cells are closest to the player's position and the direction of his kick.",D3
223.jpg,32,"The player in red appears to be in the process of kicking the ball, which suggests that the ball is likely located near or just behind him. Given the trajectory of his leg and the position of the other players, it's reasonable to infer that the ball is in the air, moving towards the goal area. The ball is most likely located in the cells around the player in red, specifically in the cells D3, E3, or F3, as these cells are closest to the player's kicking motion.",D3
223.jpg,33,"The player in red appears to be in the process of kicking the ball, which suggests that the ball is likely located near their feet. Given the trajectory of the kick, it's reasonable to infer that the ball is in the air, moving towards the goal area. The ball is most likely located in the cells around the player's feet, specifically in the cells D4 or E4, as these cells are closest to the player's position at the moment of the kick.",D4
223.jpg,34,"The player in red appears to be in the process of kicking the ball, which suggests that the ball is likely located near their feet. Given the trajectory of the kick and the positioning of the players, it's reasonable to infer that the ball is in the air, moving towards the goal area. The ball is most likely located in the cells around the player's feet, specifically in the lower part of the image.",D4
223.jpg,35,"The player in red appears to be in the process of kicking the ball, which suggests that the ball is likely located near or just behind him. Given the trajectory of his leg and the position of the other players, it's reasonable to infer that the ball is in the air, moving towards the goal area. The ball is most likely located in the cells around the player in red, specifically in the cells D3, E3, or F3, as these cells are closest to the player's kicking motion.",D3
223.jpg,36,"The player in red appears to be in the process of kicking the ball, which suggests that the ball is likely located near their feet. Given the trajectory of the kick, it's reasonable to infer that the ball is in the air, moving towards the goal area. The ball is most likely located in the cells around the player's feet, specifically in the cells D4 or E4, as these cells are closest to the player's position at the moment of the kick.",D4
223.jpg,37,"The player in red appears to be in the process of kicking the ball, which suggests that the ball is likely located near their feet. Given the trajectory of the kick and the positioning of the players, it's reasonable to infer that the ball is in the air, moving towards the goal area. The ball is most likely located in the cells around the player's feet, specifically in the lower part of the image.",D4
223.jpg,38,"The player in red appears to be in the process of kicking the ball, which suggests that the ball is likely located near or just behind him. Given the trajectory of his leg and the position of the other players, it's reasonable to infer that the ball is in the air, moving towards the goal area. The ball is most likely located in the cells around the player in red, specifically in the cells D3, E3, or F3, as these cells are closest to the player's position and the direction of his kick.",D3
223.jpg,39,"The player in red appears to be in the process of kicking the ball, which suggests that the ball is likely located near their feet. Given the trajectory of the kick and the positioning of the players, it's reasonable to infer that the ball is in the air, moving towards the goal area. The ball is most likely located in the cells around the player's feet, specifically in the lower part of the image.",D4
223.jpg,40,"The player in red appears to be in the process of kicking the ball, which suggests that the ball is likely located near their feet. Given the trajectory of the kick, it seems the ball is moving towards the goal area. The ball is not visible in the image, but based on the context, it is most likely in the area where the player's feet are positioned, which is in the lower right part of the image.",D4
223.jpg,41,"The player in red appears to be in the process of kicking the ball, which suggests that the ball is likely located near or just behind him. Given the trajectory of his leg and the position of the other players, it's reasonable to infer that the ball is in the air, moving towards the goal area. The ball is most likely located in the cells around the player in red, specifically in the cells D3, E3, or F3, as these cells are closest to the player's position and the direction of his kick.",D3
223.jpg,42,"The player in red appears to be in the process of kicking the ball, which suggests that the ball is likely located near or just behind him. Given the trajectory of his leg and the position of the other players, it's reasonable to infer that the ball is in the air, moving towards the goal area. The ball is most likely located in the cells around the player in red, specifically in the cells D3, E3, or F3, as these cells are closest to the player's kicking motion.",D3
223.jpg,43,"The player in red appears to be in the process of kicking the ball, which suggests that the ball is likely located near their feet. Given the trajectory of the kick and the positioning of the players, it's reasonable to infer that the ball is in the air, moving towards the goal area. The ball is most likely located in the cells around the player's feet, specifically in the lower part of the image.",D4
223.jpg,44,"The player in red appears to be in the process of kicking the ball, which suggests that the ball is likely located near or just behind him. Given the trajectory of his leg and the position of the other players, it's reasonable to infer that the ball is in the air, moving towards the goal area. The ball is most likely located in the cells around the player in red, specifically in the cells D3, E3, or F3, as these cells are closest to the player's position and the direction of his kick.",D3
223.jpg,45,"The player in red appears to be in the process of kicking the ball, which suggests that the ball is likely located near or just behind him. Given the trajectory of his leg and the position of the other players, it's reasonable to infer that the ball is in the air, moving towards the goal area. The ball is most likely located in the cells around the player in red, specifically in the cells D3, E3, or F3, as these cells are closest to the player's kicking motion.",D3
223.jpg,46,"The player in red appears to be in the process of kicking the ball, which suggests that the ball is likely located near or just behind him. Given the trajectory of his leg and the position of the other players, it's reasonable to infer that the ball is in the air, moving towards the goal area. The ball is most likely located in the cells around the player in red, specifically in the cells D3, E3, or F3, as these cells are closest to the player's position and the direction of his kick.",D3
223.jpg,47,"The player in red appears to be in the process of kicking the ball, which suggests that the ball is likely located near or just behind him. Given the trajectory of his leg and the position of the other players, it's reasonable to infer that the ball is in the air, moving towards the goal area. The ball is most likely located in the cells around the player in red, specifically in the cells D3, E3, or F3, as these cells are closest to the player's kicking motion.",D3
223.jpg,48,"The player in red appears to be in the process of kicking the ball, which suggests that the ball is likely located near or just behind him. Given the trajectory of his leg and the position of the other players, it's reasonable to infer that the ball is in the air, moving towards the goal area. The ball is most likely located in the cells around the player in red, specifically in the cells D3, E3, or F3, as these cells are closest to the player's kicking motion.",D3
223.jpg,49,"The player in red appears to be in the process of kicking the ball, which suggests that the ball is likely located near their feet. Given the trajectory of the kick, it's reasonable to infer that the ball is in the air, moving towards the goal area. The ball is most likely located in the cells around the player's feet, specifically in the cells D4 or E4, as these cells are closest to the player's position at the moment of the kick.",D4
223.jpg,50,"The player in red appears to be in the process of kicking the ball, which suggests that the ball is likely located near or just behind him. Given the trajectory of his leg and the position of the other players, it's reasonable to infer that the ball is in the air, moving towards the goal area. The ball is most likely located in the cells around the player in red, specifically in the cells D3, E3, or F3, as these cells are closest to the player's kicking motion.",D3
9.jpg,1,"The ball is likely located near the players, as they appear to be actively engaged in play. Given their positions and movements, it's reasonable to infer that the ball is close to them, possibly in the area where they are currently interacting. Since the players are in the center of the field, the ball could be in any of the cells around them, but considering the typical positioning of the ball during a play, it would be most likely in the central cells (C5, D5, E5).",C5
9.jpg,2,"The ball is likely located near the players, as they appear to be actively engaged in play. Given their positions and movements, it's reasonable to infer that the ball is close to them, possibly in the area where they are currently interacting. Since the players are in the center of the field, the ball could be in any of the cells around them, but considering the typical positioning of the ball during a play, it would be most likely in the central cells (C5, D5, E5).",C5
9.jpg,3,"The ball is likely located near the players, as they appear to be actively engaged in play. Given their positions and movements, it's reasonable to infer that the ball is close to them, possibly in the area where they are currently interacting. Since the players are in the center of the field, the ball could be in any of the cells around them, but considering the typical positioning of the ball during a play, it would be most likely in the central cells (C5, D5, E5) or slightly off to the side where the players' legs are extended.",C5
9.jpg,4,"The ball is likely located near the players, as they appear to be actively engaged in play. Given their positions and movements, it's reasonable to infer that the ball is close to them, possibly in the area where they are currently interacting. Since the players are in the center of the field, the ball could be in any of the cells around them, but considering the typical positioning of the ball during a play, it would be most likely in the central cells (C5, D5, E5) or slightly off to the side where the players' legs are extended.",C5
9.jpg,5,"The ball is likely located near the players, as they appear to be actively engaged in play. Given their positions and movements, it's reasonable to infer that the ball is close to them, possibly in the area where they are currently interacting. Since the players are in the center of the field, the ball could be in any of the cells around them, but considering the typical positioning of the ball during a play, it would be most likely in the central cells (C5, D5, E5) or slightly off to the side where the players' legs are extended.",C5
9.jpg,6,"The ball is likely located near the players, as they appear to be actively engaged in play. Given their positions and movements, it's reasonable to infer that the ball is close to them, possibly in the area where they are currently interacting. Since the players are in the center of the field, the ball could be in any of the cells around them, but considering the typical positioning of the ball during a play, it would be most likely in the central cells (C5, D5, E5) or slightly off to the side where the players' legs are extended.",C5
9.jpg,7,"The ball is likely located near the players, as they appear to be actively engaged in play. Given their positions and movements, it's reasonable to infer that the ball is close to them, possibly in the area where they are currently interacting. Since the players are in the center of the field, the ball could be in any of the cells around them, but considering the typical positioning of the ball during a play, it would be most likely in the central cells (C5, D5, E5).",C5
9.jpg,8,"The ball is likely located near the players, as they appear to be actively engaged in play. Given their positions and movements, it's reasonable to infer that the ball is close to them, possibly in the area where they are currently interacting. Since the players are in the center of the field, the ball could be in any of the cells around them, but considering the typical positioning of the ball during a play, it would be most likely in the central cells (C5, D5, E5) or slightly off to the side where the players' legs are extended.",C5
9.jpg,9,"The ball is likely located near the players, as they appear to be actively engaged in play. Given their positions and movements, it's reasonable to infer that the ball is close to them, possibly in the area where they are currently interacting. Since the players are in the center of the field, the ball could be in any of the cells around them, but considering the typical positioning of the ball during a play, it would be most likely in the central cells (C5, D5, E5) or slightly off to the side where the players' legs are extended.",C5
9.jpg,10,"The ball is likely located near the players, as they appear to be actively engaged in play. Given their positions and movements, it's reasonable to infer that the ball is close to them, possibly in the area where they are currently interacting. Since the players are in the center of the field, the ball could be in any of the cells around them, but considering the typical positioning of the ball during a play, it would be most likely in the central cells (C5, D5, E5) or slightly off to the side where the players' legs are extended.",C5
9.jpg,11,"The ball is likely located near the players, as they appear to be actively engaged in play. Given their positions and movements, it's reasonable to infer that the ball is close to them, possibly in the area where they are currently interacting. Since the players are in the center of the field, the ball could be in any of the cells around them, but considering the typical positioning of the ball during a play, it would be most likely in the central cells (C5, D5, E5).",C5
9.jpg,12,"The ball is likely located near the players, as they appear to be actively engaged in play. Given their positions and movements, it's reasonable to infer that the ball is close to them, possibly in the area where they are currently interacting. Since the players are in the center of the field, the ball could be in any of the cells around them, but considering the typical positioning of the ball during a play, it would be most likely in the central cells (C5, D5, E5) or slightly off to the side where the players' legs are extended.",C5
9.jpg,13,"The ball is likely located near the players, as they appear to be actively engaged in play. Given their positions and movements, it's reasonable to infer that the ball is close to them, possibly in the area where they are currently interacting. Since the players are in the center of the field, the ball could be in any of the cells around them, but considering the typical positioning of the ball during a play, it would be most likely in the central cells (C5, D5, E5).",C5
9.jpg,14,"The ball is likely located near the players, as they appear to be actively engaged in play. Given their positions and movements, it's reasonable to infer that the ball is close to them, possibly in the area where they are currently interacting. Since the players are in the center of the field, the ball could be in any of the cells around them, but considering the typical positioning of the ball during a play, it would be most likely in the central cells (C5, D5, E5).",C5
9.jpg,15,"The ball is likely located near the players, as they appear to be actively engaged in play. Given their positions and movements, it's reasonable to infer that the ball is close to them, possibly in the area where they are currently interacting. Since the players are in the center of the field, the ball could be in any of the cells around them, but considering the typical positioning of the ball during a play, it would be most likely in the central cells (C5, D5, E5) or slightly off to the side where the players' legs are extended.",C5
9.jpg,16,"The ball is likely located near the players, as they appear to be actively engaged in play. Given their positions and movements, it's reasonable to infer that the ball is close to them, possibly in the area where they are currently interacting. Since the players are in the center of the field, the ball could be in any of the cells around them, but considering the typical positioning of the ball during a play, it would be most likely in the central cells (C5, D5, E5) or slightly off to the side where the players' legs are extended.",C5
9.jpg,17,"The ball is likely located near the players, as they appear to be actively engaged in play. Given their positions and movements, it's reasonable to infer that the ball is close to them, possibly in the area where they are currently interacting. Since the players are in the center of the field, the ball could be in any of the cells around them, but considering the typical positioning of the ball during a play, it would be most likely in the central cells (C5, D5, E5) or slightly off to the side where the players' legs are extended.",C5
9.jpg,18,"The ball is likely located near the players, as they appear to be actively engaged in play. Given their positions and movements, it's reasonable to infer that the ball is close to them, possibly in the area where they are currently interacting. Since the players are in the center of the field, the ball could be in any of the cells around them, but considering the typical positioning of the ball during a play, it would be most likely in the central cells (C5, D5, E5).",C5
9.jpg,19,"The ball is likely located near the players, as they appear to be actively engaged in play. Given their positions and movements, it's reasonable to infer that the ball is close to them, possibly in the area where they are currently interacting. Since the players are in the center of the field, the ball could be in any of the cells around them, but considering the typical positioning of the ball during a play, it would be most likely in the central cells (C5, D5, E5).",C5
9.jpg,20,"The ball is likely located near the players, as they appear to be actively engaged in play. Given their positions and movements, it's reasonable to infer that the ball is close to them, possibly in the area where they are currently interacting. Since the players are in the center of the field, the ball could be in any of the cells around them, but considering the typical positioning of the ball during a play, it would be most likely in the central cells (C5, D5, E5).",C5
9.jpg,21,"The ball is likely located near the players, as they appear to be actively engaged in play. Given their positions and movements, it's reasonable to infer that the ball is close to them, possibly in the area where they are currently interacting. Since the players are in the center of the field, the ball could be in any of the cells around them, but considering the typical positioning of the ball during a play, it would be most likely in the central cells (C5, D5, E5).",C5
9.jpg,22,"The ball is likely located near the players, as they appear to be actively engaged in play. Given their positions and movements, it's reasonable to infer that the ball is close to them, possibly in the area where they are currently interacting. Since the players are in the center of the field, the ball could be in any of the cells around them, but considering the typical positioning of the ball during a play, it would be most likely in the central cells (C5, D5, E5) or slightly off to the side where the players' legs are extended.",C5
9.jpg,23,"The ball is likely located near the players, as they appear to be actively engaged in play. Given their positions and movements, it's reasonable to infer that the ball is close to them, possibly in the area where they are currently interacting. Since the players are in the center of the field, the ball could be in any of the cells around them, but considering the typical positioning of the ball during a play, it would be most likely in the central cells (C5, D5, E5).",C5
9.jpg,24,"The ball is likely located near the players, as they appear to be actively engaged in play. Given their positions and movements, it's reasonable to infer that the ball is close to them, possibly in the area where they are currently interacting. Since the players are in the center of the field, the ball could be in any of the cells around them, but considering the typical positioning of the ball during a play, it would be most likely in the central cells (C5, D5, E5) or slightly off to the side where the players' legs are extended.",C5
9.jpg,25,"The ball is likely located near the players, as they appear to be actively engaged in play. Given their positions and movements, it's reasonable to infer that the ball is close to them, possibly in the area where they are currently interacting. Since the players are in the center of the field, the ball could be in any of the cells around them, but considering the typical positioning of the ball during a play, it would be most likely in the central cells (C5, D5, E5).",C5
9.jpg,26,"The ball is likely located near the players, as they appear to be actively engaged in play. Given their positions and movements, it's reasonable to infer that the ball is close to them, possibly in the area where they are currently interacting. Since the players are in the center of the field, the ball could be in any of the cells around them, but considering the typical positioning of the ball during a play, it would be most likely in the central cells (C5, D5, E5).",C5
9.jpg,27,"The ball is likely located near the players, as they appear to be actively engaged in play. Given their positions and movements, it's reasonable to infer that the ball is close to them, possibly in the area where they are currently interacting. Since the players are in the center of the field, the ball could be in any of the cells around them, but considering the typical positioning of the ball during a play, it would be most likely in the central cells (C5, D5, E5).",C5
9.jpg,28,"The ball is likely located near the players, as they appear to be actively engaged in play. Given their positions and movements, it's reasonable to infer that the ball is close to them, possibly in the area where they are currently interacting. Since the players are in the center of the field, the ball could be in any of the cells around them, but considering the typical positioning of the ball during a play, it would be most likely in the central cells (C5, D5, E5).",C5
9.jpg,29,"The ball is likely located near the players, as they appear to be actively engaged in play. Given their positions and movements, it's reasonable to infer that the ball is close to them, possibly in the area where they are currently interacting. Since the players are in the center of the field, the ball could be in any of the cells around them, but considering the typical positioning of the ball during a play, it would be most likely in the central cells (C5, D5, E5) or slightly off to the side where the players' legs are extended.",C5
9.jpg,30,"The ball is likely located near the players, as they appear to be actively engaged in play. Given their positions and movements, it's reasonable to infer that the ball is close to them, possibly in the area where they are currently interacting. Since the players are in the center of the field, the ball could be in any of the cells around them, but considering the typical positioning of the ball during a play, it would be most likely in the central cells (C5, D5, E5) or slightly off to the side where the players' legs are extended.",C5
9.jpg,31,"The ball is likely located near the players, as they appear to be actively engaged in play. Given their positions and movements, it's reasonable to infer that the ball is close to them, possibly in the area where they are currently interacting. Since the players are in the center of the field, the ball could be in any of the cells around them, but considering the typical positioning of the ball during a play, it would be most likely in the central cells (C5, D5, E5) or slightly off to the side where the players' legs are extended.",C5
9.jpg,32,"The ball is likely located near the players, as they appear to be actively engaged in play. Given their positions and movements, it's reasonable to infer that the ball is close to them, possibly in the area where they are currently interacting. Since the players are in the center of the field, the ball could be in any of the cells around them, but considering the typical positioning of the ball during a play, it would be most likely in the central cells (C5, D5, E5).",C5
9.jpg,33,"The ball is likely located near the players, as they appear to be actively engaged in play. Given their positions and movements, it's reasonable to infer that the ball is close to them, possibly in the area where they are currently interacting. Since the players are in the center of the field, the ball could be in any of the cells around them, but considering the typical positioning of the ball during a play, it would be most likely in the central cells (C5, D5, E5).",C5
9.jpg,34,"The ball is likely located near the players, as they appear to be actively engaged in play. Given their positions and movements, it's reasonable to infer that the ball is close to them, possibly in the area where they are currently interacting. Since the players are in the center of the field, the ball could be in any of the cells around them, but considering the typical positioning of the ball during a play, it would be most likely in the central cells (C5, D5, E5) or slightly off to the side where the players' legs are extended.",C5
9.jpg,35,"The ball is likely located near the players, as they appear to be actively engaged in play. Given their positions and movements, it's reasonable to infer that the ball is close to them, possibly in the area where they are currently interacting. Since the players are in the center of the field, the ball could be in any of the cells around them, but considering the typical positioning of the ball during a play, it would be most likely in the central cells (C5, D5, E5) or slightly off to the side where the players' legs are extended.",C5
9.jpg,36,"The ball is likely located near the players, as they appear to be actively engaged in play. Given their positions and movements, it's reasonable to infer that the ball is close to them, possibly in the area where they are currently interacting. Since the players are in the center of the field, the ball could be in any of the cells around them, but considering the typical positioning of the ball during a play, it would be most likely in the central cells (C5, D5, E5) or slightly off to the side where the players' legs are extended.",C5
9.jpg,37,"The ball is likely located near the players, as they appear to be actively engaged in play. Given their positions and movements, it's reasonable to infer that the ball is close to them, possibly in the area where they are currently interacting. Since the players are in the center of the field, the ball could be in any of the cells around them, but considering the typical positioning of the ball during a play, it would be most likely in the central cells (C5, D5, E5).",C5
9.jpg,38,"The ball is likely located near the players, as they appear to be actively engaged in play. Given their positions and movements, it's reasonable to infer that the ball is close to them, possibly in the area where they are currently interacting. Since the players are in the center of the field, the ball could be in any of the cells around them, but considering the typical positioning of the ball during a play, it would be most likely in the central cells (C5, D5, E5).",C5
9.jpg,39,"The ball is likely located near the players, as they appear to be actively engaged in play. Given their positions and movements, it's reasonable to infer that the ball is close to them, possibly in the area where they are currently interacting. Since the players are in the center of the field, the ball could be in any of the cells around them, but considering the typical positioning of the ball during a play, it would be most likely in the central cells (C5, D5, E5) or slightly off to the side where the players' legs are extended.",C5
9.jpg,40,"The ball is likely located near the players, as they appear to be actively engaged in play. Given their positions and movements, it's reasonable to infer that the ball is close to them, possibly in the area where they are currently interacting. Since the players are in the center of the field, the ball could be in any of the cells around them, but considering the typical positioning of the ball during a play, it would be most likely in the central cells (C5, D5, E5) or slightly off to the side where the players' legs are extended.",C5
9.jpg,41,"The ball is likely located near the players, as they appear to be actively engaged in play. Given their positions and movements, it's reasonable to infer that the ball is close to them, possibly in the area where they are currently interacting. Since the players are in the center of the field, the ball could be in any of the cells around them, but considering the typical positioning of the ball during a play, it would be most likely in the central cells (C5, D5, E5) or slightly off to the side where the players' legs are extended.",C5
9.jpg,42,"The ball is likely located near the players, as they appear to be actively engaged in play. Given their positions and movements, it's reasonable to infer that the ball is close to them, possibly in the area where they are currently interacting. Since the players are in the center of the field, the ball could be in any of the cells around them, but considering the typical positioning of the ball during a play, it would be most likely in the central cells (C5, D5, E5).",C5
9.jpg,43,"The ball is likely located near the players, as they appear to be actively engaged in play. Given their positions and movements, it's reasonable to infer that the ball is close to them, possibly in the area where they are currently interacting. Since the players are in the center of the field, the ball could be in any of the cells around them, but considering the typical positioning of the ball during a play, it would be most likely in the central cells (C5, D5, E5) or slightly off to the side where the players' legs are extended.",C5
9.jpg,44,"The ball is likely located near the players, as they appear to be actively engaged in play. Given their positions and movements, it's reasonable to infer that the ball is close to them, possibly in the area where they are currently interacting. Since the players are in the center of the field, the ball could be in any of the cells around them, but considering the typical positioning of the ball during a play, it would be most likely in the central cells (C5, D5, E5).",C5
9.jpg,45,"The ball is likely located near the players, as they appear to be actively engaged in play. Given their positions and movements, it's reasonable to infer that the ball is close to them, possibly in the area where they are currently interacting. Since the players are in the center of the field, the ball could be in any of the cells around them, but considering the typical positioning of the ball during a play, it would be most likely in the central cells (C5, D5, E5).",C5
9.jpg,46,"The ball is likely located near the players, as they appear to be actively engaged in play. Given their positions and movements, it's reasonable to infer that the ball is close to them, possibly in the area where they are currently interacting. Since the players are in the center of the field, the ball could be in any of the cells around them, but considering the typical positioning of the ball during a play, it would be most likely in the central cells (C5, D5, E5) or slightly off to the side where the players' legs are extended.",C5
9.jpg,47,"The ball is likely located near the players, as they appear to be actively engaged in play. Given their positions and movements, it's reasonable to infer that the ball is close to them, possibly in the area where they are currently interacting. Since the players are in the center of the field, the ball could be in any of the cells around them, but considering the typical positioning of the ball during a play, it would be most likely in the central cells (C5, D5, E5) or slightly off to the side where the players' legs are extended.",C5
9.jpg,48,"The ball is likely located near the players, as they appear to be actively engaged in play. Given their positions and movements, it's reasonable to infer that the ball is close to them, possibly in the area where they are currently interacting. Since the players are in the center of the field, the ball could be in any of the cells around them, but considering the typical positioning of the ball during a play, it would be most likely in the central cells (C5, D5, E5).",C5
9.jpg,49,"The ball is likely located near the players, as they appear to be actively engaged in play. Given their positions and movements, it's reasonable to infer that the ball is close to them, possibly in the area where they are currently interacting. Since the players are in the center of the field, the ball could be in any of the cells around them, but considering the typical positioning of the ball during a play, it would be most likely in the central cells (C5, D5, E5).",C5
9.jpg,50,"The ball is likely located near the players, as they appear to be actively engaged in play. Given their positions and movements, it's reasonable to infer that the ball is close to them, possibly in the area where they are currently interacting. Since the players are in the center of the field, the ball could be in any of the cells around them, but considering the typical positioning of the ball during a play, it would be most likely in the central cells (C5, D5, E5).",C5
94.jpg,1,"The ball is likely located in the center of the field, as it is a common area for players to be near during a soccer match. The player in white, number 35, appears to be running towards the center of the field, which suggests that the ball might be there. Additionally, the player in black, number 12, is positioned slightly to the left of the center, indicating that the ball could be between these two players.",E5
94.jpg,2,"The ball is likely located in the center of the field, as it is a common area for players to be near during a soccer match. The player in white, number 35, appears to be running towards the center of the field, which suggests that the ball might be there. Additionally, the player in black, number 12, is positioned slightly to the left of the center, indicating that the ball could be between these two players.",E5
94.jpg,3,"The ball is likely located in the center of the field, as it is a common area for players to be near during a soccer match. The player in white, number 35, appears to be running towards the center of the field, which suggests that the ball might be there. Additionally, the player in black, number 12, is positioned slightly to the left of the center, indicating that the ball could be between these two players.",E5
94.jpg,4,"The ball is likely located in the center of the field, as it is a common area for players to be near during a soccer match. The player in white, number 35, appears to be running towards the center, suggesting that the ball might be there or just out of frame. Additionally, the player in black, number 12, is positioned slightly to the left of the center, indicating that the ball could be moving towards the center or has recently been passed there.",E5
94.jpg,5,"The ball is likely located in the center of the field, as it is a common area for players to be near during a soccer match. Given the players' positions and movements, it appears that the ball was recently passed or kicked towards the center of the field. The player in white (number 35) seems to be moving towards the center, suggesting he might have just received the ball or is preparing to receive it.",D5
94.jpg,6,"The ball is likely located in the center of the field, as it is a common area for players to be near during a soccer match. Given the players' positions and movements, it appears that the ball was recently passed or kicked towards the center of the field. The player in white (number 35) seems to be moving towards the center, suggesting he might have just received the ball or is preparing to receive it.",D5
94.jpg,7,"The ball is likely located in the center of the field, as it is a common area for players to be near during a soccer match. The player in white, number 35, appears to be running towards the center, which suggests that the ball might be there or just out of frame. Additionally, the player in black, number 12, is positioned slightly to the left of the center, indicating that the ball could be moving towards the center or has recently been passed there.",E5
94.jpg,8,"The ball is likely located in the center of the field, as it is a common area for players to be near during a soccer match. The player in white, number 35, appears to be running towards the center, suggesting that the ball might be there or just out of frame. Additionally, the player in black, number 12, is positioned slightly to the left of the center, which could indicate that the ball was recently passed or is about to be passed to him.",D5
94.jpg,9,"The ball is likely located in the center of the field, as it is a common area for players to be near during a soccer match. Given the players' positions and movements, it appears that the ball was recently passed or kicked towards the center of the field. The player in white (number 35) seems to be moving towards the center, suggesting he might have just received the ball or is preparing to receive it.",D5
94.jpg,10,"The ball is likely located in the center of the field, as it is a common area for players to be near during a soccer match. The player in white, number 35, appears to be running towards the center, suggesting that the ball might be there or just out of frame. Additionally, the player in black, number 12, is positioned slightly to the left of the center, which could indicate that the ball was recently passed to him or is about to be passed to him.",E5
94.jpg,11,"The ball is likely located in the center of the field, as it is a common area for players to be near during a soccer match. The player in white, number 35, appears to be running towards the center of the field, which suggests that the ball might be there. Additionally, the player in black, number 12, is positioned slightly to the left of the center, indicating that the ball could be between these two players.",E5
94.jpg,12,"The ball is likely located in the center of the field, as it is a common area for players to be near during a soccer match. The player in white, number 35, appears to be running towards the center of the field, which suggests that the ball might be there. Additionally, the player in black, number 12, is positioned slightly to the left of the center, indicating that the ball could be between these two players.",E5
94.jpg,13,"The ball is likely located in the center of the field, as it is a common area for players to be near during a soccer match. The player in white, number 35, appears to be running towards the center, which suggests that the ball might be there or just out of frame. Additionally, the player in black, number 12, is positioned slightly to the left of the center, indicating that the ball could be moving towards the center or has recently been passed there.",D5
94.jpg,14,"The ball is likely located in the center of the field, as it is a common area for players to be near during a soccer match. The player in white, number 35, appears to be running towards the center, which suggests that the ball might be there or just out of frame. Additionally, the player in black, number 12, is positioned slightly to the left of the center, indicating that the ball could be moving towards the center or has recently been passed there.",E5
94.jpg,15,"The ball is likely located in the center of the field, as it is a common area for players to be near during a soccer match. The player in white, number 35, appears to be running towards the center of the field, which suggests that the ball might be there. Additionally, the player in black, number 12, is positioned slightly to the left of the center, indicating that the ball could be between these two players.",E5
94.jpg,16,"The ball is likely located in the center of the field, as it is a common area for players to be near during a soccer match. The player in white, number 35, appears to be running towards the center of the field, which suggests that the ball might be there. Additionally, the player in black, number 12, is positioned slightly to the left of the center, indicating that the ball could be between these two players.",E5
94.jpg,17,"The ball is likely located in the center of the field, as it is a common area for players to be near during a soccer match. The player in white, number 35, appears to be running towards the center of the field, which suggests that the ball might be there. Additionally, the player in black, number 12, is positioned slightly to the left of the center, indicating that the ball could be between these two players.",E5
94.jpg,18,"The ball is likely located in the center of the field, as it is a common area for players to be near during a soccer match. The player in white, number 35, appears to be running towards the center of the field, which suggests that the ball might be there. Additionally, the player in black, number 12, is positioned slightly to the left of the center, indicating that the ball could be between these two players.",E5
94.jpg,19,"The ball is likely located in the center of the field, as it is a common area for players to be near during a soccer match. The player in white, number 35, appears to be running towards the center of the field, which suggests that the ball might be there. Additionally, the player in black, number 12, is positioned slightly to the left of the center, indicating that the ball could be between these two players.",E5
94.jpg,20,"The ball is likely located in the center of the field, as it is a common area for players to be near during a soccer match. The player in white, number 35, appears to be running towards the center, which suggests that the ball might be there or just out of frame. Additionally, the player in black, number 12, is positioned slightly to the left of the center, indicating that the ball could be moving towards the center or has recently been passed there.",E5
94.jpg,21,"The ball is likely located in the center of the field, as it is a common area for players to be near during a soccer match. The player in white, number 35, appears to be running towards the center, suggesting he might have just kicked or passed the ball there. Additionally, the green dot on the screen indicates the ball's last known position, which is also centered on the field.",D5
94.jpg,22,"The ball is likely located in the center of the field, as it is a common area for players to be near during a soccer match. The player in white, number 35, appears to be running towards the center of the field, which suggests that the ball might be there. Additionally, the player in black, number 12, is positioned slightly to the left of the center, indicating that the ball could be between these two players.",E5
94.jpg,23,"The ball is likely located in the center of the field, as it is a common area for players to be near during a soccer match. The player in white, number 35, appears to be running towards the center, which suggests that the ball might be there or just out of frame. Additionally, the player in black, number 12, is positioned slightly to the left of the center, indicating that the ball could be moving towards the center or has recently been passed there.",D5
94.jpg,24,"The ball is likely located in the center of the field, as it is a common area for players to be near during a soccer match. The player in white, number 35, appears to be running towards the center of the field, which suggests that the ball might be there. Additionally, the player in black, number 12, is positioned slightly to the left of the center, indicating that the ball could be between these two players.",E5
94.jpg,25,"The ball is likely located in the center of the field, as it is a common area for players to be near during a soccer match. The player in white, number 35, appears to be running towards the center of the field, which suggests that the ball might be there. Additionally, the player in black, number 12, is positioned slightly to the left of the center, indicating that the ball could be between these two players.",E5
94.jpg,26,"The ball is likely located in the center of the field, as it is a common area for players to be near during a soccer match. The player in white, number 35, appears to be running towards the center of the field, which suggests that the ball might be there. Additionally, the player in black, number 12, is positioned slightly to the left of the center, indicating that the ball could be between these two players.",E5
94.jpg,27,"The ball is likely located in the center of the field, as it is a common area for players to be near during a soccer match. Given the players' positions and movements, it appears that the ball was recently passed or kicked towards the center of the field. The player in white (number 35) seems to be moving towards the center, suggesting he might have just received the ball or is preparing to receive it.",D5
94.jpg,28,"The ball is likely located in the center of the field, as it is a common area for players to be near during a soccer match. The player in white, number 35, appears to be running towards the center of the field, which suggests that the ball might be there. Additionally, the player in black, number 12, is positioned slightly to the left of the center, indicating that the ball could be between these two players.",E5
94.jpg,29,"The ball is likely located in the center of the field, as it is a common area for players to be near during a soccer match. The player in white, number 35, appears to be running towards the center of the field, which suggests that the ball might be there. Additionally, the player in black, number 12, is positioned slightly to the left of the center, indicating that the ball could be between these two players.",E5
94.jpg,30,"The ball is likely located in the center of the field, as it is a common area for players to be near during a soccer match. The player in white, number 35, appears to be running towards the center of the field, which suggests that the ball might be there. Additionally, the player in black, number 12, is positioned slightly to the left of the center, indicating that the ball could be between these two players.",E5
94.jpg,31,"The ball is likely located in the center of the field, as it is a common area for players to be near during a soccer match. Given the players' positions and movements, it seems that the ball was recently passed or kicked towards the center of the field. The player in white (number 35) appears to be moving towards the center, suggesting he might have just received the ball or is preparing to receive it.",D5
94.jpg,32,"The ball is likely located in the center of the field, as it is a common area for players to be near during a soccer match. The player in white, number 35, appears to be running towards the center, which suggests that the ball might be there or just out of frame. Additionally, the player in black, number 12, is positioned slightly to the left of the center, indicating that the ball could be moving towards the center or has recently been passed there.",D5
94.jpg,33,"The ball is likely located in the center of the field, as it is a common area for players to be near during a soccer match. The player in white, number 35, appears to be running towards the center, which suggests that the ball might be there or just out of frame. Additionally, the player in black, number 12, is positioned slightly to the left of the center, indicating that the ball could be moving towards the center or has recently been passed there.",D5
94.jpg,34,"The ball is likely located in the center of the field, as it is a common area for players to be near during a soccer match. The player in white, number 35, appears to be running towards the center of the field, which suggests that the ball might be there. Additionally, the player in black, number 12, is positioned slightly to the left of the center, indicating that the ball could be between these two players.",E5
94.jpg,35,"The ball is likely located in the center of the field, as it is a common area for players to be near during a soccer match. The player in white, number 35, appears to be running towards the center of the field, which suggests that the ball might be there. Additionally, the player in black, number 12, is positioned slightly to the left of the center, indicating that the ball could be between these two players.",E5
94.jpg,36,"The ball is likely located in the center of the field, as it is a common area for players to be near during a soccer match. The player in white, number 35, appears to be running towards the center, which suggests that the ball might be there or just out of frame. Additionally, the player in black, number 12, is positioned slightly to the left of the center, indicating that the ball could be moving towards the center or has recently been passed there.",D5
94.jpg,37,"The ball is likely located in the center of the field, as it is a common area for players to be near during a soccer match. The player in white, number 35, appears to be running towards the center of the field, which suggests that the ball might be there. Additionally, the player in black, number 12, is positioned slightly to the left of the center, indicating that the ball could be between these two players.",E5
94.jpg,38,"The ball is likely located in the center of the field, as it is a common area for players to be near during a soccer match. The player in white, number 35, appears to be running towards the center, which suggests that the ball might be there or just out of frame. Additionally, the player in black, number 12, is positioned slightly to the left of the center, indicating that the ball could be moving towards the center or has recently been passed there.",E5
94.jpg,39,"The ball is likely located in the center of the field, as it is a common area for players to be near during a soccer match. Given the players' positions and movements, it seems that the ball was recently passed or kicked towards the center of the field. The player in white (number 35) appears to be moving towards the center, suggesting he might have just received the ball or is preparing to receive it.",D5
94.jpg,40,"The ball is likely located in the center of the field, as it is a common area for players to be near during a soccer match. The player in white, number 35, appears to be running towards the center of the field, which suggests that the ball might be there. Additionally, the player in black, number 12, is positioned slightly to the left of the center, indicating that the ball could be between these two players.",E5
94.jpg,41,"The ball is likely located in the center of the field, as it is a common area for players to be near during a soccer match. The player in white, number 35, appears to be running towards the center of the field, which suggests that the ball might be there. Additionally, the player in black, number 12, is positioned slightly to the left of the center, indicating that the ball could be between these two players.",E5
94.jpg,42,"The ball is likely located in the center of the field, as it is a common area for players to be near during a soccer match. Given the players' positions and movements, it seems that the ball was recently passed or kicked towards the center of the field. The player in white (number 35) appears to be moving towards the center, suggesting he might have just received the ball or is preparing to receive it.",D5
94.jpg,43,"The ball is likely located in the center of the field, as it is a common area for players to be near during a soccer match. The player in white, number 35, appears to be running towards the center, which suggests that the ball might be there or just out of frame. Additionally, the player in black, number 12, is positioned slightly to the left of the center, indicating that the ball could be moving towards the center or has recently been passed there.",E5
94.jpg,44,"The ball is likely located in the center of the field, as it is a common area for players to be near during a soccer match. The player in white, number 35, appears to be running towards the center, suggesting he might have just kicked or passed the ball there. Additionally, the green dot on the screen indicates the ball's last known position, which is also centered on the field.",D5
94.jpg,45,"The ball is likely located in the center of the field, as it is a common area for players to be near during a soccer match. The player in white, number 35, appears to be running towards the center of the field, which suggests that the ball might be there. Additionally, the player in black, number 12, is positioned slightly to the left of the center, indicating that the ball could be between these two players.",E5
94.jpg,46,"The ball is likely located in the center of the field, as it is a common area for players to be near during a soccer match. The player in white, number 35, appears to be running towards the center, which suggests that the ball might be there or just out of frame. Additionally, the player in black, number 12, is positioned slightly to the left of the center, indicating that the ball could be moving towards the center or has recently been passed there.",E5
94.jpg,47,"The ball is likely located in the center of the field, as it is a common area for players to be near during a soccer match. The player in white, number 35, appears to be running towards the center of the field, which suggests that the ball might be there. Additionally, the player in black, number 12, is positioned slightly to the left of the center, indicating that the ball could be between these two players.",E5
94.jpg,48,"The ball is likely located in the center of the field, as it is a common area for players to be near during a soccer match. The player in white, number 35, appears to be running towards the center, suggesting that the ball might be there or just out of frame. Additionally, the player in black, number 12, is positioned slightly to the left of the center, which could indicate that the ball was recently passed or is about to be passed to him.",D5
94.jpg,49,"The ball is likely located in the center of the field, as it is a common area for players to be near during a soccer match. The player in white, number 35, appears to be running towards the center, which suggests that the ball might be there or just out of frame. Additionally, the player in black, number 12, is positioned slightly to the left of the center, indicating that the ball could be moving towards the center or has recently been passed there.",D5
94.jpg,50,"The ball is likely located in the center of the field, as it is a common area for players to be near during a soccer match. Given the players' positions and movements, it seems that the ball was recently passed or kicked towards the center of the field. The player in white (number 35) appears to be moving towards the center, suggesting he might have just received the ball or is preparing to receive it.",D5
277.jpg,1,"The ball is likely located near the player in the red jersey, as he appears to be in motion and possibly about to receive or pass the ball. Given his position and the direction of his gaze, it's reasonable to infer that the ball is close to him, possibly in the area between cells C6 and D6.",C6
277.jpg,2,"The ball is likely located near the center of the field, as it would be in play during a soccer match. Given the players' positions and movements, the ball could be in the area where the player in red jersey number 34 is running towards or where the other players are positioned. However, without seeing the ball, we can only infer its general location based on the players' actions.",D5
277.jpg,3,"The ball is likely located near the player in the red jersey, as he appears to be in motion and possibly about to receive or pass the ball. Given his position and the direction of his gaze, it's reasonable to infer that the ball is close to him, possibly in the area between cells C6 and D6.",C6
277.jpg,4,"The ball is likely located near the center of the field, as it would be in play during a soccer match. Given the players' positions and movements, it seems that the ball was recently passed or dribbled by one of the players in the central area of the field. The player in red, number 34, appears to have just completed a pass or shot, suggesting the ball is close to him but not visible in the image.",C6
277.jpg,5,"The ball is likely located near the player in the red jersey, as he appears to be in motion and possibly about to receive or pass the ball. Given his position and the direction of his gaze, it's reasonable to infer that the ball is close to him, possibly in the area between cells C6 and D6.",C6
277.jpg,6,"The ball is likely located near the center of the field, as it would be in play during a soccer match. Given the players' positions and movements, the ball could be in the area where the player in red jersey number 34 is running towards or where the other players are positioned. However, without seeing the ball, we can only infer its general location based on the players' actions.",D5
277.jpg,7,"The ball is likely located near the center of the field, as it would be in play during a soccer match. Given the players' positions and movements, it seems that the ball was recently passed or dribbled by one of the players in the central area of the field. The player in red, number 34, appears to have just completed a pass or shot, suggesting the ball is close to him but not visible in the image.",C6
277.jpg,8,"The ball is likely located near the player in the red jersey, as he appears to be in motion and possibly about to receive or pass the ball. Given his position and the direction of his gaze, it's reasonable to infer that the ball is close to him, possibly in the area between cells C6 and D6.",C6
277.jpg,9,"The ball is likely located near the center of the field, as it would be in play during a soccer match. Given the players' positions and movements, it seems that the ball was recently passed or dribbled by one of the players in the central area of the field. The player in red, number 34, appears to have just completed a pass or shot, suggesting the ball is close to him but not visible in the image.",C6
277.jpg,10,"The ball is likely located near the center of the field, as it would be in play during a soccer match. Given the players' positions and movements, the ball could be in the area where the player in red jersey number 34 is running towards or where the other players are positioned. However, without seeing the ball, we can only infer its general location based on the players' actions.",D5
277.jpg,11,"The ball is likely located near the center of the field, as it would be in play during a soccer match. Given the players' positions and movements, the ball could be in the area where the player in red jersey number 34 is running towards or where the other players are positioned. However, without seeing the ball, we can only infer its general location based on the players' actions.",D5
277.jpg,12,"The ball is likely located near the center of the field, as it would be in play during a soccer match. Given the players' positions and movements, it seems that the ball was recently passed or dribbled by one of the players in the central area of the field. The player in red, number 34, appears to have just completed a pass or shot, suggesting the ball is close to him but not visible in the image.",C6
277.jpg,13,"The ball is likely located near the player in the red jersey, as he appears to be in motion and possibly about to receive or pass the ball. Given his position and the direction of his gaze, it's reasonable to infer that the ball is close to him, possibly in the area between cells C6 and D6.",C6
277.jpg,14,"The ball is likely located near the center of the field, as it would be in play during a soccer match. Given the players' positions and movements, it seems that the ball was recently passed or dribbled by one of the players in the central area of the field. The player in red, number 34, appears to have just completed a pass or shot, suggesting the ball is close to him but not visible in the image.",C6
277.jpg,15,"The ball is likely located near the center of the field, as it would be in play during a soccer match. Given the players' positions and movements, it seems that the ball was recently passed or dribbled by one of the players in the central area of the field. The player in red, number 34, appears to have just completed a pass or shot, suggesting the ball is close to him but not visible in the image.",C6
277.jpg,16,"The ball is likely located near the player in the red jersey, as he appears to be in motion and possibly about to receive or pass the ball. Given his position and the direction of his gaze, it's reasonable to infer that the ball is close to him, possibly in the area between cells C6 and D6.",C6
277.jpg,17,"The ball is likely located near the center of the field, as it would be in play during a soccer match. Given the players' positions and movements, it seems that the ball was recently passed or dribbled by one of the players in the central area of the field. The player in red, number 34, appears to have just completed a pass or shot, suggesting the ball is close to him but not visible in the image.",C6
277.jpg,18,"The ball is likely located near the player in the red jersey, as he appears to be in motion and possibly about to receive or pass the ball. Given his position and the direction of his gaze, it's reasonable to infer that the ball is close to him, possibly in the area between cells C6 and D6.",C6
277.jpg,19,"The ball is likely located near the player in the red jersey, as he appears to be in motion and possibly about to receive or pass the ball. Given his position and the direction of his gaze, it's reasonable to infer that the ball is close to him, possibly in the area between cells C6 and D6.",C6
277.jpg,20,"The ball is likely located near the player in the red jersey, as he appears to be in motion and possibly about to receive or pass the ball. Given his position and the direction of his gaze, it's reasonable to infer that the ball is close to him, possibly in the area between cells C6 and D6.",C6
277.jpg,21,"The ball is likely located near the center of the field, as it would be in play during a soccer match. Given the players' positions and movements, it seems that the ball was recently passed or dribbled by one of the players in the central area of the field. The player in red, number 34, appears to have just completed a pass or shot, suggesting the ball is close to him but not visible in the image.",C6
277.jpg,22,"The ball is likely located near the player in the red jersey, as he appears to be in motion and possibly about to receive or pass the ball. Given his position and the direction of his gaze, it's reasonable to infer that the ball is close to him, possibly in the area between cells C6 and D6.",C6
277.jpg,23,"The ball is likely located near the player in the red jersey, as he appears to be in motion and possibly about to receive or pass the ball. Given his position and the direction of his gaze, it's reasonable to infer that the ball is close to him, possibly in the area between cells C6 and D6.",C6
277.jpg,24,"The ball is likely located near the player in the red jersey, as he appears to be in motion and possibly about to receive or pass the ball. Given his position and the direction of his gaze, it's reasonable to infer that the ball is close to him, possibly in the area between cells C6 and D6.",C6
277.jpg,25,"The ball is likely located near the player in the red jersey, as he appears to be in motion and possibly about to receive or pass the ball. Given his position and the direction of his gaze, it's reasonable to infer that the ball is close to him, possibly in the area between cells C6 and D6.",C6
277.jpg,26,"The ball is likely located near the center of the field, as it would be in play during a soccer match. Given the players' positions and movements, it seems that the ball was recently passed or dribbled by one of the players in the central area of the field. The player in red, number 34, appears to have just completed a pass or shot, suggesting the ball is close to him but not visible in the image.",C6
277.jpg,27,"The ball is likely located near the center of the field, as it would be in play during a soccer match. Given the players' positions and movements, the ball could be in the area where the player in red jersey number 34 is running towards or where the other players are positioned. However, without seeing the ball, we can only infer its general location based on the players' actions.",D5
277.jpg,28,"The ball is likely located near the center of the field, as it would be in play during a soccer match. Given the players' positions and movements, the ball could be in the area where the player in red jersey number 34 is running towards or where the other players are positioned. However, without seeing the ball, we can only infer its general location based on the players' actions.",D5
277.jpg,29,"The ball is likely located near the player in the red jersey, as he appears to be in motion and possibly about to receive or pass the ball. Given his position and the direction of his gaze, it's reasonable to infer that the ball is close to him, possibly in the area between cells C6 and D6.",C6
277.jpg,30,"The ball is likely located near the center of the field, as it would be in play during a soccer match. Given the players' positions and movements, it seems that the ball was recently passed or dribbled by one of the players in the central area of the field. The player in red, number 34, appears to have just completed a pass or shot, suggesting the ball is close to him but not visible in the image.",C6
277.jpg,31,"The ball is likely located near the player in the red jersey, as he appears to be in motion and possibly about to receive or pass the ball. Given his position and the direction of his gaze, it's reasonable to infer that the ball is close to him, possibly in the area between cells C6 and D6.",C6
277.jpg,32,"The ball is likely located near the player in the red jersey, as he appears to be in motion and possibly about to receive or pass the ball. Given his position and the direction of his gaze, it's reasonable to infer that the ball is close to him, possibly in the area between cells C6 and D6.",C6
277.jpg,33,"The ball is likely located near the center of the field, as it would be in play during a soccer match. Given the players' positions and movements, the ball could be in the area where the player in red jersey number 34 is running towards or where the other players are positioned. However, without seeing the ball, we can only infer its general location based on the players' actions.",D5
277.jpg,34,"The ball is likely located near the center of the field, as it would be in play during a soccer match. Given the players' positions and movements, it seems that the ball was recently passed or dribbled by one of the players in the central area of the field. The player in red, number 34, appears to have just completed a pass or shot, suggesting the ball is close to him but not visible in the image.",C6
277.jpg,35,"The ball is likely located near the center of the field, as it would be in play during a soccer match. Given the players' positions and movements, the ball could be in the area where the player in red jersey number 34 is running towards or where the other players are positioned. However, without seeing the ball, we can only infer its general location based on the players' actions.",D5
277.jpg,36,"The ball is likely located near the player in the red jersey, as he appears to be in motion and possibly about to receive or pass the ball. Given his position and the direction of his gaze, it's reasonable to infer that the ball is close to him, possibly in the area between cells C6 and D6.",C6
277.jpg,37,"The ball is likely located near the center of the field, as it would be in play during a soccer match. Given the players' positions and movements, it seems that the ball was recently passed or dribbled by one of the players in the central area of the field. The player in red, number 34, appears to have just completed a pass or shot, suggesting the ball is close to him but not visible in the image.",C6
277.jpg,38,"The ball is likely located near the center of the field, as it would be in play during a soccer match. Given the players' positions and movements, it seems that the ball was recently passed or dribbled by one of the players in the central area of the field. The player in red, number 34, appears to have just completed a pass or shot, suggesting the ball is close to him but not visible in the image.",C6
277.jpg,39,"The ball is likely located near the player in the red jersey, as he appears to be in motion and possibly about to receive or pass the ball. Given his position and the direction of his gaze, it's reasonable to infer that the ball is close to him, possibly in the area between cells C6 and D6.",C6
277.jpg,40,"The ball is likely located near the center of the field, as it would be in play during a soccer match. Given the players' positions and movements, the ball could be in the area where the player in red jersey number 34 is running towards or where the other players are positioned. However, without seeing the ball, we can only infer its general location based on the players' actions.",D5
277.jpg,41,"The ball is likely located near the center of the field, as it would be in play during a soccer match. Given the players' positions and movements, it seems that the ball was recently passed or dribbled by one of the players in the central area of the field. The player in red, number 34, appears to have just completed a pass or shot, suggesting the ball is close to him but not visible in the image.",C6
277.jpg,42,"The ball is likely located near the center of the field, as it would be in play during a soccer match. Given the players' positions and movements, it seems that the ball was recently passed or dribbled by one of the players in the central area of the field. The player in red, number 34, appears to have just completed a pass or shot, suggesting the ball is close to him but not visible in the image.",C6
277.jpg,43,"The ball is likely located near the center of the field, as it would be in play during a soccer match. Given the players' positions and movements, the ball could be in the area where the player in red jersey number 34 is running towards or where the other players are positioned. However, without seeing the ball, we can only infer its general location based on the players' actions.",D5
277.jpg,44,"The ball is likely located near the player in the red jersey, as he appears to be in motion and possibly about to receive or pass the ball. Given his position and the direction of his gaze, it's reasonable to infer that the ball is close to him, possibly in the area between cells C6 and D6.",C6
277.jpg,45,"The ball is likely located near the player in the red jersey, as he appears to be in motion and possibly about to receive or pass the ball. Given his position and the direction of his gaze, it's reasonable to infer that the ball is close to him, possibly in the area between cells C6 and D6.",C6
277.jpg,46,"The ball is likely located near the player in the red jersey, as he appears to be in motion and possibly about to receive or pass the ball. Given his position and the direction of his gaze, it's reasonable to infer that the ball is close to him, possibly in the area between cells C6 and D6.",C6
277.jpg,47,"The ball is likely located near the player in the red jersey, as he appears to be in motion and possibly about to receive or pass the ball. Given his position and the direction of his gaze, it's reasonable to infer that the ball is close to him, possibly in the area between cells C6 and D6.",C6
277.jpg,48,"The ball is likely located near the center of the field, as it would be in play during a soccer match. Given the players' positions and movements, the ball could be in the area where the player in red jersey number 34 is running towards or where the other players are positioned. However, without seeing the ball, we can only infer its general location based on the players' actions.",D5
277.jpg,49,"The ball is likely located near the player in the red jersey, as he appears to be in motion and possibly about to receive or pass the ball. Given his position and the direction of his gaze, it's reasonable to infer that the ball is close to him, possibly in the area between cells C6 and D6.",C6
277.jpg,50,"The ball is likely located near the center of the field, as it would be in play during a soccer match. Given the players' positions and movements, it seems that the ball was recently passed or dribbled by one of the players in the central area of the field. The player in red, number 34, appears to have just completed a pass or shot, suggesting the ball is close to him but not visible in the image.",C6
217.jpg,1,"The ball is likely located near the center of the field, as it appears that the players are moving towards the middle of the pitch. Given the positions of the players and their movements, the ball could be in the area where the player in white jersey number 10 is standing or slightly to his right. This area corresponds to the cells around C5 and D5.",C5
217.jpg,2,"The ball is likely located near the center of the field, as it appears that the players are moving towards the middle of the pitch. Given the positions of the players and their movements, the ball could be in the area where the player in white jersey number 10 is standing or slightly to his right. This area corresponds to the cells around C5 and D5.",C5
217.jpg,3,"The ball is likely located near the center of the field, as it was recently kicked by the player in white jersey number 10. Given the direction of the kick and the positioning of the players, the ball would have traveled towards the right side of the image. Therefore, the ball is most likely in the area between cells C6 and D6.",C6
217.jpg,4,"The ball is likely located near the center of the field, as it appears that the players are moving towards the middle of the pitch. Given the positions of the players and their movements, the ball could be in the area where the player in white jersey number 10 is standing or slightly to his right. This area corresponds to the cells around C5 and D5.",C5
217.jpg,5,"The ball is likely located near the center of the field, as it appears that the players are moving towards the middle of the pitch. Given the positions of the players and their movements, the ball could be in the area where the player in white jersey number 10 is standing or slightly to his right. This area corresponds to the cells around C5 and D5.",C5
217.jpg,6,"The ball is likely located near the center of the field, as it appears that the players are moving towards the middle of the pitch. Given the positions of the players and their movements, the ball could be in the area where the player in white jersey number 10 is standing or slightly to his right. This area corresponds to the cells around C5 and D5.",C5
217.jpg,7,"The ball is likely located near the center of the field, as it appears that the players are moving towards the middle of the pitch. Given the positions of the players and their movements, the ball could be in the area where the player in white jersey number 10 is standing or slightly to his right. This area corresponds to the cells around C5 and D5.",C5
217.jpg,8,"The ball is likely located near the center of the field, as it appears that the players are moving towards the middle of the pitch. Given the positions of the players and their movements, the ball could be in the area where the player in white jersey number 10 is standing or slightly to his right. This area corresponds to the cells around C5 and D5.",C5
217.jpg,9,"The ball is likely located near the center of the field, as it was recently kicked by the player in white jersey number 10. Given the direction of the kick and the positioning of the players, the ball would have traveled towards the right side of the image. Therefore, the ball is most likely in the area between cells C6 and D6.",C6
217.jpg,10,"The ball is likely located near the center of the field, as it was recently kicked by the player in white jersey number 10. Given the direction of the kick and the positioning of the players, the ball would have traveled towards the right side of the image. Therefore, it is most probable that the ball is in the area between cells C6 and D6.",C6
217.jpg,11,"The ball is likely located near the center of the field, as it was recently kicked by the player in white jersey number 10. Given the direction of the kick and the positioning of the players, the ball would have traveled towards the right side of the image. Therefore, the ball is most likely in the area between cells C6 and D6.",C6
217.jpg,12,"The ball is likely located near the center of the field, as it appears that the players are moving towards the middle of the pitch. Given the positions of the players and their movements, the ball could be in the area where the player in white jersey number 10 is standing or slightly to his right. This area corresponds to the cells around C5 and D5.",C5
217.jpg,13,"The ball is likely located near the center of the field, as it appears that the players are moving towards the middle of the pitch. Given the positions of the players and their movements, the ball could be in the area where the player in white jersey number 10 is standing or slightly to his right. This area corresponds to the cells around C5 and D5.",C5
217.jpg,14,"The ball is likely located near the center of the field, as it appears that the players are moving towards the middle of the pitch. Given the positions of the players and their movements, the ball could be in the area where the player in white jersey number 10 is standing or slightly to his right. This area corresponds to the cells around C5 and D5.",C5
217.jpg,15,"The ball is likely located near the center of the field, as it appears that the players are moving towards the middle of the pitch. Given the positions of the players and their movements, the ball could be in the area where the player in white jersey number 10 is standing or slightly to his right. This area corresponds to the cells around C5 and D5.",C5
217.jpg,16,"The ball is likely located near the center of the field, as it appears that the players are moving towards the middle of the pitch. Given the positions of the players and their movements, the ball could be in the area where the player in white jersey number 10 is standing or slightly to his right. This area corresponds to the cells around C5 and D5.",C5
217.jpg,17,"The ball is likely located near the center of the field, as it was recently kicked by the player in white jersey number 10. Given the direction of the kick and the positioning of the players, the ball would have traveled towards the right side of the image. Therefore, the ball is most likely in the area between cells C6 and D6.",C6
217.jpg,18,"The ball is likely located near the center of the field, as it appears that the players are moving towards the middle of the pitch. Given the positions of the players and their movements, the ball could be in the area where the player in white jersey number 10 is standing or slightly to his right. This area corresponds to the cells around C5 and D5.",C5
217.jpg,19,"The ball is likely located near the center of the field, as it was recently kicked by the player in white jersey number 10. Given the direction of the kick and the positioning of the players, the ball would have traveled towards the right side of the image. Therefore, the ball is most likely in the area between cells C6 and D6.",C6
217.jpg,20,"The ball is likely located near the center of the field, as it was recently kicked by the player in white jersey number 10. Given the direction of the kick and the positioning of the players, the ball would have traveled towards the right side of the image. Therefore, it is most probable that the ball is in the area between cells C6 and D6.",C6
217.jpg,21,"The ball is likely located near the center of the field, as it was recently kicked by the player in white jersey number 10. Given the direction of the kick and the positioning of the players, the ball would have traveled towards the right side of the image. Therefore, it is most probable that the ball is in the area between cells C6 and D6.",C6
217.jpg,22,"The ball is likely located near the center of the field, as it appears that the players are moving towards the middle of the pitch. Given the positions of the players and their movements, the ball could be in the area where the player in white jersey number 10 is standing or slightly to his right. This area corresponds to the cells around C5 and D5.",C5
217.jpg,23,"The ball is likely located near the center of the field, as it appears that the players are moving towards the middle of the pitch. Given the positions of the players and their movements, the ball could be in the area where the player in white jersey number 10 is standing or slightly to his right. This area corresponds to the cells around C5 and D5.",C5
217.jpg,24,"The ball is likely located near the center of the field, as it was recently kicked by the player in white jersey number 10. Given the direction of the kick and the positioning of the players, the ball would have traveled towards the right side of the image. Therefore, the ball is most likely in the area between cells C6 and D6.",C6
217.jpg,25,"The ball is likely located near the center of the field, as it appears that the players are moving towards the middle of the pitch. Given the positions of the players and their movements, the ball could be in the area where the player in white jersey number 10 is standing or slightly to his right. This area corresponds to the cells around C5 and D5.",C5
217.jpg,26,"The ball is likely located near the center of the field, as it was recently kicked by the player in white jersey number 10. Given the direction of the kick and the positioning of the players, the ball would have traveled towards the right side of the image. Therefore, it is most probable that the ball is in the area between cells C6 and D6.",C6
217.jpg,27,"The ball is likely located near the center of the field, as it was recently kicked by the player in white jersey number 10. Given the direction of the kick and the positioning of the players, the ball would have traveled towards the right side of the image. Therefore, the ball is most likely in the area between cells C6 and D6.",C6
217.jpg,28,"The ball is likely located near the center of the field, as it appears that the players are moving towards the middle of the pitch. Given the positions of the players and their movements, the ball could be in the area where the player in white jersey number 10 is standing or slightly to his right. This area corresponds to the cells around C5 and D5.",C5
217.jpg,29,"The ball is likely located near the center of the field, as it appears that the players are moving towards the middle of the pitch. Given the positions of the players and their movements, the ball could be in the area where the player in white jersey number 10 is standing or slightly to his right. This area corresponds to the cells around C5 and D5.",C5
217.jpg,30,"The ball is likely located near the center of the field, as it appears that the players are moving towards the middle of the pitch. Given the positions of the players and their movements, the ball could be in the area where the player in white jersey number 10 is standing or slightly to his right. This area corresponds to the cells around C5 and D5.",C5
217.jpg,31,"The ball is likely located near the center of the field, as it appears that the players are moving towards the middle of the pitch. Given the positions of the players and their movements, the ball could be in the area where the player in white jersey number 10 is standing or slightly to his right. This area corresponds to the cells around C5 and D5.",C5
217.jpg,32,"The ball is likely located near the center of the field, as it was recently kicked by the player in white jersey number 10. Given the direction of the kick and the positioning of the players, the ball would have traveled towards the right side of the image. Therefore, it is most probable that the ball is in the area between cells C6 and D6.",C6
217.jpg,33,"The ball is likely located near the center of the field, as it appears that the players are moving towards the middle of the pitch. Given the positions of the players and their movements, the ball could be in the area where the player in white jersey number 10 is standing or slightly to his right. This area corresponds to the cells around C5 and D5.",C5
217.jpg,34,"The ball is likely located near the center of the field, as it was recently kicked by the player in white jersey number 10. Given the direction of the kick and the positioning of the players, the ball would have traveled towards the right side of the image. Therefore, it is most probable that the ball is in the area between cells C6 and D6.",C6
217.jpg,35,"The ball is likely located near the center of the field, as it was recently kicked by the player in white jersey number 10. Given the direction of the kick and the positioning of the players, the ball would have traveled towards the right side of the image. Therefore, the ball is most likely in the area between cells C6 and D6.",C6
217.jpg,36,"The ball is likely located near the center of the field, as it was recently kicked by the player in white jersey number 10. Given the direction of the kick and the positioning of the players, the ball would have traveled towards the right side of the image. Therefore, it is most probable that the ball is in the area between cells C6 and D6.",C6
217.jpg,37,"The ball is likely located near the center of the field, as it appears that the players are moving towards the middle of the pitch. Given the positions of the players and their movements, the ball could be in the area where the player in white jersey number 10 is standing or slightly to his right. This area corresponds to the cells around C5 and D5.",C5
217.jpg,38,"The ball is likely located near the center of the field, as it was recently kicked by the player in white jersey number 10. Given the direction of the kick and the positioning of the players, the ball would have traveled towards the right side of the image. Therefore, it is most probable that the ball is in the area between cells C6 and D6.",C6
217.jpg,39,"The ball is likely located near the center of the field, as it was recently kicked by the player in white jersey number 10. Given the direction of the kick and the positioning of the players, the ball would have traveled towards the right side of the image. Therefore, it is most probable that the ball is in the area between cells C6 and D6.",C6
217.jpg,40,"The ball is likely located near the center of the field, as it appears that the players are moving towards the middle of the pitch. Given the positions of the players and their movements, the ball could be in the area where the player in white jersey number 10 is standing or slightly to his right. This area corresponds to the cells around C5 and D5.",C5
217.jpg,41,"The ball is likely located near the center of the field, as it appears that the players are moving towards the middle of the pitch. Given the positions of the players and their movements, the ball could be in the area where the player in white jersey number 10 is standing or slightly to his right. This area corresponds to the cells around C5 and D5.",C5
217.jpg,42,"The ball is likely located near the center of the field, as it appears that the players are moving towards the middle of the pitch. Given the positions of the players and their movements, the ball could be in the area where the player in white jersey number 10 is standing or slightly to his right. This area corresponds to the cells around C5 and D5.",C5
217.jpg,43,"The ball is likely located near the center of the field, as it appears that the players are moving towards the middle of the pitch. Given the positions of the players and their movements, the ball could be in the area where the player in white jersey number 10 is standing or slightly to his right. This area corresponds to the cells around C5 and D5.",C5
217.jpg,44,"The ball is likely located near the center of the field, as it appears that the players are moving towards the middle of the pitch. Given the positions of the players and their movements, the ball could be in the area where the player in white jersey number 10 is standing or slightly to his right. This area corresponds to the cells around C5 and D5.",C5
217.jpg,45,"The ball is likely located near the center of the field, as it appears that the players are moving towards the middle of the pitch. Given the positions of the players and their movements, the ball could be in the area where the player in white jersey number 10 is standing or slightly to his right. This area corresponds to the cells around C5 and D5.",C5
217.jpg,46,"The ball is likely located near the center of the field, as it was recently kicked by the player in white jersey number 10. Given the direction of the kick and the positioning of the players, the ball would have traveled towards the right side of the image. Therefore, the ball is most likely in the area between cells C6 and D6.",C6
217.jpg,47,"The ball is likely located near the center of the field, as it appears that the players are moving towards the middle of the pitch. Given the positions of the players and their movements, the ball could be in the area where the player in white jersey number 10 is standing or slightly to his right. This area corresponds to the cells around C5 and D5.",C5
217.jpg,48,"The ball is likely located near the center of the field, as it appears that the players are moving towards the middle of the pitch. Given the positions of the players and their movements, the ball could be in the area where the player in white jersey number 10 is standing or slightly to his right. This area corresponds to the cells around C5 and D5.",C5
217.jpg,49,"The ball is likely located near the center of the field, as it appears that the players are moving towards the middle of the pitch. Given the positions of the players and their movements, the ball could be in the area where the player in white jersey number 10 is standing or slightly to his right. This area corresponds to the cells around C5 and D5.",C5
217.jpg,50,"The ball is likely located near the center of the field, as it appears that the players are moving towards the middle of the pitch. Given the positions of the players and their movements, the ball could be in the area where the player in white jersey number 10 is standing or slightly to his right. This area corresponds to the cells around C5 and D5.",C5
303.jpg,1,"The ball is likely located near the goalkeeper, who is in a diving position, suggesting he may have just kicked or caught the ball. Given the context, it's reasonable to assume the ball is close to him, possibly in the area where he is currently positioned.",E6
303.jpg,2,"The ball is likely located near the goalkeeper, who is in a diving position, suggesting that he may have just kicked or caught the ball. Given the context, it's reasonable to assume the ball is close to him, possibly in the area where his body is closest to the ground.",E6
303.jpg,3,"The ball is likely located near the goalkeeper, who is in a diving position, suggesting he may have just kicked or caught the ball. Given the context, it's reasonable to assume the ball is close to him, possibly in the area where he is currently positioned.",E6
303.jpg,4,"The ball is likely located near the goalkeeper, who is in a crouched position, suggesting he may have just kicked or passed the ball. Given his proximity to the goal area and the direction of his body, it's reasonable to infer that the ball is close by, possibly in the area where the goalkeeper's legs are extended.",E6
303.jpg,5,"The ball is likely located near the goalkeeper, who is in a diving position, suggesting that he may have just kicked or caught the ball. Given the context, it's reasonable to assume the ball is close to him, possibly in the area where his body is closest to the ground.",E6
303.jpg,6,"The ball is likely located near the goalkeeper, who is in a crouched position, suggesting he may have just kicked or passed the ball. Given his proximity to the goal area and the direction of his body, it's reasonable to infer that the ball is close by, possibly in the area where the goalkeeper's legs are extended.",E6
303.jpg,7,"The ball is likely located near the goalkeeper, who is in a diving position, suggesting he may have just kicked or caught the ball. Given the context, it's reasonable to assume the ball is close to him, possibly in the area where he is currently positioned.",E6
303.jpg,8,"The ball is likely located near the goalkeeper, who is in a diving position, suggesting he may have just kicked or caught the ball. Given the context, it's reasonable to assume the ball is close to him, possibly in the area where he is currently positioned.",E6
303.jpg,9,"The ball is likely located near the goalkeeper, who is in a diving position, suggesting he may have just kicked or caught the ball. Given the context, it's reasonable to assume the ball is close to him, possibly in the area where he is currently positioned.",E6
303.jpg,10,"The ball is likely located near the goalkeeper, who is in a crouched position, suggesting he may have just kicked or passed the ball. Given his proximity to the goal area and the direction of his body, it's reasonable to infer that the ball is close by, possibly in the area where the goalkeeper's legs are extended.",E6
303.jpg,11,"The ball is likely located near the goalkeeper, who is in a diving position, suggesting that he may have just kicked or caught the ball. Given the context, it's reasonable to assume the ball is close to him, possibly in the area where his body is closest to the ground.",E6
303.jpg,12,"The ball is likely located near the goalkeeper, who is in a diving position, suggesting he may have just kicked or caught the ball. Given the context, it's reasonable to assume the ball is close to him, possibly in the area where he is currently positioned.",E6
303.jpg,13,"The ball is likely located near the goalkeeper, who is in a diving position, suggesting that he may have just kicked or caught the ball. Given the context of the image, it's reasonable to assume the ball is close to him, possibly in the area where his body is closest to the ground.",E6
303.jpg,14,"The ball is likely located near the goalkeeper, who is in a diving position, suggesting he may have just kicked or caught the ball. Given the context, it's reasonable to assume the ball is close to him, possibly in the area where he is currently positioned.",E6
303.jpg,15,"The ball is likely located near the goalkeeper, who is in a crouched position, suggesting he may have just kicked or passed the ball. Given his proximity to the goal area and the direction of his body, it's reasonable to infer that the ball is close by, possibly in the area where the goalkeeper's legs are extended.",E6
303.jpg,16,"The ball is likely located near the goalkeeper, who is in a diving position, suggesting that he may have just kicked or caught the ball. Given the context of the image, it's reasonable to assume the ball is close to him, possibly in the area where his body is closest to the ground.",E6
303.jpg,17,"The ball is likely located near the goalkeeper, who is in a crouched position, suggesting he may have just kicked or passed the ball. Given his proximity to the goal area and the direction of his body, it's reasonable to infer that the ball is close by, possibly in the area where the goalkeeper's legs are extended.",E6
303.jpg,18,"The ball is likely located near the goalkeeper, who is in a diving position, suggesting he may have just kicked or caught the ball. Given the context, it's reasonable to assume the ball is close to him, possibly in the area where he is currently positioned.",E6
303.jpg,19,"The ball is likely located near the goalkeeper, who is in a diving position, suggesting that he may have just kicked or caught the ball. Given the context, it's reasonable to assume the ball is close to him, possibly in the area where his body is closest to the ground.",E6
303.jpg,20,"The ball is likely located near the goalkeeper, who is in a crouched position, suggesting he may have just kicked or passed the ball. Given his proximity to the goal area and the direction of his body, it's reasonable to infer that the ball is close by, possibly in the area where the goalkeeper's legs are extended.",E6
303.jpg,21,"The ball is likely located near the goalkeeper, who is in a crouched position, suggesting he may have just kicked or passed the ball. Given his proximity to the goal area and the direction of his body, it's reasonable to infer that the ball is close by, possibly in the area where the goalkeeper's legs are extended.",E6
303.jpg,22,"The ball is likely located near the goalkeeper, who is in a diving position, suggesting he may have just kicked or caught the ball. Given the context, it's reasonable to assume the ball is close to him, possibly in the area where he is currently positioned.",E6
303.jpg,23,"The ball is likely located near the goalkeeper, who is in a diving position, suggesting that he may have just kicked or caught the ball. Given the context of the image, it's reasonable to assume the ball is close to him, possibly in the area where his body is closest to the ground.",E6
303.jpg,24,"The ball is likely located near the goalkeeper, who is in a diving position, suggesting he may have just kicked or caught the ball. Given the context, it's reasonable to assume the ball is close to him, possibly in the area where he is currently positioned.",E6
303.jpg,25,"The ball is likely located near the goalkeeper, who is in a diving position, suggesting that he may have just kicked or caught the ball. Given the context of the image, it's reasonable to assume the ball is close to him, possibly in the area where his body is closest to the ground.",E6
303.jpg,26,"The ball is likely located near the goalkeeper, who is in a diving position, suggesting that he may have just kicked or caught the ball. Given the context of the image, it's reasonable to assume the ball is close to him, possibly in the air or on the ground near his feet.",E6
303.jpg,27,"The ball is likely located near the goalkeeper, who is in a crouched position, suggesting he may have just kicked or passed the ball. Given his proximity to the goal area and the direction of his body, it's reasonable to infer that the ball is close by, possibly in the area where the goalkeeper's legs are extended.",E6
303.jpg,28,"The ball is likely located near the goalkeeper, who is in a crouched position, suggesting he may have just kicked or passed the ball. Given his proximity to the goal area and the direction of his body, it's reasonable to infer that the ball is close by, possibly in the area where the goalkeeper's legs are extended.",E6
303.jpg,29,"The ball is likely located near the goalkeeper, who is in a diving position, suggesting he may have just kicked or caught the ball. Given the context, it's reasonable to assume the ball is close to him, possibly in the area where he is currently positioned.",E6
303.jpg,30,"The ball is likely located near the goalkeeper, who is in a crouched position, suggesting he may have just kicked or passed the ball. Given his proximity to the goal area and the direction of his body, it's reasonable to infer that the ball is close by, possibly in the area where the goalkeeper's legs are extended.",E6
303.jpg,31,"The ball is likely located near the goalkeeper, who is in a crouched position, suggesting he may have just kicked or passed the ball. Given his proximity to the goal area and the direction of his body, it's reasonable to infer that the ball is close by, possibly in the area where the goalkeeper's legs are extended.",E6
303.jpg,32,"The ball is likely located near the goalkeeper, who is in a crouched position, suggesting he may have just kicked or passed the ball. Given his proximity to the goal area and the direction of his body, it's reasonable to infer that the ball is close by, possibly in the area where the goalkeeper's legs are extended.",E6
303.jpg,33,"The ball is likely located near the goalkeeper, who is in a diving position, suggesting he may have just kicked or caught the ball. Given the context, it's reasonable to assume the ball is close to him, possibly in the area where he is currently positioned.",E6
303.jpg,34,"The ball is likely located near the goalkeeper, who is in a diving position, suggesting that he may have just kicked or caught the ball. Given the context, it's reasonable to assume the ball is close to him, possibly in the area where his body is closest to the ground.",E6
303.jpg,35,"The ball is likely located near the goalkeeper, who is in a crouched position, suggesting he may have just kicked or passed the ball. Given his proximity to the goal area and the direction of his body, it's reasonable to infer that the ball is close by, possibly in the area where the goalkeeper's legs are extended.",E6
303.jpg,36,"The ball is likely located near the goalkeeper, who is in a crouched position, suggesting he may have just kicked or passed the ball. Given his proximity to the goal area and the direction of his body, it's reasonable to infer that the ball is close by, possibly in the area where the goalkeeper's legs are extended.",E6
303.jpg,37,"The ball is likely located near the goalkeeper, who is in a diving position, suggesting he may have just kicked or caught the ball. Given the context, it's reasonable to assume the ball is close to him, possibly in the area where he is currently positioned.",E6
303.jpg,38,"The ball is likely located near the goalkeeper, who is in a crouched position, suggesting he may have just kicked or passed the ball. Given his proximity to the goal area and the direction of his body, it's reasonable to infer that the ball is close by, possibly in the area where the goalkeeper's legs are extended.",E6
303.jpg,39,"The ball is likely located near the goalkeeper, who is in a diving position, suggesting he may have just kicked or caught the ball. Given the context, it's reasonable to assume the ball is close to him, possibly in the area where he is currently positioned.",E6
303.jpg,40,"The ball is likely located near the goalkeeper, who is in a crouched position, suggesting he may have just kicked or passed the ball. Given his proximity to the goal area and the direction of his body, it's reasonable to infer that the ball is close by, possibly in the area where the goalkeeper's legs are extended.",E6
303.jpg,41,"The ball is likely located near the goalkeeper, who is in a diving position, suggesting that he may have just kicked or caught the ball. Given the context of the image, it's reasonable to assume the ball is close to him, possibly in the air or on the ground near his feet.",E6
303.jpg,42,"The ball is likely located near the goalkeeper, who is in a diving position, suggesting he may have just kicked or caught the ball. Given the context, it's reasonable to assume the ball is close to him, possibly in the area where he is currently positioned.",E6
303.jpg,43,"The ball is likely located near the goalkeeper, who is in a diving position, suggesting that he may have just kicked or caught the ball. Given the context of the image, it's reasonable to assume the ball is close to him, possibly in the air or on the ground near his feet.",E6
303.jpg,44,"The ball is likely located near the goalkeeper, who is in a crouched position, suggesting he may have just kicked or passed the ball. Given his proximity to the goal area and the direction of his body, it's reasonable to infer that the ball is close by, possibly in the area where the goalkeeper's legs are extended.",E6
303.jpg,45,"The ball is likely located near the goalkeeper, who is in a crouched position, suggesting he may have just kicked or passed the ball. Given his proximity to the goal area and the direction of his body, it's reasonable to infer that the ball is close by, possibly in the area where the goalkeeper's legs are extended.",E6
303.jpg,46,"The ball is likely located near the goalkeeper, who is in a crouched position, suggesting he may have just kicked or passed the ball. Given his proximity to the goal area and the direction of his body, it's reasonable to infer that the ball is close by, possibly in the area where the goalkeeper's legs are extended.",E6
303.jpg,47,"The ball is likely located near the goalkeeper, who is in a crouched position, suggesting he may have just kicked or passed the ball. Given his proximity to the goal area and the direction of his body, it's reasonable to infer that the ball is close by, possibly in the area where the goalkeeper's legs are extended.",E6
303.jpg,48,"The ball is likely located near the goalkeeper, who is in a diving position, suggesting that he may have just kicked or caught the ball. Given the context, it's reasonable to assume the ball is close to him, possibly in the area where his body is closest to the ground.",E6
303.jpg,49,"The ball is likely located near the goalkeeper, who is in a crouched position, suggesting he may have just kicked or passed the ball. Given his proximity to the goal area and the direction of his body, it's reasonable to infer that the ball is close by, possibly in the area where the goalkeeper's legs are extended.",E6
303.jpg,50,"The ball is likely located near the goalkeeper, who is in a crouched position, suggesting he may have just kicked or passed the ball. Given his proximity to the goal area and the direction of his body, it's reasonable to infer that the ball is close by, possibly in the area where the goalkeeper's legs are extended.",E6
46.jpg,1,"The ball is likely located in the center of the field, as it is the most common position for a soccer ball during play. Given the players' positions and movements, it seems they are all looking towards the center, suggesting that the ball might be there or just moved out of frame.",F5
46.jpg,2,"The ball is likely located in the center of the field, as it is the most common area for a soccer ball to be found during play. Given the positions of the players, the ball would typically be near the center of the field, where the action is most intense.",C5
46.jpg,3,"The ball is likely located in the center of the field, as it is the most common area for a soccer ball to be found during play. Given the positions of the players, the ball would typically be near the center of the field, where the action is most intense.",C5
46.jpg,4,"The ball is likely located in the center of the field, as it is the most common position for a soccer ball during play. Given the players' positions and movements, it seems they are all looking towards the center, suggesting that the ball might be there or just moved out of frame.",F5
46.jpg,5,"The ball is likely located in the center of the field, as it is the most common area for a soccer ball to be found during play. Given the positions of the players, the ball would typically be near the center of the field, where the action is most intense.",C5
46.jpg,6,"The ball is likely located in the center of the field, as it is the most common area for a soccer ball to be found during play. Given the positions of the players, the ball would typically be near the center of the field, where the action is most intense.",C5
46.jpg,7,"The ball is likely located in the center of the field, as it is the most common area for a soccer ball to be found during play. Given the positions of the players, the ball would typically be near the center of the field, where the action is most intense.",C5
46.jpg,8,"The ball is likely located in the center of the field, as it is the most common area for a soccer ball to be found during play. Given the positions of the players, the ball would typically be near the center of the field, where the action is most intense.",C5
46.jpg,9,"The ball is likely located in the center of the field, as it is the most common area for a soccer ball to be found during play. Given the positions of the players, the ball would typically be near the center of the field, where the action is most intense.",C5
46.jpg,10,"The ball is likely located in the center of the field, as it is the most common area for a soccer ball to be found during play. Given the positions of the players, the ball would typically be near the center of the field, where the action is most intense.",C5
46.jpg,11,"The ball is likely located in the center of the field, as it is the most common position for a soccer ball during play. Given the players' positions and movements, it seems they are all looking towards the center, suggesting that the ball might be there or just moved out of frame.",F5
46.jpg,12,"The ball is likely located in the center of the field, as it is the most common position for a soccer ball during play. Given the players' positions and movements, it seems they are all looking towards the center, suggesting that the ball might be there or just moved out of frame.",F5
46.jpg,13,"The ball is likely located in the center of the field, as it is the most common position for a soccer ball during play. Given the players' positions and movements, it seems they are all looking towards the center of the field, suggesting that the ball might be there or just moved out of frame.",F5
46.jpg,14,"The ball is likely located in the center of the field, as it is the most common position for a soccer ball during play. Given the players' positions and movements, it seems they are all looking towards the center, suggesting that the ball might be there or just moved out of frame.",F5
46.jpg,15,"The ball is likely located in the center of the field, as it is the most common area for a soccer ball to be found during play. Given the positions of the players, the ball would typically be near the center of the field, where the action is most intense.",C5
46.jpg,16,"The ball is likely located in the center of the field, as it is the most common area for a soccer ball to be found during play. Given the positions of the players, the ball would typically be near the center of the field, where the action is most intense.",C5
46.jpg,17,"The ball is likely located in the center of the field, as it is the most common area for a soccer ball to be found during play. Given the positions of the players, the ball would typically be near the center of the field, where the action is most intense.",C5
46.jpg,18,"The ball is likely located in the center of the field, as it is the most common position for a soccer ball during play. Given the players' positions and movements, it seems they are all looking towards the center, suggesting that the ball might be there or just moved out of frame.",F5
46.jpg,19,"The ball is likely located in the center of the field, as it is the most common position for a soccer ball during play. Given the players' positions and movements, it seems they are all looking towards the center, suggesting that the ball might be there or just moved out of frame.",F5
46.jpg,20,"The ball is likely located in the center of the field, as it is the most common area for a soccer ball to be found during play. Given the positions of the players, the ball would typically be near the center of the field, where the action is most intense.",C5
46.jpg,21,"The ball is likely located in the center of the field, as it is the most common area for a soccer ball to be found during play. Given the positions of the players, the ball would typically be near the center of the field, where the action is most intense.",C5
46.jpg,22,"The ball is likely located in the center of the field, as it is the most common area for a soccer ball to be found during play. Given the positions of the players, the ball would typically be near the center of the field, where the action is most intense.",C5
46.jpg,23,"The ball is likely located in the center of the field, as it is the most common position for a soccer ball during play. Given the players' positions and movements, it seems they are all looking towards the center, suggesting that the ball might be there or just moved out of frame.",F5
46.jpg,24,"The ball is likely located in the center of the field, as it is the most common position for a soccer ball during play. Given the players' positions and movements, it seems they are all looking towards the center, suggesting that the ball might be there or just moved out of frame.",F5
46.jpg,25,"The ball is likely located in the center of the field, as it is the most common area for a soccer ball to be found during play. Given the positions of the players, the ball would typically be near the center of the field, where the action is most intense.",C5
46.jpg,26,"The ball is likely located in the center of the field, as it is the most common position for a soccer ball during play. Given the players' positions and movements, it seems they are all looking towards the center, suggesting that the ball might be there or just moved out of frame.",F5
46.jpg,27,"The ball is likely located in the center of the field, as it is the most common position for a soccer ball during play. Given the players' positions and movements, it seems they are all looking towards the center of the field, suggesting that the ball might be there or just moved out of frame.",F5
46.jpg,28,"The ball is likely located in the center of the field, as it is the most common position for a soccer ball during play. Given the players' positions and movements, it seems they are all looking towards the center, suggesting that the ball might be there or just moved out of frame.",F5
46.jpg,29,"The ball is likely located in the center of the field, as it is the most common position for a soccer ball during play. Given the players' positions and movements, it seems they are all looking towards the center of the field, suggesting that the ball might be there or just moved out of frame.",F5
46.jpg,30,"The ball is likely located in the center of the field, as it is the most common position for a soccer ball during play. Given the players' positions and movements, it seems they are all looking towards the center, suggesting that the ball might be there or just moved out of frame.",F5
46.jpg,31,"The ball is likely located in the center of the field, as it is the most common position for a soccer ball during play. Given the players' positions and movements, it seems they are all looking towards the center of the field, suggesting that the ball might be there or just moved out of frame.",F5
46.jpg,32,"The ball is likely located in the center of the field, as it is the most common position for a soccer ball during play. Given the players' positions and movements, it seems they are all looking towards the center of the field, suggesting that the ball might be there or just moved out of frame.",F5
46.jpg,33,"The ball is likely located in the center of the field, as it is the most common area for a soccer ball to be found during play. Given the positions of the players, the ball would typically be near the center of the field, where the action is most intense.",C5
46.jpg,34,"The ball is likely located in the center of the field, as it is the most common position for a soccer ball during play. Given the players' positions and movements, it seems they are all looking towards the center, suggesting that the ball might be there or just moved out of frame.",F5
46.jpg,35,"The ball is likely located in the center of the field, as it is the most common position for a soccer ball during play. Given the players' positions and movements, it seems they are all looking towards the center of the field, suggesting that the ball might be there or just moved out of frame.",F5
46.jpg,36,"The ball is likely located in the center of the field, as it is the most common position for a soccer ball during play. Given the players' positions and movements, it seems they are all looking towards the center of the field, suggesting that the ball might be there or just moved out of frame.",F5
46.jpg,37,"The ball is likely located in the center of the field, as it is the most common position for a soccer ball during play. Given the players' positions and movements, it seems they are all looking towards the center of the field, which suggests that the ball might be there.",F5
46.jpg,38,"The ball is likely located in the center of the field, as it is the most common position for a soccer ball during play. Given the players' positions and movements, it seems they are all looking towards the center, suggesting that the ball might be there or just moved out of frame.",F5
46.jpg,39,"The ball is likely located in the center of the field, as it is the most common position for a soccer ball during play. Given the players' positions and movements, it seems they are all looking towards the center of the field, which suggests that the ball might be there.",F5
46.jpg,40,"The ball is likely located in the center of the field, as it is the most common position for a soccer ball during play. Given the players' positions and movements, it seems they are all looking towards the center, suggesting that the ball might be there or just moved out of frame.",F5
46.jpg,41,"The ball is likely located in the center of the field, as it is the most common area for a soccer ball to be found during play. Given the positions of the players, the ball would typically be near the center of the field, where the action is most intense.",C5
46.jpg,42,"The ball is likely located in the center of the field, as it is the most common position for a soccer ball during play. Given the players' positions and movements, it seems they are all looking towards the center, suggesting that the ball might be there or just moved out of frame.",F5
46.jpg,43,"The ball is likely located in the center of the field, as it is the most common area for a soccer ball to be found during play. Given the positions of the players, the ball would typically be near the center of the field, where the action is most intense.",C5
46.jpg,44,"The ball is likely located in the center of the field, as it is the most common area for a soccer ball to be found during play. Given the positions of the players, the ball would typically be near the center of the field, where the action is most intense.",C5
46.jpg,45,"The ball is likely located in the center of the field, as it is the most common area for a soccer ball to be found during play. Given the positions of the players, the ball would typically be near the center of the field, where the action is most intense.",C5
46.jpg,46,"The ball is likely located in the center of the field, as it is the most common area for a soccer ball to be found during play. Given the positions of the players, the ball would typically be near the center of the field, where the action is most intense.",C5
46.jpg,47,"The ball is likely located in the center of the field, as it is the most common area for a soccer ball to be found during play. Given the positions of the players, the ball would typically be near the center of the field, where the action is most intense.",C5
46.jpg,48,"The ball is likely located in the center of the field, as it is the most common area for a soccer ball to be found during play. Given the positions of the players, the ball would typically be near the center of the field, where the action is most intense.",C5
46.jpg,49,"The ball is likely located in the center of the field, as it is the most common position for a soccer ball during play. Given the players' positions and movements, it seems they are all looking towards the center of the field, suggesting that the ball might be there or just moved out of frame.",F5
46.jpg,50,"The ball is likely located in the center of the field, as it is the most common area for a soccer ball to be found during play. Given the positions of the players, the ball would typically be near the center of the field, where the action is most intense.",C5
45.jpg,1,"The ball is most likely located near the goalkeeper, as the goalkeeper's position suggests they are preparing to catch or kick the ball. Given the perspective and the goalkeeper's stance, it is reasonable to infer that the ball is close to them, possibly in their hands or just out of frame but very near.",F7
45.jpg,2,"The ball is most likely located near the goalkeeper, as the goalkeeper appears to be in a position that suggests they might have just kicked or thrown the ball. Given the perspective and the goalkeeper's stance, it is reasonable to infer that the ball is close to them, possibly in the area where their feet would be.",F7
45.jpg,3,"The ball is most likely located near the goalkeeper, as the goalkeeper appears to be in a position that suggests they might have just kicked or thrown the ball. Given the perspective and the goalkeeper's stance, it is reasonable to infer that the ball is close to them, possibly in the area where their feet would be.",F7
45.jpg,4,"The ball is most likely located near the goalkeeper, as the goalkeeper appears to be in a position that suggests they might have just kicked or thrown the ball. Given the perspective and the goalkeeper's stance, it is reasonable to infer that the ball is close to them, possibly in the area where their feet would be.",F7
45.jpg,5,"The ball is most likely located near the goalkeeper, as the goalkeeper's position suggests they are preparing to catch or kick the ball. Given the context of a soccer game, it is common for the ball to be near the goalkeeper when they are ready to make a save or clear the ball.",F7
45.jpg,6,"The ball is most likely located near the goalkeeper, as the goalkeeper appears to be in a position that suggests they might have just kicked or thrown the ball. Given the perspective and the goalkeeper's stance, it is reasonable to infer that the ball is close to them, possibly in the area where their feet would be.",F7
45.jpg,7,"The ball is most likely located near the goalkeeper, as the goalkeeper appears to be in a position that suggests they might have just kicked or thrown the ball. Given the perspective and the goalkeeper's stance, it is reasonable to infer that the ball is close to them, possibly in the area where their feet would be.",F7
45.jpg,8,"The ball is most likely located near the goalkeeper, as the goalkeeper appears to be in a position that suggests they might have just kicked or thrown the ball. Given the perspective and the goalkeeper's stance, it is reasonable to infer that the ball is close to them, possibly in the area where their feet would be.",F7
45.jpg,9,"The ball is most likely located near the goalkeeper, as the goalkeeper's position suggests they are preparing to catch or kick the ball. Given the perspective and the goalkeeper's stance, it is reasonable to infer that the ball is close to them, possibly in their hands or just out of frame but very near.",F7
45.jpg,10,"The ball is most likely located near the goalkeeper, as the goalkeeper's position suggests they are preparing to catch or kick the ball. Given the context of a soccer game, it is common for the ball to be near the goalkeeper when they are ready to make a save or clear the ball.",F7
45.jpg,11,"The ball is most likely located near the goalkeeper, as the goalkeeper appears to be in a position that suggests they might have just kicked or thrown the ball. Given the context of the image, it's reasonable to assume the ball is close to the goalkeeper's feet or in front of them on the field.",F7
45.jpg,12,"The ball is most likely located near the goalkeeper, as the goalkeeper's position suggests they are preparing to catch or kick the ball. Given the context of a soccer game, it is common for the ball to be near the goalkeeper when they are ready to make a save or clear the ball.",F7
45.jpg,13,"The ball is most likely located near the goalkeeper, as the goalkeeper appears to be in a position that suggests they might have just kicked or thrown the ball. Given the perspective and the goalkeeper's stance, it is reasonable to infer that the ball is close to them, possibly in the area where their feet would be.",F7
45.jpg,14,"The ball is most likely located near the goalkeeper, as the goalkeeper's position suggests they are preparing to catch or kick the ball. Given the context of a soccer match, it is common for the ball to be near the goalkeeper when they are ready to make a save or clear the ball.",E7
45.jpg,15,"The ball is most likely located near the goalkeeper, as the goalkeeper's position suggests they are preparing to catch or kick the ball. Given the perspective and the goalkeeper's stance, it is reasonable to infer that the ball is close to them, possibly in their hands or just out of frame but very near.",F7
45.jpg,16,"The ball is most likely located near the goalkeeper, as the goalkeeper appears to be in a position that suggests they might have just kicked or thrown the ball. Given the context of the image, it's reasonable to assume the ball is close to the goalkeeper's feet or in front of them on the field.",F7
45.jpg,17,"The ball is most likely located near the goalkeeper, as the goalkeeper appears to be in a position that suggests they might have just kicked or thrown the ball. Given the perspective and the goalkeeper's stance, it is reasonable to infer that the ball is close to them, possibly in the area where their feet would be.",F7
45.jpg,18,"The ball is most likely located near the goalkeeper, as the goalkeeper's position suggests they are preparing to catch or kick the ball. Given the perspective and the goalkeeper's stance, it is reasonable to infer that the ball is close to them, possibly in their hands or about to be kicked.",F7
45.jpg,19,"The ball is most likely located near the goalkeeper, as the goalkeeper's position suggests they are preparing to catch or kick the ball. Given the perspective and the goalkeeper's stance, it is reasonable to infer that the ball is close to them, possibly in their hands or just out of frame but very near.",F7
45.jpg,20,"The ball is most likely located near the goalkeeper, as the goalkeeper appears to be in a position that suggests they might have just kicked or thrown the ball. Given the perspective and the goalkeeper's stance, it is reasonable to infer that the ball is close to them, possibly in the area where their feet would be.",F7
45.jpg,21,"The ball is most likely located near the goalkeeper, as the goalkeeper appears to be in a position that suggests they might have just kicked or thrown the ball. Given the perspective and the goalkeeper's stance, it is reasonable to infer that the ball is close to them, possibly in the area where their feet would be.",F7
45.jpg,22,"The ball is most likely located near the goalkeeper, as the goalkeeper appears to be in a position that suggests they might have just kicked or thrown the ball. Given the perspective and the goalkeeper's stance, it is reasonable to infer that the ball is close to them, possibly in the area where their feet would be.",F7
45.jpg,23,"The ball is most likely located near the goalkeeper, as the goalkeeper's position suggests they are preparing to catch or kick the ball. Given the context of a soccer game, it is common for the ball to be near the goalkeeper when they are ready to make a save or clear the ball.",F7
45.jpg,24,"The ball is most likely located near the goalkeeper, as the goalkeeper's position suggests they are preparing to catch or kick the ball. Given the context of a soccer game, it is common for the ball to be near the goalkeeper when they are ready to make a save or clear the ball.",F7
45.jpg,25,"The ball is most likely located near the goalkeeper, as the goalkeeper appears to be in a position that suggests they might have just kicked or thrown the ball. Given the perspective and the goalkeeper's stance, it is reasonable to infer that the ball is close to them, possibly in the area where their feet would be.",F7
45.jpg,26,"The ball is most likely located near the goalkeeper, as the goalkeeper's position suggests they are preparing to catch or kick the ball. Given the perspective and the goalkeeper's stance, it is reasonable to infer that the ball is close to them, possibly in their hands or about to be kicked.",F7
45.jpg,27,"The ball is most likely located near the goalkeeper, as the goalkeeper's position suggests they are preparing to catch or kick the ball. Given the perspective and the goalkeeper's stance, it is reasonable to infer that the ball is close to them, possibly in their hands or about to be kicked.",F7
45.jpg,28,"The ball is most likely located near the goalkeeper, as the goalkeeper's position suggests they are preparing to catch or kick the ball. Given the context of a soccer game, it is common for the ball to be near the goalkeeper when they are ready to make a save or clear the ball.",F7
45.jpg,29,"The ball is most likely located near the goalkeeper, as the goalkeeper appears to be in a position that suggests they might have just kicked or thrown the ball. Given the context of the image, it's reasonable to assume the ball is close to the goalkeeper's feet or in front of them on the field.",F7
45.jpg,30,"The ball is most likely located near the goalkeeper, as the goalkeeper appears to be in a position that suggests they might have just kicked or thrown the ball. Given the perspective and the goalkeeper's stance, it is reasonable to infer that the ball is close to them, possibly in the area where their feet would be.",F7
45.jpg,31,"The ball is most likely located near the goalkeeper, as the goalkeeper's position suggests they are preparing to catch or kick the ball. Given the context of a soccer match, it is common for the ball to be near the goalkeeper when they are ready to make a save or clear the ball.",E7
45.jpg,32,"The ball is most likely located near the goalkeeper, as the goalkeeper appears to be in a position that suggests they might have just kicked or thrown the ball. Given the context of the image, it's reasonable to assume the ball is close to the goalkeeper's feet or in front of them on the field.",F7
45.jpg,33,"The ball is most likely located near the goalkeeper, as the goalkeeper appears to be in a position that suggests they might have just kicked or thrown the ball. Given the context of the image, it's reasonable to assume the ball is close to the goalkeeper, possibly in the air or on the ground near them.",F7
45.jpg,34,"The ball is most likely located near the goalkeeper, as the goalkeeper appears to be in a position that suggests they might have just kicked or thrown the ball. Given the perspective and the goalkeeper's stance, it is reasonable to infer that the ball is close to them, possibly in the area where their feet would be.",F7
45.jpg,35,"The ball is most likely located near the goalkeeper, as the goalkeeper appears to be in a position that suggests they might have just kicked or thrown the ball. Given the perspective and the goalkeeper's stance, it is reasonable to infer that the ball is close to them, possibly in the area where their feet would be.",F7
45.jpg,36,"The ball is most likely located near the goalkeeper, as the goalkeeper appears to be in a position that suggests they might have just kicked or thrown the ball. Given the perspective and the goalkeeper's stance, it is reasonable to infer that the ball is close to them, possibly in the area where their feet would be.",F7
45.jpg,37,"The ball is most likely located near the goalkeeper, as the goalkeeper's position suggests they are preparing to catch or kick the ball. Given the context of a soccer match, it is common for the ball to be near the goalkeeper when they are ready to make a save or clear the ball.",E7
45.jpg,38,"The ball is most likely located near the goalkeeper, as the goalkeeper's position suggests they are preparing to catch or kick the ball. Given the context of a soccer game, it is common for the ball to be near the goalkeeper when they are ready to make a save or clear the ball.",F7
45.jpg,39,"The ball is most likely located near the goalkeeper, as the goalkeeper appears to be in a position that suggests they might have just kicked or thrown the ball. Given the context of the image, it's reasonable to assume the ball is close to the goalkeeper's feet or in front of them on the field.",F7
45.jpg,40,"The ball is most likely located near the goalkeeper, as the goalkeeper appears to be in a position that suggests they might have just kicked or thrown the ball. Given the context of the image, it's reasonable to assume the ball is close to the goalkeeper, possibly in the air or on the ground near them.",F7
45.jpg,41,"The ball is most likely located near the goalkeeper, as the goalkeeper appears to be in a position that suggests they might have just kicked or thrown the ball. Given the perspective and the goalkeeper's stance, it is reasonable to infer that the ball is close to them, possibly in the area where their feet would be.",F7
45.jpg,42,"The ball is most likely located near the goalkeeper, as the goalkeeper's position suggests they are preparing to catch or kick the ball. Given the perspective and the goalkeeper's stance, it is reasonable to infer that the ball is close to them, possibly in their hands or just out of frame but very near.",F7
45.jpg,43,"The ball is most likely located near the goalkeeper, as the goalkeeper appears to be in a position that suggests they might have just kicked or thrown the ball. Given the context of the image, it's reasonable to assume the ball is close to the goalkeeper, possibly in the air or on the ground near them.",F7
45.jpg,44,"The ball is most likely located near the goalkeeper, as the goalkeeper appears to be in a position that suggests they might have just kicked or thrown the ball. Given the perspective and the goalkeeper's stance, it is reasonable to infer that the ball is close to them, possibly in the area where their feet would be.",F7
45.jpg,45,"The ball is most likely located near the goalkeeper, as the goalkeeper's position suggests they are preparing to catch or kick the ball. Given the perspective and the goalkeeper's stance, it is reasonable to infer that the ball is close to them, possibly in their hands or about to be kicked.",F7
45.jpg,46,"The ball is most likely located near the goalkeeper, as the goalkeeper appears to be in a position that suggests they might have just kicked or thrown the ball. Given the perspective and the goalkeeper's stance, it is reasonable to infer that the ball is close to them, possibly in the area where their feet would be.",F7
45.jpg,47,"The ball is most likely located near the goalkeeper, as the goalkeeper appears to be in a position that suggests they might have just kicked or thrown the ball. Given the perspective and the goalkeeper's stance, it is reasonable to infer that the ball is close to them, possibly in the area where their feet would be.",F7
45.jpg,48,"The ball is most likely located near the goalkeeper, as the goalkeeper's position suggests they are preparing to catch or kick the ball. Given the perspective and the goalkeeper's stance, it is reasonable to infer that the ball is close to them, possibly in their hands or just out of frame but very near.",F7
45.jpg,49,"The ball is most likely located near the goalkeeper, as the goalkeeper's position suggests they are preparing to catch or kick the ball. Given the context of a soccer game, it is common for the ball to be near the goalkeeper when they are ready to make a save or clear the ball.",F7
45.jpg,50,"The ball is most likely located near the goalkeeper, as the goalkeeper appears to be in a position that suggests they might have just kicked or thrown the ball. Given the context of the image, it's reasonable to assume the ball is close to the goalkeeper, possibly in the air or on the ground near them.",F7
24.jpg,1,"The ball is likely located near the center of the field, as it is a common area for play during a soccer match. Given the positions of the players, it seems that the ball was recently passed or dribbled towards the center of the field. The player in the blue jersey appears to be in motion, possibly having just played the ball, which suggests the ball could be close to him.",C5
24.jpg,2,"The ball is likely located near the center of the field, as it is a common area for play during a soccer match. Given the positions of the players, it seems that the ball was recently passed or dribbled towards the center of the field. The player in the blue jersey appears to be in motion, possibly having just kicked the ball, which would place the ball in the central area of the field.",C5
24.jpg,3,"The ball is likely located near the center of the field, as it is a common area for play during a soccer match. Given the positions of the players, it seems that the ball was recently passed or dribbled towards the center of the field. The player in the blue jersey appears to be in motion, possibly having just kicked the ball, which would place the ball in the central area of the field.",C5
24.jpg,4,"The ball is likely located near the center of the field, as it is a common area for play during a soccer match. Given the positions of the players, it seems that the ball was recently passed or dribbled towards the center of the field. The player in the blue jersey appears to be in motion, possibly having just kicked the ball, which would place the ball in the central area of the field.",C5
24.jpg,5,"The ball is likely located near the center of the field, as it is a common area for play during a soccer match. Given the positions of the players, it seems that the ball was recently passed or dribbled towards the center of the field. The player in the blue jersey appears to be in motion, possibly having just played the ball, which suggests the ball could be close to him.",C5
24.jpg,6,"The ball is likely located near the center of the field, as it is a common area for play during a soccer match. Given the positions of the players, it seems that the ball was recently passed or dribbled towards the center of the field. The player in the blue jersey appears to be in motion, possibly having just kicked the ball, which would place the ball in the central area of the field.",C5
24.jpg,7,"The ball is likely located near the center of the field, as it is a common area for play during a soccer match. Given the positions of the players, it seems that the ball was recently passed or dribbled towards the center of the field. The player in the blue jersey appears to be in motion, possibly having just kicked the ball, which would place the ball in the central area of the field.",C5
24.jpg,8,"The ball is likely located near the center of the field, as it is a common area for play during a soccer match. Given the positions of the players, it seems that the ball was recently passed or dribbled towards the center of the field. The player in the blue jersey appears to be in motion, possibly having just played the ball, which suggests the ball could be close to him.",C5
24.jpg,9,"The ball is likely located near the center of the field, as it is a common area for play during a soccer match. Given the positions of the players, it seems that the ball was recently passed or dribbled towards the center of the field. The player in the blue jersey appears to be in motion, possibly having just played the ball, which suggests the ball could be close to him or slightly ahead.",C5
24.jpg,10,"The ball is likely located near the center of the field, as it is a common area for play during a soccer match. Given the positions of the players, it seems that the ball was recently passed or dribbled towards the center of the field. The player in the blue jersey appears to be in motion, possibly having just played the ball, which suggests the ball could be close to him.",C5
24.jpg,11,"The ball is likely located near the center of the field, as it is a common area for play during a soccer match. Given the positions of the players, it seems that the ball was recently passed or dribbled towards the center of the field. The player in the blue jersey appears to be in motion, possibly having just played the ball, which suggests the ball could be close to him.",C5
24.jpg,12,"The ball is likely located near the center of the field, as it is a common area for play during a soccer match. Given the positions of the players, it seems that the ball was recently passed or dribbled towards the center of the field. The player in the blue jersey appears to be in motion, possibly having just played the ball, which suggests the ball could be close to him or slightly ahead.",C5
24.jpg,13,"The ball is likely located near the center of the field, as it is a common area for play during a soccer match. Given the positions of the players, it seems that the ball was recently passed or dribbled towards the center of the field. The player in the blue jersey appears to be in motion, possibly having just played the ball, which suggests the ball could be close to him.",C5
24.jpg,14,"The ball is likely located near the center of the field, as it is a common area for play during a soccer match. Given the positions of the players, it seems that the ball was recently passed or dribbled towards the center of the field. The player in the blue jersey appears to be in motion, possibly having just played the ball, which suggests the ball could be close to him or slightly ahead of him.",C5
24.jpg,15,"The ball is likely located near the center of the field, as it is a common area for play during a soccer match. Given the positions of the players, it seems that the ball was recently passed or dribbled towards the center of the field. The player in the blue jersey appears to be in motion, possibly having just played the ball, which suggests the ball could be close to him.",C5
24.jpg,16,"The ball is likely located near the center of the field, as it is a common area for play during a soccer match. Given the positions of the players, it seems that the ball was recently passed or dribbled towards the center of the field. The player in the blue jersey appears to be in motion, possibly having just kicked the ball, which would place the ball in the central area of the field.",C5
24.jpg,17,"The ball is likely located near the center of the field, as it is a common area for play during a soccer match. Given the positions of the players, it seems that the ball was recently passed or dribbled towards the center of the field. The player in the blue jersey appears to be in motion, possibly having just played the ball, which suggests the ball could be close to him or slightly behind him.",C5
24.jpg,18,"The ball is likely located near the center of the field, as it is a common area for play during a soccer match. Given the positions of the players, it seems that the ball was recently passed or dribbled towards the center of the field. The player in the blue jersey appears to be in motion, possibly having just kicked the ball, which would place the ball in the central area of the field.",C5
24.jpg,19,"The ball is likely located near the center of the field, as it is a common area for play during a soccer match. Given the positions of the players, it seems that the ball was recently passed or dribbled towards the center of the field. The player in the blue jersey appears to be in motion, possibly having just kicked the ball, which would place the ball in the central area of the field.",C5
24.jpg,20,"The ball is likely located near the center of the field, as it is a common area for play during a soccer match. Given the positions of the players, it seems that the ball was recently passed or dribbled towards the center of the field. The player in the blue jersey appears to be in motion, possibly having just played the ball, which suggests the ball could be close to him.",C5
24.jpg,21,"The ball is likely located near the center of the field, as it is a common area for play during a soccer match. Given the positions of the players, it seems that the ball was recently passed or dribbled towards the center of the field. The player in the blue jersey appears to be in motion, possibly having just played the ball, which suggests the ball could be close to him.",C5
24.jpg,22,"The ball is likely located near the center of the field, as it is a common area for play during a soccer match. Given the positions of the players, it seems that the ball was recently passed or dribbled towards the center of the field. The player in the blue jersey appears to be in motion, possibly having just kicked the ball, which would place the ball in the central area of the field.",C5
24.jpg,23,"The ball is likely located near the center of the field, as it is a common area for play during a soccer match. Given the positions of the players, it seems that the ball was recently passed or dribbled towards the center of the field. The player in the blue jersey appears to be in motion, possibly having just kicked the ball, which would place the ball in the central area of the field.",C5
24.jpg,24,"The ball is likely located near the center of the field, as it is a common area for play during a soccer match. Given the positions of the players, it seems that the ball was recently passed or dribbled towards the center of the field. The player in the blue jersey appears to be in motion, possibly having just kicked the ball, which would place the ball in the central area of the field.",C5
24.jpg,25,"The ball is likely located near the center of the field, as it is a common area for play during a soccer match. Given the positions of the players, it seems that the ball was recently passed or dribbled towards the center of the field. The player in the blue jersey appears to be in motion, possibly having just played the ball, which suggests the ball could be close to him or slightly behind him.",E5
24.jpg,26,"The ball is likely located near the center of the field, as it is a common area for play during a soccer match. Given the positions of the players, it seems that the ball was recently passed or dribbled towards the center of the field. The player in the blue jersey appears to be in motion, possibly having just kicked the ball, which would place the ball in the central area of the field.",C5
24.jpg,27,"The ball is likely located near the center of the field, as it is a common area for play during a soccer match. Given the positions of the players, it seems that the ball was recently passed or dribbled towards the center of the field. The player in the blue jersey appears to be in motion, possibly having just kicked the ball, which would place the ball in the central area of the field.",C5
24.jpg,28,"The ball is likely located near the center of the field, as it is a common area for play during a soccer match. Given the positions of the players, it seems that the ball was recently passed or dribbled towards the center of the field. The player in the blue jersey appears to be in motion, possibly having just kicked the ball, which would place the ball in the central area of the field.",C5
24.jpg,29,"The ball is likely located near the center of the field, as it is a common area for play during a soccer match. Given the positions of the players, it seems that the ball was recently passed or dribbled towards the center of the field. The player in the blue jersey appears to be in motion, possibly having just played the ball, which suggests the ball could be close to him.",C5
24.jpg,30,"The ball is likely located near the center of the field, as it is a common area for play during a soccer match. Given the positions of the players, it seems that the ball was recently passed or dribbled towards the center of the field. The player in the blue jersey appears to be in motion, possibly having just kicked the ball, which would place the ball in the central area of the field.",C5
24.jpg,31,"The ball is likely located near the center of the field, as it is a common area for play during a soccer match. Given the positions of the players, it seems that the ball was recently passed or dribbled towards the center of the field. The player in the blue jersey appears to be in motion, possibly having just played the ball, which suggests the ball could be close to him.",C5
24.jpg,32,"The ball is likely located near the center of the field, as it is a common area for play during a soccer match. Given the positions of the players, it seems that the ball was recently passed or dribbled towards the center of the field. The player in the blue jersey appears to be in motion, possibly having just played the ball, which suggests the ball could be close to him or slightly behind him.",C5
24.jpg,33,"The ball is likely located near the center of the field, as it is a common area for play during a soccer match. Given the positions of the players, it seems that the ball was recently passed or dribbled towards the center of the field. The player in the blue jersey appears to be in motion, possibly having just played the ball, which suggests the ball could be close to him.",C5
24.jpg,34,"The ball is likely located near the center of the field, as it is a common area for play during a soccer match. Given the positions of the players, it seems that the ball was recently passed or dribbled towards the center of the field. The player in the blue jersey appears to be in motion, possibly having just played the ball, which suggests the ball could be close to him.",C5
24.jpg,35,"The ball is likely located near the center of the field, as it is a common area for play during a soccer match. Given the positions of the players, it seems that the ball was recently passed or dribbled towards the center of the field. The player in the blue jersey appears to be in motion, possibly having just played the ball, which suggests the ball could be close to him.",C5
24.jpg,36,"The ball is likely located near the center of the field, as it is a common area for play during a soccer match. Given the positions of the players, it seems that the ball was recently passed or dribbled towards the center of the field. The player in the blue jersey appears to be in motion, possibly having just played the ball, which suggests the ball could be close to him or slightly behind him.",C5
24.jpg,37,"The ball is likely located near the center of the field, as it is a common area for play during a soccer match. Given the positions of the players, it seems that the ball was recently passed or dribbled towards the center of the field. The player in the blue jersey appears to be in motion, possibly having just kicked the ball, which would place the ball in the central area of the field.",C5
24.jpg,38,"The ball is likely located near the center of the field, as it is a common area for play during a soccer match. Given the positions of the players, it seems that the ball was recently passed or dribbled towards the center of the field. The player in the blue jersey appears to be in motion, possibly having just kicked the ball, which would place the ball in the central area of the field.",C5
24.jpg,39,"The ball is likely located near the center of the field, as it is a common area for play during a soccer match. Given the positions of the players, it seems that the ball was recently passed or dribbled towards the center of the field. The player in the blue jersey appears to be in motion, possibly having just played the ball, which suggests the ball could be close to him or slightly ahead of him.",E5
24.jpg,40,"The ball is likely located near the center of the field, as it is a common area for play during a soccer match. Given the positions of the players, it seems that the ball was recently passed or dribbled towards the center of the field. The player in the blue jersey appears to be in motion, possibly having just kicked the ball, which would place the ball in the central area of the field.",C5
24.jpg,41,"The ball is likely located near the center of the field, as it is a common area for play during a soccer match. Given the positions of the players, it seems that the ball was recently passed or dribbled towards the center of the field. The player in the blue jersey appears to be in motion, possibly having just played the ball, which suggests the ball could be close to him or slightly behind him.",C5
24.jpg,42,"The ball is likely located near the center of the field, as it is a common area for play during a soccer match. Given the positions of the players, it seems that the ball was recently passed or dribbled towards the center of the field. The player in the blue jersey appears to be in motion, possibly having just kicked the ball, which would place the ball in the central area of the field.",C5
24.jpg,43,"The ball is likely located near the center of the field, as it is a common area for play during a soccer match. Given the positions of the players, it seems that the ball was recently passed or dribbled towards the center of the field. The player in the blue jersey appears to be in motion, possibly having just played the ball, which suggests the ball could be close to him or slightly ahead.",C5
24.jpg,44,"The ball is likely located near the center of the field, as it is a common area for play during a soccer match. Given the positions of the players, it seems that the ball was recently passed or dribbled towards the center of the field. The player in the blue jersey appears to be in motion, possibly having just played the ball, which suggests the ball could be close to him.",C5
24.jpg,45,"The ball is likely located near the center of the field, as it is a common area for play during a soccer match. Given the positions of the players, it seems that the ball was recently passed or dribbled towards the center of the field. The player in the blue jersey appears to be in motion, possibly having just kicked the ball, which would place the ball in the central area of the field.",C5
24.jpg,46,"The ball is likely located near the center of the field, as it is a common area for play during a soccer match. Given the positions of the players, it seems that the ball was recently passed or dribbled towards the center of the field. The player in the blue jersey appears to be in motion, possibly having just kicked the ball, which would place the ball in the central area of the field.",C5
24.jpg,47,"The ball is likely located near the center of the field, as it is a common area for play during a soccer match. Given the positions of the players, it seems that the ball was recently passed or dribbled towards the center of the field. The player in the blue jersey appears to be in motion, possibly having just played the ball, which suggests the ball could be close to him or slightly ahead of him.",E5
24.jpg,48,"The ball is likely located near the center of the field, as it is a common area for play during a soccer match. Given the positions of the players, it seems that the ball was recently passed or dribbled towards the center of the field. The player in the blue jersey appears to be in motion, possibly having just kicked the ball, which would place the ball in the central area of the field.",C5
24.jpg,49,"The ball is likely located near the center of the field, as it is a common area for play during a soccer match. Given the positions of the players, it seems that the ball was recently passed or dribbled towards the center of the field. The player in the blue jersey appears to be in motion, possibly having just kicked the ball, which would place the ball in the central area of the field.",C5
24.jpg,50,"The ball is likely located near the center of the field, as it is a common area for play during a soccer match. Given the positions of the players, it seems that the ball was recently passed or dribbled towards the center of the field. The player in the blue jersey appears to be in motion, possibly having just played the ball, which suggests the ball could be close to him.",C5
21.jpg,1,"The ball is likely located near the center of the field, as it is common for the ball to be in play around the midfield area during a soccer match. The players are positioned in a way that suggests they are actively engaged in the game, which typically occurs when the ball is in play. Given the grid layout, the ball is most likely in the central cells, such as C5 or D5, as these areas are closest to the action and would be the most probable locations for the ball.",C5
21.jpg,2,"The ball is likely located near the center of the field, as it is common for the ball to be in play around the midfield area during a soccer match. The players are positioned in a way that suggests they are actively competing for the ball, which typically occurs in the central part of the field.",D5
21.jpg,3,"The ball is likely located near the center of the field, as it is common for the ball to be in play around the midfield area during a soccer match. The players are positioned in a way that suggests they are actively engaged in the game, which typically means the ball is nearby.",D5
21.jpg,4,"The ball is likely located near the center of the field, as it is common for the ball to be in play around the midfield area during a soccer match. The players are positioned in a way that suggests they are actively competing for the ball, which typically occurs in the central part of the field.",D5
21.jpg,5,"The ball is likely located near the center of the field, as it is common for the ball to be in play around the midfield area during a soccer match. The players are positioned in a way that suggests they are actively engaged in the game, which typically occurs when the ball is in the central part of the field.",D5
21.jpg,6,"The ball is likely located near the center of the field, as it is common for the ball to be in play around the midfield area during a soccer match. The players are positioned in a way that suggests they are actively competing for the ball, which typically occurs in the central part of the field.",D5
21.jpg,7,"The ball is likely located near the center of the field, as it is common for the ball to be in play around the midfield area during a soccer match. The players are positioned in a way that suggests they are actively competing for the ball, which typically occurs in the central part of the field.",D5
21.jpg,8,"The ball is likely located near the center of the field, as it is common for the ball to be in play around the midfield area during a soccer match. The players are positioned in a way that suggests they are actively competing for the ball, which typically occurs in the central part of the field.",D5
21.jpg,9,"The ball is likely located near the center of the field, as it is common for the ball to be in play around the midfield area during a soccer match. The players are positioned in a way that suggests they are actively engaged in the game, which typically occurs when the ball is in play. Given the grid layout, the ball is most likely in the central cells, such as C5 or D5, as these areas are closest to the action and would be the most probable locations for the ball.",C5
21.jpg,10,"The ball is likely located near the center of the field, as it is common for the ball to be in play around the midfield area during a soccer match. The players are positioned in a way that suggests they are actively engaged in the game, which typically occurs when the ball is in play. Given the grid layout, the ball is most likely in the central cells, such as C5 or D5, as these areas are more likely to be active during gameplay.",C5
21.jpg,11,"The ball is likely located near the center of the field, as it is common for the ball to be in play around the midfield area during a soccer match. The players are positioned in a way that suggests they are actively engaged in the game, which typically occurs when the ball is in play. Given the grid layout, the ball is most likely in the central cells, such as C5 or D5, as these areas are closest to the action and would be the most probable locations for the ball.",C5
21.jpg,12,"The ball is likely located near the center of the field, as it is common for the ball to be in play around the midfield area during a soccer match. The players are positioned in a way that suggests they are actively engaged in the game, which typically occurs when the ball is in the central part of the field.",D5
21.jpg,13,"The ball is likely located near the center of the field, as it is common for the ball to be in play around the midfield area during a soccer match. The players are positioned in a way that suggests they are actively engaged in the game, which typically occurs when the ball is in play. Given the grid layout, the ball is most likely in the central cells, such as C5 or D5, which are in the middle of the field.",C5
21.jpg,14,"The ball is likely located near the center of the field, as it is common for the ball to be in play around the midfield area during a soccer match. The players are positioned in a way that suggests they are actively competing for the ball, which typically occurs in the central part of the field.",D5
21.jpg,15,"The ball is likely located near the center of the field, as it is common for the ball to be in play around the midfield area during a soccer match. The players are positioned in a way that suggests they are actively competing for the ball, which typically occurs in the central part of the field.",D5
21.jpg,16,"The ball is likely located near the center of the field, as it is common for the ball to be in play around the midfield area during a soccer match. The players are positioned in a way that suggests they are actively competing for the ball, which typically occurs in the central part of the field.",D5
21.jpg,17,"The ball is likely located near the center of the field, as it is common for the ball to be in play around the midfield area during a soccer match. The players are positioned in a way that suggests they are actively engaged in the game, which typically occurs when the ball is in play. Given the grid layout, the ball is most likely in the central cells, such as C5 or D5, as these areas are closest to the action and would be the most probable locations for the ball.",C5
21.jpg,18,"The ball is likely located near the center of the field, as it is common for the ball to be in play around the midfield area during a soccer match. The players are positioned in a way that suggests they are actively engaged in the game, which typically means the ball is nearby.",D5
21.jpg,19,"The ball is likely located near the center of the field, as it is common for the ball to be in play around the midfield area during a soccer match. The players are positioned in a way that suggests they are actively competing for the ball, which typically occurs in the central part of the field.",D5
21.jpg,20,"The ball is likely located near the center of the field, as it is common for the ball to be in play around the midfield area during a soccer match. The players are positioned in a way that suggests they are actively engaged in the game, which typically occurs when the ball is in the central part of the field.",D5
21.jpg,21,"The ball is likely located near the center of the field, as it is common for the ball to be in play around the midfield area during a soccer match. The players are positioned in a way that suggests they are actively competing for the ball, which typically occurs in the central part of the field.",D5
21.jpg,22,"The ball is likely located near the center of the field, as it is common for the ball to be in play around the midfield area during a soccer match. The players are positioned in a way that suggests they are actively competing for the ball, which typically occurs in the central part of the field.",D5
21.jpg,23,"The ball is likely located near the center of the field, as it is common for the ball to be in play around the midfield area during a soccer match. The players are positioned in a way that suggests they are actively engaged in the game, which typically means the ball is nearby.",D5
21.jpg,24,"The ball is likely located near the center of the field, as it is common for the ball to be in play around the midfield area during a soccer match. The players are positioned in a way that suggests they are actively competing for the ball, which typically occurs in the central part of the field.",D5
21.jpg,25,"The ball is likely located near the center of the field, as it is common for the ball to be in play around the midfield area during a soccer match. The players are positioned in a way that suggests they are actively competing for the ball, which typically occurs in the central part of the field.",D5
21.jpg,26,"The ball is likely located near the center of the field, as it is common for the ball to be in play around the midfield area during a soccer match. The players are positioned in a way that suggests they are actively engaged in the game, which typically means the ball is nearby.",D5
21.jpg,27,"The ball is likely located near the center of the field, as it is common for the ball to be in play around the midfield area during a soccer match. The players are positioned in a way that suggests they are actively competing for the ball, which typically occurs in the central part of the field.",D5
21.jpg,28,"The ball is likely located near the center of the field, as it is common for the ball to be in play around the midfield area during a soccer match. The players are positioned in a way that suggests they are actively engaged in the game, which typically occurs when the ball is in play. Given the grid layout, the ball is most likely in the central cells, such as C5 or D5, as these areas are more likely to be active during gameplay.",C5
21.jpg,29,"The ball is likely located near the center of the field, as it is common for the ball to be in play around the midfield area during a soccer match. The players are positioned in a way that suggests they are actively engaged in the game, which typically occurs when the ball is in the central part of the field.",D5
21.jpg,30,"The ball is likely located near the center of the field, as it is common for the ball to be in play around the midfield area during a soccer match. The players are positioned in a way that suggests they are actively engaged in the game, which typically means the ball is nearby.",D5
21.jpg,31,"The ball is likely located near the center of the field, as it is common for the ball to be in play around the midfield area during a soccer match. The players are positioned in a way that suggests they are actively engaged in the game, which typically means the ball is nearby.",D5
21.jpg,32,"The ball is likely located near the center of the field, as it is common for the ball to be in play around the midfield area during a soccer match. The players are positioned in a way that suggests they are actively competing for the ball, which typically occurs in the central part of the field.",D5
21.jpg,33,"The ball is likely located near the center of the field, as it is common for the ball to be in play around the midfield area during a soccer match. The players are positioned in a way that suggests they are actively engaged in the game, which typically means the ball is nearby.",D5
21.jpg,34,"The ball is likely located near the center of the field, as it is common for the ball to be in play around the midfield area during a soccer match. The players are positioned in a way that suggests they are actively competing for the ball, which typically occurs in the central part of the field.",D5
21.jpg,35,"The ball is likely located near the center of the field, as it is common for the ball to be in play around the midfield area during a soccer match. The players are positioned in a way that suggests they are actively engaged in the game, which typically means the ball is nearby.",D5
21.jpg,36,"The ball is likely located near the center of the field, as it is common for the ball to be in play around the midfield area during a soccer match. The players are positioned in a way that suggests they are actively engaged in the game, which typically occurs when the ball is in play. Given the grid layout, the ball is most likely in the central cells, such as C5 or D5, which are in the middle of the field.",C5
21.jpg,37,"The ball is likely located near the center of the field, as it is common for the ball to be in play around the midfield area during a soccer match. The players are positioned in a way that suggests they are actively competing for the ball, which typically occurs in the central part of the field.",D5
21.jpg,38,"The ball is likely located near the center of the field, as it is common for the ball to be in play around the midfield area during a soccer match. The players are positioned in a way that suggests they are actively competing for the ball, which typically occurs in the central part of the field.",D5
21.jpg,39,"The ball is likely located near the center of the field, as it is common for the ball to be in play around the midfield area during a soccer match. The players are positioned in a way that suggests they are actively engaged in the game, which typically occurs when the ball is in play. Given the grid layout, the ball is most likely in the central cells, such as C5 or D5, which are in the middle of the field.",C5
21.jpg,40,"The ball is likely located near the center of the field, as it is common for the ball to be in play around the midfield area during a soccer match. The players are positioned in a way that suggests they are actively competing for the ball, which typically occurs in the central part of the field.",D5
21.jpg,41,"The ball is likely located near the center of the field, as it is common for the ball to be in play around the midfield area during a soccer match. The players are positioned in a way that suggests they are actively competing for the ball, which typically occurs in the central part of the field.",D5
21.jpg,42,"The ball is likely located near the center of the field, as it is common for the ball to be in play around the midfield area during a soccer match. The players are positioned in a way that suggests they are actively competing for the ball, which typically occurs in the central part of the field.",D5
21.jpg,43,"The ball is likely located near the center of the field, as it is common for the ball to be in play around the midfield area during a soccer match. The players are positioned in a way that suggests they are actively competing for the ball, which typically occurs in the central part of the field.",D5
21.jpg,44,"The ball is likely located near the center of the field, as it is common for the ball to be in play around the midfield area during a soccer match. The players are positioned in a way that suggests they are actively engaged in the game, which typically occurs when the ball is in the central part of the field.",D5
21.jpg,45,"The ball is likely located near the center of the field, as it is common for the ball to be in play around the midfield area during a soccer match. The players are positioned in a way that suggests they are actively competing for the ball, which typically occurs in the central part of the field.",D5
21.jpg,46,"The ball is likely located near the center of the field, as it is common for the ball to be in play around the midfield area during a soccer match. The players are positioned in a way that suggests they are actively engaged in the game, which typically occurs when the ball is in the central part of the field.",D5
21.jpg,47,"The ball is likely located near the center of the field, as it is common for the ball to be in play around the midfield area during a soccer match. The players are positioned in a way that suggests they are actively competing for the ball, which typically occurs in the central part of the field.",D5
21.jpg,48,"The ball is likely located near the center of the field, as it is common for the ball to be in play around the midfield area during a soccer match. The players are positioned in a way that suggests they are actively engaged in the game, which typically means the ball is nearby.",D5
21.jpg,49,"The ball is likely located near the center of the field, as it is common for the ball to be in play around the midfield area during a soccer match. The players are positioned in a way that suggests they are actively competing for the ball, which typically occurs in the central part of the field.",D5
21.jpg,50,"The ball is likely located near the center of the field, as it is common for the ball to be in play around the midfield area during a soccer match. The players are positioned in a way that suggests they are actively engaged in the game, which typically occurs when the ball is in the central part of the field.",D5
190.jpg,1,"The ball is likely located in the center of the field, as it is a common area for the ball to be during play. Given the player's position and movement, it seems he might have just kicked or passed the ball, which would place it near his feet or slightly ahead of him. The ball is not visible in the image, but based on the player's body language and the direction of his gaze, it is reasonable to infer that the ball is in the central part of the field, possibly in the area where the player's feet are positioned.",E6
190.jpg,2,"The ball is likely located in the center of the field, just below the player who appears to be in motion. Given the player's position and the direction of his movement, it is reasonable to infer that the ball was recently passed or kicked towards him. The ball would typically be in a position that allows for a clear view of its trajectory and the player's reaction, which suggests it is not far from the player's feet or in the immediate vicinity.",E6
190.jpg,3,"The ball is likely located in the center of the field, as it is a common position for the ball during play. Given the player's body language and the direction they are facing, it suggests they may have just kicked or passed the ball. The ball is not visible in the current frame, but based on the context, it would be reasonable to assume it is in the central area of the field.",E6
190.jpg,4,"The ball is likely located in the center of the field, as it is a common position for the ball during play. Given the player's body language and the direction he is facing, it suggests he might have just kicked or is about to kick the ball. Therefore, the ball is most likely in the central area of the field.",E6
190.jpg,5,"The ball is likely located in the center of the field, as it is a common position for the ball during play. Given the player's body language and the direction he is looking, it suggests that the ball was recently passed or is about to be passed near him. The ball is not visible in the current frame, but based on the context, it is most probable that it is in the central area of the field, which corresponds to the cells around (D6) and (E6).",D6
190.jpg,6,"The ball is likely located in the center of the field, as it is a common area for the ball to be during play. Given the player's position and movement, it seems he might have just kicked or passed the ball, which would place it near his feet or slightly ahead of him. The ball is not visible in the image, but based on the player's body language and the direction of his gaze, it is reasonable to infer that the ball is in the central part of the field, possibly in the area where the player's feet are positioned.",E6
190.jpg,7,"The ball is likely located in the center of the field, just below the player who appears to be in motion. Given the player's position and the direction of his movement, it is reasonable to infer that the ball was recently passed or kicked towards him. The ball would typically be in the area where the player's feet are positioned, which is in the central part of the field.",E6
190.jpg,8,"The ball is likely located in the center of the field, just below the player who appears to be in motion. Given the player's position and the direction of his movement, it is reasonable to infer that the ball was recently passed or kicked towards him. The ball would typically be in the area where the player's feet are positioned, which is in the central part of the field.",E6
190.jpg,9,"The ball is likely located in the center of the field, as it is a common area for the ball to be during play. Given the player's position and movement, it seems he might have just kicked or passed the ball, which would place it near his feet or slightly ahead of him. The ball is not visible in the image, but based on the player's body language and the direction of his gaze, it is reasonable to infer that the ball is in the central part of the field, possibly in the area where the player's feet are positioned.",E6
190.jpg,10,"The ball is likely located in the center of the field, as it is a common area for the ball to be during play. Given the player's position and movement, it seems he might have just kicked or passed the ball, which would place it near his feet or slightly ahead of him. The ball is not visible in the image, but based on the player's body language and the direction of his gaze, it is reasonable to infer that the ball is in the central part of the field, possibly in the area where the player's feet are positioned.",E6
190.jpg,11,"The ball is likely located in the center of the field, just below the player who appears to be in motion. Given the player's position and the direction of his movement, it is reasonable to infer that the ball was recently passed or kicked towards him. The ball would typically be in the area where the player's feet are positioned, which is in the central part of the field.",E6
190.jpg,12,"The ball is likely located in the center of the field, just below the player who appears to be in motion. Given the player's position and the direction of his movement, it is reasonable to infer that the ball was recently passed or kicked towards him. The ball would typically be in the area where the player's feet are positioned, which is in the central part of the field.",E6
190.jpg,13,"The ball is likely located in the center of the field, just below the player who appears to be in motion. Given the player's position and the direction of his movement, it is reasonable to infer that the ball was recently passed or kicked towards him. The ball would typically be in the area where the player's feet are positioned, which is in the central part of the field.",E6
190.jpg,14,"The ball is likely located in the center of the field, as it is a common area for the ball to be during play. Given the player's position and movement, it seems he might have just kicked or passed the ball, which would place it near his feet or slightly ahead of him. The ball is not visible in the image, but based on the player's body language and the direction of his gaze, it is reasonable to infer that the ball is in the central part of the field, possibly in the area where the player's feet are positioned.",E6
190.jpg,15,"The ball is likely located in the center of the field, just below the player who appears to be in motion. Given the player's position and the direction of his movement, it is reasonable to infer that the ball was recently passed or kicked towards him. The ball would typically be in a position that allows for a clear view of its trajectory and the player's reaction, which suggests it is not far from the player's feet.",E6
190.jpg,16,"The ball is likely located in the center of the field, as it is a common position for the ball during play. Given the player's body language and the direction he is facing, it suggests he may have just kicked or passed the ball. Therefore, the ball is most likely in the central area of the field.",E6
190.jpg,17,"The ball is likely located in the center of the field, just below the player who appears to be in motion. Given the player's position and the direction of his movement, it is reasonable to infer that the ball was recently passed or kicked towards him. The ball would typically be in a position that allows for a clear view of its trajectory and the player's reaction, which suggests it is not far from the player's feet.",E6
190.jpg,18,"The ball is likely located in the center of the field, as it is a common area for the ball to be during play. Given the player's position and movement, it seems he might have just kicked or passed the ball, which would place it near his feet or slightly ahead of him. The ball is not visible in the image, but based on the player's body language and the direction of his gaze, it is reasonable to infer that the ball is in the central part of the field, possibly in the area where the player's feet are positioned.",E6
190.jpg,19,"The ball is likely located in the center of the field, as it is a common position for the ball during play. Given the player's body language and the direction they are facing, it suggests they may have just kicked or passed the ball. The ball is not visible in the current frame, but based on the context, it would be reasonable to assume it is in the central area of the field.",E6
190.jpg,20,"The ball is likely located in the center of the field, as it is a common position for the ball during play. Given the player's body language and the direction they are facing, it suggests they might have just kicked or passed the ball. Therefore, the ball is most likely in the central area of the field.",E6
190.jpg,21,"The ball is likely located in the center of the field, just below the player who appears to be in motion. Given the player's position and the direction of his movement, it is reasonable to infer that the ball was recently passed or kicked towards him. The ball would typically be in the area where the player's feet are positioned, which is in the central part of the field.",E6
190.jpg,22,"The ball is likely located in the center of the field, just below the player who appears to be in motion. Given the player's position and the direction of his movement, it is reasonable to infer that the ball was recently passed or kicked towards him. The ball would typically be in the area where the player's feet are positioned, which is in the central part of the field.",E6
190.jpg,23,"The ball is likely located in the center of the field, just below the player who appears to be in motion. Given the player's position and the direction of his movement, it is reasonable to infer that the ball was recently passed or kicked towards him. The ball would typically be in the area where the player's feet are positioned, which is in the central part of the field.",E6
190.jpg,24,"The ball is likely located in the center of the field, as it is a common position for the ball during play. Given the player's body language and the direction he is facing, it suggests he may have just kicked or passed the ball. Therefore, the ball is most likely in the central cells of the grid.",E6
190.jpg,25,"The ball is likely located in the center of the field, as it is a common area for the ball to be during play. Given the player's position and movement, it seems he might have just kicked or passed the ball, which would place it near his feet or slightly ahead of him. The ball is not visible in the image, but based on the player's body language and the direction of his gaze, it is reasonable to infer that the ball is in the central part of the field, possibly in the area where the player's feet are positioned.",E6
190.jpg,26,"The ball is likely located in the center of the field, as it is a common area for the ball to be during play. Given the player's position and movement, it seems he might have just kicked or passed the ball, which would place it near his feet or slightly ahead of him. The ball is not visible in the image, but based on the player's body language and the direction of his gaze, it is reasonable to infer that the ball is in the central part of the field, possibly in the area where the player's feet are positioned.",E6
190.jpg,27,"The ball is likely located in the center of the field, as it is a common position for the ball during play. Given the player's body language and the direction they are facing, it suggests they may have just kicked or passed the ball. The ball is not visible in the current frame, but based on the context, it would be reasonable to assume it is in the central area of the field.",E6
190.jpg,28,"The ball is likely located in the center of the field, as it is a common area for the ball to be during play. Given the player's position and movement, it seems he might have just kicked or passed the ball, which would place it near his feet or slightly ahead of him. The ball is not visible in the image, but based on the player's body language and the direction of his gaze, it is reasonable to infer that the ball is in the central part of the field, possibly in the area where the player's feet are positioned.",E6
190.jpg,29,"The ball is likely located in the center of the field, as it is a common position for the ball during play. Given the player's body language and the direction he is looking, it suggests that the ball was recently passed or is about to be passed near him. The ball is not visible in the current frame, but based on the context, it is most probable that it is in the central area of the field, which corresponds to the cells around (D6) and (E6).",D6
190.jpg,30,"The ball is likely located in the center of the field, just below the player who appears to be in motion. Given the player's position and the direction of his movement, it is reasonable to infer that the ball was recently passed or kicked towards him. The ball would typically be in the area where the player's feet are positioned, which is in the central part of the field.",E6
190.jpg,31,"The ball is likely located in the center of the field, as it is a common position for the ball during play. Given the player's body language and the direction he is looking, it suggests that the ball was recently passed or is about to be passed near him. The ball is not visible in the current frame, but based on the context, it is most probable that it is in the central area of the field, which corresponds to the cells around (D6) and (E6).",D6
190.jpg,32,"The ball is likely located in the center of the field, just below the player who appears to be in motion. Given the player's position and the direction of his movement, it is reasonable to infer that the ball was recently passed or kicked towards him. The ball would typically be in the area where the player's feet are positioned, which is in the central part of the field.",E6
190.jpg,33,"The ball is likely located in the center of the field, just below the player who appears to be in motion. Given the player's position and the direction of his movement, it is reasonable to infer that the ball was recently passed or kicked towards him. The ball would typically be in a position that allows for a clear view of its trajectory and the player's reaction, which suggests it is not far from the player's feet.",E6
190.jpg,34,"The ball is likely located in the center of the field, just below the player who appears to be in motion. Given the player's position and the direction of his movement, it is reasonable to infer that the ball was recently passed or kicked towards him. The ball would typically be in a position that allows for a clear view of its trajectory and the player's reaction, which suggests it is not far from the player's feet.",E6
190.jpg,35,"The ball is likely located in the center of the field, as it is a common position for the ball during play. Given the player's body language and the direction they are facing, it suggests they might have just kicked or passed the ball. Therefore, the ball is most likely in the central area of the field.",E6
190.jpg,36,"The ball is likely located in the center of the field, as it is a common area for the ball to be during play. Given the player's position and movement, it seems he might have just kicked or passed the ball, which would place it near his feet or slightly ahead of him. The ball is not visible in the image, but based on the player's body language and the direction of his gaze, it is reasonable to infer that the ball is in the central part of the field, possibly in the area where the player's feet are positioned.",E6
190.jpg,37,"The ball is likely located in the center of the field, as it is a common position for the ball during play. Given the player's body language and the direction he is facing, it suggests he may have just kicked or passed the ball. Therefore, the ball is most likely in the central area of the field.",E6
190.jpg,38,"The ball is likely located in the center of the field, as it is a common area for the ball to be during play. Given the player's position and movement, it seems he might have just kicked or passed the ball, which would place it near his feet or slightly ahead of him. The ball is not visible in the image, but based on the player's body language and the direction of his gaze, it is reasonable to infer that the ball is in the central part of the field, possibly in the area where the player's feet are positioned.",E6
190.jpg,39,"The ball is likely located in the center of the field, just below the player who appears to be in motion. Given the player's position and the direction of his movement, it is reasonable to infer that the ball was recently passed or kicked towards him. The ball would typically be in a position that allows for a clear view of its trajectory and the player's reaction, which suggests it is not far from the player's feet or in the immediate vicinity.",E6
190.jpg,40,"The ball is likely located in the center of the field, as it is a common position for the ball during play. Given the player's body language and the direction they are facing, it suggests they may have just kicked or passed the ball. The ball is not visible in the current frame, but based on the context, it would be reasonable to assume it is in the central area of the field.",E6
190.jpg,41,"The ball is likely located in the center of the field, as it is a common area for the ball to be during play. Given the player's position and movement, it seems he might have just kicked or passed the ball, which would place it near his feet or slightly ahead of him. The ball is not visible in the image, but based on the player's body language and the direction of his gaze, it is reasonable to infer that the ball is in the central part of the field, possibly in the area where the player's feet are positioned.",E6
190.jpg,42,"The ball is likely located in the center of the field, just below the player who appears to be in motion. Given the player's position and the direction of his movement, it is reasonable to infer that the ball was recently passed or kicked towards him. The ball would typically be in the area where the player's feet are positioned, which is in the central part of the field.",E6
190.jpg,43,"The ball is likely located in the center of the field, just below the player who appears to be in motion. Given the player's position and the direction of his movement, it is reasonable to infer that the ball was recently passed or kicked towards him. The ball would typically be in the area where the player's feet are positioned, which is in the central part of the field.",E6
190.jpg,44,"The ball is likely located in the center of the field, just below the player who appears to be in motion. Given the player's position and the direction of his movement, it is reasonable to infer that the ball was recently passed or kicked towards him. The ball would typically be in the area where the player's feet are positioned, which is in the central part of the field.",E6
190.jpg,45,"The ball is likely located in the center of the field, as it is a common area for the ball to be during play. Given the player's position and movement, it seems he might have just kicked or passed the ball, which would place it near his feet or slightly ahead of him. The ball is not visible in the image, but based on the player's body language and the direction of his gaze, it is reasonable to infer that the ball is in the central part of the field, possibly in the area where the player's feet are positioned.",E6
190.jpg,46,"The ball is likely located in the center of the field, as it is a common position for the ball during play. Given the player's body language and the direction he is looking, it suggests that the ball was recently passed or is about to be passed near him. The ball is not visible in the current frame, but based on the context, it is most probable that it is in the central area of the field.",E6
190.jpg,47,"The ball is likely located in the center of the field, as it is a common position for the ball during play. Given the player's body language and the direction he is looking, it suggests that the ball was recently passed or is about to be passed near him. The ball is not visible in the current frame, but based on the context, it is most probable that it is in the central area of the field, which corresponds to the cells around (D6) and (E6).",D6
190.jpg,48,"The ball is likely located in the center of the field, just below the player who appears to be in motion. Given the player's position and the direction of his movement, it is reasonable to infer that the ball was recently passed or kicked towards him. The ball would typically be in a position that allows for a clear view of its trajectory and the player's reaction, which suggests it is not far from the player's feet.",E6
190.jpg,49,"The ball is likely located in the center of the field, as it is a common position for the ball during play. Given the player's body language and the direction he is looking, it suggests that the ball was recently passed or is about to be passed near him. The ball is not visible in the current frame, but based on the context, it is most probable that it is in the central area of the field.",E6
190.jpg,50,"The ball is likely located in the center of the field, just below the player who appears to be in motion. Given the player's position and the direction of his movement, it is reasonable to infer that the ball was recently passed or kicked towards him. The ball would typically be in a position that allows for a clear view of its trajectory and the player's reaction, which suggests it is not far from the player's feet.",E6
309.jpg,1,"The ball is likely located near the goalkeeper, as the goalkeeper's position suggests he may have just kicked or passed the ball. Additionally, the player in black appears to be in a defensive stance, which could indicate that the ball was recently played towards him. Given these observations, the ball is most likely in the area near the goalkeeper.",B8
309.jpg,2,"The ball is likely located near the goalkeeper, as the goalkeeper's position suggests he may have just kicked or passed the ball. Additionally, the player in black appears to be in a defensive stance, which could indicate that the ball was recently played towards him. Given these observations, the ball is most likely in the area near the goalkeeper.",B8
309.jpg,3,"The ball is likely located near the goalkeeper, as the goalkeeper's position suggests he may have just kicked or passed the ball. Additionally, the player in black appears to be in a defensive stance, which could indicate that the ball was recently played towards him. Given these observations, the ball is most likely in the area near the goalkeeper.",B8
309.jpg,4,"The ball is likely located near the goalkeeper, as the goalkeeper's position suggests he may have just kicked or passed the ball. Additionally, the player in black appears to be in a defensive stance, which could indicate that the ball was recently played towards him. Given these observations, the ball is most likely in the area near the goalkeeper.",B8
309.jpg,5,"The ball is likely located near the goalkeeper, as the goalkeeper's position suggests he may have just kicked or passed the ball. Additionally, the player in black appears to be in a defensive stance, which could indicate that the ball was recently played towards him. Given these observations, the ball is most likely in the area near the goalkeeper.",B8
309.jpg,6,"The ball is likely located near the goalkeeper, as the goalkeeper's position suggests he may have just kicked or passed the ball. Additionally, the player in black appears to be in a defensive stance, which could indicate that the ball was recently played towards him. Given these observations, the ball is most likely in the area near the goalkeeper.",B8
309.jpg,7,"The ball is likely located near the goalkeeper, as the goalkeeper's position suggests he may have just kicked or passed the ball. Additionally, the player in black appears to be in a defensive stance, which could indicate that the ball was recently played towards him. Given these observations, the ball is most likely in the area near the goalkeeper.",B8
309.jpg,8,"The ball is likely located near the goalkeeper, as the goalkeeper's position suggests he may have just kicked or passed the ball. Additionally, the player in black appears to be in a defensive stance, which could indicate that the ball was recently played towards him. Given these observations, the ball is most likely in the area near the goalkeeper.",B8
309.jpg,9,"The ball is likely located near the goalkeeper, as the goalkeeper's position suggests he may have just kicked or passed the ball. Additionally, the player in black appears to be in a defensive stance, which could indicate that the ball was recently played towards him. Given these observations, the ball is most likely in the area near the goalkeeper.",B8
309.jpg,10,"The ball is likely located near the goalkeeper, as the goalkeeper's position suggests he may have just kicked or passed the ball. Additionally, the player in black appears to be in a defensive stance, which could indicate that the ball was recently played towards him. Given these observations, the ball is most likely in the area near the goalkeeper.",B8
309.jpg,11,"The ball is likely located near the goalkeeper, as the goalkeeper's position suggests he may have just kicked or passed the ball. Additionally, the player in black appears to be in a defensive stance, which could indicate that the ball was recently played towards him. Given these observations, the ball is most likely in the area near the goalkeeper.",B8
309.jpg,12,"The ball is likely located near the goalkeeper, as the goalkeeper's position suggests he may have just kicked or passed the ball. Additionally, the player in black appears to be in a defensive stance, which could indicate that the ball was recently played towards him. Given these observations, the ball is most likely in the area near the goalkeeper.",B8
309.jpg,13,"The ball is likely located near the goalkeeper, as the goalkeeper's position suggests he may have just kicked or passed the ball. Additionally, the player in black appears to be in a defensive stance, which could indicate that the ball was recently played towards him. Given these observations, the ball is most likely in the area near the goalkeeper.",B8
309.jpg,14,"The ball is likely located near the goalkeeper, as the goalkeeper's position suggests he may have just kicked or passed the ball. Additionally, the player in black appears to be in a defensive stance, which could indicate that the ball was recently played towards him. Given these observations, the ball is most likely in the area near the goalkeeper.",B8
309.jpg,15,"The ball is likely located near the goalkeeper, as the goalkeeper's position suggests he may have just kicked or passed the ball. Additionally, the player in black appears to be in a defensive stance, which could indicate that the ball was recently played towards him. Given these observations, the ball is most likely in the area near the goalkeeper.",B8
309.jpg,16,"The ball is likely located near the goalkeeper, as the goalkeeper's position suggests he may have just kicked or passed the ball. Additionally, the player in black appears to be in a defensive stance, which could indicate that the ball was recently played towards him. Given these observations, the ball is most likely in the area near the goalkeeper.",B8
309.jpg,17,"The ball is likely located near the goalkeeper, as the goalkeeper's position suggests he may have just kicked or passed the ball. Additionally, the player in black appears to be in a defensive stance, which could indicate that the ball was recently played towards him. Given these observations, the ball is most likely in the area near the goalkeeper.",B8
309.jpg,18,"The ball is likely located near the goalkeeper, as the goalkeeper's position suggests he may have just kicked or passed the ball. Additionally, the player in black appears to be in a defensive stance, which could indicate that the ball was recently played towards him. Given these observations, the ball is most likely in the area near the goalkeeper.",B8
309.jpg,19,"The ball is likely located near the goalkeeper, as the goalkeeper's position suggests he may have just kicked or passed the ball. Additionally, the player in black appears to be in a defensive stance, which could indicate that the ball was recently played towards him. Given these observations, the ball is most likely in the area near the goalkeeper.",B8
309.jpg,20,"The ball is likely located near the goalkeeper, as the goalkeeper's position suggests he may have just kicked or passed the ball. Additionally, the player in black appears to be in a defensive stance, which could indicate that the ball was recently played towards him. Given these observations, the ball is most likely in the area near the goalkeeper.",B8
309.jpg,21,"The ball is likely located near the goalkeeper, as the goalkeeper's position suggests he may have just kicked or passed the ball. Additionally, the player in black appears to be in a defensive stance, which could indicate that the ball was recently played towards him. Given these observations, the ball is most likely in the area near the goalkeeper.",B8
309.jpg,22,"The ball is likely located near the goalkeeper, as the goalkeeper's position suggests he may have just kicked or passed the ball. Additionally, the player in black appears to be in a defensive stance, which could indicate that the ball was recently played towards him. Given these observations, the ball is most likely in the area near the goalkeeper.",B8
309.jpg,23,"The ball is likely located near the goalkeeper, as the goalkeeper's position suggests he may have just kicked or passed the ball. Additionally, the player in black appears to be in a defensive stance, which could indicate that the ball was recently played towards him. Given these observations, the ball is most likely in the area near the goalkeeper.",B8
309.jpg,24,"The ball is likely located near the goalkeeper, as the goalkeeper's position suggests he may have just kicked or passed the ball. Additionally, the player in black appears to be in a defensive stance, which could indicate that the ball was recently played towards him. Given these observations, the ball is most likely in the area near the goalkeeper.",B8
309.jpg,25,"The ball is likely located near the goalkeeper, as the goalkeeper's position suggests he may have just kicked or passed the ball. Additionally, the player in black appears to be in a defensive stance, which could indicate that the ball was recently played towards him. Given these observations, the ball is most likely in the area near the goalkeeper.",B8
309.jpg,26,"The ball is likely located near the goalkeeper, as the goalkeeper's position suggests he may have just kicked or passed the ball. Additionally, the player in black appears to be in a defensive stance, which could indicate that the ball was recently played towards him. Given these observations, the ball is most likely in the area near the goalkeeper.",B8
309.jpg,27,"The ball is likely located near the goalkeeper, as the goalkeeper's position suggests he may have just kicked or passed the ball. Additionally, the player in black appears to be in a defensive stance, which could indicate that the ball was recently played towards him. Given these observations, the ball is most likely in the area near the goalkeeper.",B8
309.jpg,28,"The ball is likely located near the goalkeeper, as the goalkeeper's position suggests he may have just kicked or passed the ball. Additionally, the player in black appears to be in a defensive stance, which could indicate that the ball was recently played towards him. Given these observations, the ball is most likely in the area near the goalkeeper.",B8
309.jpg,29,"The ball is likely located near the goalkeeper, as the goalkeeper's position suggests he may have just kicked or passed the ball. Additionally, the player in black appears to be in a defensive stance, which could indicate that the ball was recently played towards him. Given these observations, the ball is most likely in the area near the goalkeeper.",B8
309.jpg,30,"The ball is likely located near the goalkeeper, as the goalkeeper's position suggests he may have just kicked or passed the ball. Additionally, the player in black appears to be in a defensive stance, which could indicate that the ball was recently played towards him. Given these observations, the ball is most likely in the area near the goalkeeper.",B8
309.jpg,31,"The ball is likely located near the goalkeeper, as the goalkeeper's position suggests he may have just kicked or passed the ball. Additionally, the player in black appears to be in a defensive stance, which could indicate that the ball was recently played towards him. Given these observations, the ball is most likely in the area near the goalkeeper.",B8
309.jpg,32,"The ball is likely located near the goalkeeper, as the goalkeeper's position suggests he may have just kicked or passed the ball. Additionally, the player in black appears to be in a defensive stance, which could indicate that the ball was recently played towards him. Given these observations, the ball is most likely in the area near the goalkeeper.",B8
309.jpg,33,"The ball is likely located near the goalkeeper, as the goalkeeper's position suggests he may have just kicked or passed the ball. Additionally, the player in black appears to be in a defensive stance, which could indicate that the ball was recently played towards him. Given these observations, the ball is most likely in the area near the goalkeeper.",B8
309.jpg,34,"The ball is likely located near the goalkeeper, as the goalkeeper's position suggests he may have just kicked or passed the ball. Additionally, the player in black appears to be in a defensive stance, which could indicate that the ball was recently played towards him. Given these observations, the ball is most likely in the area near the goalkeeper.",B8
309.jpg,35,"The ball is likely located near the goalkeeper, as the goalkeeper's position suggests he may have just kicked or passed the ball. Additionally, the player in black appears to be in a defensive stance, which could indicate that the ball was recently played towards him. Given these observations, the ball is most likely in the area near the goalkeeper.",B8
309.jpg,36,"The ball is likely located near the goalkeeper, as the goalkeeper's position suggests he may have just kicked or passed the ball. Additionally, the player in black appears to be in a defensive stance, which could indicate that the ball was recently played towards him. Given these observations, the ball is most likely in the area near the goalkeeper.",B8
309.jpg,37,"The ball is likely located near the goalkeeper, as the goalkeeper's position suggests he may have just kicked or passed the ball. Additionally, the player in black appears to be in a defensive stance, which could indicate that the ball was recently played towards him. Given these observations, the ball is most likely in the area near the goalkeeper.",B8
309.jpg,38,"The ball is likely located near the goalkeeper, as the goalkeeper's position suggests he may have just kicked or passed the ball. Additionally, the player in black appears to be in a defensive stance, which could indicate that the ball was recently played towards him. Given these observations, the ball is most likely in the area near the goalkeeper.",B8
309.jpg,39,"The ball is likely located near the goalkeeper, as the goalkeeper's position suggests he may have just kicked or passed the ball. Additionally, the player in black appears to be in a defensive stance, which could indicate that the ball was recently played towards him. Given these observations, the ball is most likely in the area near the goalkeeper.",B8
309.jpg,40,"The ball is likely located near the goalkeeper, as the goalkeeper's position suggests he may have just kicked or passed the ball. Additionally, the player in black appears to be in a defensive stance, which could indicate that the ball was recently played towards him. Given these observations, the ball is most likely in the area near the goalkeeper.",B8
309.jpg,41,"The ball is likely located near the goalkeeper, as the goalkeeper's position suggests he may have just kicked or passed the ball. Additionally, the player in black appears to be in a defensive stance, which could indicate that the ball was recently played towards him. Given these observations, the ball is most likely in the area near the goalkeeper.",B8
309.jpg,42,"The ball is likely located near the goalkeeper, as the goalkeeper's position suggests he may have just kicked or passed the ball. Additionally, the player in black appears to be in a defensive stance, which could indicate that the ball was recently played towards him. Given these observations, the ball is most likely in the area near the goalkeeper.",B8
309.jpg,43,"The ball is likely located near the goalkeeper, as the goalkeeper's position suggests he may have just kicked or passed the ball. Additionally, the player in black appears to be in a defensive stance, which could indicate that the ball was recently played towards him. Given these observations, the ball is most likely in the area near the goalkeeper.",B8
309.jpg,44,"The ball is likely located near the goalkeeper, as the goalkeeper's position suggests he may have just kicked or passed the ball. Additionally, the player in black appears to be in a defensive stance, which could indicate that the ball was recently played towards him. Given these observations, the ball is most likely in the area near the goalkeeper.",B8
309.jpg,45,"The ball is likely located near the goalkeeper, as the goalkeeper's position suggests he may have just kicked or passed the ball. Additionally, the player in black appears to be in a defensive stance, which could indicate that the ball was recently played towards him. Given these observations, the ball is most likely in the area near the goalkeeper.",B8
309.jpg,46,"The ball is likely located near the goalkeeper, as the goalkeeper's position suggests he may have just kicked or passed the ball. Additionally, the player in black appears to be in a defensive stance, which could indicate that the ball was recently played towards him. Given these observations, the ball is most likely in the area near the goalkeeper.",B8
309.jpg,47,"The ball is likely located near the goalkeeper, as the goalkeeper's position suggests he may have just kicked or passed the ball. Additionally, the player in black appears to be in a defensive stance, which could indicate that the ball was recently played towards him. Given these observations, the ball is most likely in the area near the goalkeeper.",B8
309.jpg,48,"The ball is likely located near the goalkeeper, as the goalkeeper's position suggests he may have just kicked or passed the ball. Additionally, the player in black appears to be in a defensive stance, which could indicate that the ball was recently played towards him. Given these observations, the ball is most likely in the area near the goalkeeper.",B8
309.jpg,49,"The ball is likely located near the goalkeeper, as the goalkeeper's position suggests he may have just kicked or passed the ball. Additionally, the player in black appears to be in a defensive stance, which could indicate that the ball was recently played towards him. Given these observations, the ball is most likely in the area near the goalkeeper.",B8
309.jpg,50,"The ball is likely located near the goalkeeper, as the goalkeeper's position suggests he may have just kicked or passed the ball. Additionally, the player in black appears to be in a defensive stance, which could indicate that the ball was recently played towards him. Given these observations, the ball is most likely in the area near the goalkeeper.",B8
44.jpg,1,"The ball is likely located near the center of the field, as it is a common area for players to pass or shoot towards during a soccer game. Given the positions of the players, it seems that the ball was recently passed or is about to be passed by the player in red (cell C3). Therefore, the ball is most likely in the vicinity of the player in white (cell D4) who appears to be running towards the ball's potential trajectory.",D4
44.jpg,2,"The ball is likely located near the center of the field, as it is a common area for players to pass or shoot towards during a soccer game. Given the positions of the players, it seems that the ball was recently passed or is about to be passed by the player in red (cell C3). Therefore, the ball is most likely in the vicinity of the player in white (cell D4) who appears to be running towards the ball's potential trajectory.",D4
44.jpg,3,"The ball is likely located near the center of the field, as it is a common area for players to be near during a game. Given the positions of the players, it seems that the ball was recently passed or kicked towards the center of the field. The player in red appears to have just kicked the ball, suggesting it's moving away from him and towards the center.",C5
44.jpg,4,"The ball is likely located near the center of the field, as it is a common area for players to pass or shoot towards during a soccer game. Given the positions of the players, it seems that the ball was recently passed or is about to be passed by the player in red (cell C3). Therefore, the ball is most likely in the vicinity of the player in white (cell D4) who appears to be running towards the ball's potential trajectory.",D4
44.jpg,5,"The ball is likely located near the center of the field, as it is a common area for players to be near during a game. Given the positions of the players, the ball could be in the vicinity of player 3 (in red) or player 6 (in white), but considering the direction of play and the positioning of the players, it seems more probable that the ball is closer to player 3. Therefore, the ball is likely in the central area of the field.",C5
44.jpg,6,"The ball is likely located near the center of the field, as it is a common area for players to pass or shoot towards during a soccer game. Given the positions of the players, it seems that the ball was recently passed or is about to be passed by the player in red (cell C3). Therefore, the ball is most likely in the vicinity of the player in white (cell D4) who appears to be running towards the ball's potential trajectory.",D4
44.jpg,7,"The ball is likely located near the center of the field, as it is a common area for players to be near during a game. Given the positions of the players, it seems that the ball was recently passed or kicked towards the center of the field. The player in red appears to have just kicked the ball, suggesting it's moving away from him and towards the center.",C5
44.jpg,8,"The ball is likely located near the center of the field, as it is a common area for players to be near during a game. Given the positions of the players, it seems that the ball was recently passed or kicked towards the center of the field. The player in red appears to have just kicked the ball, suggesting it's moving away from him and towards the center.",C5
44.jpg,9,"The ball is likely located near the center of the field, as it is a common area for players to pass or shoot towards during a soccer game. Given the positions of the players, it seems that the ball was recently passed or is about to be passed by the player in red (cell C3). Therefore, the ball is most likely in the vicinity of the player in white (cell D4) who appears to be running towards the ball's potential trajectory.",D4
44.jpg,10,"The ball is likely located near the center of the field, as it is a common area for players to be near during a game. Given the positions of the players, it seems that the ball was recently passed or kicked towards the center of the field. The player in red appears to have just kicked the ball, suggesting it's moving away from him and towards the center.",C5
44.jpg,11,"The ball is likely located near the center of the field, as it is a common area for players to pass or shoot towards during a soccer game. Given the positions of the players, it seems that the ball was recently passed or is about to be passed by the player in red (cell C3). Therefore, the ball is most likely in the vicinity of the player in white (cell D4) who appears to be running towards the ball's potential trajectory.",D4
44.jpg,12,"The ball is likely located near the center of the field, as it is a common area for players to be near during a game. Given the positions of the players, it seems that the ball was recently passed or kicked towards the center of the field. The player in red appears to have just kicked the ball, suggesting it's moving away from him and towards the center.",C5
44.jpg,13,"The ball is likely located near the center of the field, as it is a common area for players to pass or shoot towards during a soccer game. Given the positions of the players, it seems that the ball was recently passed or is about to be passed by the player in red (cell C3). Therefore, the ball is most likely in the vicinity of the player in white (cell D4) who appears to be running towards the ball's potential trajectory.",D4
44.jpg,14,"The ball is likely located near the center of the field, as it is a common area for players to pass or shoot towards during a soccer game. Given the positions of the players, it seems that the ball was recently passed or is about to be passed by the player in red (cell C3). Therefore, the ball is most likely in the vicinity of the player in white (cell D4) who appears to be running towards the ball's potential trajectory.",D4
44.jpg,15,"The ball is likely located near the center of the field, as it is a common area for players to be near during a game. Given the positions of the players, it seems that the ball was recently passed or kicked towards the center of the field. The player in red appears to have just kicked the ball, suggesting it's moving away from him and towards the center.",C5
44.jpg,16,"The ball is likely located near the center of the field, as it is a common area for players to pass or shoot towards during a soccer game. Given the positions of the players, it seems that the ball was recently passed or is about to be passed by the player in red (cell C3). Therefore, the ball is most likely in the vicinity of the player in white (cell D4) who appears to be running towards the ball's potential trajectory.",D4
44.jpg,17,"The ball is likely located near the center of the field, as it is a common area for players to be near during a game. Given the positions of the players, the ball could be in the vicinity of player 3 (in red) or player 6 (in white), but considering the direction of play and the positioning of the players, it seems more probable that the ball is closer to player 3. Therefore, the ball is likely in the central area of the field.",C5
44.jpg,18,"The ball is likely located near the center of the field, as it is a common area for players to be near during a game. Given the positions of the players, it seems that the ball was recently passed or kicked towards the center of the field. The player in red appears to have just kicked the ball, suggesting it's moving away from him and towards the center.",C5
44.jpg,19,"The ball is likely located near the center of the field, as it is a common area for players to pass or shoot towards during a soccer game. Given the positions of the players, it seems that the ball was recently passed or is about to be passed by the player in red (cell C3). Therefore, the ball is most likely in the vicinity of the player in white (cell D4) who appears to be running towards the ball's potential trajectory.",D4
44.jpg,20,"The ball is likely located near the center of the field, as it is a common area for players to be near during a game. Given the positions of the players, it seems that the ball was recently passed or kicked towards the center of the field. The player in red appears to have just kicked the ball, suggesting it's moving away from him and towards the center.",C5
44.jpg,21,"The ball is likely located near the center of the field, as it is a common area for players to be near during a game. Given the positions of the players, the ball could be in the vicinity of player 3 or slightly behind him, possibly in the D5 or E5 cells.",D5
44.jpg,22,"The ball is likely located near the center of the field, as it is a common area for players to pass or shoot towards during a soccer game. Given the positions of the players, it seems that the ball was recently passed or is about to be passed by the player in red (cell C3). Therefore, the ball is most likely in the vicinity of the player in white (cell D4) who appears to be running towards the ball's potential trajectory.",D4
44.jpg,23,"The ball is likely located near the center of the field, as it is a common area for players to be near during a game. Given the positions of the players, the ball could be in the vicinity of player 3 (in red) or player 6 (in white), but considering the direction of play and the positioning of the players, it seems more probable that the ball is closer to player 3. Therefore, the ball is likely in the central area of the field.",C5
44.jpg,24,"The ball is likely located near the center of the field, as it is a common area for players to be near during a game. Given the positions of the players, it seems that the ball was recently passed or kicked towards the center of the field. The player in red appears to have just kicked the ball, suggesting it's moving away from him and towards the center.",C5
44.jpg,25,"The ball is likely located near the center of the field, as it is a common area for players to be near during a game. Given the positions of the players, it seems that the ball was recently passed or kicked towards the center of the field. The player in red appears to have just kicked the ball, suggesting it's moving away from him and towards the center.",C5
44.jpg,26,"The ball is likely located near the center of the field, as it is a common area for players to be near during a game. Given the positions of the players, it seems that the ball was recently passed or kicked towards the center of the field. The player in red appears to have just kicked the ball, suggesting it's moving away from him and towards the center.",C5
44.jpg,27,"The ball is likely located near the center of the field, as it is a common area for players to pass or shoot towards during a soccer game. Given the positions of the players, it seems that the ball was recently passed or is about to be passed by the player in red (cell C3). Therefore, the ball is most likely in the vicinity of the player in white (cell D4) who appears to be running towards the ball's potential trajectory.",D4
44.jpg,28,"The ball is likely located near the center of the field, as it is a common area for players to be near during a game. Given the positions of the players, it seems that the ball was recently passed or kicked towards the center of the field. The player in red appears to have just kicked the ball, suggesting it's moving away from him and towards the center.",C5
44.jpg,29,"The ball is likely located near the center of the field, as it is a common area for players to pass or shoot towards during a soccer game. Given the positions of the players, it seems that the ball was recently passed or is about to be passed by the player in red (cell C3). Therefore, the ball is most likely in the vicinity of the player in white (cell D4) who appears to be running towards the ball's potential trajectory.",D4
44.jpg,30,"The ball is likely located near the center of the field, as it is a common area for players to be near during a game. Given the positions of the players, the ball could be in the vicinity of player 3 (in red) or player 6 (in white), but considering the direction of play and the positioning of the players, it seems more probable that the ball is closer to player 3. Therefore, the ball is most likely in the cell where player 3 is located.",C3
44.jpg,31,"The ball is likely located near the center of the field, as it is a common area for players to be near during a game. Given the positions of the players, the ball could be in the vicinity of player 3 or slightly behind him, possibly in the D5 or E5 cells. However, without a clear view of the ball's position, it's challenging to pinpoint its exact location.",D5
44.jpg,32,"The ball is likely located near the center of the field, as it is a common area for players to pass or shoot towards during a soccer game. Given the positions of the players, it seems that the ball was recently passed or is about to be passed by the player in red (cell C3). Therefore, the ball is most likely in the vicinity of the player in white (cell D4) who appears to be running towards the ball's potential trajectory.",D4
44.jpg,33,"The ball is likely located near the center of the field, as it is a common area for players to pass or shoot towards during a soccer game. Given the positions of the players, it seems that the ball was recently passed or is about to be passed by the player in red (cell C3). Therefore, the ball is most likely in the vicinity of the player in white (cell D4) who appears to be running towards the ball's potential trajectory.",D4
44.jpg,34,"The ball is likely located near the center of the field, as it is a common area for players to be near during a game. Given the positions of the players, it seems that the ball was recently passed or kicked towards the center of the field. The player in red appears to have just kicked the ball, suggesting it's moving away from him and towards the center.",C5
44.jpg,35,"The ball is likely located near the center of the field, as it is a common area for players to be near during a game. Given the positions of the players, it seems that the ball was recently passed or kicked towards the center of the field. The player in red appears to have just kicked the ball, suggesting it's moving away from him and towards the center.",C5
44.jpg,36,"The ball is likely located near the center of the field, as it is a common area for players to be near during a game. Given the positions of the players, the ball could be in the vicinity of player 3 or slightly behind him, possibly in the D5 or E5 cells.",D5
44.jpg,37,"The ball is likely located near the center of the field, as it is a common area for players to be near during a game. Given the positions of the players, the ball could be in the vicinity of player 3 or slightly behind him, possibly in the D5 or E5 cells.",D5
44.jpg,38,"The ball is likely located near the center of the field, as it is a common area for players to pass or shoot towards during a soccer game. Given the positions of the players, it seems that the ball was recently passed or is about to be passed by the player in red (cell C3). Therefore, the ball is most likely in the vicinity of the player in white (cell D4) who appears to be running towards the ball's potential trajectory.",D4
44.jpg,39,"The ball is likely located near the center of the field, as it is a common area for players to be near during a game. Given the positions of the players, the ball could be in the vicinity of player 3 or slightly behind him, possibly in the D5 or E5 cells.",D5
44.jpg,40,"The ball is likely located near the center of the field, as it is a common area for players to pass or shoot towards during a soccer game. Given the positions of the players, it seems that the ball was recently passed or is about to be passed by the player in red (cell C3). Therefore, the ball is most likely in the vicinity of the player in white (cell D4) who appears to be running towards the ball's potential trajectory.",D4
44.jpg,41,"The ball is likely located near the center of the field, as it is a common area for players to be near during a game. Given the positions of the players, the ball could be in the vicinity of player 3 or slightly behind him, possibly in the D5 or E5 cells.",D5
44.jpg,42,"The ball is likely located near the center of the field, as it is a common area for players to be near during a game. Given the positions of the players, the ball could be in the vicinity of player 3 (in red) or player 6 (in white), but considering the direction of play and the positioning of the players, it seems more probable that the ball is closer to player 3. Therefore, the ball is most likely in the cell where player 3 is located.",C3
44.jpg,43,"The ball is likely located near the center of the field, as it is a common area for players to be near during a game. Given the positions of the players, the ball could be in the vicinity of player 3 (in red) or player 6 (in white), but considering the direction of play and the positioning of the players, it seems more probable that the ball is closer to player 3. Therefore, the ball is most likely in the cell where player 3 is located.",C3
44.jpg,44,"The ball is likely located near the center of the field, as it is a common area for players to pass or shoot towards during a soccer game. Given the positions of the players, it seems that the ball was recently passed or is about to be passed by the player in red (cell C3). Therefore, the ball is most likely in the vicinity of the player in white (cell D4) who appears to be running towards the ball's potential trajectory.",D4
44.jpg,45,"The ball is likely located near the center of the field, as it is a common area for players to pass or shoot towards during a soccer game. Given the positions of the players, it seems that the ball was recently passed or is about to be passed by the player in red (cell C3). Therefore, the ball is most likely in the vicinity of the player in white (cell D4) who appears to be running towards the ball's potential trajectory.",D4
44.jpg,46,"The ball is likely located near the center of the field, as it is a common area for players to pass or shoot towards during a soccer game. Given the positions of the players, it seems that the ball was recently passed or is about to be passed by the player in red (cell C3). Therefore, the ball is most likely in the vicinity of the player in white (cell D4) who appears to be running towards the ball's potential trajectory.",D4
44.jpg,47,"The ball is likely located near the center of the field, as it is a common area for players to be near during a game. Given the positions of the players, it seems that the ball was recently passed or kicked towards the center of the field. The player in red appears to have just kicked the ball, suggesting it's moving away from him and towards the center.",C5
44.jpg,48,"The ball is likely located near the center of the field, as it is a common area for players to pass or shoot towards during a soccer game. Given the positions of the players, it seems that the ball was recently passed or is about to be passed by the player in red (cell C3). Therefore, the ball is most likely in the vicinity of the player in white (cell D4) who appears to be running towards the ball's potential trajectory.",D4
44.jpg,49,"The ball is likely located near the center of the field, as it is a common area for players to pass or shoot towards during a soccer game. Given the positions of the players, it seems that the ball was recently passed or is about to be passed by the player in red (cell C3). Therefore, the ball is most likely in the vicinity of the player in white (cell D4) who appears to be running towards the ball's potential trajectory.",D4
44.jpg,50,"The ball is likely located near the center of the field, as it is a common area for players to be near during a game. Given the positions of the players, it seems that the ball was recently passed or kicked towards the center of the field. The player in red appears to have just kicked the ball, suggesting it's moving away from him and towards the center.",C5
464.jpg,1,"The ball is likely located in the center of the field, as it is the area where players are actively competing for possession. Given the positions of the players, the ball would be closest to the player in red who appears to be in control of the play.",C5
464.jpg,2,"The ball is likely located in the center of the field, as it is the area where players are actively competing for possession. Given the positions of the players, the ball would be closest to the player in red who appears to be in control of the play. This suggests that the ball is most likely in the central cells of the grid.",C5
464.jpg,3,"The ball is likely located in the center of the field, as it is the area where players are actively competing for possession. Given the positions of the players, it seems that the ball was recently passed or dribbled towards the center of the field. The player in red appears to be in a position to receive the ball, suggesting that the ball is close to him.",C5
464.jpg,4,"The ball is likely located in the center of the field, as it is the area where players are actively competing for possession. Given the positions of the players, it seems that the ball was recently passed or dribbled towards the center of the field. The player in red appears to be in a position to receive the ball, suggesting that the ball is close to him.",C5
464.jpg,5,"The ball is likely located in the center of the field, as it is the area where players are actively competing for possession. Given the positions of the players, the ball would be closest to the player in red who appears to be in control of the play. This suggests that the ball is most likely in the central cells of the grid.",C5
464.jpg,6,"The ball is likely located in the center of the field, as it is the area where players are actively competing for possession. Given the positions of the players, the ball would be closest to the player in red who appears to be in control of the play. This suggests that the ball is most likely in the central cells of the grid.",C5
464.jpg,7,"The ball is likely located in the center of the field, as it is the area where players are actively competing for possession. Given the positions of the players, the ball would be closest to the player in red who appears to be in control of the play.",C5
464.jpg,8,"The ball is likely located in the center of the field, as it is the area where players are actively competing for possession. Given the positions of the players, it seems that the ball was recently passed or dribbled towards the center of the field. The player in red appears to be in a position to receive the ball, suggesting that it is close to him.",C5
464.jpg,9,"The ball is likely located in the center of the field, as it is the area where players are actively competing for possession. Given the positions of the players, it seems that the ball was recently passed or dribbled towards the center of the field. The player in red appears to be in a position to receive the ball, suggesting that it is close to him.",C5
464.jpg,10,"The ball is likely located in the center of the field, as it is the area where players are actively competing for possession. Given the positions of the players, it seems that the ball was recently passed or dribbled towards the center of the field. The player in red appears to be in a position to receive the ball, suggesting that it is close to him.",C5
464.jpg,11,"The ball is likely located in the center of the field, as it is the area where players are actively competing for possession. Given the positions of the players, the ball would be closest to the player in red who appears to be in control of the play. This suggests that the ball is most likely in the central cells of the grid.",C5
464.jpg,12,"The ball is likely located in the center of the field, as it is the area where players are actively competing for possession. Given the positions of the players, it seems that the ball was recently passed or dribbled towards the center of the field. The player in red appears to be in a position to receive the ball, suggesting that it is close to him.",C5
464.jpg,13,"The ball is likely located in the center of the field, as it is the area where players are actively competing for possession. Given the positions of the players, it seems that the ball was recently passed or dribbled towards the center of the field. The player in red appears to be in a position to receive the ball, suggesting that it is close to him.",C5
464.jpg,14,"The ball is likely located in the center of the field, as it is the area where players are actively competing for possession. Given the positions of the players, the ball would be closest to the player in red who appears to be in control of the play. This suggests that the ball is most likely in the central cells of the grid.",C5
464.jpg,15,"The ball is likely located in the center of the field, as it is the area where players are actively competing for possession. Given the positions of the players, the ball would be closest to the player in red who appears to be in control of the play. This suggests that the ball is most likely in the central cells of the grid.",C5
464.jpg,16,"The ball is likely located in the center of the field, as it is the area where players are actively competing for possession. Given the positions of the players, the ball would be closest to the player in red who appears to be in control of the play.",E5
464.jpg,17,"The ball is likely located in the center of the field, as it is the area where players are actively competing for possession. Given the positions of the players, the ball would be closest to the player in red who appears to be in control of the play. This suggests that the ball is most likely in the central cells of the grid.",C5
464.jpg,18,"The ball is likely located in the center of the field, as it is the area where players are actively competing for possession. Given the positions of the players, the ball would be closest to the player in red who appears to be in control of the play.",E5
464.jpg,19,"The ball is likely located in the center of the field, as it is the area where players are actively competing for possession. Given the positions of the players, it seems that the ball was recently passed or dribbled towards the center of the field. The player in red appears to be in a position to receive the ball, suggesting that it is close to him.",C5
464.jpg,20,"The ball is likely located in the center of the field, as it is the area where players are actively competing for possession. Given the positions of the players, it seems that the ball was recently passed or dribbled towards the center of the field. The player in red appears to be in a position to receive the ball, suggesting that it is close to him.",C5
464.jpg,21,"The ball is likely located in the center of the field, as it is the area where players are actively competing for possession. Given the positions of the players, it seems that the ball was recently passed or dribbled towards the center of the field. The player in red appears to be in a position to receive the ball, suggesting that it is close to him.",C5
464.jpg,22,"The ball is likely located in the center of the field, as it is the area where players are actively competing for possession. Given the positions of the players, the ball would be closest to the player in red who appears to be in control of the play. This suggests that the ball is most likely in the central cells of the grid.",C5
464.jpg,23,"The ball is likely located in the center of the field, as it is the area where players are actively competing for possession. Given the positions of the players, the ball would be closest to the player in red who appears to be in control of the play. This suggests that the ball is most likely in the central cells of the grid.",C5
464.jpg,24,"The ball is likely located in the center of the field, as it is the area where players are actively competing for possession. Given the positions of the players, the ball would be closest to the player in red who appears to be in control of the play.",E5
464.jpg,25,"The ball is likely located in the center of the field, as it is the area where players are actively competing for possession. Given the positions of the players, the ball would be closest to the player in red who appears to be in control of the play.",C5
464.jpg,26,"The ball is likely located in the center of the field, as it is the area where players are actively competing for possession. Given the positions of the players, the ball would be closest to the player in red who appears to be in control of the play. This suggests that the ball is most likely in the central cells of the grid.",C5
464.jpg,27,"The ball is likely located in the center of the field, as it is the area where players are actively competing for possession. Given the positions of the players, it seems that the ball was recently passed or dribbled towards the center of the field. The player in red appears to be in a position to receive the ball, suggesting that the ball is close to him.",C5
464.jpg,28,"The ball is likely located in the center of the field, as it is the area where players are actively competing for possession. Given the positions of the players, the ball would be closest to the player in red who appears to be in control of the play.",C5
464.jpg,29,"The ball is likely located in the center of the field, as it is the area where players are actively competing for possession. Given the positions of the players, it seems that the ball was recently passed or dribbled towards the center of the field. The player in red appears to be in a position to receive the ball, suggesting that it is close to him.",C5
464.jpg,30,"The ball is likely located in the center of the field, as it is the area where players are actively competing for possession. Given the positions of the players, it seems that the ball was recently passed or dribbled towards the center of the field. The player in red appears to be in a position to receive the ball, suggesting that it is close to him.",C5
464.jpg,31,"The ball is likely located in the center of the field, as it is the area where players are actively competing for possession. Given the positions of the players, the ball would be closest to the player in red who appears to be in control of the play. This suggests that the ball is most likely in the central cells of the grid.",C5
464.jpg,32,"The ball is likely located in the center of the field, as it is the area where players are actively competing for possession. Given the positions of the players, it seems that the ball was recently passed or dribbled towards the center of the field. The player in red appears to be in a position to receive the ball, suggesting that the ball is close to him.",C5
464.jpg,33,"The ball is likely located in the center of the field, as it is the area where players are actively competing for possession. Given the positions of the players, it seems that the ball was recently passed or dribbled towards the center of the field. The player in red appears to be in a position to receive the ball, suggesting that the ball is close to him.",C5
464.jpg,34,"The ball is likely located in the center of the field, as it is the area where players are actively competing for possession. Given the positions of the players, it seems that the ball was recently passed or dribbled towards the center of the field. The player in red appears to be in a position to receive the ball, suggesting that the ball is close to him.",C5
464.jpg,35,"The ball is likely located in the center of the field, as it is the area where players are actively competing for possession. Given the positions of the players, it seems that the ball was recently passed or dribbled towards the center of the field. The player in red appears to be in a position to receive the ball, suggesting that the ball is close to him.",C5
464.jpg,36,"The ball is likely located in the center of the field, as it is the area where players are actively competing for possession. Given the positions of the players, the ball would be closest to the player in red who appears to be in control of the play. This suggests that the ball is most likely in the central cells of the grid.",C5
464.jpg,37,"The ball is likely located in the center of the field, as it is the area where players are actively competing for possession. Given the positions of the players, it seems that the ball was recently passed or dribbled towards the center of the field. The player in red appears to be in a position to receive the ball, suggesting that it is close to him.",C5
464.jpg,38,"The ball is likely located in the center of the field, as it is the area where players are actively competing for possession. Given the positions of the players, it seems that the ball was recently passed or dribbled towards the center of the field. The player in red appears to be in a position to receive the ball, suggesting that it is close to him.",C5
464.jpg,39,"The ball is likely located in the center of the field, as it is the area where players are actively competing for possession. Given the positions of the players, it seems that the ball was recently passed or dribbled towards the center of the field. The player in red appears to be in a position to receive the ball, suggesting that the ball is close to him.",C5
464.jpg,40,"The ball is likely located in the center of the field, as it is the area where players are actively competing for possession. Given the positions of the players, the ball would be closest to the player in red who appears to be in control of the play. This suggests that the ball is most likely in the central cells of the grid.",C5
464.jpg,41,"The ball is likely located in the center of the field, as it is the area where players are actively competing for possession. Given the positions of the players, it seems that the ball was recently passed or dribbled towards the center of the field. The player in red appears to be in a position to receive the ball, suggesting that it is close to him.",C5
464.jpg,42,"The ball is likely located in the center of the field, as it is the area where players are actively competing for possession. Given the positions of the players, the ball would be closest to the player in red who appears to be in control of the play.",E5
464.jpg,43,"The ball is likely located in the center of the field, as it is the area where players are actively competing for possession. Given the positions of the players, the ball would be closest to the player in red who appears to be in control of the play. This suggests that the ball is most likely in the central cells of the grid.",C5
464.jpg,44,"The ball is likely located in the center of the field, as it is the area where players are actively competing for possession. Given the positions of the players, it seems that the ball was recently passed or dribbled towards the center of the field. The player in red appears to be in a position to receive the ball, suggesting that the ball is close to him.",C5
464.jpg,45,"The ball is likely located in the center of the field, as it is the area where players are actively competing for possession. Given the positions of the players, it seems that the ball was recently passed or dribbled towards the center of the field. The player in red appears to be in a position to receive the ball, suggesting that it is close to him.",C5
464.jpg,46,"The ball is likely located in the center of the field, as it is the area where players are actively competing for possession. Given the positions of the players, it seems that the ball was recently passed or dribbled towards the center of the field. The player in red appears to be in a position to receive the ball, suggesting that the ball is close to him.",C5
464.jpg,47,"The ball is likely located in the center of the field, as it is the area where players are actively competing for possession. Given the positions of the players, it seems that the ball was recently passed or dribbled towards the center of the field. The player in red appears to be in a position to receive the ball, suggesting that it is close to him.",C5
464.jpg,48,"The ball is likely located in the center of the field, as it is the area where players are actively competing for possession. Given the positions of the players, it seems that the ball was recently passed or dribbled towards the center of the field. The player in red appears to be in a position to receive the ball, suggesting that the ball is close to him.",C5
464.jpg,49,"The ball is likely located in the center of the field, as it is the area where players are actively competing for possession. Given the positions of the players, the ball would be closest to the player in red who appears to be in control of the play.",E5
464.jpg,50,"The ball is likely located in the center of the field, as it is the area where players are actively competing for possession. Given the positions of the players, it seems that the ball was recently passed or dribbled towards the center of the field. The player in red appears to be in a position to receive the ball, suggesting that it is close to him.",C5
226.jpg,1,"The ball is likely located in the center of the field, as it is the most common area for a soccer ball to be during play. Given the players' positions and movements, it seems they are all focused on the central area of the field, suggesting that the ball is there.",D5
226.jpg,2,"The ball is likely located in the center of the field, as it is the most common area for a soccer ball to be during play. Given the players' positions and movements, it seems they are all focused on the central area of the field, suggesting that the ball is there.",D5
226.jpg,3,"The ball is likely located in the center of the field, as it is the most common area for a soccer ball to be during play. Given the players' positions and movements, it seems they are all focused on the central area of the field, suggesting that the ball is there.",D5
226.jpg,4,"The ball is likely located in the center of the field, as it is the most common area for a soccer ball to be during play. Given the players' positions and movements, it seems they are all focused on the central area of the field, suggesting that the ball is there.",D5
226.jpg,5,"The ball is likely located in the center of the field, as it is the most common area for a soccer ball to be during play. Given the players' positions and movements, it seems they are all focused on the central area of the field, suggesting that the ball is there.",D5
226.jpg,6,"The ball is likely located in the center of the field, as it is the most common area for a soccer ball to be during play. Given the players' positions and movements, it seems they are all focused on the central area of the field, suggesting that the ball is there.",D5
226.jpg,7,"The ball is likely located in the center of the field, as it is the most common area for a soccer ball to be during play. Given the players' positions and movements, it seems they are all focused on the central area of the field, suggesting that the ball is there.",D5
226.jpg,8,"The ball is likely located in the center of the field, as it is the most common area for a soccer ball to be during play. Given the players' positions and movements, it seems they are all focused on the central area of the field, suggesting that the ball is there.",D5
226.jpg,9,"The ball is likely located in the center of the field, as it is the most common area for a soccer ball to be during play. Given the players' positions and movements, it seems they are all focused on the central area of the field, suggesting that the ball is there.",D5
226.jpg,10,"The ball is likely located in the center of the field, as it is the most common area for a soccer ball to be during play. Given the players' positions and movements, it seems they are all focused on the central area of the field, suggesting that the ball is there.",D5
226.jpg,11,"The ball is likely located in the center of the field, as it is the most common area for a soccer ball to be during play. Given the players' positions and movements, it seems they are all focused on the central area of the field, suggesting that the ball is there.",D5
226.jpg,12,"The ball is likely located in the center of the field, as it is the most common area for a soccer ball to be during play. Given the players' positions and movements, it seems they are all focused on the central area of the field, suggesting that the ball is there.",D5
226.jpg,13,"The ball is likely located in the center of the field, as it is the most common area for a soccer ball to be during play. Given the players' positions and movements, it seems they are all focused on the central area of the field, suggesting that the ball is there.",D5
226.jpg,14,"The ball is likely located in the center of the field, as it is the most common area for a soccer ball to be during play. Given the players' positions and movements, it seems they are all focused on the central area of the field, suggesting that the ball is there.",D5
226.jpg,15,"The ball is likely located in the center of the field, as it is the most common area for a soccer ball to be during play. Given the players' positions and movements, it seems they are all focused on the central area of the field, suggesting that the ball is there.",D5
226.jpg,16,"The ball is likely located in the center of the field, as it is the most common area for a soccer ball to be during play. Given the players' positions and movements, it seems they are all focused on the central area of the field, suggesting that the ball is there.",D5
226.jpg,17,"The ball is likely located in the center of the field, as it is the most common area for a soccer ball to be during play. Given the players' positions and movements, it seems they are all focused on the central area of the field, suggesting that the ball is there.",D5
226.jpg,18,"The ball is likely located in the center of the field, as it is the most common area for a soccer ball to be during play. Given the players' positions and movements, it seems they are all focused on the central area of the field, suggesting that the ball is there.",D5
226.jpg,19,"The ball is likely located in the center of the field, as it is the most common area for a soccer ball to be during play. Given the players' positions and movements, it seems they are all focused on the central area of the field, suggesting that the ball is there.",D5
226.jpg,20,"The ball is likely located in the center of the field, as it is the most common area for a soccer ball to be during play. Given the players' positions and movements, it seems they are all focused on the central area of the field, suggesting that the ball is there.",D5
226.jpg,21,"The ball is likely located in the center of the field, as it is the most common area for a soccer ball to be during play. Given the players' positions and movements, it seems they are all focused on the central area of the field, suggesting that the ball is there.",D5
226.jpg,22,"The ball is likely located in the center of the field, as it is the most common area for a soccer ball to be during play. Given the players' positions and movements, it seems they are all focused on the central area of the field, suggesting that the ball is there.",D5
226.jpg,23,"The ball is likely located in the center of the field, as it is the most common area for a soccer ball to be during play. Given the players' positions and movements, it seems they are all focused on the central area of the field, suggesting that the ball is there.",D5
226.jpg,24,"The ball is likely located in the center of the field, as it is the most common area for a soccer ball to be during play. Given the players' positions and movements, it seems they are all focused on the central area of the field, suggesting that the ball is there.",D5
226.jpg,25,"The ball is likely located in the center of the field, as it is the most common area for a soccer ball to be during play. Given the players' positions and movements, it seems they are all focused on the central area of the field, suggesting that the ball is there.",D5
226.jpg,26,"The ball is likely located in the center of the field, as it is the most common area for a soccer ball to be during play. Given the players' positions and movements, it seems they are all focused on the central area of the field, suggesting that the ball is there.",D5
226.jpg,27,"The ball is likely located in the center of the field, as it is the most common area for a soccer ball to be during play. Given the players' positions and movements, it seems they are all focused on the central area of the field, suggesting that the ball is there.",D5
226.jpg,28,"The ball is likely located in the center of the field, as it is the most common area for a soccer ball to be during play. Given the players' positions and movements, it seems they are all focused on the central area of the field, suggesting that the ball is there.",D5
226.jpg,29,"The ball is likely located in the center of the field, as it is the most common area for a soccer ball to be during play. Given the players' positions and movements, it seems they are all focused on the central area of the field, suggesting that the ball is there.",D5
226.jpg,30,"The ball is likely located in the center of the field, as it is the most common area for a soccer ball to be during play. Given the players' positions and movements, it seems they are all focused on the central area of the field, suggesting that the ball is there.",D5
226.jpg,31,"The ball is likely located in the center of the field, as it is the most common area for a soccer ball to be during play. Given the players' positions and movements, it seems they are all focused on the central area of the field, suggesting that the ball is there.",D5
226.jpg,32,"The ball is likely located in the center of the field, as it is the most common area for a soccer ball to be during play. Given the players' positions and movements, it seems they are all focused on the central area of the field, suggesting that the ball is there.",D5
226.jpg,33,"The ball is likely located in the center of the field, as it is the most common area for a soccer ball to be during play. Given the players' positions and movements, it seems they are all focused on the central area of the field, suggesting that the ball is there.",D5
226.jpg,34,"The ball is likely located in the center of the field, as it is the most common area for a soccer ball to be during play. Given the players' positions and movements, it seems they are all focused on the central area of the field, suggesting that the ball is there.",D5
226.jpg,35,"The ball is likely located in the center of the field, as it is the most common area for a soccer ball to be during play. Given the players' positions and movements, it seems they are all focused on the central area of the field, suggesting that the ball is there.",D5
226.jpg,36,"The ball is likely located in the center of the field, as it is the most common area for a soccer ball to be during play. Given the players' positions and movements, it seems they are all focused on the central area of the field, suggesting that the ball is there.",D5
226.jpg,37,"The ball is likely located in the center of the field, as it is the most common area for a soccer ball to be during play. Given the players' positions and movements, it seems they are all focused on the central area of the field, suggesting that the ball is there.",D5
226.jpg,38,"The ball is likely located in the center of the field, as it is the most common area for a soccer ball to be during play. Given the players' positions and movements, it seems they are all focused on the central area of the field, suggesting that the ball is there.",D5
226.jpg,39,"The ball is likely located in the center of the field, as it is the most common area for a soccer ball to be during play. Given the players' positions and movements, it seems they are all focused on the central area of the field, suggesting that the ball is there.",D5
226.jpg,40,"The ball is likely located in the center of the field, as it is the most common area for a soccer ball to be during play. Given the players' positions and movements, it seems they are all focused on the central area of the field, suggesting that the ball is there.",D5
226.jpg,41,"The ball is likely located in the center of the field, as it is the most common area for a soccer ball to be during play. Given the players' positions and movements, it seems they are all focused on the central area of the field, suggesting that the ball is there.",D5
226.jpg,42,"The ball is likely located in the center of the field, as it is the most common area for a soccer ball to be during play. Given the players' positions and movements, it seems they are all focused on the central area of the field, suggesting that the ball is there.",D5
226.jpg,43,"The ball is likely located in the center of the field, as it is the most common area for a soccer ball to be during play. Given the players' positions and movements, it seems they are all focused on the central area of the field, suggesting that the ball is there.",D5
226.jpg,44,"The ball is likely located in the center of the field, as it is the most common area for a soccer ball to be during play. Given the players' positions and movements, it seems they are all focused on the central area of the field, suggesting that the ball is there.",D5
226.jpg,45,"The ball is likely located in the center of the field, as it is the most common area for a soccer ball to be during play. Given the players' positions and movements, it seems they are all focused on the central area of the field, suggesting that the ball is there.",D5
226.jpg,46,"The ball is likely located in the center of the field, as it is the most common area for a soccer ball to be during play. Given the players' positions and movements, it seems they are all focused on the central area of the field, suggesting that the ball is there.",D5
226.jpg,47,"The ball is likely located in the center of the field, as it is the most common area for a soccer ball to be during play. Given the players' positions and movements, it seems they are all focused on the central area of the field, suggesting that the ball is there.",D5
226.jpg,48,"The ball is likely located in the center of the field, as it is the most common area for a soccer ball to be during play. Given the players' positions and movements, it seems they are all focused on the central area of the field, suggesting that the ball is there.",D5
226.jpg,49,"The ball is likely located in the center of the field, as it is the most common area for a soccer ball to be during play. Given the players' positions and movements, it seems they are all focused on the central area of the field, suggesting that the ball is there.",D5
226.jpg,50,"The ball is likely located in the center of the field, as it is the most common area for a soccer ball to be during play. Given the players' positions and movements, it seems they are all focused on the central area of the field, suggesting that the ball is there.",D5
75.jpg,1,"The ball is likely located near the goalkeeper, as the goalkeeper's position suggests he is preparing to catch or block the ball. Additionally, the players' body language indicates they are focused on the area where the ball would be expected to land after being kicked towards the goal.",B3
75.jpg,2,"The ball is likely located near the goalkeeper, as the goalkeeper appears to be in a position that suggests they have just kicked or thrown the ball away. Given the positioning of the players and the direction of the goalkeeper's movement, it is reasonable to infer that the ball is in the area where the goalkeeper is standing, which is in the central part of the image.",C5
75.jpg,3,"The ball is likely located near the goalkeeper, as the goalkeeper appears to be in a position that suggests they have just kicked or thrown the ball away. Given the positioning of the players and the direction of the goalkeeper's movement, it is reasonable to infer that the ball is in the area where the goalkeeper is standing, which is in the central part of the image.",C5
75.jpg,4,"The ball is likely located near the goalkeeper, as the goalkeeper appears to be in a position that suggests they have just kicked or thrown the ball away. Given the positioning of the players and the direction of the goalkeeper's movement, it is reasonable to infer that the ball is in the area where the goalkeeper is standing, which is in the central part of the image.",C5
75.jpg,5,"The ball is likely located near the goalkeeper, as the goalkeeper's position suggests he is preparing to catch or block the ball. Additionally, the players' body language indicates they are focused on the area where the ball would be expected to land after being kicked towards the goal.",B3
75.jpg,6,"The ball is likely located near the goalkeeper, as the goalkeeper appears to be in a position that suggests they have just kicked or thrown the ball away. Given the positioning of the players and the direction of the goalkeeper's movement, it is reasonable to infer that the ball is in the area where the goalkeeper is standing, which is in the central part of the image.",C5
75.jpg,7,"The ball is likely located near the goalkeeper, as the goalkeeper appears to be in a position that suggests they have just kicked or thrown the ball away. Given the positioning of the players and the direction of the goalkeeper's movement, it is reasonable to infer that the ball is in the area where the goalkeeper is standing, which is in the central part of the image.",C5
75.jpg,8,"The ball is likely located near the goalkeeper, as the goalkeeper's position suggests he is preparing to catch or block the ball. Additionally, the players' body language indicates they are focused on the area where the ball would be expected to land after being kicked towards the goal.",B3
75.jpg,9,"The ball is likely located near the goalkeeper, as the goalkeeper's position suggests he is preparing to catch or block the ball. Additionally, the players' body language indicates they are focused on the area where the ball would be expected to land after being kicked towards the goal.",B3
75.jpg,10,"The ball is likely located near the goalkeeper, as the goalkeeper's position suggests he is preparing to catch or block the ball. Additionally, the players' body language indicates they are focused on the area where the ball would be expected to land after being kicked towards the goal.",B3
75.jpg,11,"The ball is likely located near the goalkeeper, as the goalkeeper's position suggests he is preparing to catch or block the ball. Additionally, the players' body language indicates they are focused on the area where the ball would be expected to land after being kicked towards the goal.",B3
75.jpg,12,"The ball is likely located near the goalkeeper, as the goalkeeper's position suggests he is preparing to catch or block the ball. Additionally, the players' body language indicates they are focused on the area where the ball would be expected to land after being kicked towards the goal.",B3
75.jpg,13,"The ball is likely located near the goalkeeper, as the goalkeeper's position suggests he is preparing to catch or block the ball. Additionally, the players' body language indicates they are focused on the area where the ball would be expected to land after being kicked towards the goal.",B3
75.jpg,14,"The ball is likely located near the goalkeeper, as the goalkeeper's position suggests he is preparing to catch or block the ball. Additionally, the players' body language indicates they are focused on the area where the ball would be expected to land after being kicked towards the goal.",B3
75.jpg,15,"The ball is likely located near the goalkeeper, as the goalkeeper's position suggests he is preparing to catch or block the ball. Additionally, the players' body language indicates they are focused on the area where the ball would be expected to land after being kicked towards the goal.",B3
75.jpg,16,"The ball is likely located near the goalkeeper, as the goalkeeper's position suggests he is preparing to catch or block the ball. Additionally, the players' body language indicates they are focused on the area where the ball would be expected to land after being kicked towards the goal.",B3
75.jpg,17,"The ball is likely located near the goalkeeper, as the goalkeeper's position suggests he is preparing to catch or block the ball. Additionally, the players' body language indicates they are focused on the area where the ball would be expected to land after being kicked towards the goal.",B3
75.jpg,18,"The ball is likely located near the goalkeeper, as the goalkeeper appears to be in a position that suggests they have just kicked or thrown the ball away. Given the positioning of the players and the direction of the goalkeeper's movement, it is reasonable to infer that the ball is in the area where the goalkeeper is standing, which is in the central part of the image.",C5
75.jpg,19,"The ball is likely located near the goalkeeper, as the goalkeeper's position suggests he is preparing to catch or block the ball. Additionally, the players' body language indicates they are focused on the area where the ball would be expected to land after being kicked towards the goal.",B3
75.jpg,20,"The ball is likely located near the goalkeeper, as the goalkeeper appears to be in a position that suggests they have just kicked or thrown the ball away. Given the positioning of the players and the direction of the goalkeeper's movement, it is reasonable to infer that the ball is in the area where the goalkeeper is standing, which is in the central part of the image.",C5
75.jpg,21,"The ball is likely located near the goalkeeper, as the goalkeeper appears to be in a position that suggests they have just kicked or thrown the ball away. Given the positioning of the players and the direction of the goalkeeper's movement, it is reasonable to infer that the ball is in the area where the goalkeeper is standing, which is in the central part of the image.",C5
75.jpg,22,"The ball is likely located near the goalkeeper, as the goalkeeper's position suggests he is preparing to catch or block the ball. Additionally, the players' body language indicates they are focused on the area where the ball would be expected to land after being kicked towards the goal.",B3
75.jpg,23,"The ball is likely located near the goalkeeper, as the goalkeeper appears to be in a position that suggests they have just kicked or thrown the ball away. Given the positioning of the players and the direction of the goalkeeper's movement, it is reasonable to infer that the ball is in the area where the goalkeeper is standing, which is in the central part of the image.",C5
75.jpg,24,"The ball is likely located near the goalkeeper, as the goalkeeper appears to be in a position that suggests they have just kicked or thrown the ball away. Given the positioning of the players and the direction of the goalkeeper's movement, it is reasonable to infer that the ball is in the area where the goalkeeper is standing, which is in the central part of the image.",C5
75.jpg,25,"The ball is likely located near the goalkeeper, as the goalkeeper appears to be in a position that suggests they have just kicked or thrown the ball away. Given the positioning of the players and the direction of the goalkeeper's movement, it is reasonable to infer that the ball is in the area where the goalkeeper is standing, which is in the central part of the image.",C5
75.jpg,26,"The ball is likely located near the goalkeeper, as the goalkeeper's position suggests he is preparing to catch or block the ball. Additionally, the players' body language indicates they are focused on the area where the ball would be expected to land after being kicked towards the goal.",B3
75.jpg,27,"The ball is likely located near the goalkeeper, as the goalkeeper appears to be in a position that suggests they have just kicked or thrown the ball away. Given the positioning of the players and the direction of the goalkeeper's movement, it is reasonable to infer that the ball is in the area where the goalkeeper is standing, which is in the central part of the image.",C5
75.jpg,28,"The ball is likely located near the goalkeeper, as the goalkeeper's position suggests he is preparing to catch or block the ball. Additionally, the players' body language indicates they are focused on the area where the ball would be expected to land after being kicked towards the goal.",B3
75.jpg,29,"The ball is likely located near the goalkeeper, as the goalkeeper's position suggests he is preparing to catch or block the ball. Additionally, the players' body language indicates they are focused on the area where the ball would be expected to land after being kicked towards the goal.",B3
75.jpg,30,"The ball is likely located near the goalkeeper, as the goalkeeper appears to be in a position that suggests they have just kicked or thrown the ball away. Given the positioning of the players and the direction of the goalkeeper's movement, it is reasonable to infer that the ball is in the area where the goalkeeper is standing, which is in the central part of the image.",C5
75.jpg,31,"The ball is likely located near the goalkeeper, as the goalkeeper appears to be in a position that suggests they have just kicked or thrown the ball away. Given the positioning of the players and the direction of the goalkeeper's movement, it is reasonable to infer that the ball is in the area where the goalkeeper is standing, which is in the central part of the image.",C5
75.jpg,32,"The ball is likely located near the goalkeeper, as the goalkeeper appears to be in a position that suggests they have just kicked or thrown the ball away. Given the positioning of the players and the direction of the goalkeeper's movement, it is reasonable to infer that the ball is in the area where the goalkeeper is standing, which is in the central part of the image.",C5
75.jpg,33,"The ball is likely located near the goalkeeper, as the goalkeeper appears to be in a position that suggests they have just kicked or thrown the ball away. Given the positioning of the players and the direction of the goalkeeper's movement, it is reasonable to infer that the ball is in the area where the goalkeeper is standing, which is in the central part of the image.",C5
75.jpg,34,"The ball is likely located near the goalkeeper, as the goalkeeper's position suggests he is preparing to catch or block the ball. Additionally, the players' body language indicates they are focused on the area where the ball would be expected to land after being kicked towards the goal.",B3
75.jpg,35,"The ball is likely located near the goalkeeper, as the goalkeeper's position suggests he is preparing to catch or block the ball. Additionally, the players' body language indicates they are focused on the area where the ball would be expected to land after being kicked towards the goal.",B3
75.jpg,36,"The ball is likely located near the goalkeeper, as the goalkeeper's position suggests he is preparing to catch or block the ball. Additionally, the players' body language indicates they are focused on the area where the ball would be expected to land after being kicked towards the goal.",B3
75.jpg,37,"The ball is likely located near the goalkeeper, as the goalkeeper appears to be in a position that suggests they have just kicked or thrown the ball away. Given the positioning of the players and the direction of the goalkeeper's movement, it is reasonable to infer that the ball is in the area where the goalkeeper is standing, which is in the central part of the image.",C5
75.jpg,38,"The ball is likely located near the goalkeeper, as the goalkeeper's position suggests he is preparing to catch or block the ball. Additionally, the players' body language indicates they are focused on the area where the ball would be expected to land after being kicked towards the goal.",B3
75.jpg,39,"The ball is likely located near the goalkeeper, as the goalkeeper's position suggests he is preparing to catch or block the ball. Additionally, the players' body language indicates they are focused on the area where the ball would be expected to land after being kicked towards the goal.",B3
75.jpg,40,"The ball is likely located near the goalkeeper, as the goalkeeper appears to be in a position that suggests they have just kicked or thrown the ball away. Given the positioning of the players and the direction of the goalkeeper's movement, it is reasonable to infer that the ball is in the area where the goalkeeper is standing, which is in the central part of the image.",C5
75.jpg,41,"The ball is likely located near the goalkeeper, as the goalkeeper's position suggests he is preparing to catch or block the ball. Additionally, the players' body language indicates they are focused on the area where the ball would be expected to land after being kicked towards the goal.",B3
75.jpg,42,"The ball is likely located near the goalkeeper, as the goalkeeper's position suggests he is preparing to catch or block the ball. Additionally, the players' body language indicates they are focused on the area where the ball would be expected to land after being kicked towards the goal.",B3
75.jpg,43,"The ball is likely located near the goalkeeper, as the goalkeeper's position suggests he is preparing to catch or block the ball. Additionally, the players' body language indicates they are focused on the area where the ball would be expected to land after being kicked towards the goal.",B3
75.jpg,44,"The ball is likely located near the goalkeeper, as the goalkeeper appears to be in a position that suggests they have just kicked or thrown the ball away. Given the positioning of the players and the direction of the goalkeeper's movement, it is reasonable to infer that the ball is in the area where the goalkeeper is standing, which is in the central part of the image.",C5
75.jpg,45,"The ball is likely located near the goalkeeper, as the goalkeeper's position suggests he is preparing to catch or block the ball. Additionally, the players' body language indicates they are focused on the area where the ball would be expected to land after being kicked towards the goal.",B3
75.jpg,46,"The ball is likely located near the goalkeeper, as the goalkeeper's position suggests he is preparing to catch or block the ball. Additionally, the players' body language indicates they are focused on the area where the ball would be expected to land after being kicked towards the goal.",B3
75.jpg,47,"The ball is likely located near the goalkeeper, as the goalkeeper appears to be in a position that suggests they have just kicked or thrown the ball away. Given the positioning of the players and the direction of the goalkeeper's movement, it is reasonable to infer that the ball is in the area where the goalkeeper is standing, which is in the central part of the image.",C5
75.jpg,48,"The ball is likely located near the goalkeeper, as the goalkeeper's position suggests he is preparing to catch or block the ball. Additionally, the players' body language indicates they are focused on the area where the ball would be expected to land after being kicked towards the goal.",B3
75.jpg,49,"The ball is likely located near the goalkeeper, as the goalkeeper's position suggests he is preparing to catch or block the ball. Additionally, the players' body language indicates they are focused on the area where the ball would be expected to land after being kicked towards the goal.",B3
75.jpg,50,"The ball is likely located near the goalkeeper, as the goalkeeper appears to be in a position that suggests they have just kicked or thrown the ball away. Given the positioning of the players and the direction of the goalkeeper's movement, it is reasonable to infer that the ball is in the area where the goalkeeper is standing, which is in the central part of the image.",C5
312.jpg,1,"The ball is likely located in the area where the players' legs and feet are closest together, as this is the most dynamic part of the image and suggests recent movement. Given the direction of the players' movements and the positioning of their legs, it's reasonable to infer that the ball was just kicked or passed near the center of the field.",E5
312.jpg,2,"The ball is likely located in the area where the players' legs and feet are closest together, as this is the most dynamic part of the image where the ball would typically be found during a kick or pass. Given the positions of the players, it appears that the ball was kicked towards the goal, so it's reasonable to assume it's near the center of the image, close to the goalpost.",C5
312.jpg,3,"The ball is likely located in the area where the players' legs and feet are closest together, as this is the most dynamic part of the image where the ball would typically be found during a kick or pass. Given the positions of the players, it appears that the ball was kicked towards the goal, so it's reasonable to assume it's near the center of the image, close to the goalpost.",C5
312.jpg,4,"The ball is likely located in the area where the players' legs and feet are closest together, as this is the most dynamic part of the image and suggests recent contact or movement. Given the direction of the players' movements and the positioning of their legs, it's reasonable to infer that the ball was just kicked or passed near the center of the image.",E5
312.jpg,5,"The ball is likely located in the area where the players' legs and feet are closest together, as this is the most dynamic part of the image and suggests recent contact or movement. Given the direction of the players' movements and the positioning of their legs, it appears that the ball was just kicked or passed towards the center-right of the image.",E7
312.jpg,6,"The ball is likely located in the area where the players' legs and feet are closest together, as this is the most dynamic part of the image and suggests recent contact or movement. Given the direction of the players' movements and the positioning of their legs, it's reasonable to infer that the ball was just kicked or passed near the center of the image.",E5
312.jpg,7,"The ball is likely located in the area where the players' legs and feet are closest together, as this is the most dynamic part of the image where the ball would typically be found during a kick or pass. Given the positions of the players, it appears that the ball was kicked towards the goal, so it's reasonable to assume it's near the center of the image, close to the goalpost.",C5
312.jpg,8,"The ball is likely located in the area where the players' legs and feet are closest together, as this is the most dynamic part of the image and suggests recent movement. Given the direction of the players' movements and the positioning of their legs, it's reasonable to infer that the ball was just kicked or passed near the center of the field.",E5
312.jpg,9,"The ball is likely located in the area where the players' legs and feet are closest together, as this is the most dynamic part of the image where the ball would typically be found during a kick or pass. Given the positions of the players, it appears that the ball was kicked towards the goal, so it's reasonable to assume it's near the center of the image, close to the goalpost.",E5
312.jpg,10,"The ball is likely located in the area where the players' legs and feet are closest together, as this is the most dynamic part of the image and suggests recent contact or movement. Given the direction of the players' movements and the positioning of their legs, it appears that the ball was just kicked or passed towards the center-right of the image.",E7
312.jpg,11,"The ball is likely located in the area where the players' legs and feet are closest together, as this is the most dynamic part of the image where the ball would typically be found during a kick or pass. Given the positions of the players, it appears that the ball was kicked towards the goal, so it's reasonable to assume it's near the center of the image, close to the goalpost.",E5
312.jpg,12,"The ball is likely located in the area where the players' legs and feet are closest together, as this is the most dynamic part of the image where the ball would typically be found during a kick or pass. Given the positions of the players, it appears that the ball was kicked towards the goal, so it's reasonable to assume it's near the center of the image, close to the goalpost.",C5
312.jpg,13,"The ball is likely located in the area where the players' legs and feet are closest together, as this is the most dynamic part of the image where the ball would typically be found during a kick or pass. Given the positions of the players, it appears that the ball was kicked towards the goal, so it's reasonable to assume it's near the center of the image, close to the goalpost.",C5
312.jpg,14,"The ball is likely located in the area where the players' legs and feet are closest together, as this is the most dynamic part of the image and suggests recent movement. Given the direction of the players' movements and the positioning of their legs, it's reasonable to infer that the ball was just kicked or passed towards the center of the field.",E5
312.jpg,15,"The ball is likely located in the area where the players' legs and feet are closest together, as this is the most dynamic part of the image where the ball would typically be found during a kick or pass. Given the positions of the players, it appears that the ball was kicked towards the goal, so it's reasonable to assume it's near the center of the image, close to the goalpost.",C5
312.jpg,16,"The ball is likely located in the area where the players' legs and feet are closest together, as this is the most dynamic part of the image and suggests recent contact or movement. Given the direction of the players' movements and the positioning of their legs, it's reasonable to infer that the ball was just kicked or passed near the center of the image.",E5
312.jpg,17,"The ball is likely located in the area where the players' legs and feet are closest together, as this is the most dynamic part of the image where the ball would typically be found during a kick or pass. Given the positions of the players, it appears that the ball was kicked towards the goal, so it's reasonable to assume it's near the center of the image, close to the goalpost.",E5
312.jpg,18,"The ball is likely located in the area where the players' legs and feet are closest together, as this is the most dynamic part of the image and suggests recent contact or movement. Given the direction of the players' movements and the positioning of their legs, it's reasonable to infer that the ball was just kicked or passed near the center of the image.",E5
312.jpg,19,"The ball is likely located in the area where the players' legs and feet are closest together, as this is the most dynamic part of the image where the ball would typically be found during a kick or pass. Given the positions of the players, it appears that the ball was kicked towards the goal, so it's reasonable to assume it's near the center of the image, close to the goalpost.",E5
312.jpg,20,"The ball is likely located in the area where the players' legs and feet are closest together, as this is the most dynamic part of the image and suggests recent movement. Given the direction of the players' movements and the positioning of their legs, it's reasonable to infer that the ball was just kicked or passed near the center of the field.",E5
312.jpg,21,"The ball is likely located in the area where the players' legs and feet are closest together, as this is the most dynamic part of the image where the ball would typically be found during a kick or pass. Given the positions of the players, it appears that the ball was kicked towards the goal, so it's reasonable to assume it's near the center of the image, close to the goalpost.",C5
312.jpg,22,"The ball is likely located in the area where the players' legs and feet are closest together, as this is the most dynamic part of the image where the ball would typically be found during a kick or pass. Given the positions of the players, it appears that the ball was kicked towards the goal, so it's reasonable to assume it's near the center of the image, close to the goalpost.",E5
312.jpg,23,"The ball is likely located in the area where the players' legs and feet are closest together, as this is the most dynamic part of the image and suggests recent movement. Given the direction of the players' movements and the positioning of their legs, it appears that the ball was just kicked or passed towards the center-right of the image.",E7
312.jpg,24,"The ball is likely located in the area where the players' legs and feet are closest together, as this is the most dynamic part of the image where the ball would typically be found during a kick or pass. Given the positions of the players, it appears that the ball was kicked towards the goal, so it's reasonable to assume it's near the center of the image, close to the goalpost.",E5
312.jpg,25,"The ball is likely located in the area where the players' legs and feet are closest together, as this is the most dynamic part of the image where the ball would typically be found during a kick or pass. Given the positions of the players, it appears that the ball was kicked towards the goal, so it's reasonable to assume it's near the center of the image, close to the goalpost.",E5
312.jpg,26,"The ball is likely located in the area where the players' legs and feet are closest together, as this is the most dynamic part of the image where the ball would typically be found during a kick or pass. Given the positions of the players, it appears that the ball was kicked towards the goal, so it's reasonable to assume it's near the center of the image, close to the goalpost.",E5
312.jpg,27,"The ball is likely located in the area where the players' legs and feet are closest together, as this is the most dynamic part of the image and suggests recent movement. Given the direction of the players' movements and the positioning of their legs, it appears that the ball was just kicked or passed towards the center-right of the image.",E7
312.jpg,28,"The ball is likely located in the area where the players' legs and feet are closest together, as this is the most dynamic part of the image and suggests recent contact or movement. Given the direction of the players' movements and the positioning of their legs, it's reasonable to infer that the ball was just kicked or passed near the center of the image.",E5
312.jpg,29,"The ball is likely located in the area where the players' legs and feet are closest together, as this is the most dynamic part of the image and suggests recent movement. Given the direction of the players' movements and the positioning of their legs, it's reasonable to infer that the ball was just kicked or passed near the center of the field.",E5
312.jpg,30,"The ball is likely located in the area where the players' legs and feet are closest together, as this is the most dynamic part of the image and suggests recent movement. Given the direction of the players' movements and the positioning of their legs, it appears that the ball was just kicked or passed towards the center-right of the image.",E7
312.jpg,31,"The ball is likely located in the area where the players' legs and feet are closest together, as this is the most dynamic part of the image where the ball would typically be found during a kick or pass. Given the positions of the players, it appears that the ball was kicked towards the goal, so it's reasonable to assume it's near the center of the image, close to the goalpost.",C5
312.jpg,32,"The ball is likely located in the area where the players' legs and feet are closest together, as this is the most dynamic part of the image and suggests recent movement. Given the direction of the players' movements and the positioning of their legs, it appears that the ball was just kicked or passed towards the center-right of the image.",E7
312.jpg,33,"The ball is likely located in the area where the players' legs and feet are closest together, as this is the most dynamic part of the image where the ball would typically be found during a kick or pass. Given the positions of the players, it appears that the ball was kicked towards the goal, so it's reasonable to assume it's near the center of the image, close to the goalpost.",C5
312.jpg,34,"The ball is likely located in the area where the players' legs and feet are closest together, as this is the most dynamic part of the image where the ball would typically be found during a kick or pass. Given the positions of the players, it appears that the ball was kicked towards the goal, so it's reasonable to assume it's near the center of the image, close to the goalpost.",C5
312.jpg,35,"The ball is likely located in the area where the players' legs and feet are closest together, as this is the most dynamic part of the image and suggests recent movement. Given the direction of the players' movements and the positioning of their legs, it's reasonable to infer that the ball was just kicked or passed towards the center of the field.",E5
312.jpg,36,"The ball is likely located in the area where the players' legs and feet are closest together, as this is the most dynamic part of the image and suggests recent movement. Given the direction of the players' movements and the positioning of their legs, it's reasonable to infer that the ball was just kicked or passed near the center of the field.",E5
312.jpg,37,"The ball is likely located in the area where the players' legs and feet are closest together, as this is the most dynamic part of the image where the ball would typically be found during a kick or pass. Given the positions of the players, it appears that the ball was kicked towards the goal, so it's reasonable to assume it's near the center of the image, close to the goalpost.",C5
312.jpg,38,"The ball is likely located in the area where the players' legs and feet are closest together, as this is the most dynamic part of the image and suggests recent movement. Given the direction of the players' movements and the positioning of their legs, it's reasonable to infer that the ball was just kicked or passed towards the center of the field.",E5
312.jpg,39,"The ball is likely located in the area where the players' legs and feet are closest together, as this is the most dynamic part of the image where the ball would typically be found during a kick or pass. Given the positions of the players, it appears that the ball was kicked towards the goal, so it's reasonable to assume it's near the center of the image, close to the goalpost.",E5
312.jpg,40,"The ball is likely located in the area where the players' legs and feet are closest together, as this is the most dynamic part of the image and suggests recent movement. Given the direction of the players' movements and the positioning of their legs, it's reasonable to infer that the ball was just kicked or passed near the center of the field.",E5
312.jpg,41,"The ball is likely located in the area where the players' legs and feet are closest together, as this is the most dynamic part of the image and suggests recent contact or movement. Given the direction of the players' movements and the positioning of their legs, it's reasonable to infer that the ball was just kicked or passed near the center of the image.",E5
312.jpg,42,"The ball is likely located in the area where the players' legs and feet are closest together, as this is the most dynamic part of the image where the ball would typically be found during a kick or pass. Given the positions of the players, it appears that the ball was kicked towards the goal, so it's reasonable to assume it's near the center of the image, close to the goalpost.",E5
312.jpg,43,"The ball is likely located in the area where the players' legs and feet are closest together, as this is the most dynamic part of the image where the ball would typically be found during a kick or pass. Given the positions of the players, it appears that the ball was kicked towards the goal, so it's reasonable to assume it's near the center of the image, close to the goalpost.",E5
312.jpg,44,"The ball is likely located in the area where the players' legs and feet are closest together, as this is the most dynamic part of the image and suggests recent contact or movement. Given the direction of the players' movements and the positioning of their legs, it's reasonable to infer that the ball was just kicked or passed near the center of the image.",E5
312.jpg,45,"The ball is likely located in the area where the players' legs and feet are closest together, as this is the most dynamic part of the image and suggests recent movement. Given the direction of the players' movements and the positioning of their legs, it's reasonable to infer that the ball was just kicked or passed near the center of the field.",E5
312.jpg,46,"The ball is likely located in the area where the players' legs and feet are closest together, as this is the most dynamic part of the image and suggests recent movement. Given the direction of the players' movements and the positioning of their legs, it's reasonable to infer that the ball was just kicked or passed near the center of the field.",E5
312.jpg,47,"The ball is likely located in the area where the players' legs and feet are closest together, as this is the most dynamic part of the image where the ball would typically be found during a kick or pass. Given the positions of the players, it appears that the ball was kicked towards the goal, so it's reasonable to assume it's near the center of the image, close to the goalpost.",C5
312.jpg,48,"The ball is likely located in the area where the players' legs and feet are closest together, as this is the most dynamic part of the image where the ball would typically be found during a kick or pass. Given the positions of the players, it appears that the ball was kicked towards the goal, so it's reasonable to assume it's near the center of the image, close to the goalpost.",E5
312.jpg,49,"The ball is likely located in the area where the players' legs and feet are closest together, as this is the most dynamic part of the image where the ball would typically be found during a kick or pass. Given the positions of the players, it appears that the ball was kicked towards the goal, so it's reasonable to assume it's near the center of the image, close to the goalpost.",C5
312.jpg,50,"The ball is likely located in the area where the players' legs and feet are closest together, as this is the most dynamic part of the image where the ball would typically be found during a kick or pass. Given the positions of the players, it appears that the ball was kicked towards the goal, so it's reasonable to assume it's near the center of the image, close to the goalpost.",C5
73.jpg,1,"The ball is likely located near the center of the field, as it is a common area for play during a soccer match. Given the positions of the players, the ball could be in the vicinity of the player in the black and white striped jersey, suggesting that he might have just kicked or passed the ball. Therefore, the ball is most likely in the central part of the field.",D5
73.jpg,2,"The ball is likely located near the center of the field, as it is a common area for play during a soccer match. Given the positions of the players, the ball could be in the vicinity of the player in the black and white striped jersey, suggesting that he might have just kicked or passed the ball. Therefore, the ball is most likely in the central part of the field.",D5
73.jpg,3,"The ball is likely located near the center of the field, as it is the area where players are most actively moving and competing for possession. The player in the black and white striped jersey appears to be running towards the center, suggesting that the ball might be in front of or slightly behind him. Given the positioning of the players and the direction they are facing, the ball is most likely in the central cells of the grid.",D5
73.jpg,4,"The ball is likely located near the center of the field, as it is a common area for play during a soccer match. Given the positions of the players, the ball could be in the vicinity of the player in the black and white striped jersey, suggesting that he might have just kicked or passed the ball. Therefore, the ball is most likely in the central part of the field.",D5
73.jpg,5,"The ball is likely located near the center of the field, as it is the area where players are most actively moving and competing for possession. The player in the black and white striped jersey appears to be running towards the center, suggesting that the ball might be in front of or slightly behind him. Given the positioning of the players and the direction they are facing, the ball is most likely in the central cells of the grid.",D5
73.jpg,6,"The ball is likely located near the center of the field, as it is the area where players are most actively moving and competing for possession. The player in the black and white striped jersey appears to be running towards the center, suggesting that the ball might be in front of or slightly behind him. Given the positioning of the players and the direction they are facing, the ball is most likely in the central cells of the grid.",D5
73.jpg,7,"The ball is likely located near the center of the field, as it is the area where players are most actively moving and competing for possession. The player in the black and white striped jersey appears to be running towards the center, suggesting that the ball might be in front of or slightly behind him. Given the positioning of the players and the direction they are facing, the ball is most likely in the central cells of the grid.",D5
73.jpg,8,"The ball is likely located near the center of the field, as it is a common area for play during a soccer match. Given the positions of the players, the ball could be in the vicinity of the player in the black and white striped jersey, suggesting that he might have just kicked or passed the ball. Therefore, the ball is most likely in the central part of the field.",D5
73.jpg,9,"The ball is likely located near the center of the field, as it is the area where players are most actively moving and competing for possession. The player in the black and white striped jersey appears to be running towards the center, suggesting that the ball might be in front of or slightly behind him. Given the positioning of the players and the direction they are facing, the ball is most likely in the central cells of the grid.",D5
73.jpg,10,"The ball is likely located near the center of the field, as it is a common area for play during a soccer match. Given the positions of the players, the ball could be in the vicinity of the player in the black and white striped jersey, suggesting that he might have just kicked or passed the ball. Therefore, the ball is most likely in the central part of the field.",D5
73.jpg,11,"The ball is likely located near the center of the field, as it is a common area for play during a soccer match. Given the positions of the players, the ball could be in the vicinity of the player in the black and white striped jersey, suggesting that he might have just kicked or passed the ball. Therefore, the ball is most likely in the central part of the field.",D5
73.jpg,12,"The ball is likely located near the center of the field, as it is a common area for play during a soccer match. Given the positions of the players, the ball could be in the vicinity of the player in the black and white striped jersey, suggesting that he might have just kicked or passed the ball. Therefore, the ball is most likely in the central part of the field.",D5
73.jpg,13,"The ball is likely located near the center of the field, as it is the area where players are most actively moving and competing for possession. The player in the black and white striped jersey appears to be running towards the center, suggesting that the ball might be in front of or slightly behind him. Given the positioning of the players and the direction they are facing, the ball is most likely in the central cells of the grid.",D5
73.jpg,14,"The ball is likely located near the center of the field, as it is a common area for play during a soccer match. Given the positions of the players, the ball could be in the vicinity of the player in the black and white striped jersey, suggesting that he might have just kicked or passed the ball. Therefore, the ball is most likely in the central part of the field.",D5
73.jpg,15,"The ball is likely located near the center of the field, as it is the area where players are most actively moving and competing for possession. The player in the black and white striped jersey appears to be running towards the center, suggesting that the ball might be in front of or slightly behind him. Given the positioning of the players and the direction they are facing, the ball is most likely in the central cells of the grid.",D5
73.jpg,16,"The ball is likely located near the center of the field, as it is the area where players are most actively moving and competing for possession. The player in the black and white striped jersey appears to be running towards the center, suggesting that the ball might be in front of or slightly behind him. Given the positioning of the players and the direction they are facing, the ball is most likely in the central cells of the grid.",D5
73.jpg,17,"The ball is likely located near the center of the field, as it is the area where players are most actively moving and competing for possession. The player in the black and white striped jersey appears to be running towards the center, suggesting that the ball might be in front of or slightly behind him. Given the positioning of the players and the direction they are facing, the ball is most likely in the central cells of the grid.",D5
73.jpg,18,"The ball is likely located near the center of the field, as it is a common area for play during a soccer match. Given the positions of the players, the ball could be in the vicinity of the player in the black and white striped jersey, suggesting that he might have just kicked or passed the ball. Therefore, the ball is most likely in the central part of the field.",D5
73.jpg,19,"The ball is likely located near the center of the field, as it is the area where players are most actively moving and competing for possession. The player in the black and white striped jersey appears to be running towards the center, suggesting that the ball might be in front of or slightly behind him. Given the positioning of the players and the direction they are facing, the ball is most likely in the central cells of the grid.",D5
73.jpg,20,"The ball is likely located near the center of the field, as it is a common area for play during a soccer match. Given the positions of the players, the ball could be in the vicinity of the player in the black and white striped jersey, suggesting that he might have just kicked or passed the ball. Therefore, the ball is most likely in the central part of the field.",D5
73.jpg,21,"The ball is likely located near the center of the field, as it is a common area for play during a soccer match. Given the positions of the players, the ball could be in the vicinity of the player in the black and white striped jersey, suggesting that he might have just kicked or passed the ball. Therefore, the ball is most likely in the central part of the field.",D5
73.jpg,22,"The ball is likely located near the center of the field, as it is the area where players are most actively moving and competing for possession. The player in the black and white striped jersey appears to be running towards the center, suggesting that the ball might be in front of or slightly behind him. Given the positioning of the players and the direction they are facing, the ball is most likely in the central cells of the grid.",D5
73.jpg,23,"The ball is likely located near the center of the field, as it is the area where players are most actively moving and competing for possession. The player in the black and white striped jersey appears to be running towards the center, suggesting that the ball might be in front of or slightly behind him. Given the positioning of the players and the direction they are facing, the ball is most likely in the central cells of the grid.",D5
73.jpg,24,"The ball is likely located near the center of the field, as it is the area where players are most actively moving and competing for possession. The player in the black and white striped jersey appears to be running towards the center, suggesting that the ball might be in front of or slightly behind him. Given the positioning of the players and the direction they are facing, the ball is most likely in the central cells of the grid.",D5
73.jpg,25,"The ball is likely located near the center of the field, as it is the area where players are most actively moving and competing for possession. The player in the black and white striped jersey appears to be running towards the center, suggesting that the ball might be in front of or slightly behind him. Given the positioning of the players and the direction they are facing, the ball is most likely in the central cells of the grid.",D5
73.jpg,26,"The ball is likely located near the center of the field, as it is the area where players are most actively moving and competing for possession. The player in the black and white striped jersey appears to be running towards the center, suggesting that the ball might be in front of or slightly behind him. Given the positioning of the players and the direction they are facing, the ball is most likely in the central cells of the grid.",D5
73.jpg,27,"The ball is likely located near the center of the field, as it is the area where players are most actively moving and competing for possession. The player in the black and white striped jersey appears to be running towards the center, suggesting that the ball might be in front of or slightly behind him. Given the positioning of the players and the direction they are facing, the ball is most likely in the central cells of the grid.",D5
73.jpg,28,"The ball is likely located near the center of the field, as it is a common area for play during a soccer match. Given the positions of the players, the ball could be in the vicinity of the player in the black and white striped jersey, suggesting that he might have just kicked or passed the ball. Therefore, the ball is most likely in the central part of the field.",D5
73.jpg,29,"The ball is likely located near the center of the field, as it is a common area for play during a soccer match. Given the positions of the players, the ball could be in the vicinity of the player in the black and white striped jersey, suggesting that he might have just kicked or passed the ball. Therefore, the ball is most likely in the central part of the field.",D5
73.jpg,30,"The ball is likely located near the center of the field, as it is the area where players are most actively moving and competing for possession. The player in the black and white striped jersey appears to be running towards the center, suggesting that the ball might be in front of or slightly behind him. Given the positioning of the players and the direction they are facing, the ball is most likely in the central cells of the grid.",D5
73.jpg,31,"The ball is likely located near the center of the field, as it is the area where players are most actively moving and competing for possession. The player in the black and white striped jersey appears to be running towards the center, suggesting that the ball might be in front of or slightly behind him. Given the positioning of the players and the direction they are facing, the ball is most likely in the central cells of the grid.",D5
73.jpg,32,"The ball is likely located near the center of the field, as it is the area where players are most actively moving and competing for possession. The player in the black and white striped jersey appears to be running towards the center, suggesting that the ball might be in front of or slightly behind him. Given the positioning of the players and the direction they are facing, the ball is most likely in the central cells of the grid.",D5
73.jpg,33,"The ball is likely located near the center of the field, as it is a common area for play during a soccer match. Given the positions of the players, the ball could be in the vicinity of the player in the black and white striped jersey, suggesting that he might have just kicked or passed the ball. Therefore, the ball is most likely in the central part of the field.",D5
73.jpg,34,"The ball is likely located near the center of the field, as it is the area where players are most actively moving and competing for possession. The player in the black and white striped jersey appears to be running towards the center, suggesting that the ball might be in front of or slightly behind him. Given the positioning of the players and the direction they are facing, the ball is most likely in the central cells of the grid.",D5
73.jpg,35,"The ball is likely located near the center of the field, as it is the area where players are most actively moving and competing for possession. The player in the black and white striped jersey appears to be running towards the center, suggesting that the ball might be in front of or slightly behind him. Given the positioning of the players and the direction they are facing, the ball is most likely in the central cells of the grid.",D5
73.jpg,36,"The ball is likely located near the center of the field, as it is a common area for play during a soccer match. Given the positions of the players, the ball could be in the vicinity of the player in the black and white striped jersey, suggesting that he might have just kicked or passed the ball. Therefore, the ball is most likely in the central part of the field.",D5
73.jpg,37,"The ball is likely located near the center of the field, as it is a common area for play during a soccer match. Given the positions of the players, the ball could be in the vicinity of the player in the black and white striped jersey, suggesting that he might have just kicked or passed the ball. Therefore, the ball is most likely in the central part of the field.",D5
73.jpg,38,"The ball is likely located near the center of the field, as it is the area where players are most actively moving and competing for possession. The player in the black and white striped jersey appears to be running towards the center, suggesting that the ball might be in front of or slightly behind him. Given the positioning of the players and the direction they are facing, the ball is most likely in the central cells of the grid.",D5
73.jpg,39,"The ball is likely located near the center of the field, as it is a common area for play during a soccer match. Given the positions of the players, the ball could be in the vicinity of the player in the black and white striped jersey, suggesting that he might have just kicked or passed the ball. Therefore, the ball is most likely in the central part of the field.",D5
73.jpg,40,"The ball is likely located near the center of the field, as it is the area where players are most actively moving and competing for possession. The player in the black and white striped jersey appears to be running towards the center, suggesting that the ball might be in front of or slightly behind him. Given the positioning of the players and the direction they are facing, the ball is most likely in the central cells of the grid.",D5
73.jpg,41,"The ball is likely located near the center of the field, as it is a common area for play during a soccer match. Given the positions of the players, the ball could be in the vicinity of the player in the black and white striped jersey, suggesting that he might have just kicked or passed the ball. Therefore, the ball is most likely in the central part of the field.",D5
73.jpg,42,"The ball is likely located near the center of the field, as it is the area where players are most actively moving and competing for possession. The player in the black and white striped jersey appears to be running towards the center, suggesting that the ball might be in front of or slightly behind him. Given the positioning of the players and the direction they are facing, the ball is most likely in the central cells of the grid.",D5
73.jpg,43,"The ball is likely located near the center of the field, as it is a common area for play during a soccer match. Given the positions of the players, the ball could be in the vicinity of the player in the black and white striped jersey, suggesting that he might have just kicked or passed the ball. Therefore, the ball is most likely in the central part of the field.",D5
73.jpg,44,"The ball is likely located near the center of the field, as it is the area where players are most actively moving and competing for possession. The player in the black and white striped jersey appears to be running towards the center, suggesting that the ball might be in front of or slightly behind him. Given the positioning of the players and the direction they are facing, the ball is most likely in the central cells of the grid.",D5
73.jpg,45,"The ball is likely located near the center of the field, as it is a common area for play during a soccer match. Given the positions of the players, the ball could be in the vicinity of the player in the black and white striped jersey, suggesting that he might have just kicked or passed the ball. Therefore, the ball is most likely in the central part of the field.",D5
73.jpg,46,"The ball is likely located near the center of the field, as it is a common area for play during a soccer match. Given the positions of the players, the ball could be in the vicinity of the player in the black and white striped jersey, suggesting that he might have just kicked or passed the ball. Therefore, the ball is most likely in the central part of the field.",D5
73.jpg,47,"The ball is likely located near the center of the field, as it is the area where players are most actively moving and competing for possession. The player in the black and white striped jersey appears to be running towards the center, suggesting that the ball might be in front of or slightly behind him. Given the positioning of the players and the direction they are facing, the ball is most likely in the central cells of the grid.",D5
73.jpg,48,"The ball is likely located near the center of the field, as it is a common area for play during a soccer match. Given the positions of the players, the ball could be in the vicinity of the player in the black and white striped jersey, suggesting that he might have just kicked or passed the ball. Therefore, the ball is most likely in the central part of the field.",D5
73.jpg,49,"The ball is likely located near the center of the field, as it is the area where players are most actively moving and competing for possession. The player in the black and white striped jersey appears to be running towards the center, suggesting that the ball might be in front of or slightly behind him. Given the positioning of the players and the direction they are facing, the ball is most likely in the central cells of the grid.",D5
73.jpg,50,"The ball is likely located near the center of the field, as it is the area where players are most actively moving and competing for possession. The player in the black and white striped jersey appears to be running towards the center, suggesting that the ball might be in front of or slightly behind him. Given the positioning of the players and the direction they are facing, the ball is most likely in the central cells of the grid.",D5
79.jpg,1,"The ball is likely located near the center of the field, as there are players from both teams positioned around that area, suggesting an active play. Given the positioning of the players and the direction of movement, it seems the ball was recently passed or shot towards the center of the field.",D5
79.jpg,2,"The ball is likely located near the center of the field, as there are players from both teams positioned around that area, suggesting an active play. Given the positioning of the players, it seems the ball was recently passed or shot towards the center of the field.",D5
79.jpg,3,"The ball is likely located near the center of the field, as there are players from both teams positioned around that area, suggesting an active play. Given the positioning of the players, it seems the ball was recently passed or shot towards the center of the field.",D5
79.jpg,4,"The ball is likely located near the center of the field, as there are players from both teams positioned around that area, suggesting an active play. Given the positioning of the players, it seems the ball was recently passed or shot towards the center of the field.",D5
79.jpg,5,"The ball is likely located near the center of the field, as there are players from both teams positioned around that area, suggesting an active play. Given the positioning of the players and the direction of movement, it seems the ball was recently passed or shot towards the center of the field.",D5
79.jpg,6,"The ball is likely located near the center of the field, as there are players from both teams positioned around that area, suggesting an active play. Given the positioning of the players, it's plausible that the ball was recently passed or shot towards the center of the field.",D5
79.jpg,7,"The ball is likely located near the center of the field, as there are players from both teams positioned around that area, suggesting an active play. Given the positioning of the players, it seems the ball was recently passed or shot towards the center of the field.",D5
79.jpg,8,"The ball is likely located near the center of the field, as there are players from both teams positioned around that area, suggesting an active play. Given the positioning of the players, it seems the ball was recently passed or shot towards the center of the field.",D5
79.jpg,9,"The ball is likely located near the center of the field, as there are players from both teams positioned around that area, suggesting an active play. Given the positioning of the players, it's plausible that the ball was recently passed or shot towards the center of the field.",D5
79.jpg,10,"The ball is likely located near the center of the field, as there are players from both teams positioned around that area, suggesting an active play. Given the positioning of the players, it's plausible that the ball was recently passed or shot towards the center of the field.",D5
79.jpg,11,"The ball is likely located near the center of the field, as there are players from both teams positioned around that area, suggesting an active play. Given the positioning of the players and the direction of movement, it seems the ball was recently passed or shot towards the center of the field.",D5
79.jpg,12,"The ball is likely located near the center of the field, as there are players from both teams positioned around that area, suggesting an active play. Given the positioning of the players, it seems the ball was recently passed or shot towards the center of the field.",D5
79.jpg,13,"The ball is likely located near the center of the field, as there are players from both teams positioned around that area, suggesting an active play. Given the positioning of the players and the direction of movement, it seems the ball was recently passed or shot towards the center of the field.",D5
79.jpg,14,"The ball is likely located near the center of the field, as there are players from both teams positioned around that area, suggesting an active play. Given the positioning of the players, it's plausible that the ball was recently passed or shot towards the center of the field.",D5
79.jpg,15,"The ball is likely located near the center of the field, as there are players from both teams positioned around that area, suggesting an active play. Given the positioning of the players and the direction of movement, it seems the ball was recently passed or shot towards the center of the field.",D5
79.jpg,16,"The ball is likely located near the center of the field, as there are players from both teams positioned around that area, suggesting an active play. Given the positioning of the players, it's plausible that the ball was recently passed or shot towards the center of the field.",D5
79.jpg,17,"The ball is likely located near the center of the field, as there are players from both teams positioned around that area, suggesting an active play. Given the positioning of the players, it seems the ball was recently passed or shot towards the center of the field.",D5
79.jpg,18,"The ball is likely located near the center of the field, as there are players from both teams positioned around that area, suggesting an active play. Given the positioning of the players, it seems the ball was recently passed or shot towards the center of the field.",D5
79.jpg,19,"The ball is likely located near the center of the field, as there are players from both teams positioned around that area, suggesting an active play. Given the positioning of the players and the direction of movement, it seems the ball was recently passed or shot towards the center of the field.",D5
79.jpg,20,"The ball is likely located near the center of the field, as there are players from both teams positioned around that area, suggesting an active play. Given the positioning of the players, it's plausible that the ball was recently passed or shot towards the center of the field.",D5
79.jpg,21,"The ball is likely located near the center of the field, as there are players from both teams positioned around that area, suggesting an active play. Given the positioning of the players, it seems the ball was recently passed or shot towards the center of the field.",D5
79.jpg,22,"The ball is likely located near the center of the field, as there are players from both teams positioned around that area, suggesting an active play. Given the positioning of the players, it seems the ball was recently passed or shot towards the center of the field.",D5
79.jpg,23,"The ball is likely located near the center of the field, as there are players from both teams positioned around that area, suggesting an active play. Given the positioning of the players and the direction of movement, it seems the ball was recently passed or shot towards the center of the field.",D5
79.jpg,24,"The ball is likely located near the center of the field, as there are players from both teams positioned around that area, suggesting an active play. Given the positioning of the players, it's plausible that the ball was recently passed or shot towards the center of the field.",D5
79.jpg,25,"The ball is likely located near the center of the field, as there are players from both teams positioned around that area, suggesting an active play. Given the positioning of the players and the direction of movement, it seems the ball was recently passed or shot towards the center of the field.",D5
79.jpg,26,"The ball is likely located near the center of the field, as there are players from both teams positioned around that area, suggesting an active play. Given the positioning of the players, it seems the ball was recently passed or shot towards the center of the field.",D5
79.jpg,27,"The ball is likely located near the center of the field, as there are players from both teams positioned around that area, suggesting an active play. Given the positioning of the players, it's plausible that the ball was recently passed or shot towards the center of the field.",D5
79.jpg,28,"The ball is likely located near the center of the field, as there are players from both teams positioned around that area, suggesting an active play. Given the positioning of the players and the direction of movement, it seems the ball was recently passed or shot towards the center of the field.",D5
79.jpg,29,"The ball is likely located near the center of the field, as there are players from both teams positioned around that area, suggesting an active play. Given the positioning of the players and the direction of movement, it seems the ball was recently passed or shot towards the center of the field.",D5
79.jpg,30,"The ball is likely located near the center of the field, as there are players from both teams positioned around that area, suggesting an active play. Given the positioning of the players and the direction of movement, it seems the ball was recently passed or shot towards the center of the field.",D5
79.jpg,31,"The ball is likely located near the center of the field, as there are players from both teams positioned around that area, suggesting an active play. Given the positioning of the players and the direction of movement, it seems the ball was recently passed or shot towards the center of the field.",D5
79.jpg,32,"The ball is likely located near the center of the field, as there are players from both teams positioned around that area, suggesting an active play. Given the positioning of the players and the direction of movement, it seems the ball was recently passed or shot towards the center of the field.",D5
79.jpg,33,"The ball is likely located near the center of the field, as there are players from both teams positioned around that area, suggesting an active play. Given the positioning of the players, it seems the ball was recently passed or shot towards the center of the field.",D5
79.jpg,34,"The ball is likely located near the center of the field, as there are players from both teams positioned around that area, suggesting an active play. Given the positioning of the players and the direction of movement, it seems the ball was recently passed or shot towards the center of the field.",D5
79.jpg,35,"The ball is likely located near the center of the field, as there are players from both teams positioned around that area, suggesting an active play. Given the positioning of the players, it seems the ball was recently passed or shot towards the center of the field.",D5
79.jpg,36,"The ball is likely located near the center of the field, as there are players from both teams positioned around that area, suggesting an active play. Given the positioning of the players and the direction of movement, it seems the ball was recently passed or shot towards the center of the field.",D5
79.jpg,37,"The ball is likely located near the center of the field, as there are players from both teams positioned around that area, suggesting an active play. Given the positioning of the players and the direction of movement, it seems the ball was recently passed or shot towards the center of the field.",D5
79.jpg,38,"The ball is likely located near the center of the field, as there are players from both teams positioned around that area, suggesting an active play. Given the positioning of the players, it seems the ball was recently passed or shot towards the center of the field.",D5
79.jpg,39,"The ball is likely located near the center of the field, as there are players from both teams positioned around that area, suggesting an active play. Given the positioning of the players and the direction of movement, it seems the ball was recently passed or shot towards the center of the field.",D5
79.jpg,40,"The ball is likely located near the center of the field, as there are players from both teams positioned around that area, suggesting an active play. Given the positioning of the players and the direction of movement, it seems the ball was recently passed or shot towards the center of the field.",D5
79.jpg,41,"The ball is likely located near the center of the field, as there are players from both teams positioned around that area, suggesting an active play. Given the positioning of the players and the direction of movement, it seems the ball was recently passed or shot towards the center of the field.",D5
79.jpg,42,"The ball is likely located near the center of the field, as there are players from both teams positioned around that area, suggesting an active play. Given the positioning of the players, it's plausible that the ball was recently passed or shot towards the center of the field.",D5
79.jpg,43,"The ball is likely located near the center of the field, as there are players from both teams positioned around that area, suggesting an active play. Given the positioning of the players, it seems the ball was recently passed or shot towards the center of the field.",D5
79.jpg,44,"The ball is likely located near the center of the field, as there are players from both teams positioned around that area, suggesting an active play. Given the positioning of the players and the direction of movement, it seems the ball was recently passed or shot towards the center of the field.",D5
79.jpg,45,"The ball is likely located near the center of the field, as there are players from both teams positioned around that area, suggesting an active play. Given the positioning of the players, it's plausible that the ball was recently passed or shot towards the center of the field.",D5
79.jpg,46,"The ball is likely located near the center of the field, as there are players from both teams positioned around that area, suggesting an active play. Given the positioning of the players and the direction of movement, it seems the ball was recently passed or shot towards the center of the field.",D5
79.jpg,47,"The ball is likely located near the center of the field, as there are players from both teams positioned around that area, suggesting an active play. Given the positioning of the players, it's plausible that the ball was recently passed or shot towards the center of the field.",D5
79.jpg,48,"The ball is likely located near the center of the field, as there are players from both teams positioned around that area, suggesting an active play. Given the positioning of the players and the direction of movement, it seems the ball was recently passed or shot towards the center of the field.",D5
79.jpg,49,"The ball is likely located near the center of the field, as there are players from both teams positioned around that area, suggesting an active play. Given the positioning of the players and the direction of movement, it seems the ball was recently passed or shot towards the center of the field.",D5
79.jpg,50,"The ball is likely located near the center of the field, as there are players from both teams positioned around that area, suggesting an active play. Given the positioning of the players and the direction of movement, it seems the ball was recently passed or shot towards the center of the field.",D5
56.jpg,1,"The ball is likely located near the center of the field, as it was recently played by the player in white (cell B6) and the players in black are positioned around that area, indicating they are likely to be involved in the next play. The ball would typically be close to the last point of contact, which is near the center of the field.",D5
56.jpg,2,"The ball is likely located near the center of the field, as it was recently played by the player in white (cell B6) and the players in black are positioned around that area, indicating they are likely to be involved in the next play. The ball would typically be close to the last point of contact, which is near the center of the field.",D5
56.jpg,3,"The ball is likely located near the center of the field, as it was recently passed or kicked by one of the players. Given the positions of the players, the ball would be closest to the player in white who is closest to the center of the field. This suggests that the ball is most likely in the central area of the field.",D5
56.jpg,4,"The ball is likely located near the center of the field, as it was recently played by the player in white (cell B6) and is now being contested by players in black. Given the positioning of the players, the ball would be most likely to be found in the area between the two teams, which is the central part of the field. This area is marked by the intersection of cells C5 and D5.",C5
56.jpg,5,"The ball is likely located near the center of the field, as it was recently passed or kicked by one of the players. Given the positions of the players, the ball would be closest to the player in white who is closest to the center of the field. This suggests that the ball is most likely in the central area of the field.",D5
56.jpg,6,"The ball is likely located near the center of the field, as it was recently passed or kicked by one of the players. Given the positions of the players, the ball would be closest to the player in white who is closest to the center of the field. This suggests that the ball is most likely in the central area of the field.",D5
56.jpg,7,"The ball is likely located near the center of the field, as it was recently played by the player in white (cell B6) and is now being contested by players from both teams. Given the positioning of the players, the ball would be most likely to be found in the area between the two teams' midfielders, which is approximately in the middle of the field and closer to the goal line. This area corresponds to cells C5 or D5.",C5
56.jpg,8,"The ball is likely located near the center of the field, as it was recently passed or kicked by one of the players. Given the positions of the players, the ball would be closest to the player in white who is closest to the center of the field. This suggests that the ball is most likely in the central area of the field.",D5
56.jpg,9,"The ball is likely located near the center of the field, as it was recently played by the player in white (cell B6) and is now being contested by players in black. Given the positioning of the players and the direction they are facing, the ball is most likely in the area between cells C5 and D5, which is the most active zone for ball movement at this moment.",C5
56.jpg,10,"The ball is likely located near the center of the field, as it was recently passed or kicked by one of the players. Given the positions of the players, the ball would be closest to the player in white who is closest to the center of the field. This suggests that the ball is most likely in the central area of the field.",D5
56.jpg,11,"The ball is likely located near the center of the field, as it was recently played by the player in white (cell B6) and the players in black are positioned around that area, indicating they are likely to be involved in the next play. The ball would typically be close to the last point of contact, which is near the center of the field.",D5
56.jpg,12,"The ball is likely located near the center of the field, as it was recently passed or kicked by one of the players. Given the positions of the players, the ball would be closest to the player in white who is closest to the center of the field. This suggests that the ball is most likely in the central area of the field.",D5
56.jpg,13,"The ball is likely located near the center of the field, as it was recently passed or kicked by one of the players. Given the positions of the players, the ball would be closest to the player in white who is closest to the center of the field. This suggests that the ball is most likely in the central area of the field.",D5
56.jpg,14,"The ball is likely located near the center of the field, as it was recently passed or kicked by one of the players. Given the positions of the players, the ball would be closest to the player in white who is closest to the center of the field. This suggests that the ball is most likely in the central area of the field.",D5
56.jpg,15,"The ball is likely located near the center of the field, as it was recently played by the player in white (cell B6) and the players in black are positioned around that area, indicating they are likely to be involved in the next play. The ball would typically be close to the last point of contact, which is near the center of the field.",D5
56.jpg,16,"The ball is likely located near the center of the field, as it was recently passed or kicked by one of the players. Given the positions of the players, the ball would be closest to the player in white who is closest to the center of the field. This suggests that the ball is most likely in the central area of the field.",D5
56.jpg,17,"The ball is likely located near the center of the field, as it was recently played by the player in white (cell B6) and is now being contested by players in black (cells C7 and D8). Given the positioning of the players and the direction of play, the ball is most likely in the area between cells C7 and D8, closer to the center of the field.",C7
56.jpg,18,"The ball is likely located near the center of the field, as it was recently played by the player in white (cell B6) and is now being contested by players from both teams. Given the positioning of the players, the ball would be most likely to be found in the area between the two teams' midfielders, which is approximately in the middle of the field and closer to the goal line. This area corresponds to cells D5 or E5.",D5
56.jpg,19,"The ball is likely located near the center of the field, as it was recently played by the player in white (cell B6) and is now being contested by players in black. Given the positioning of the players, the ball would be most likely to be found in the area between the two teams, which is the central part of the field. This area is marked by the intersection of cells C5 and D5.",C5
56.jpg,20,"The ball is likely located near the center of the field, as it was recently played by the player in white (cell B6) and is now being contested by players from both teams. Given the positioning of the players, the ball would be most likely to be found in the area between the two teams' midfielders, which is approximately in the middle of the field and closer to the goal line. This area corresponds to cells C5 or D5.",C5
56.jpg,21,"The ball is likely located near the center of the field, as it was recently passed or kicked by one of the players. Given the positions of the players, the ball would be closest to the player in white who is closest to the center of the field. This suggests that the ball is most likely in the central area of the field.",D5
56.jpg,22,"The ball is likely located near the center of the field, as it was recently played by the player in white (cell B6) and is now being contested by players from both teams. Given the positioning of the players, the ball would be most likely to be found in the area between the two teams' midfielders, which is approximately in the middle of the field and closer to the goal line. This area corresponds to cells D5 or E5.",D5
56.jpg,23,"The ball is likely located near the center of the field, as it was recently played by the player in white (cell B6) and the players in black are positioned around that area, indicating they are likely to be involved in the next play. The ball would typically be close to the last point of contact, which is near the center of the field.",D5
56.jpg,24,"The ball is likely located near the center of the field, as it was recently passed or kicked by one of the players. Given the positions of the players, the ball would be closest to the player in white who is closest to the center of the field. This suggests that the ball is most likely in the central area of the field.",D5
56.jpg,25,"The ball is likely located near the center of the field, as it was recently played by the player in white (cell B6) and is now being contested by players in black. Given the positioning of the players and the direction they are facing, the ball is most likely in the area between cells C5 and D5, which is the most active zone for ball movement at this moment.",C5
56.jpg,26,"The ball is likely located near the center of the field, as it was recently played by the player in white (cell B6) and is now being contested by players in black. Given the positioning of the players and the direction they are facing, the ball is most likely in the area between cells C5 and D5, which is the most active zone for ball movement at this moment.",C5
56.jpg,27,"The ball is likely located near the center of the field, as it was recently played by the player in white (cell B6) and the players in black are positioned around that area, indicating they are likely to be involved in the next play. The ball would typically be close to the last point of contact, which is near the center of the field.",D5
56.jpg,28,"The ball is likely located near the center of the field, as it was recently played by the player in white (cell B6) and the players in black are positioned around that area, indicating they are likely to be involved in the next play. The ball would typically be close to the last point of contact, which is near the center of the field.",D5
56.jpg,29,"The ball is likely located near the center of the field, as it was recently played by the player in white (cell B6) and the players in black are positioned around that area, indicating they are likely to be involved in the next play. The ball would typically be close to the last point of contact, which is near the center of the field.",D5
56.jpg,30,"The ball is likely located near the center of the field, as it was recently passed or kicked by one of the players. Given the positions of the players, the ball would be closest to the player in white who is closest to the center of the field. This suggests that the ball is most likely in the central area of the field.",D5
56.jpg,31,"The ball is likely located near the center of the field, as it was recently passed or kicked by one of the players. Given the positions of the players, the ball would be closest to the player in white who is closest to the center of the field. This suggests that the ball is most likely in the central area of the field.",D5
56.jpg,32,"The ball is likely located near the center of the field, as it was recently passed or kicked by one of the players. Given the positions of the players, the ball would be closest to the player in white who is closest to the center of the field. This suggests that the ball is most likely in the central area of the field.",D5
56.jpg,33,"The ball is likely located near the center of the field, as it was recently played by the player in white (cell B6) and is now being contested by players in black (cells C7 and D8). Given the positioning and movement of the players, the ball is most likely in the area between cells B6 and C7, which is close to the center of the field.",B6
56.jpg,34,"The ball is likely located near the center of the field, as it was recently played by the player in white (cell B6) and is now being contested by players in black (cells C7 and D8). Given the positioning of the players and the direction of play, the ball is most likely in the area between cells C7 and D8, closer to the center of the field.",C7
56.jpg,35,"The ball is likely located near the center of the field, as it was recently passed or kicked by one of the players. Given the positions of the players, the ball would be closest to the player in white who is closest to the center of the field. This suggests that the ball is most likely in the central area of the field.",D5
56.jpg,36,"The ball is likely located near the center of the field, as it was recently passed or kicked by one of the players. Given the positions of the players, the ball would be closest to the player in white who is closest to the center of the field. This suggests that the ball is most likely in the central area of the field.",D5
56.jpg,37,"The ball is likely located near the center of the field, as it was recently passed or kicked by one of the players. Given the positions of the players, the ball would be closest to the player in white who is closest to the center of the field. This suggests that the ball is most likely in the central area of the field.",D5
56.jpg,38,"The ball is likely located near the center of the field, as it was recently played by the player in white (cell B6) and the players in black are positioned around that area, indicating they are likely to be involved in the next play. The ball would typically be close to the last point of contact, which is near the center of the field.",D5
56.jpg,39,"The ball is likely located near the center of the field, as it was recently played by the player in white (cell B6) and is now being contested by players from both teams. Given the positioning of the players, the ball would be most likely to be found in the area between the two players who are closest to each other, which appears to be around cell D5 or E5.",D5
56.jpg,40,"The ball is likely located near the center of the field, as it was recently played by the player in white (cell B6) and the players in black are positioned around that area, indicating they are likely to be involved in the next play. The ball would typically be close to the last point of contact, which is near the center of the field.",D5
56.jpg,41,"The ball is likely located near the center of the field, as it was recently played by the player in white (cell B6) and the players in black are positioned around that area, indicating they are likely to be involved in the next play. The ball would typically be close to the last point of contact, which is near the center of the field.",D5
56.jpg,42,"The ball is likely located near the center of the field, as it was recently passed or kicked by one of the players. Given the positions of the players, the ball would be closest to the player in white who is closest to the center of the field. This suggests that the ball is most likely in the central area of the field.",D5
56.jpg,43,"The ball is likely located near the center of the field, as it was recently played by the player in white (cell B6) and the players in black are positioned around that area, indicating they are likely to be involved in the next play. The ball would typically be close to the last point of contact, which is near the center of the field.",D5
56.jpg,44,"The ball is likely located near the center of the field, as it was recently played by the player in white (cell B6) and is now being contested by players from both teams. Given the positioning of the players, the ball would be most likely to be found in the area between the two teams' midfielders, which is approximately in the middle of the field and closer to the goal line. This area corresponds to cells D5 or E5.",D5
56.jpg,45,"The ball is likely located near the center of the field, as it was recently passed or kicked by one of the players. Given the positions of the players, the ball would be closest to the player in white who is closest to the center of the field. This suggests that the ball is most likely in the central area of the field.",D5
56.jpg,46,"The ball is likely located near the center of the field, as it was recently passed or kicked by one of the players. Given the positions of the players, the ball would be closest to the player in white who is closest to the center of the field. This suggests that the ball is most likely in the central area of the field.",D5
56.jpg,47,"The ball is likely located near the center of the field, as it was recently played by the player in white (cell B6) and is now being contested by players in black. Given the positioning of the players and the direction they are facing, the ball is most likely in the area between cells C5 and D5, which is the most active zone for ball movement at this moment.",C5
56.jpg,48,"The ball is likely located near the center of the field, as it was recently played by the player in white (cell B6) and is now being contested by players in black (cells C7 and D8). Given the positioning of the players and the direction of play, the ball is most likely in the area between cells C7 and D8, closer to the center of the field.",C7
56.jpg,49,"The ball is likely located near the center of the field, as it was recently played by the player in white (cell B6) and is now being contested by players from both teams. Given the positioning of the players, the ball would be most likely to be found in the area between the two players who are closest to each other, which appears to be around cell D5 or E5.",D5
56.jpg,50,"The ball is likely located near the center of the field, as it was recently played by the player in white (cell B6) and is now being contested by players from both teams. Given the positioning of the players, the ball would be most likely to be found in the area between the two players who are closest to each other, which appears to be around cell C7 or D6.",C7
